stage,description,Bedroom,Bathroom,Property Size,Nearby School,Nearby Mall,Ad List,Category,Facilities,Building Name,Developer,Tenure Type,Address,Completion Year,# of Floors,Total Units,Property Type,Parking Lot,Floor Range,Land Title,Firm Type,Firm Number,REN Number,Bus Stop,Mall,Park,School,Hospital,price,Highway,Nearby Railway Station,Railway Station
after_merge,"Pangsapuri Anggerik, Pekan Serdang Lama, Seri Kembangan, (rm119,000 only for cash buyer....!)
Normal Market PRICE rm138,000
Pangsapuri Anggerik
700 sf
Hight floor
3 room 2 bath
Rent can up to rm750m to rm850
Location: near IOI city mall, the mines , Seri Kembangan, desa serdang
Pls call or Whatsapp Mr,Lee or our team: 
Show contact number
PROPERTY HIGHLIGHTS
NEW!
Bedroom
3
Bathroom
2
Property Size
700 sq.ft.
Nearby Railway Station
KTM Station Serdang (Komuter Seremban Line)
Nearby School
Sekolah Jenis Kebangsaan (Cina) Kung Man
See more details",3,2,700 sq.ft.,Sekolah Jenis Kebangsaan (Cina) Kung Man,,85487683,"Apartment / Condominium, For sale","Playground, Parking, Lift, Security",Anggerik Apartment (Seri Kembangan),,Leasehold,"Jalan Besar Serdang Lama, Seri Kembangan, Selangor",,5,,Apartment,1,High,Non Bumi Lot,E,30205,REN 15915,"Bus Stop at Sungai Besi Expressway 2
Bus Stop at Sungai Besi Expressway 1",,"Park at Sri Serdang, Subang Jaya","Sekolah Jenis Kebangsaan (Cina) Kung Man
Sekolah Kebangsaan Sri Serdang
Australian International School Malaysia
Sekolah Menengah Kebangsaan Sri Indah",,RM 128 000,,KTM Station Serdang (Komuter Seremban Line),KTM Station Serdang (Komuter Seremban Line)
before,"Pangsapuri Anggerik, Pekan Serdang Lama, Seri Kembangan, (rm119,000 only for cash buyer....!)
Normal Market PRICE rm138,000
Pangsapuri Anggerik
700 sf
Hight floor
3 room 2 bath
Rent can up to rm750m to rm850
Location: near IOI city mall, the mines , Seri Kembangan, desa serdang
Pls call or Whatsapp Mr,Lee or our team: 
Show contact number
PROPERTY HIGHLIGHTS
NEW!
Bedroom
3
Bathroom
2
Property Size
700 sq.ft.
Nearby Railway Station
KTM Station Serdang (Komuter Seremban Line)
Nearby School
Sekolah Jenis Kebangsaan (Cina) Kung Man
See more details",3,2,700 sq.ft.,Sekolah Jenis Kebangsaan (Cina) Kung Man,,85487683,"Apartment / Condominium, For sale","Playground, Parking, Lift, Security",Anggerik Apartment (Seri Kembangan),,Leasehold,"Jalan Besar Serdang Lama, Seri Kembangan, Selangor",,5,,Apartment,1,High,Non Bumi Lot,E,30205,REN 15915,"Bus Stop at Sungai Besi Expressway 2
Bus Stop at Sungai Besi Expressway 1",,"Park at Sri Serdang, Subang Jaya","Sekolah Jenis Kebangsaan (Cina) Kung Man
Sekolah Kebangsaan Sri Serdang
Australian International School Malaysia
Sekolah Menengah Kebangsaan Sri Indah",,RM 128 000,,KTM Station Serdang (Komuter Seremban Line),KTM Station Serdang (Komuter Seremban Line)
before,"Pangsapuri Anggerik, Pekan Serdang Lama, Seri Kembangan, (rm119,000 only for cash buyer....!)
Normal Market PRICE rm138,000
Pangsapuri Anggerik
700 sf
Hight floor
3 room 2 bath
Rent can up to rm750m to rm850
Location: near IOI city mall, the mines , Seri Kembangan, desa serdang
Pls call or Whatsapp Mr,Lee or our team: 
Show contact number
PROPERTY HIGHLIGHTS
NEW!
Bedroom
3
Bathroom
2
Property Size
700 sq.ft.
Nearby Railway Station
KTM Station Serdang (Komuter Seremban Line)
Nearby School
Sekolah Jenis Kebangsaan (Cina) Kung Man
See more details",3,2,700 sq.ft.,,,85487683,"Apartment / Condominium, For sale","Playground, Parking, Lift, Security",Anggerik Apartment (Seri Kembangan),,Leasehold,"Jalan Besar Serdang Lama, Seri Kembangan, Selangor",,5,,Apartment,1,High,Non Bumi Lot,E,30205,REN 15915,"Bus Stop at Sungai Besi Expressway 2
Bus Stop at Sungai Besi Expressway 1",,"Park at Sri Serdang, Subang Jaya","Sekolah Jenis Kebangsaan (Cina) Kung Man
Sekolah Kebangsaan Sri Serdang
Australian International School Malaysia
Sekolah Menengah Kebangsaan Sri Indah",,RM 128 000,,,KTM Station Serdang (Komuter Seremban Line)
after_merge,"Facing Forest !!!
FACILITIES & AMENITIES
* 24/7 hours security and CCTV surveillance
* Covered car park
* Swimming pool
* Gymnasium Room
* Sauna Room
* Playground
* Perimeter Fencing
* Mini Market
SURROUNDING AREA :
* UPM / Australian International School / UNITEN / MMU Cyberjaya
* The Mines Shopping Mall 
* South City Plaza
* McD, KFC, Pizza Hut, Starbucks, Hailam Kopitiam
* Public Bank, CIMB, Hong Leong Bank, Alliance Bank, RHB
ACCESS:
* Klang Valley major highway (Kajang-Silk Highway, Grand Saga Highway, Besraya Highway, KL-Seremban Highway)
* Public commuter (KTM, LRT, Bus)
* E-Hailing point (Grab, MyCar, SoCar)
## SERIOUS BUYER ONLY ##
# Strategic Location Below Market Price (20-25%)
# Good for INVESTMENT 
@ We offer BANKER for attractive loan package
@ We offer LAWYER for fast document processing
##################################
CALL JOHN 
Show contact number
 to make appointment
CALL JOHN 
Show contact number
 to make appointment
CALL JOHN 
Show contact number
 to make appointment
##################################
Continue Reading
PROPERTY HIGHLIGHTS
NEW!
Bedroom
3
Bathroom
2
Property Size
907 sq.ft.
Nearby School
Sekolah Kebangsaan Taman Sungai Besi Indah
See more details",3,2,907 sq.ft.,Sekolah Kebangsaan Taman Sungai Besi Indah,,90492002,"Apartment / Condominium, For sale","Playground, Minimart, Swimming Pool, Security, Tennis Court, Parking, Gymnasium",Juta Mines,Galian Juta Property,Leasehold,"Persiaran Seri Timah, Taman Seri Timah, Seri Kembangan, Selangor",2005,20,606,Condominium,1,Medium,Non Bumi Lot,E,11634,REN 49392,,,"Park at Taman Sungai Besi Indah, Subang Jaya","Sekolah Kebangsaan Taman Sungai Besi Indah
Australian International School Malaysia",,RM 240 000,,,
before,"Facing Forest !!!
FACILITIES & AMENITIES
* 24/7 hours security and CCTV surveillance
* Covered car park
* Swimming pool
* Gymnasium Room
* Sauna Room
* Playground
* Perimeter Fencing
* Mini Market
SURROUNDING AREA :
* UPM / Australian International School / UNITEN / MMU Cyberjaya
* The Mines Shopping Mall 
* South City Plaza
* McD, KFC, Pizza Hut, Starbucks, Hailam Kopitiam
* Public Bank, CIMB, Hong Leong Bank, Alliance Bank, RHB
ACCESS:
* Klang Valley major highway (Kajang-Silk Highway, Grand Saga Highway, Besraya Highway, KL-Seremban Highway)
* Public commuter (KTM, LRT, Bus)
* E-Hailing point (Grab, MyCar, SoCar)
## SERIOUS BUYER ONLY ##
# Strategic Location Below Market Price (20-25%)
# Good for INVESTMENT 
@ We offer BANKER for attractive loan package
@ We offer LAWYER for fast document processing
##################################
CALL JOHN 
Show contact number
 to make appointment
CALL JOHN 
Show contact number
 to make appointment
CALL JOHN 
Show contact number
 to make appointment
##################################
Continue Reading
PROPERTY HIGHLIGHTS
NEW!
Bedroom
3
Bathroom
2
Property Size
907 sq.ft.
Nearby School
Sekolah Kebangsaan Taman Sungai Besi Indah
See more details",3,2,907 sq.ft.,,,90492002,"Apartment / Condominium, For sale","Playground, Minimart, Swimming Pool, Security, Tennis Court, Parking, Gymnasium",Juta Mines,Galian Juta Property,Leasehold,"Persiaran Seri Timah, Taman Seri Timah, Seri Kembangan, Selangor",2005,20,606,Condominium,1,Medium,Non Bumi Lot,E,11634,REN 49392,,,"Park at Taman Sungai Besi Indah, Subang Jaya","Sekolah Kebangsaan Taman Sungai Besi Indah
Australian International School Malaysia",,RM 240 000,,,
before,"Facing Forest !!!
FACILITIES & AMENITIES
* 24/7 hours security and CCTV surveillance
* Covered car park
* Swimming pool
* Gymnasium Room
* Sauna Room
* Playground
* Perimeter Fencing
* Mini Market
SURROUNDING AREA :
* UPM / Australian International School / UNITEN / MMU Cyberjaya
* The Mines Shopping Mall 
* South City Plaza
* McD, KFC, Pizza Hut, Starbucks, Hailam Kopitiam
* Public Bank, CIMB, Hong Leong Bank, Alliance Bank, RHB
ACCESS:
* Klang Valley major highway (Kajang-Silk Highway, Grand Saga Highway, Besraya Highway, KL-Seremban Highway)
* Public commuter (KTM, LRT, Bus)
* E-Hailing point (Grab, MyCar, SoCar)
## SERIOUS BUYER ONLY ##
# Strategic Location Below Market Price (20-25%)
# Good for INVESTMENT 
@ We offer BANKER for attractive loan package
@ We offer LAWYER for fast document processing
##################################
CALL JOHN 
Show contact number
 to make appointment
CALL JOHN 
Show contact number
 to make appointment
CALL JOHN 
Show contact number
 to make appointment
##################################
Continue Reading
PROPERTY HIGHLIGHTS
NEW!
Bedroom
3
Bathroom
2
Property Size
907 sq.ft.
Nearby School
Sekolah Kebangsaan Taman Sungai Besi Indah
See more details",3,2,907 sq.ft.,Sekolah Kebangsaan Taman Sungai Besi Indah,,90492002,"Apartment / Condominium, For sale","Playground, Minimart, Swimming Pool, Security, Tennis Court, Parking, Gymnasium",Juta Mines,Galian Juta Property,Leasehold,"Persiaran Seri Timah, Taman Seri Timah, Seri Kembangan, Selangor",2005,20,606,Condominium,1,Medium,Non Bumi Lot,E,11634,REN 49392,,,"Park at Taman Sungai Besi Indah, Subang Jaya","Sekolah Kebangsaan Taman Sungai Besi Indah
Australian International School Malaysia",,RM 240 000,,,
after_merge,"FOR SALE @ Pangsapuri Cemara 1, Taman Bukit Segar Jaya, Cheras 
Asking Price: RM 177,000 (Negotiable)
================================
Property Details:
* Property Type: Apartment
* Built-Up Size: 650 Sqft
* Level 7
* 3 Bedrooms
* Leasehold
* 1 Bathroom 1 Toilet
* 2 lift
* Full tile 
* Plaster ceiling
* kitchen cabinet
Nearby:
~ Leisure Mall
~ Cheras EKO Mall
~ Mutiara MRT Station
~ Commercial Center
~ SK Taman Segar
~ Maybank, CIMB Bank, and Bank Simpanan National
~ Taman Segar Perdana, Taman Cheras Awana, Taman Cheras Permata
======================================
For more information or viewing arrangement, kindly Call / SMS / Whatsapp below contact:
=============================
ASKING PRICE: RM 177,000 (Negotiable)
=============================
Untuk Maklumat Lanjut, Hubungi
NIK RAIMI 
REN 51932
GREAT CASA REALTY 
http://www.wasap.my/6
Show contact number
Continue Reading
PROPERTY HIGHLIGHTS
NEW!
Bedroom
3
Bathroom
2
Property Size
650 sq.ft.
Nearby Railway Station
LRT Station Salak Selatan (Sri Petaling Line)
Nearby School
SMK Seri Tasik
See more details",3,2,650 sq.ft.,SMK Seri Tasik,,97389778,"Apartment / Condominium, For sale","Security, Parking, Swimming Pool, Minimart",Pangsapuri Cemara (Cheras),,Leasehold,"Jalan Sri Permaisuri 3, Bandar Sri Permaisuri, Cheras, Kuala Lumpur",2002,11,792,Apartment,,Medium,Bumi Lot,VE,10143,REN 24482,"Bus Stop Jalan Sri Permaisuri 4
Bus Stop Apartment Blok A
Bus Stop Chengal Condominium
Bus Stop JPJ Cheras
Bus Stop Dataran Dwitasik
Bus Stop Cendana Apartment
Bus Stop T582 T583 T584
Bus Stop Wisma Zelan",,"Park at Bandar Tun Razak, Cheras, Kuala Lumpur, 56000, Malaysia","SMK Seri Tasik
Sekolah Menengah Agama Majlis Agama Islam Wilayah Persekutuan
Sekolah Jenis Kebangsaan (Cina) Tai Thung
Sekolah Kebangsaan Seri Permaisuri",,RM 177 000,,LRT Station Salak Selatan (Sri Petaling Line),"LRT Station Salak Selatan (Sri Petaling Line)
KTM Station Salak Selatan (Komuter Seremban Line)"
before,"FOR SALE @ Pangsapuri Cemara 1, Taman Bukit Segar Jaya, Cheras 
Asking Price: RM 177,000 (Negotiable)
================================
Property Details:
* Property Type: Apartment
* Built-Up Size: 650 Sqft
* Level 7
* 3 Bedrooms
* Leasehold
* 1 Bathroom 1 Toilet
* 2 lift
* Full tile 
* Plaster ceiling
* kitchen cabinet
Nearby:
~ Leisure Mall
~ Cheras EKO Mall
~ Mutiara MRT Station
~ Commercial Center
~ SK Taman Segar
~ Maybank, CIMB Bank, and Bank Simpanan National
~ Taman Segar Perdana, Taman Cheras Awana, Taman Cheras Permata
======================================
For more information or viewing arrangement, kindly Call / SMS / Whatsapp below contact:
=============================
ASKING PRICE: RM 177,000 (Negotiable)
=============================
Untuk Maklumat Lanjut, Hubungi
NIK RAIMI 
REN 51932
GREAT CASA REALTY 
http://www.wasap.my/6
Show contact number
Continue Reading
PROPERTY HIGHLIGHTS
NEW!
Bedroom
3
Bathroom
2
Property Size
650 sq.ft.
Nearby Railway Station
LRT Station Salak Selatan (Sri Petaling Line)
Nearby School
SMK Seri Tasik
See more details",3,2,650 sq.ft.,SMK Seri Tasik,,97389778,"Apartment / Condominium, For sale","Security, Parking, Swimming Pool, Minimart",Pangsapuri Cemara (Cheras),,Leasehold,"Jalan Sri Permaisuri 3, Bandar Sri Permaisuri, Cheras, Kuala Lumpur",2002,11,792,Apartment,,Medium,Bumi Lot,VE,10143,REN 24482,"Bus Stop Jalan Sri Permaisuri 4
Bus Stop Apartment Blok A
Bus Stop Chengal Condominium
Bus Stop JPJ Cheras
Bus Stop Dataran Dwitasik
Bus Stop Cendana Apartment
Bus Stop T582 T583 T584
Bus Stop Wisma Zelan",,"Park at Bandar Tun Razak, Cheras, Kuala Lumpur, 56000, Malaysia","SMK Seri Tasik
Sekolah Menengah Agama Majlis Agama Islam Wilayah Persekutuan
Sekolah Jenis Kebangsaan (Cina) Tai Thung
Sekolah Kebangsaan Seri Permaisuri",,RM 177 000,,LRT Station Salak Selatan (Sri Petaling Line),"LRT Station Salak Selatan (Sri Petaling Line)
KTM Station Salak Selatan (Komuter Seremban Line)"
before,"FOR SALE @ Pangsapuri Cemara 1, Taman Bukit Segar Jaya, Cheras 
Asking Price: RM 177,000 (Negotiable)
================================
Property Details:
* Property Type: Apartment
* Built-Up Size: 650 Sqft
* Level 7
* 3 Bedrooms
* Leasehold
* 1 Bathroom 1 Toilet
* 2 lift
* Full tile 
* Plaster ceiling
* kitchen cabinet
Nearby:
~ Leisure Mall
~ Cheras EKO Mall
~ Mutiara MRT Station
~ Commercial Center
~ SK Taman Segar
~ Maybank, CIMB Bank, and Bank Simpanan National
~ Taman Segar Perdana, Taman Cheras Awana, Taman Cheras Permata
======================================
For more information or viewing arrangement, kindly Call / SMS / Whatsapp below contact:
=============================
ASKING PRICE: RM 177,000 (Negotiable)
=============================
Untuk Maklumat Lanjut, Hubungi
NIK RAIMI 
REN 51932
GREAT CASA REALTY 
http://www.wasap.my/6
Show contact number
Continue Reading
PROPERTY HIGHLIGHTS
NEW!
Bedroom
3
Bathroom
2
Property Size
650 sq.ft.
Nearby Railway Station
LRT Station Salak Selatan (Sri Petaling Line)
Nearby School
SMK Seri Tasik
See more details",3,2,650 sq.ft.,,,97389778,"Apartment / Condominium, For sale","Security, Parking, Swimming Pool, Minimart",Pangsapuri Cemara (Cheras),,Leasehold,"Jalan Sri Permaisuri 3, Bandar Sri Permaisuri, Cheras, Kuala Lumpur",2002,11,792,Apartment,,Medium,Bumi Lot,VE,10143,REN 24482,"Bus Stop Jalan Sri Permaisuri 4
Bus Stop Apartment Blok A
Bus Stop Chengal Condominium
Bus Stop JPJ Cheras
Bus Stop Dataran Dwitasik
Bus Stop Cendana Apartment
Bus Stop T582 T583 T584
Bus Stop Wisma Zelan",,"Park at Bandar Tun Razak, Cheras, Kuala Lumpur, 56000, Malaysia","SMK Seri Tasik
Sekolah Menengah Agama Majlis Agama Islam Wilayah Persekutuan
Sekolah Jenis Kebangsaan (Cina) Tai Thung
Sekolah Kebangsaan Seri Permaisuri",,RM 177 000,,,"LRT Station Salak Selatan (Sri Petaling Line)
KTM Station Salak Selatan (Komuter Seremban Line)"
after_merge,"Kenanga Point Condominium, Pudu. 
If you are looking for a good, cheap, freehold property in KL city centre, this is the one for you.
Location : Centrally located in Pudu area. . In between commercial hubs KL Sentral & Bukit Bintang.
Why it's worth buying :  you live nearby your workplace in the city without paying a bomb as in new properties. For those who renting rooms at RM1500-1800 a month in the city, might as buy a 3-room condo. 
For passive income, monthly rentals in this condo has a price range of RM1600 - RM2200.
The best view - unlike other units, this one no obstruction in views from balcony. Facing Merdeka 101 Tower.
Security is strict & manned by Nepalese at the 1st tier security gate, by locals at 2nd tier building entrance. Well kept with good housekeeping staffs. 3 levels of parking floors for residents; at ground level, a row of visitor parking lots makes it convenient for visitors & contractors.
Two eating outlets, management office, gym, swimming pool, Mini Mart, barber shop  at level 4. 2 units of Passenger Lifts plus 1 unit of Contractor/Firemen Lift in operation at all times.
""Buying Kenanga Point is buying a condominium at apartment price. Don't miss the boat.""
Call Terry at 
Show contact number
 today.
Continue Reading
PROPERTY HIGHLIGHTS
NEW!
Bedroom
3
Bathroom
2
Property Size
861 sq.ft.
Nearby Railway Station
LRT Station Pudu (Sri Petaling and Ampang Line)
Nearby School
Tsun Jin High School
Nearby Mall
KWC Fashion Mall
See more details",3,2,861 sq.ft.,Tsun Jin High School,KWC Fashion Mall,97952413,"Apartment / Condominium, For sale","Security, Tennis Court, Squash Court, Sauna, Gymnasium, Barbeque area, Parking, Swimming Pool, Playground",Kenanga Point,Mahajaya Berhad,Freehold,"No. 11, Jalan Gelugor, Pudu, Pudu, Kuala Lumpur",,26,,Condominium,,Medium,Non Bumi Lot,E,11584,REN 00268,"Bus Stop 3 Jalan Pudu
Bus Stop 1 D'Majestic
Bus Stop 2 D'Majestic
Bus Stop Jalan Changkat Thambi Dollah
Bus Stop 4 Jalan Pudu
Bus Stop 1 Jalan Imbi
Bus Stop Five Stars Bus Bts G09F
Bus Stop Jalan Imbi
Bus Stop Kompleks E-Mart
Bus Stop 2 Jalan Imbi
Bus Stop KL Plaza Square (KL122)
Bus Stop 1 Jalan Pudu
Bus Stop 5 Jalan Pudu
Bus Stop Plaza Elektronik (Opp)
Bus Stop Plaza Elektronik","KWC Fashion Mall
Mitsui Shopping Park LaLaport Kuala Lumpur
Shaw Parade
Plaza Pudu
Berjaya Times Square
Plaza Low Yat","Central Rooftop Garden, Bukit Bintang City Centre, Bukit Bintang, Kuala Lumpur, 55100, Malaysia
Park at Kampung Dollah, Pudu, Kuala Lumpur, Malaysia","Tsun Jin High School
Sekolah Rendah Agama Aslahiyah
SJK (T) Jalan San Peng
SMK Dato' Onn
SK Jalan Hang Tuah (1) & (2)
SJK (C) Chung Kwo
Victoria Institution
SJK(C) Chong Fah Phit Chee
SJK (C) Kung Min
SJK(C) Chin Woo
SMK (P) Bandaraya
SJK (C) Jalan Davidson
Jalan Sultan Ismail
SMK Dato Abu Bakar
Sekolah Seni Malaysia Kuala Lumpur
Sekolah Menengah Stella Maris",,RM 490 000,,LRT Station Pudu (Sri Petaling and Ampang Line),"LRT Station Pudu (Sri Petaling and Ampang Line)
LRT Station Hang Tuah (Sri Petaling and Ampang Line)
Monorail Station Hang Tuah
Monorail Station Imbi
MRT Station Merdeka (MRT Sungai Buloh-Kajang Line)"
before,"Kenanga Point Condominium, Pudu. 
If you are looking for a good, cheap, freehold property in KL city centre, this is the one for you.
Location : Centrally located in Pudu area. . In between commercial hubs KL Sentral & Bukit Bintang.
Why it's worth buying :  you live nearby your workplace in the city without paying a bomb as in new properties. For those who renting rooms at RM1500-1800 a month in the city, might as buy a 3-room condo. 
For passive income, monthly rentals in this condo has a price range of RM1600 - RM2200.
The best view - unlike other units, this one no obstruction in views from balcony. Facing Merdeka 101 Tower.
Security is strict & manned by Nepalese at the 1st tier security gate, by locals at 2nd tier building entrance. Well kept with good housekeeping staffs. 3 levels of parking floors for residents; at ground level, a row of visitor parking lots makes it convenient for visitors & contractors.
Two eating outlets, management office, gym, swimming pool, Mini Mart, barber shop  at level 4. 2 units of Passenger Lifts plus 1 unit of Contractor/Firemen Lift in operation at all times.
""Buying Kenanga Point is buying a condominium at apartment price. Don't miss the boat.""
Call Terry at 
Show contact number
 today.
Continue Reading
PROPERTY HIGHLIGHTS
NEW!
Bedroom
3
Bathroom
2
Property Size
861 sq.ft.
Nearby Railway Station
LRT Station Pudu (Sri Petaling and Ampang Line)
Nearby School
Tsun Jin High School
Nearby Mall
KWC Fashion Mall
See more details",3,2,861 sq.ft.,,,97952413,"Apartment / Condominium, For sale","Security, Tennis Court, Squash Court, Sauna, Gymnasium, Barbeque area, Parking, Swimming Pool, Playground",Kenanga Point,Mahajaya Berhad,Freehold,"No. 11, Jalan Gelugor, Pudu, Pudu, Kuala Lumpur",,26,,Condominium,,Medium,Non Bumi Lot,E,11584,REN 00268,"Bus Stop 3 Jalan Pudu
Bus Stop 1 D'Majestic
Bus Stop 2 D'Majestic
Bus Stop Jalan Changkat Thambi Dollah
Bus Stop 4 Jalan Pudu
Bus Stop 1 Jalan Imbi
Bus Stop Five Stars Bus Bts G09F
Bus Stop Jalan Imbi
Bus Stop Kompleks E-Mart
Bus Stop 2 Jalan Imbi
Bus Stop KL Plaza Square (KL122)
Bus Stop 1 Jalan Pudu
Bus Stop 5 Jalan Pudu
Bus Stop Plaza Elektronik (Opp)
Bus Stop Plaza Elektronik","KWC Fashion Mall
Mitsui Shopping Park LaLaport Kuala Lumpur
Shaw Parade
Plaza Pudu
Berjaya Times Square
Plaza Low Yat","Central Rooftop Garden, Bukit Bintang City Centre, Bukit Bintang, Kuala Lumpur, 55100, Malaysia
Park at Kampung Dollah, Pudu, Kuala Lumpur, Malaysia","Tsun Jin High School
Sekolah Rendah Agama Aslahiyah
SJK (T) Jalan San Peng
SMK Dato' Onn
SK Jalan Hang Tuah (1) & (2)
SJK (C) Chung Kwo
Victoria Institution
SJK(C) Chong Fah Phit Chee
SJK (C) Kung Min
SJK(C) Chin Woo
SMK (P) Bandaraya
SJK (C) Jalan Davidson
Jalan Sultan Ismail
SMK Dato Abu Bakar
Sekolah Seni Malaysia Kuala Lumpur
Sekolah Menengah Stella Maris",,RM 490 000,,,"LRT Station Pudu (Sri Petaling and Ampang Line)
LRT Station Hang Tuah (Sri Petaling and Ampang Line)
Monorail Station Hang Tuah
Monorail Station Imbi
MRT Station Merdeka (MRT Sungai Buloh-Kajang Line)"
before,"Kenanga Point Condominium, Pudu. 
If you are looking for a good, cheap, freehold property in KL city centre, this is the one for you.
Location : Centrally located in Pudu area. . In between commercial hubs KL Sentral & Bukit Bintang.
Why it's worth buying :  you live nearby your workplace in the city without paying a bomb as in new properties. For those who renting rooms at RM1500-1800 a month in the city, might as buy a 3-room condo. 
For passive income, monthly rentals in this condo has a price range of RM1600 - RM2200.
The best view - unlike other units, this one no obstruction in views from balcony. Facing Merdeka 101 Tower.
Security is strict & manned by Nepalese at the 1st tier security gate, by locals at 2nd tier building entrance. Well kept with good housekeeping staffs. 3 levels of parking floors for residents; at ground level, a row of visitor parking lots makes it convenient for visitors & contractors.
Two eating outlets, management office, gym, swimming pool, Mini Mart, barber shop  at level 4. 2 units of Passenger Lifts plus 1 unit of Contractor/Firemen Lift in operation at all times.
""Buying Kenanga Point is buying a condominium at apartment price. Don't miss the boat.""
Call Terry at 
Show contact number
 today.
Continue Reading
PROPERTY HIGHLIGHTS
NEW!
Bedroom
3
Bathroom
2
Property Size
861 sq.ft.
Nearby Railway Station
LRT Station Pudu (Sri Petaling and Ampang Line)
Nearby School
Tsun Jin High School
Nearby Mall
KWC Fashion Mall
See more details",3,2,861 sq.ft.,Tsun Jin High School,KWC Fashion Mall,97952413,"Apartment / Condominium, For sale","Security, Tennis Court, Squash Court, Sauna, Gymnasium, Barbeque area, Parking, Swimming Pool, Playground",Kenanga Point,Mahajaya Berhad,Freehold,"No. 11, Jalan Gelugor, Pudu, Pudu, Kuala Lumpur",,26,,Condominium,,Medium,Non Bumi Lot,E,11584,REN 00268,"Bus Stop 3 Jalan Pudu
Bus Stop 1 D'Majestic
Bus Stop 2 D'Majestic
Bus Stop Jalan Changkat Thambi Dollah
Bus Stop 4 Jalan Pudu
Bus Stop 1 Jalan Imbi
Bus Stop Five Stars Bus Bts G09F
Bus Stop Jalan Imbi
Bus Stop Kompleks E-Mart
Bus Stop 2 Jalan Imbi
Bus Stop KL Plaza Square (KL122)
Bus Stop 1 Jalan Pudu
Bus Stop 5 Jalan Pudu
Bus Stop Plaza Elektronik (Opp)
Bus Stop Plaza Elektronik","KWC Fashion Mall
Mitsui Shopping Park LaLaport Kuala Lumpur
Shaw Parade
Plaza Pudu
Berjaya Times Square
Plaza Low Yat","Central Rooftop Garden, Bukit Bintang City Centre, Bukit Bintang, Kuala Lumpur, 55100, Malaysia
Park at Kampung Dollah, Pudu, Kuala Lumpur, Malaysia","Tsun Jin High School
Sekolah Rendah Agama Aslahiyah
SJK (T) Jalan San Peng
SMK Dato' Onn
SK Jalan Hang Tuah (1) & (2)
SJK (C) Chung Kwo
Victoria Institution
SJK(C) Chong Fah Phit Chee
SJK (C) Kung Min
SJK(C) Chin Woo
SMK (P) Bandaraya
SJK (C) Jalan Davidson
Jalan Sultan Ismail
SMK Dato Abu Bakar
Sekolah Seni Malaysia Kuala Lumpur
Sekolah Menengah Stella Maris",,RM 490 000,,LRT Station Pudu (Sri Petaling and Ampang Line),"LRT Station Pudu (Sri Petaling and Ampang Line)
LRT Station Hang Tuah (Sri Petaling and Ampang Line)
Monorail Station Hang Tuah
Monorail Station Imbi
MRT Station Merdeka (MRT Sungai Buloh-Kajang Line)"
after_merge,"1670sf
3 rooms 2 baths
3 parking lot
3 steps to reach swimming pool
very serene and one of the best unit among you can find in hijauan saujana
currently tenanted
pls contact 
Show contact number
 for more info
PROPERTY HIGHLIGHTS
NEW!
Bedroom
3
Bathroom
2
Property Size
1670 sq.ft.
Nearby Railway Station
LRT Station Ara Damansara (Kelana Jaya Line)
Nearby Mall
Evolve Concept Mall
See more details",3,2,1670 sq.ft.,,Evolve Concept Mall,99312797,"Apartment / Condominium, For sale","Jogging Track, Barbeque area, Sauna, Parking, Security, Gymnasium, Multipurpose hall, Club house, Playground, Swimming Pool, Tennis Court",Hijauan Saujana,Esquire Corner Sdn Bhd,Freehold,"Subang (Saujana Resort), Seksyen U2, Shah Alam, Selangor",2015,14,539,Condominium,3,Low,Non Bumi Lot,,,,,Evolve Concept Mall,"Park at Sterling Park, Sterling@PJ Condominium
Park 8 at Shah Alam, Petaling
Park at Glenmarie Gardens, Glenmarie",,,RM 850 000,Subang Toll Plaza,LRT Station Ara Damansara (Kelana Jaya Line),"LRT Station Ara Damansara (Kelana Jaya Line)
LRT Station Glenmarie (Kelana Jaya Line)"
before,"1670sf
3 rooms 2 baths
3 parking lot
3 steps to reach swimming pool
very serene and one of the best unit among you can find in hijauan saujana
currently tenanted
pls contact 
Show contact number
 for more info
PROPERTY HIGHLIGHTS
NEW!
Bedroom
3
Bathroom
2
Property Size
1670 sq.ft.
Nearby Railway Station
LRT Station Ara Damansara (Kelana Jaya Line)
Nearby Mall
Evolve Concept Mall
See more details",3,2,1670 sq.ft.,,Evolve Concept Mall,99312797,"Apartment / Condominium, For sale","Jogging Track, Barbeque area, Sauna, Parking, Security, Gymnasium, Multipurpose hall, Club house, Playground, Swimming Pool, Tennis Court",Hijauan Saujana,Esquire Corner Sdn Bhd,Freehold,"Subang (Saujana Resort), Seksyen U2, Shah Alam, Selangor",2015,14,539,Condominium,3,Low,Non Bumi Lot,,,,,Evolve Concept Mall,"Park at Sterling Park, Sterling@PJ Condominium
Park 8 at Shah Alam, Petaling
Park at Glenmarie Gardens, Glenmarie",,,RM 850 000,Subang Toll Plaza,LRT Station Ara Damansara (Kelana Jaya Line),"LRT Station Ara Damansara (Kelana Jaya Line)
LRT Station Glenmarie (Kelana Jaya Line)"
before,"1670sf
3 rooms 2 baths
3 parking lot
3 steps to reach swimming pool
very serene and one of the best unit among you can find in hijauan saujana
currently tenanted
pls contact 
Show contact number
 for more info
PROPERTY HIGHLIGHTS
NEW!
Bedroom
3
Bathroom
2
Property Size
1670 sq.ft.
Nearby Railway Station
LRT Station Ara Damansara (Kelana Jaya Line)
Nearby Mall
Evolve Concept Mall
See more details",3,2,1670 sq.ft.,,,99312797,"Apartment / Condominium, For sale","Jogging Track, Barbeque area, Sauna, Parking, Security, Gymnasium, Multipurpose hall, Club house, Playground, Swimming Pool, Tennis Court",Hijauan Saujana,Esquire Corner Sdn Bhd,Freehold,"Subang (Saujana Resort), Seksyen U2, Shah Alam, Selangor",2015,14,539,Condominium,3,Low,Non Bumi Lot,,,,,Evolve Concept Mall,"Park at Sterling Park, Sterling@PJ Condominium
Park 8 at Shah Alam, Petaling
Park at Glenmarie Gardens, Glenmarie",,,RM 850 000,Subang Toll Plaza,,"LRT Station Ara Damansara (Kelana Jaya Line)
LRT Station Glenmarie (Kelana Jaya Line)"
after_merge,"Kindly contact 
Show contact number
 Wilson for viewing and more information.
*Please leave a message if your call is not answered**
**Bayu Pandan Apartment@Pandan Jaya For SALE*** 
==Facilities==
~Gated and Guarded
~Swimming pool
~Gym
~Playground
~Multipurpose hall
==Amenities & Accessible To==
~Kindergarten
~7 Eleven
~Restaurant
~Night market
~10 min to IKEA Cheras, Sunway Velocity, Jusco Maluri and Tesco Ampang
~15 min to KLCC, Bukit Bintang, Mid Valley
~MEX
~MRR2
~Jalan Cheras
~Jalan Ampang
==============================================================
## FREE Property Valuation ##
Continue Reading
PROPERTY HIGHLIGHTS
NEW!
Bedroom
3
Bathroom
2
Property Size
1050 sq.ft.
Nearby Railway Station
LRT Station Pandan Jaya (Ampang Line)
Nearby School
SMK Pandan Jaya
See more details",3,2,1050 sq.ft.,SMK Pandan Jaya,,102340257,"Apartment / Condominium, For sale","Security, Gymnasium, Multipurpose hall, Club house, Parking, Playground, Swimming Pool, Lift, Minimart",Bayu @ Pandan Jaya,Melati Ehsan Group,Leasehold,"Persiaran Pandan 3, Pandan Jaya, Kuala Lumpur",2015,12,280,Condominium,2,Medium,Non Bumi Lot,E,11584,REN 12066,"Bus Stop KL872 Taman Shamelin Perkasa (Utara)
Bus Stop KL378 Wisma Sistem 2
Bus Stop KL377 Tmn Maluri (Timur)
Bus Stop KL376 Pusat Perdagangan Tmn Maluri
Bus Stop KL371 Tmn Maluri (Timur)
Bus Stop KL375 Wisma Mahkota",,"Park at Taman Cheras Indah, Pandan Indah, Ampang, Ampang Jaya Municipal Council, Hulu Langat, Selangor, Malaysia
Taman Pandan Jaya, Pandan Indah, Ampang, Ampang Jaya Municipal Council, Hulu Langat, Selangor, Malaysia
Pandan Indah, Ampang, Ampang Jaya Municipal Council, Hulu Langat, Selangor, Malaysia
Padang Perbandaran Ampang Jaya, Taman Pandan Jaya, Pandan Indah, Ampang, Ampang Jaya Municipal Council, Hulu Langat, Selangor, 55100, Malaysia","SMK Pandan Jaya
Sekolah Kebangsaan Cheras Indah",,RM 418 000,,LRT Station Pandan Jaya (Ampang Line),"LRT Station Pandan Jaya (Ampang Line)
LRT Station Pandan Indah (Ampang Line)"
before,"Kindly contact 
Show contact number
 Wilson for viewing and more information.
*Please leave a message if your call is not answered**
**Bayu Pandan Apartment@Pandan Jaya For SALE*** 
==Facilities==
~Gated and Guarded
~Swimming pool
~Gym
~Playground
~Multipurpose hall
==Amenities & Accessible To==
~Kindergarten
~7 Eleven
~Restaurant
~Night market
~10 min to IKEA Cheras, Sunway Velocity, Jusco Maluri and Tesco Ampang
~15 min to KLCC, Bukit Bintang, Mid Valley
~MEX
~MRR2
~Jalan Cheras
~Jalan Ampang
==============================================================
## FREE Property Valuation ##
Continue Reading
PROPERTY HIGHLIGHTS
NEW!
Bedroom
3
Bathroom
2
Property Size
1050 sq.ft.
Nearby Railway Station
LRT Station Pandan Jaya (Ampang Line)
Nearby School
SMK Pandan Jaya
See more details",3,2,1050 sq.ft.,SMK Pandan Jaya,,102340257,"Apartment / Condominium, For sale","Security, Gymnasium, Multipurpose hall, Club house, Parking, Playground, Swimming Pool, Lift, Minimart",Bayu @ Pandan Jaya,Melati Ehsan Group,Leasehold,"Persiaran Pandan 3, Pandan Jaya, Kuala Lumpur",2015,12,280,Condominium,2,Medium,Non Bumi Lot,E,11584,REN 12066,"Bus Stop KL872 Taman Shamelin Perkasa (Utara)
Bus Stop KL378 Wisma Sistem 2
Bus Stop KL377 Tmn Maluri (Timur)
Bus Stop KL376 Pusat Perdagangan Tmn Maluri
Bus Stop KL371 Tmn Maluri (Timur)
Bus Stop KL375 Wisma Mahkota",,"Park at Taman Cheras Indah, Pandan Indah, Ampang, Ampang Jaya Municipal Council, Hulu Langat, Selangor, Malaysia
Taman Pandan Jaya, Pandan Indah, Ampang, Ampang Jaya Municipal Council, Hulu Langat, Selangor, Malaysia
Pandan Indah, Ampang, Ampang Jaya Municipal Council, Hulu Langat, Selangor, Malaysia
Padang Perbandaran Ampang Jaya, Taman Pandan Jaya, Pandan Indah, Ampang, Ampang Jaya Municipal Council, Hulu Langat, Selangor, 55100, Malaysia","SMK Pandan Jaya
Sekolah Kebangsaan Cheras Indah",,RM 418 000,,LRT Station Pandan Jaya (Ampang Line),"LRT Station Pandan Jaya (Ampang Line)
LRT Station Pandan Indah (Ampang Line)"
before,"Kindly contact 
Show contact number
 Wilson for viewing and more information.
*Please leave a message if your call is not answered**
**Bayu Pandan Apartment@Pandan Jaya For SALE*** 
==Facilities==
~Gated and Guarded
~Swimming pool
~Gym
~Playground
~Multipurpose hall
==Amenities & Accessible To==
~Kindergarten
~7 Eleven
~Restaurant
~Night market
~10 min to IKEA Cheras, Sunway Velocity, Jusco Maluri and Tesco Ampang
~15 min to KLCC, Bukit Bintang, Mid Valley
~MEX
~MRR2
~Jalan Cheras
~Jalan Ampang
==============================================================
## FREE Property Valuation ##
Continue Reading
PROPERTY HIGHLIGHTS
NEW!
Bedroom
3
Bathroom
2
Property Size
1050 sq.ft.
Nearby Railway Station
LRT Station Pandan Jaya (Ampang Line)
Nearby School
SMK Pandan Jaya
See more details",3,2,1050 sq.ft.,,,102340257,"Apartment / Condominium, For sale","Security, Gymnasium, Multipurpose hall, Club house, Parking, Playground, Swimming Pool, Lift, Minimart",Bayu @ Pandan Jaya,Melati Ehsan Group,Leasehold,"Persiaran Pandan 3, Pandan Jaya, Kuala Lumpur",2015,12,280,Condominium,2,Medium,Non Bumi Lot,E,11584,REN 12066,"Bus Stop KL872 Taman Shamelin Perkasa (Utara)
Bus Stop KL378 Wisma Sistem 2
Bus Stop KL377 Tmn Maluri (Timur)
Bus Stop KL376 Pusat Perdagangan Tmn Maluri
Bus Stop KL371 Tmn Maluri (Timur)
Bus Stop KL375 Wisma Mahkota",,"Park at Taman Cheras Indah, Pandan Indah, Ampang, Ampang Jaya Municipal Council, Hulu Langat, Selangor, Malaysia
Taman Pandan Jaya, Pandan Indah, Ampang, Ampang Jaya Municipal Council, Hulu Langat, Selangor, Malaysia
Pandan Indah, Ampang, Ampang Jaya Municipal Council, Hulu Langat, Selangor, Malaysia
Padang Perbandaran Ampang Jaya, Taman Pandan Jaya, Pandan Indah, Ampang, Ampang Jaya Municipal Council, Hulu Langat, Selangor, 55100, Malaysia","SMK Pandan Jaya
Sekolah Kebangsaan Cheras Indah",,RM 418 000,,,"LRT Station Pandan Jaya (Ampang Line)
LRT Station Pandan Indah (Ampang Line)"
after_merge,"Kristal Height Condominium Seksyen 7 Shah Alam For Sale!
Asking Price : RM 410,000 Negotiable
PROPERTY DETAILS :
- Leasehold Bumi Lot
- Build up : 1,003 Square Feet
- Bedrooms : 3
- Bathrooms : 2
- Tenanted
- 1 Carpark
FACILITIES :
- 24hours security
- Swimming pool
- Restaurant
Amenities :
- Seksyen 7 Mosque (walking distance only)
- Shah Alam Hospital
- Central I-City
- Giant
- Eco Ardence
Accessibility :
- FEDERAL Highway
- NKVE
- Guthrie Highway
Please Contact:
Show contact number
Keyn Aziz 
PEA 1222
Continue Reading
PROPERTY HIGHLIGHTS
NEW!
Bedroom
3
Bathroom
2
Property Size
1003 sq.ft.
Nearby School
Sekolah Kebangsaan Seksyen 7
See more details",3,2,1003 sq.ft.,Sekolah Kebangsaan Seksyen 7,,102882864,"Apartment / Condominium, For sale","Security, Parking, Playground, Swimming Pool, Lift",Kristal Heights (Shah Alam),Perbadanan Kemajuan Negeri Selangor (PKNS),Leasehold,"Jalan Kristal Tujuh 7/70G, Shah Alam, Selangor",2006,15,,Condominium,,Medium,Bumi Lot,E,21064,PEA 1222,"Bus Stop at Persiaran Bestari 1
Bus Stop at Persiaran Bestari 2
Bus Stop at Jalan Plumbum N7/N
Bus Stop at Persiaran Permai 1",,"Park 1 at Section 7, Shah Alam
Park 2 at Section 7, Shah Alam","Sekolah Kebangsaan Seksyen 7
Sekolah Antarabangsa MAZ",,RM 410 000,,,
before,"Kristal Height Condominium Seksyen 7 Shah Alam For Sale!
Asking Price : RM 410,000 Negotiable
PROPERTY DETAILS :
- Leasehold Bumi Lot
- Build up : 1,003 Square Feet
- Bedrooms : 3
- Bathrooms : 2
- Tenanted
- 1 Carpark
FACILITIES :
- 24hours security
- Swimming pool
- Restaurant
Amenities :
- Seksyen 7 Mosque (walking distance only)
- Shah Alam Hospital
- Central I-City
- Giant
- Eco Ardence
Accessibility :
- FEDERAL Highway
- NKVE
- Guthrie Highway
Please Contact:
Show contact number
Keyn Aziz 
PEA 1222
Continue Reading
PROPERTY HIGHLIGHTS
NEW!
Bedroom
3
Bathroom
2
Property Size
1003 sq.ft.
Nearby School
Sekolah Kebangsaan Seksyen 7
See more details",3,2,1003 sq.ft.,Sekolah Kebangsaan Seksyen 7,,102882864,"Apartment / Condominium, For sale","Security, Parking, Playground, Swimming Pool, Lift",Kristal Heights (Shah Alam),Perbadanan Kemajuan Negeri Selangor (PKNS),Leasehold,"Jalan Kristal Tujuh 7/70G, Shah Alam, Selangor",2006,15,,Condominium,,Medium,Bumi Lot,E,21064,PEA 1222,"Bus Stop at Persiaran Bestari 1
Bus Stop at Persiaran Bestari 2
Bus Stop at Jalan Plumbum N7/N
Bus Stop at Persiaran Permai 1",,"Park 1 at Section 7, Shah Alam
Park 2 at Section 7, Shah Alam","Sekolah Kebangsaan Seksyen 7
Sekolah Antarabangsa MAZ",,RM 410 000,,,
before,"Kristal Height Condominium Seksyen 7 Shah Alam For Sale!
Asking Price : RM 410,000 Negotiable
PROPERTY DETAILS :
- Leasehold Bumi Lot
- Build up : 1,003 Square Feet
- Bedrooms : 3
- Bathrooms : 2
- Tenanted
- 1 Carpark
FACILITIES :
- 24hours security
- Swimming pool
- Restaurant
Amenities :
- Seksyen 7 Mosque (walking distance only)
- Shah Alam Hospital
- Central I-City
- Giant
- Eco Ardence
Accessibility :
- FEDERAL Highway
- NKVE
- Guthrie Highway
Please Contact:
Show contact number
Keyn Aziz 
PEA 1222
Continue Reading
PROPERTY HIGHLIGHTS
NEW!
Bedroom
3
Bathroom
2
Property Size
1003 sq.ft.
Nearby School
Sekolah Kebangsaan Seksyen 7
See more details",3,2,1003 sq.ft.,,,102882864,"Apartment / Condominium, For sale","Security, Parking, Playground, Swimming Pool, Lift",Kristal Heights (Shah Alam),Perbadanan Kemajuan Negeri Selangor (PKNS),Leasehold,"Jalan Kristal Tujuh 7/70G, Shah Alam, Selangor",2006,15,,Condominium,,Medium,Bumi Lot,E,21064,PEA 1222,"Bus Stop at Persiaran Bestari 1
Bus Stop at Persiaran Bestari 2
Bus Stop at Jalan Plumbum N7/N
Bus Stop at Persiaran Permai 1",,"Park 1 at Section 7, Shah Alam
Park 2 at Section 7, Shah Alam","Sekolah Kebangsaan Seksyen 7
Sekolah Antarabangsa MAZ",,RM 410 000,,,
after_merge,"Vista Lavender Apartment For Sale@ Bandar Kinrara, Puchong
DETAILS :
===========
Unit baru diubahsuai, kitchen cabinet, toilet, flooring semua baru, semua pekakas rumah baru. Terus masuk, tak perlu beli apa apa.
** RM 299,900 nett **
- Leasehold | Non bumi lot
- 852 sqft
- 3 bed & 2 bath
- 1 parking
- Block B
Reno & Furnishing (All items are brand new, view to believe)
* New Flooring ( Full house)
* Built in kitchen cabinet & counter top
* Hood & Hob
* Dining table with chair
* 3 seater sofa with coffee table
* TV cabinet
* Full house Nordic style lighting
* Master room fully furnished
* New water heaters
EASY ACCESS:
Jalan Puchong
Shah Alam Expressway (KESAS)
Lebuhraya Damansara - Puchong (LDP)
5 minutes to Bukit Jalil
5 minutes to IOI Mall & Tesco Bandar Puchong
10 minutes to Sunway Pyramid
10 minutes to PJ Old Town / Taman Sri Manja
Continue Reading
PROPERTY HIGHLIGHTS
NEW!
Bedroom
3
Bathroom
2
Property Size
852 sq.ft.
Nearby School
Kafa Integrasi Al-Falah
See more details",3,2,852 sq.ft.,Kafa Integrasi Al-Falah,,103249540,"Apartment / Condominium, For sale","Security, Playground, Multipurpose hall, Parking, Minimart, Lift",Vista Lavender,Talam Transform Berhad,Leasehold,"Persiaran Kinrara Seksyen 3, Bandar Kinrara, Puchong, Selangor",2000,12,,Apartment,1,High,Non Bumi Lot,E,11584,REN 41807,"Bus Stop at Jalan Puchong 5
Bus Stop at Jalan Puchong 4
Bus Stop at Jalan Taman Kinrara
Bus Stop at Jalan Puchong 7
Bus Stop at Jalan Kinrara 4 1
Bus Stop at Jalan Kinrara 4 2
Bus Stop at Jalan TK 1/11A",,"Park at Taman Kinrara Seksyen 7, Subang Jaya
Park at Taman Kinrara Seksyen 4, Subang Jaya
Park at Taman Kinrara, Subang Jaya
Park at Taman Kinrara Seksyen 3, Bukit Tandang
Park at Taman Bukit Kuchai, Bukit Tandang
Park at Kinrara Ria Apartments, Subang Jaya
Park at Flat Taman Kinrara, Subang Jaya
Park at Bandar Kinrara 3 Park, Bandar Kinrara
Park at Pangsapuri Mawar, Bukit Tandang
Park at Taman Kinrara Seksyen 2, Subang Jaya
Park 1 at Bandar Kinrara, Subang Jaya","Kafa Integrasi Al-Falah
Sekolah Jenis Kebangsaan (Cina) Yak Chee
Sekolah Kebangsaan Bukit Kuchai
Sekolah Kebangsaan Seksyen 1 Bandar Kinrara",,RM 299 900,,,
before,"Vista Lavender Apartment For Sale@ Bandar Kinrara, Puchong
DETAILS :
===========
Unit baru diubahsuai, kitchen cabinet, toilet, flooring semua baru, semua pekakas rumah baru. Terus masuk, tak perlu beli apa apa.
** RM 299,900 nett **
- Leasehold | Non bumi lot
- 852 sqft
- 3 bed & 2 bath
- 1 parking
- Block B
Reno & Furnishing (All items are brand new, view to believe)
* New Flooring ( Full house)
* Built in kitchen cabinet & counter top
* Hood & Hob
* Dining table with chair
* 3 seater sofa with coffee table
* TV cabinet
* Full house Nordic style lighting
* Master room fully furnished
* New water heaters
EASY ACCESS:
Jalan Puchong
Shah Alam Expressway (KESAS)
Lebuhraya Damansara - Puchong (LDP)
5 minutes to Bukit Jalil
5 minutes to IOI Mall & Tesco Bandar Puchong
10 minutes to Sunway Pyramid
10 minutes to PJ Old Town / Taman Sri Manja
Continue Reading
PROPERTY HIGHLIGHTS
NEW!
Bedroom
3
Bathroom
2
Property Size
852 sq.ft.
Nearby School
Kafa Integrasi Al-Falah
See more details",3,2,852 sq.ft.,Kafa Integrasi Al-Falah,,103249540,"Apartment / Condominium, For sale","Security, Playground, Multipurpose hall, Parking, Minimart, Lift",Vista Lavender,Talam Transform Berhad,Leasehold,"Persiaran Kinrara Seksyen 3, Bandar Kinrara, Puchong, Selangor",2000,12,,Apartment,1,High,Non Bumi Lot,E,11584,REN 41807,"Bus Stop at Jalan Puchong 5
Bus Stop at Jalan Puchong 4
Bus Stop at Jalan Taman Kinrara
Bus Stop at Jalan Puchong 7
Bus Stop at Jalan Kinrara 4 1
Bus Stop at Jalan Kinrara 4 2
Bus Stop at Jalan TK 1/11A",,"Park at Taman Kinrara Seksyen 7, Subang Jaya
Park at Taman Kinrara Seksyen 4, Subang Jaya
Park at Taman Kinrara, Subang Jaya
Park at Taman Kinrara Seksyen 3, Bukit Tandang
Park at Taman Bukit Kuchai, Bukit Tandang
Park at Kinrara Ria Apartments, Subang Jaya
Park at Flat Taman Kinrara, Subang Jaya
Park at Bandar Kinrara 3 Park, Bandar Kinrara
Park at Pangsapuri Mawar, Bukit Tandang
Park at Taman Kinrara Seksyen 2, Subang Jaya
Park 1 at Bandar Kinrara, Subang Jaya","Kafa Integrasi Al-Falah
Sekolah Jenis Kebangsaan (Cina) Yak Chee
Sekolah Kebangsaan Bukit Kuchai
Sekolah Kebangsaan Seksyen 1 Bandar Kinrara",,RM 299 900,,,
before,"Vista Lavender Apartment For Sale@ Bandar Kinrara, Puchong
DETAILS :
===========
Unit baru diubahsuai, kitchen cabinet, toilet, flooring semua baru, semua pekakas rumah baru. Terus masuk, tak perlu beli apa apa.
** RM 299,900 nett **
- Leasehold | Non bumi lot
- 852 sqft
- 3 bed & 2 bath
- 1 parking
- Block B
Reno & Furnishing (All items are brand new, view to believe)
* New Flooring ( Full house)
* Built in kitchen cabinet & counter top
* Hood & Hob
* Dining table with chair
* 3 seater sofa with coffee table
* TV cabinet
* Full house Nordic style lighting
* Master room fully furnished
* New water heaters
EASY ACCESS:
Jalan Puchong
Shah Alam Expressway (KESAS)
Lebuhraya Damansara - Puchong (LDP)
5 minutes to Bukit Jalil
5 minutes to IOI Mall & Tesco Bandar Puchong
10 minutes to Sunway Pyramid
10 minutes to PJ Old Town / Taman Sri Manja
Continue Reading
PROPERTY HIGHLIGHTS
NEW!
Bedroom
3
Bathroom
2
Property Size
852 sq.ft.
Nearby School
Kafa Integrasi Al-Falah
See more details",3,2,852 sq.ft.,,,103249540,"Apartment / Condominium, For sale","Security, Playground, Multipurpose hall, Parking, Minimart, Lift",Vista Lavender,Talam Transform Berhad,Leasehold,"Persiaran Kinrara Seksyen 3, Bandar Kinrara, Puchong, Selangor",2000,12,,Apartment,1,High,Non Bumi Lot,E,11584,REN 41807,"Bus Stop at Jalan Puchong 5
Bus Stop at Jalan Puchong 4
Bus Stop at Jalan Taman Kinrara
Bus Stop at Jalan Puchong 7
Bus Stop at Jalan Kinrara 4 1
Bus Stop at Jalan Kinrara 4 2
Bus Stop at Jalan TK 1/11A",,"Park at Taman Kinrara Seksyen 7, Subang Jaya
Park at Taman Kinrara Seksyen 4, Subang Jaya
Park at Taman Kinrara, Subang Jaya
Park at Taman Kinrara Seksyen 3, Bukit Tandang
Park at Taman Bukit Kuchai, Bukit Tandang
Park at Kinrara Ria Apartments, Subang Jaya
Park at Flat Taman Kinrara, Subang Jaya
Park at Bandar Kinrara 3 Park, Bandar Kinrara
Park at Pangsapuri Mawar, Bukit Tandang
Park at Taman Kinrara Seksyen 2, Subang Jaya
Park 1 at Bandar Kinrara, Subang Jaya","Kafa Integrasi Al-Falah
Sekolah Jenis Kebangsaan (Cina) Yak Chee
Sekolah Kebangsaan Bukit Kuchai
Sekolah Kebangsaan Seksyen 1 Bandar Kinrara",,RM 299 900,,,
after_merge,"APARTMENT CEMARA, TAMAN BUKIT SEGAR JAYA,
CHERAS, SELANGOR
Price : RM 155,000 
Details:
-Low Cost Apartment
-Leasehold / Non Bumi Lot
-Strata Title 
-3 Rooms & 2 Bathrooms
-High Floor with Lift
-Size: 650 sqft
-Basic Unit
-Tenanted
Nearby Amenities:
-Mini markets, restaurants & many shops
-Sports Complex, Cheras Leisure Mall & MRT Taman Mutiara
-SUKE & Cheras-Kajang Expressway
Kindly contact for more info & viewing:
Faridah 
Show contact number
REN 36362
Maxxan Realty Sdn Bhd
Continue Reading
PROPERTY HIGHLIGHTS
NEW!
Bedroom
3
Bathroom
2
Property Size
650 sq.ft.
Nearby Railway Station
LRT Station Salak Selatan (Sri Petaling Line)
Nearby School
Sekolah Jenis Kebangsaan (Cina) Tai Thung
See more details",3,2,650 sq.ft.,Sekolah Jenis Kebangsaan (Cina) Tai Thung,,103266000,"Apartment / Condominium, For sale","Lift, Jogging Track, Minimart",Cemara Apartment (Bukit Segar Jaya),,Leasehold,"Jalan Bukit Segar Jaya, Taman Bukit Segar Jaya 2, Cheras, Selangor",,,,Apartment,,High,Non Bumi Lot,E,11766,REN 36362,"Bus Stop Apartment Blok A
Bus Stop Jalan Sri Permaisuri 4
Bus Stop JPJ Cheras
Bus Stop Chengal Condominium
Bus Stop Dataran Dwitasik
Bus Stop T582 T583 T584
Bus Stop Cendana Apartment",,,"Sekolah Jenis Kebangsaan (Cina) Tai Thung
SMK Seri Tasik
Sekolah Menengah Agama Majlis Agama Islam Wilayah Persekutuan
Sekolah Kebangsaan Seri Permaisuri",,RM 155 000,,LRT Station Salak Selatan (Sri Petaling Line),"LRT Station Salak Selatan (Sri Petaling Line)
KTM Station Salak Selatan (Komuter Seremban Line)"
before,"APARTMENT CEMARA, TAMAN BUKIT SEGAR JAYA,
CHERAS, SELANGOR
Price : RM 155,000 
Details:
-Low Cost Apartment
-Leasehold / Non Bumi Lot
-Strata Title 
-3 Rooms & 2 Bathrooms
-High Floor with Lift
-Size: 650 sqft
-Basic Unit
-Tenanted
Nearby Amenities:
-Mini markets, restaurants & many shops
-Sports Complex, Cheras Leisure Mall & MRT Taman Mutiara
-SUKE & Cheras-Kajang Expressway
Kindly contact for more info & viewing:
Faridah 
Show contact number
REN 36362
Maxxan Realty Sdn Bhd
Continue Reading
PROPERTY HIGHLIGHTS
NEW!
Bedroom
3
Bathroom
2
Property Size
650 sq.ft.
Nearby Railway Station
LRT Station Salak Selatan (Sri Petaling Line)
Nearby School
Sekolah Jenis Kebangsaan (Cina) Tai Thung
See more details",3,2,650 sq.ft.,Sekolah Jenis Kebangsaan (Cina) Tai Thung,,103266000,"Apartment / Condominium, For sale","Lift, Jogging Track, Minimart",Cemara Apartment (Bukit Segar Jaya),,Leasehold,"Jalan Bukit Segar Jaya, Taman Bukit Segar Jaya 2, Cheras, Selangor",,,,Apartment,,High,Non Bumi Lot,E,11766,REN 36362,"Bus Stop Apartment Blok A
Bus Stop Jalan Sri Permaisuri 4
Bus Stop JPJ Cheras
Bus Stop Chengal Condominium
Bus Stop Dataran Dwitasik
Bus Stop T582 T583 T584
Bus Stop Cendana Apartment",,,"Sekolah Jenis Kebangsaan (Cina) Tai Thung
SMK Seri Tasik
Sekolah Menengah Agama Majlis Agama Islam Wilayah Persekutuan
Sekolah Kebangsaan Seri Permaisuri",,RM 155 000,,LRT Station Salak Selatan (Sri Petaling Line),"LRT Station Salak Selatan (Sri Petaling Line)
KTM Station Salak Selatan (Komuter Seremban Line)"
before,"APARTMENT CEMARA, TAMAN BUKIT SEGAR JAYA,
CHERAS, SELANGOR
Price : RM 155,000 
Details:
-Low Cost Apartment
-Leasehold / Non Bumi Lot
-Strata Title 
-3 Rooms & 2 Bathrooms
-High Floor with Lift
-Size: 650 sqft
-Basic Unit
-Tenanted
Nearby Amenities:
-Mini markets, restaurants & many shops
-Sports Complex, Cheras Leisure Mall & MRT Taman Mutiara
-SUKE & Cheras-Kajang Expressway
Kindly contact for more info & viewing:
Faridah 
Show contact number
REN 36362
Maxxan Realty Sdn Bhd
Continue Reading
PROPERTY HIGHLIGHTS
NEW!
Bedroom
3
Bathroom
2
Property Size
650 sq.ft.
Nearby Railway Station
LRT Station Salak Selatan (Sri Petaling Line)
Nearby School
Sekolah Jenis Kebangsaan (Cina) Tai Thung
See more details",3,2,650 sq.ft.,,,103266000,"Apartment / Condominium, For sale","Lift, Jogging Track, Minimart",Cemara Apartment (Bukit Segar Jaya),,Leasehold,"Jalan Bukit Segar Jaya, Taman Bukit Segar Jaya 2, Cheras, Selangor",,,,Apartment,,High,Non Bumi Lot,E,11766,REN 36362,"Bus Stop Apartment Blok A
Bus Stop Jalan Sri Permaisuri 4
Bus Stop JPJ Cheras
Bus Stop Chengal Condominium
Bus Stop Dataran Dwitasik
Bus Stop T582 T583 T584
Bus Stop Cendana Apartment",,,"Sekolah Jenis Kebangsaan (Cina) Tai Thung
SMK Seri Tasik
Sekolah Menengah Agama Majlis Agama Islam Wilayah Persekutuan
Sekolah Kebangsaan Seri Permaisuri",,RM 155 000,,,"LRT Station Salak Selatan (Sri Petaling Line)
KTM Station Salak Selatan (Komuter Seremban Line)"
after_merge,"Majestic Maxim, Cheras, 
New Condo for Sale
2 rooms 2 bedrooms
Air cond
650sf
1 car park
Great facilities
Sale RM360k
Please call Kinki Chan 
Show contact number
 for more information. Thank you.
PROPERTY HIGHLIGHTS
NEW!
Bedroom
2
Bathroom
2
Property Size
650 sq.ft.
Nearby Railway Station
MRT Station Taman Connaught (MRT Sungai Buloh-Kajang Line)
Nearby School
SK Seri Anggerik
Nearby Mall
Cheras Sentral
See more details",2,2,650 sq.ft.,SK Seri Anggerik,Cheras Sentral,103343288,"Apartment / Condominium, For sale","Lift, Barbeque area, Parking, Security, Playground, Swimming Pool, Gymnasium",Majestic Maxim,Maxim Holdings,Leasehold,"Jalan 9/142, Taman Connaught, Cheras, Kuala Lumpur",2021,44,2136,Service Residence,1,,Non Bumi Lot,E,11688,REN 20170,,Cheras Sentral,,"SK Seri Anggerik
SMK Orkid Desa
Rocklin Learning Center",,RM 360 000,,MRT Station Taman Connaught (MRT Sungai Buloh-Kajang Line),MRT Station Taman Connaught (MRT Sungai Buloh-Kajang Line)
before,"Majestic Maxim, Cheras, 
New Condo for Sale
2 rooms 2 bedrooms
Air cond
650sf
1 car park
Great facilities
Sale RM360k
Please call Kinki Chan 
Show contact number
 for more information. Thank you.
PROPERTY HIGHLIGHTS
NEW!
Bedroom
2
Bathroom
2
Property Size
650 sq.ft.
Nearby Railway Station
MRT Station Taman Connaught (MRT Sungai Buloh-Kajang Line)
Nearby School
SK Seri Anggerik
Nearby Mall
Cheras Sentral
See more details",2,2,650 sq.ft.,,,103343288,"Apartment / Condominium, For sale","Lift, Barbeque area, Parking, Security, Playground, Swimming Pool, Gymnasium",Majestic Maxim,Maxim Holdings,Leasehold,"Jalan 9/142, Taman Connaught, Cheras, Kuala Lumpur",2021,44,2136,Service Residence,1,,Non Bumi Lot,E,11688,REN 20170,,Cheras Sentral,,"SK Seri Anggerik
SMK Orkid Desa
Rocklin Learning Center",,RM 360 000,,,MRT Station Taman Connaught (MRT Sungai Buloh-Kajang Line)
before,"Majestic Maxim, Cheras, 
New Condo for Sale
2 rooms 2 bedrooms
Air cond
650sf
1 car park
Great facilities
Sale RM360k
Please call Kinki Chan 
Show contact number
 for more information. Thank you.
PROPERTY HIGHLIGHTS
NEW!
Bedroom
2
Bathroom
2
Property Size
650 sq.ft.
Nearby Railway Station
MRT Station Taman Connaught (MRT Sungai Buloh-Kajang Line)
Nearby School
SK Seri Anggerik
Nearby Mall
Cheras Sentral
See more details",2,2,650 sq.ft.,SK Seri Anggerik,Cheras Sentral,103343288,"Apartment / Condominium, For sale","Lift, Barbeque area, Parking, Security, Playground, Swimming Pool, Gymnasium",Majestic Maxim,Maxim Holdings,Leasehold,"Jalan 9/142, Taman Connaught, Cheras, Kuala Lumpur",2021,44,2136,Service Residence,1,,Non Bumi Lot,E,11688,REN 20170,,Cheras Sentral,,"SK Seri Anggerik
SMK Orkid Desa
Rocklin Learning Center",,RM 360 000,,MRT Station Taman Connaught (MRT Sungai Buloh-Kajang Line),MRT Station Taman Connaught (MRT Sungai Buloh-Kajang Line)
after_merge,"** Vista Pinggiran Apartment for SALE **
- 3 Rooms 2 Bathrooms
- 2 Parking Lot
- High Floor
Condo Facilities:
- 24 hours Security
- Playground
- Covered Parking
- Cafeteria
- Shops
- Swimming Pool
- Multipurpose Hall with Badminton Court
- Gym Room
- ETC
Near a lot amenities which is:
-nearby universities lim kok wing,upm,,ukm,uniten,mum
-KFC Restaurant
-McDonalds Restaurant
Few minutes to shopping centre with driving distance:
-2 minutes to Pasar Borong
-5 minutes to Giant Supermarket
-5 minutes to AEON Equine Park (Jusco)
## Welcome owner to list ##
Brandon Yee (REN 07419)- 
Show contact number
Continue Reading
PROPERTY HIGHLIGHTS
NEW!
Bedroom
3
Bathroom
2
Property Size
815 sq.ft.
Nearby Mall
AEON Taman Equine
See more details",3,2,815 sq.ft.,,AEON Taman Equine,103401180,"Apartment / Condominium, For sale","Parking, Playground, Swimming Pool, Gymnasium, Barbeque area, Security, Minimart",Vista Pinggiran,LBS Bina Group Berhad,Leasehold,"Jalan Pinggiran Putra 1, Seksyen 2, Taman Pinggiran Putra, Seri Kembangan, Selangor",2004,20,998,Apartment,2,,Non Bumi Lot,E,30205,REN 07419,Bus Stop at Persiaran Lestari Perdana 1,AEON Taman Equine,"Park at Taman Pinggiran Putra, Putra Permai
Park at Pangsapuri Putra Indah, Putra Permai
Park at Putra Permai Block D Playground, Putra Permai
Park 2 at Putra Permai, Subang Jaya
Park 3 at Putra Permai, Subang Jaya",,,RM 265 000,,,
before,"** Vista Pinggiran Apartment for SALE **
- 3 Rooms 2 Bathrooms
- 2 Parking Lot
- High Floor
Condo Facilities:
- 24 hours Security
- Playground
- Covered Parking
- Cafeteria
- Shops
- Swimming Pool
- Multipurpose Hall with Badminton Court
- Gym Room
- ETC
Near a lot amenities which is:
-nearby universities lim kok wing,upm,,ukm,uniten,mum
-KFC Restaurant
-McDonalds Restaurant
Few minutes to shopping centre with driving distance:
-2 minutes to Pasar Borong
-5 minutes to Giant Supermarket
-5 minutes to AEON Equine Park (Jusco)
## Welcome owner to list ##
Brandon Yee (REN 07419)- 
Show contact number
Continue Reading
PROPERTY HIGHLIGHTS
NEW!
Bedroom
3
Bathroom
2
Property Size
815 sq.ft.
Nearby Mall
AEON Taman Equine
See more details",3,2,815 sq.ft.,,AEON Taman Equine,103401180,"Apartment / Condominium, For sale","Parking, Playground, Swimming Pool, Gymnasium, Barbeque area, Security, Minimart",Vista Pinggiran,LBS Bina Group Berhad,Leasehold,"Jalan Pinggiran Putra 1, Seksyen 2, Taman Pinggiran Putra, Seri Kembangan, Selangor",2004,20,998,Apartment,2,,Non Bumi Lot,E,30205,REN 07419,Bus Stop at Persiaran Lestari Perdana 1,AEON Taman Equine,"Park at Taman Pinggiran Putra, Putra Permai
Park at Pangsapuri Putra Indah, Putra Permai
Park at Putra Permai Block D Playground, Putra Permai
Park 2 at Putra Permai, Subang Jaya
Park 3 at Putra Permai, Subang Jaya",,,RM 265 000,,,
before,"** Vista Pinggiran Apartment for SALE **
- 3 Rooms 2 Bathrooms
- 2 Parking Lot
- High Floor
Condo Facilities:
- 24 hours Security
- Playground
- Covered Parking
- Cafeteria
- Shops
- Swimming Pool
- Multipurpose Hall with Badminton Court
- Gym Room
- ETC
Near a lot amenities which is:
-nearby universities lim kok wing,upm,,ukm,uniten,mum
-KFC Restaurant
-McDonalds Restaurant
Few minutes to shopping centre with driving distance:
-2 minutes to Pasar Borong
-5 minutes to Giant Supermarket
-5 minutes to AEON Equine Park (Jusco)
## Welcome owner to list ##
Brandon Yee (REN 07419)- 
Show contact number
Continue Reading
PROPERTY HIGHLIGHTS
NEW!
Bedroom
3
Bathroom
2
Property Size
815 sq.ft.
Nearby Mall
AEON Taman Equine
See more details",3,2,815 sq.ft.,,,103401180,"Apartment / Condominium, For sale","Parking, Playground, Swimming Pool, Gymnasium, Barbeque area, Security, Minimart",Vista Pinggiran,LBS Bina Group Berhad,Leasehold,"Jalan Pinggiran Putra 1, Seksyen 2, Taman Pinggiran Putra, Seri Kembangan, Selangor",2004,20,998,Apartment,2,,Non Bumi Lot,E,30205,REN 07419,Bus Stop at Persiaran Lestari Perdana 1,AEON Taman Equine,"Park at Taman Pinggiran Putra, Putra Permai
Park at Pangsapuri Putra Indah, Putra Permai
Park at Putra Permai Block D Playground, Putra Permai
Park 2 at Putra Permai, Subang Jaya
Park 3 at Putra Permai, Subang Jaya",,,RM 265 000,,,
after_merge,"For Sale @ Mentari Court
Price: Rm260,000
Details:
-3Room 2Bathroom
-770sqft
-Renovated
-Non Bumi Lot
Facilities:
-24-Hours Gated Guarded
-Playground
-Surau
-Landscape Garden
-Wading Pool
-Swimming Pool
-Jogging Track
Special arrangements for those who deal with me:
=======================================
# Mark up loan can be arranged
# Cash Back can be arranged
# Loan rejected deposit is 100% refunded
# We can assist and help you solve if your loan is rejected, we can make it approve!!
# Maximum discount for other fees
# Fast selling units that are under market value
# Viewing appointment can be held immediately
# Get your dream house with me !!!
# Owners are welcome to list their property unit to me
=======================================
** We do all the work for you, you can just view the unit and relax and enjoy while waiting for your new house!
** Commission get from owner, BUYER PAY AGENT RM0!!!
** We assist LOAN & LAWYER service
** If loan rejected, 100% GUARANTEE REFUND TO YOU
FOR VIEWING APPOITMENT AND MORE INFORMATION :
ALVIN: 
Show contact number
WhatsApp :
https://AlvinTHC.wasap.my/
Photos shown may not be for the actual unit, it’s for illustration purpose
Continue Reading
PROPERTY HIGHLIGHTS
NEW!
Bedroom
3
Bathroom
2
Property Size
770 sq.ft.
Nearby Railway Station
KTM Station Setia Jaya (Komuter Tanjung Malim-Pelabuhan Klang)
Nearby School
Sri Emas International School
See more details",3,2,770 sq.ft.,Sri Emas International School,,103456523,"Apartment / Condominium, For sale",,Mentari Court,Mentari Group,Leasehold,"Jalan PJS8/9, Petaling Jaya, Selangor",2006,18,200,Apartment,,Medium,Non Bumi Lot,,,REN 61276,"Bus Stop at Opposite Freescale
Bus Stop at Freescale Semiconductors
Bus Stop at Federal Highway Motorcycle Lane 4
Bus Stop at Federal Highway Motorcycle Lane 5",,"Park at PJS 10 Park, PJS 10
Park 2 at PJS 6, Sungai Way
Park 1 at PJS 6, Sungai Way
Park at PJS 9, Sunway City","Sri Emas International School
Sekolah Kebangsaan Kampung Lindungan
Sekolah Kebangsaan Sungei Way",,RM 260 000,,KTM Station Setia Jaya (Komuter Tanjung Malim-Pelabuhan Klang),KTM Station Setia Jaya (Komuter Tanjung Malim-Pelabuhan Klang)
before,"For Sale @ Mentari Court
Price: Rm260,000
Details:
-3Room 2Bathroom
-770sqft
-Renovated
-Non Bumi Lot
Facilities:
-24-Hours Gated Guarded
-Playground
-Surau
-Landscape Garden
-Wading Pool
-Swimming Pool
-Jogging Track
Special arrangements for those who deal with me:
=======================================
# Mark up loan can be arranged
# Cash Back can be arranged
# Loan rejected deposit is 100% refunded
# We can assist and help you solve if your loan is rejected, we can make it approve!!
# Maximum discount for other fees
# Fast selling units that are under market value
# Viewing appointment can be held immediately
# Get your dream house with me !!!
# Owners are welcome to list their property unit to me
=======================================
** We do all the work for you, you can just view the unit and relax and enjoy while waiting for your new house!
** Commission get from owner, BUYER PAY AGENT RM0!!!
** We assist LOAN & LAWYER service
** If loan rejected, 100% GUARANTEE REFUND TO YOU
FOR VIEWING APPOITMENT AND MORE INFORMATION :
ALVIN: 
Show contact number
WhatsApp :
https://AlvinTHC.wasap.my/
Photos shown may not be for the actual unit, it’s for illustration purpose
Continue Reading
PROPERTY HIGHLIGHTS
NEW!
Bedroom
3
Bathroom
2
Property Size
770 sq.ft.
Nearby Railway Station
KTM Station Setia Jaya (Komuter Tanjung Malim-Pelabuhan Klang)
Nearby School
Sri Emas International School
See more details",3,2,770 sq.ft.,,,103456523,"Apartment / Condominium, For sale",,Mentari Court,Mentari Group,Leasehold,"Jalan PJS8/9, Petaling Jaya, Selangor",2006,18,200,Apartment,,Medium,Non Bumi Lot,,,REN 61276,"Bus Stop at Opposite Freescale
Bus Stop at Freescale Semiconductors
Bus Stop at Federal Highway Motorcycle Lane 4
Bus Stop at Federal Highway Motorcycle Lane 5",,"Park at PJS 10 Park, PJS 10
Park 2 at PJS 6, Sungai Way
Park 1 at PJS 6, Sungai Way
Park at PJS 9, Sunway City","Sri Emas International School
Sekolah Kebangsaan Kampung Lindungan
Sekolah Kebangsaan Sungei Way",,RM 260 000,,,KTM Station Setia Jaya (Komuter Tanjung Malim-Pelabuhan Klang)
before,"For Sale @ Mentari Court
Price: Rm260,000
Details:
-3Room 2Bathroom
-770sqft
-Renovated
-Non Bumi Lot
Facilities:
-24-Hours Gated Guarded
-Playground
-Surau
-Landscape Garden
-Wading Pool
-Swimming Pool
-Jogging Track
Special arrangements for those who deal with me:
=======================================
# Mark up loan can be arranged
# Cash Back can be arranged
# Loan rejected deposit is 100% refunded
# We can assist and help you solve if your loan is rejected, we can make it approve!!
# Maximum discount for other fees
# Fast selling units that are under market value
# Viewing appointment can be held immediately
# Get your dream house with me !!!
# Owners are welcome to list their property unit to me
=======================================
** We do all the work for you, you can just view the unit and relax and enjoy while waiting for your new house!
** Commission get from owner, BUYER PAY AGENT RM0!!!
** We assist LOAN & LAWYER service
** If loan rejected, 100% GUARANTEE REFUND TO YOU
FOR VIEWING APPOITMENT AND MORE INFORMATION :
ALVIN: 
Show contact number
WhatsApp :
https://AlvinTHC.wasap.my/
Photos shown may not be for the actual unit, it’s for illustration purpose
Continue Reading
PROPERTY HIGHLIGHTS
NEW!
Bedroom
3
Bathroom
2
Property Size
770 sq.ft.
Nearby Railway Station
KTM Station Setia Jaya (Komuter Tanjung Malim-Pelabuhan Klang)
Nearby School
Sri Emas International School
See more details",3,2,770 sq.ft.,Sri Emas International School,,103456523,"Apartment / Condominium, For sale",,Mentari Court,Mentari Group,Leasehold,"Jalan PJS8/9, Petaling Jaya, Selangor",2006,18,200,Apartment,,Medium,Non Bumi Lot,,,REN 61276,"Bus Stop at Opposite Freescale
Bus Stop at Freescale Semiconductors
Bus Stop at Federal Highway Motorcycle Lane 4
Bus Stop at Federal Highway Motorcycle Lane 5",,"Park at PJS 10 Park, PJS 10
Park 2 at PJS 6, Sungai Way
Park 1 at PJS 6, Sungai Way
Park at PJS 9, Sunway City","Sri Emas International School
Sekolah Kebangsaan Kampung Lindungan
Sekolah Kebangsaan Sungei Way",,RM 260 000,,KTM Station Setia Jaya (Komuter Tanjung Malim-Pelabuhan Klang),KTM Station Setia Jaya (Komuter Tanjung Malim-Pelabuhan Klang)
after_merge,"WTS
FOR SALE : Riviera Apartment, Taman Muda, Ampang Selangor
DETAILS: 
→ Walk Up Apartment
→ 4th Floor (Top Floor)
→ Leasehold 
→ Non Bumi Lot
→ Strata Title Ready 
→ Built Up: 883 sqft 
→ 3 Bedrooms 
→ 2 Bathrooms 
→ Balcony 
→ Maintenance: RM78 per month
→ Kitchen Cabinet
→ Open Carpark 
→ Yard
EASILY ACCESS:
→ Lebuhraya MEX HIGHWAY
→ North-South Highway (PLUS)
→ KESAS highway
→ MRR2
============================
ASKING PRICE: RM 235,000 [ NEGO]
============================
Untuk Maklumat Lanjut, Hubungi
NIK RAIMI 
REN 51932
GREAT CASA REALTY 
http://www.wasap.my/6
Show contact number
Continue Reading
PROPERTY HIGHLIGHTS
NEW!
Bedroom
3
Bathroom
2
Property Size
883 sq.ft.
Nearby School
Sekolah Kebangsaan Taman Muda
See more details",3,2,883 sq.ft.,Sekolah Kebangsaan Taman Muda,,103468045,"Apartment / Condominium, For sale","Security, Playground, Minimart, Parking",Riviera Apartment,,Leasehold,"Jalan Bunga Mawar 5a Taman Muda, Ampang, Selangor",,5,,Apartment,,High,Non Bumi Lot,VE,10143,REN 24482,,,"Park 1 at Taman Muda, Pandan Indah","Sekolah Kebangsaan Taman Muda
Sekolah Menengah Kebangsaan Pandan Indah
Sekolah Kebangsaan Pandan Indah
Sekolah Kebangsaan Kampung Cheras Baharu
Sekolah Menengah Kebangsaan Taman Seraya",,RM 235 000,,,
before,"WTS
FOR SALE : Riviera Apartment, Taman Muda, Ampang Selangor
DETAILS: 
→ Walk Up Apartment
→ 4th Floor (Top Floor)
→ Leasehold 
→ Non Bumi Lot
→ Strata Title Ready 
→ Built Up: 883 sqft 
→ 3 Bedrooms 
→ 2 Bathrooms 
→ Balcony 
→ Maintenance: RM78 per month
→ Kitchen Cabinet
→ Open Carpark 
→ Yard
EASILY ACCESS:
→ Lebuhraya MEX HIGHWAY
→ North-South Highway (PLUS)
→ KESAS highway
→ MRR2
============================
ASKING PRICE: RM 235,000 [ NEGO]
============================
Untuk Maklumat Lanjut, Hubungi
NIK RAIMI 
REN 51932
GREAT CASA REALTY 
http://www.wasap.my/6
Show contact number
Continue Reading
PROPERTY HIGHLIGHTS
NEW!
Bedroom
3
Bathroom
2
Property Size
883 sq.ft.
Nearby School
Sekolah Kebangsaan Taman Muda
See more details",3,2,883 sq.ft.,,,103468045,"Apartment / Condominium, For sale","Security, Playground, Minimart, Parking",Riviera Apartment,,Leasehold,"Jalan Bunga Mawar 5a Taman Muda, Ampang, Selangor",,5,,Apartment,,High,Non Bumi Lot,VE,10143,REN 24482,,,"Park 1 at Taman Muda, Pandan Indah","Sekolah Kebangsaan Taman Muda
Sekolah Menengah Kebangsaan Pandan Indah
Sekolah Kebangsaan Pandan Indah
Sekolah Kebangsaan Kampung Cheras Baharu
Sekolah Menengah Kebangsaan Taman Seraya",,RM 235 000,,,
before,"WTS
FOR SALE : Riviera Apartment, Taman Muda, Ampang Selangor
DETAILS: 
→ Walk Up Apartment
→ 4th Floor (Top Floor)
→ Leasehold 
→ Non Bumi Lot
→ Strata Title Ready 
→ Built Up: 883 sqft 
→ 3 Bedrooms 
→ 2 Bathrooms 
→ Balcony 
→ Maintenance: RM78 per month
→ Kitchen Cabinet
→ Open Carpark 
→ Yard
EASILY ACCESS:
→ Lebuhraya MEX HIGHWAY
→ North-South Highway (PLUS)
→ KESAS highway
→ MRR2
============================
ASKING PRICE: RM 235,000 [ NEGO]
============================
Untuk Maklumat Lanjut, Hubungi
NIK RAIMI 
REN 51932
GREAT CASA REALTY 
http://www.wasap.my/6
Show contact number
Continue Reading
PROPERTY HIGHLIGHTS
NEW!
Bedroom
3
Bathroom
2
Property Size
883 sq.ft.
Nearby School
Sekolah Kebangsaan Taman Muda
See more details",3,2,883 sq.ft.,Sekolah Kebangsaan Taman Muda,,103468045,"Apartment / Condominium, For sale","Security, Playground, Minimart, Parking",Riviera Apartment,,Leasehold,"Jalan Bunga Mawar 5a Taman Muda, Ampang, Selangor",,5,,Apartment,,High,Non Bumi Lot,VE,10143,REN 24482,,,"Park 1 at Taman Muda, Pandan Indah","Sekolah Kebangsaan Taman Muda
Sekolah Menengah Kebangsaan Pandan Indah
Sekolah Kebangsaan Pandan Indah
Sekolah Kebangsaan Kampung Cheras Baharu
Sekolah Menengah Kebangsaan Taman Seraya",,RM 235 000,,,
after_merge,"FOR SALE INCLUDING FURNITURE, ETC.
- Apartment on the 5th floor for sale, size is 1023 sqft
- Building has lift
- 1 car park per unit.
- Open park with lake, playground and jogging path in front of apartment
- Furnishing:
Kitchen Cabinet, Mattress, Air-conds, Refrigerator, Water Heater, Bedframe,
Dining Table, Hood & Hub, Wardrobe, Microwave, Curtain ALL INCLUDED
- 3 rooms fully furnished with air cond and fan
- Currently tenanted but owner wants to pursue other business. If BUYER want to stay, vacant possession is fine. If BUYER wants to do rental business also can.
-Facilities:
Security 24/7, Swimming Pool ,Elevator, Playground, Shops neaby, Mosque
-Accessibility:
Easy access to LDP,KESAS, NPE & Federal Highway
Hero Save Mart Sri Subang - 120 M
Mentari BRT Station - 650 M
Setia Jaya KTM Station - 1.6 KM
Setia Jaya BRT Station - 538 M
Sunway Pyramid - 1.4KM
Continue Reading
PROPERTY HIGHLIGHTS
NEW!
Bedroom
3
Bathroom
2
Property Size
1023 sq.ft.
Nearby Railway Station
KTM Station Setia Jaya (Komuter Tanjung Malim-Pelabuhan Klang)
Nearby School
Sekolah Kebangsaan Kampung Lindungan
Nearby Mall
Sunway Pyramid Mall
See more details",3,2,1023 sq.ft.,Sekolah Kebangsaan Kampung Lindungan,Sunway Pyramid Mall,103564933,"Apartment / Condominium, For sale","Parking, Security, Minimart, Swimming Pool, Playground, Lift, Jogging Track, Barbeque area",Pangsapuri Kayangan,Suncity Bhd,Leasehold,"No. 33, Jalan PJS 10/24,, Bandar Sunway, Selangor",2004,5,200,Apartment,,Low,Non Bumi Lot,,,,"Bus Stop at Federal Highway Motorcycle Lane 4
Bus Stop at Jalan PJS 11/15
Bus Stop at Opposite Freescale
Bus Stop at Freescale Semiconductors
Bus Stop at New Pantai Expressway 2",Sunway Pyramid Mall,"Park at PJS 10 Park, PJS 10
Park at PJS 9, Sunway City
Park 2 at PJS 6, Sungai Way
Park at Kid's Playground & Family Park, PJS 10","Sekolah Kebangsaan Kampung Lindungan
Sri Emas International School",,RM 380 000,,KTM Station Setia Jaya (Komuter Tanjung Malim-Pelabuhan Klang),KTM Station Setia Jaya (Komuter Tanjung Malim-Pelabuhan Klang)
before,"FOR SALE INCLUDING FURNITURE, ETC.
- Apartment on the 5th floor for sale, size is 1023 sqft
- Building has lift
- 1 car park per unit.
- Open park with lake, playground and jogging path in front of apartment
- Furnishing:
Kitchen Cabinet, Mattress, Air-conds, Refrigerator, Water Heater, Bedframe,
Dining Table, Hood & Hub, Wardrobe, Microwave, Curtain ALL INCLUDED
- 3 rooms fully furnished with air cond and fan
- Currently tenanted but owner wants to pursue other business. If BUYER want to stay, vacant possession is fine. If BUYER wants to do rental business also can.
-Facilities:
Security 24/7, Swimming Pool ,Elevator, Playground, Shops neaby, Mosque
-Accessibility:
Easy access to LDP,KESAS, NPE & Federal Highway
Hero Save Mart Sri Subang - 120 M
Mentari BRT Station - 650 M
Setia Jaya KTM Station - 1.6 KM
Setia Jaya BRT Station - 538 M
Sunway Pyramid - 1.4KM
Continue Reading
PROPERTY HIGHLIGHTS
NEW!
Bedroom
3
Bathroom
2
Property Size
1023 sq.ft.
Nearby Railway Station
KTM Station Setia Jaya (Komuter Tanjung Malim-Pelabuhan Klang)
Nearby School
Sekolah Kebangsaan Kampung Lindungan
Nearby Mall
Sunway Pyramid Mall
See more details",3,2,1023 sq.ft.,,,103564933,"Apartment / Condominium, For sale","Parking, Security, Minimart, Swimming Pool, Playground, Lift, Jogging Track, Barbeque area",Pangsapuri Kayangan,Suncity Bhd,Leasehold,"No. 33, Jalan PJS 10/24,, Bandar Sunway, Selangor",2004,5,200,Apartment,,Low,Non Bumi Lot,,,,"Bus Stop at Federal Highway Motorcycle Lane 4
Bus Stop at Jalan PJS 11/15
Bus Stop at Opposite Freescale
Bus Stop at Freescale Semiconductors
Bus Stop at New Pantai Expressway 2",Sunway Pyramid Mall,"Park at PJS 10 Park, PJS 10
Park at PJS 9, Sunway City
Park 2 at PJS 6, Sungai Way
Park at Kid's Playground & Family Park, PJS 10","Sekolah Kebangsaan Kampung Lindungan
Sri Emas International School",,RM 380 000,,,KTM Station Setia Jaya (Komuter Tanjung Malim-Pelabuhan Klang)
before,"FOR SALE INCLUDING FURNITURE, ETC.
- Apartment on the 5th floor for sale, size is 1023 sqft
- Building has lift
- 1 car park per unit.
- Open park with lake, playground and jogging path in front of apartment
- Furnishing:
Kitchen Cabinet, Mattress, Air-conds, Refrigerator, Water Heater, Bedframe,
Dining Table, Hood & Hub, Wardrobe, Microwave, Curtain ALL INCLUDED
- 3 rooms fully furnished with air cond and fan
- Currently tenanted but owner wants to pursue other business. If BUYER want to stay, vacant possession is fine. If BUYER wants to do rental business also can.
-Facilities:
Security 24/7, Swimming Pool ,Elevator, Playground, Shops neaby, Mosque
-Accessibility:
Easy access to LDP,KESAS, NPE & Federal Highway
Hero Save Mart Sri Subang - 120 M
Mentari BRT Station - 650 M
Setia Jaya KTM Station - 1.6 KM
Setia Jaya BRT Station - 538 M
Sunway Pyramid - 1.4KM
Continue Reading
PROPERTY HIGHLIGHTS
NEW!
Bedroom
3
Bathroom
2
Property Size
1023 sq.ft.
Nearby Railway Station
KTM Station Setia Jaya (Komuter Tanjung Malim-Pelabuhan Klang)
Nearby School
Sekolah Kebangsaan Kampung Lindungan
Nearby Mall
Sunway Pyramid Mall
See more details",3,2,1023 sq.ft.,Sekolah Kebangsaan Kampung Lindungan,Sunway Pyramid Mall,103564933,"Apartment / Condominium, For sale","Parking, Security, Minimart, Swimming Pool, Playground, Lift, Jogging Track, Barbeque area",Pangsapuri Kayangan,Suncity Bhd,Leasehold,"No. 33, Jalan PJS 10/24,, Bandar Sunway, Selangor",2004,5,200,Apartment,,Low,Non Bumi Lot,,,,"Bus Stop at Federal Highway Motorcycle Lane 4
Bus Stop at Jalan PJS 11/15
Bus Stop at Opposite Freescale
Bus Stop at Freescale Semiconductors
Bus Stop at New Pantai Expressway 2",Sunway Pyramid Mall,"Park at PJS 10 Park, PJS 10
Park at PJS 9, Sunway City
Park 2 at PJS 6, Sungai Way
Park at Kid's Playground & Family Park, PJS 10","Sekolah Kebangsaan Kampung Lindungan
Sri Emas International School",,RM 380 000,,KTM Station Setia Jaya (Komuter Tanjung Malim-Pelabuhan Klang),KTM Station Setia Jaya (Komuter Tanjung Malim-Pelabuhan Klang)
after_merge,"palm Court condominium,brickfields for sale..CASH BUY
for more details please contact me [Thanaletchumi..
Show contact number
]
Unit Details
 Partly furnished
 3 bedroom with Air Cond 2 bathroom with Water heater Kitchen Cabinet Well Maintain.
 -Walking distance to all amenities -High demand with best lacation in Sentral -Nearby KL Sentral Station -Walking distance to little india -Nearby Global Indian School
 -Close food outlets,Church, temples, Post office... -Near to Banks, Supermarket Sri Kota....
 Appereciate that to view the acture unit!!!
future this place mybe up to 700k,so
Don't miss this opportunity. .the price can negotiable until let go.
kinlly coutact or WhatsApp Thanaletchumi [
Show contact number
PROPERTY HIGHLIGHTS
NEW!
Bedroom
3
Bathroom
2
Property Size
1100 sq.ft.
Nearby Railway Station
Monorail Station KL Sentral
Nearby School
SJK (T) Vivekananda
Nearby Mall
Nu Sentral
See more details",3,2,1100 sq.ft.,SJK (T) Vivekananda,Nu Sentral,103700639,"Apartment / Condominium, For sale","Parking, Jogging Track, Security, Tennis Court, Lift, Swimming Pool, Playground, Gymnasium, Barbeque area, Minimart",Palm Court (Brickfields),Seal Incorporated Berhad,Freehold,"Jalan Berhala, Brickfields, Brickfields, Kuala Lumpur",,19,,Condominium,2,High,Non Bumi Lot,,,,"Bus Stop Palm Court Apartment
Bus Stop NU Sentral
Bus Stop Sentral Loft
Bus Stop Hop-on Hop-Off Stop 10
Bus Stop Suasana Sentral Loft
Bus Stop Little India
Bus Stop Brickfields Asia College B
Bus Stop Brickfields Asia College A
Bus Stop Kuen Cheng High School
Bus Stop Sentral Exhibition Mall
Bus Stop SRK La Salle Brickfields - B
Bus Stop 1 Jalan Tun Sambanthan
Bus Stop KL Sentral 16
Bus Stop IPD Brickfields
Bus Stop Balai Polis Brickfields
Bus Stop 1 Jalan Bangsar
Bus Stop Muzium Negara (Barat)
Bus Stop National Museum 17
Bus Stop Muzium Negara
Bus Stop Lengkok Abdulah
Bus Stop 1 LRT Bangsar
Bus Stop Muzium Negara (Timur)
Bus Stop 2 LRT Bangsar
Bus Stop 4 Jalan Tun Sambanthan",Nu Sentral,"Park 1 at Brickfields, Kuala Lumpur, Malaysia
Park 2 at Brickfields, Kuala Lumpur, Malaysia
Urban Orchard Park, Brickfields, Kuala Lumpur, Malaysia","SJK (T) Vivekananda
SMK Vivekananda
SK Brickfields 1 & 2
Havil International School
SK (P) Methodist 1 & 2
Global Indian International School (Primary/Junior/Secondary)
SJK (C) St Teresa
SK St Teresa 1 & 2
Brickfields Asia College Sambanthan
Global Indian International School (Kindergarten/Primary)
SMK La Salle Brickfields
Kuen Cheng High School
Sekolah Menengah (P) Kuen Cheng
SJK (T) Bangsar",,RM 550 000,,Monorail Station KL Sentral,"Monorail Station KL Sentral
Monorail Station Tun Sambanthan
LRT Station KL Sentral (Kelana Jaya Line)
KTM Station KL Sentral (Komuter Seremban Line)
MRT Station National Museum (MRT Sungai Buloh-Kajang Line)
LRT Station Bangsar (Kelana Jaya Line)"
before,"palm Court condominium,brickfields for sale..CASH BUY
for more details please contact me [Thanaletchumi..
Show contact number
]
Unit Details
 Partly furnished
 3 bedroom with Air Cond 2 bathroom with Water heater Kitchen Cabinet Well Maintain.
 -Walking distance to all amenities -High demand with best lacation in Sentral -Nearby KL Sentral Station -Walking distance to little india -Nearby Global Indian School
 -Close food outlets,Church, temples, Post office... -Near to Banks, Supermarket Sri Kota....
 Appereciate that to view the acture unit!!!
future this place mybe up to 700k,so
Don't miss this opportunity. .the price can negotiable until let go.
kinlly coutact or WhatsApp Thanaletchumi [
Show contact number
PROPERTY HIGHLIGHTS
NEW!
Bedroom
3
Bathroom
2
Property Size
1100 sq.ft.
Nearby Railway Station
Monorail Station KL Sentral
Nearby School
SJK (T) Vivekananda
Nearby Mall
Nu Sentral
See more details",3,2,1100 sq.ft.,,,103700639,"Apartment / Condominium, For sale","Parking, Jogging Track, Security, Tennis Court, Lift, Swimming Pool, Playground, Gymnasium, Barbeque area, Minimart",Palm Court (Brickfields),Seal Incorporated Berhad,Freehold,"Jalan Berhala, Brickfields, Brickfields, Kuala Lumpur",,19,,Condominium,2,High,Non Bumi Lot,,,,"Bus Stop Palm Court Apartment
Bus Stop NU Sentral
Bus Stop Sentral Loft
Bus Stop Hop-on Hop-Off Stop 10
Bus Stop Suasana Sentral Loft
Bus Stop Little India
Bus Stop Brickfields Asia College B
Bus Stop Brickfields Asia College A
Bus Stop Kuen Cheng High School
Bus Stop Sentral Exhibition Mall
Bus Stop SRK La Salle Brickfields - B
Bus Stop 1 Jalan Tun Sambanthan
Bus Stop KL Sentral 16
Bus Stop IPD Brickfields
Bus Stop Balai Polis Brickfields
Bus Stop 1 Jalan Bangsar
Bus Stop Muzium Negara (Barat)
Bus Stop National Museum 17
Bus Stop Muzium Negara
Bus Stop Lengkok Abdulah
Bus Stop 1 LRT Bangsar
Bus Stop Muzium Negara (Timur)
Bus Stop 2 LRT Bangsar
Bus Stop 4 Jalan Tun Sambanthan",Nu Sentral,"Park 1 at Brickfields, Kuala Lumpur, Malaysia
Park 2 at Brickfields, Kuala Lumpur, Malaysia
Urban Orchard Park, Brickfields, Kuala Lumpur, Malaysia","SJK (T) Vivekananda
SMK Vivekananda
SK Brickfields 1 & 2
Havil International School
SK (P) Methodist 1 & 2
Global Indian International School (Primary/Junior/Secondary)
SJK (C) St Teresa
SK St Teresa 1 & 2
Brickfields Asia College Sambanthan
Global Indian International School (Kindergarten/Primary)
SMK La Salle Brickfields
Kuen Cheng High School
Sekolah Menengah (P) Kuen Cheng
SJK (T) Bangsar",,RM 550 000,,,"Monorail Station KL Sentral
Monorail Station Tun Sambanthan
LRT Station KL Sentral (Kelana Jaya Line)
KTM Station KL Sentral (Komuter Seremban Line)
MRT Station National Museum (MRT Sungai Buloh-Kajang Line)
LRT Station Bangsar (Kelana Jaya Line)"
before,"palm Court condominium,brickfields for sale..CASH BUY
for more details please contact me [Thanaletchumi..
Show contact number
]
Unit Details
 Partly furnished
 3 bedroom with Air Cond 2 bathroom with Water heater Kitchen Cabinet Well Maintain.
 -Walking distance to all amenities -High demand with best lacation in Sentral -Nearby KL Sentral Station -Walking distance to little india -Nearby Global Indian School
 -Close food outlets,Church, temples, Post office... -Near to Banks, Supermarket Sri Kota....
 Appereciate that to view the acture unit!!!
future this place mybe up to 700k,so
Don't miss this opportunity. .the price can negotiable until let go.
kinlly coutact or WhatsApp Thanaletchumi [
Show contact number
PROPERTY HIGHLIGHTS
NEW!
Bedroom
3
Bathroom
2
Property Size
1100 sq.ft.
Nearby Railway Station
Monorail Station KL Sentral
Nearby School
SJK (T) Vivekananda
Nearby Mall
Nu Sentral
See more details",3,2,1100 sq.ft.,SJK (T) Vivekananda,Nu Sentral,103700639,"Apartment / Condominium, For sale","Parking, Jogging Track, Security, Tennis Court, Lift, Swimming Pool, Playground, Gymnasium, Barbeque area, Minimart",Palm Court (Brickfields),Seal Incorporated Berhad,Freehold,"Jalan Berhala, Brickfields, Brickfields, Kuala Lumpur",,19,,Condominium,2,High,Non Bumi Lot,,,,"Bus Stop Palm Court Apartment
Bus Stop NU Sentral
Bus Stop Sentral Loft
Bus Stop Hop-on Hop-Off Stop 10
Bus Stop Suasana Sentral Loft
Bus Stop Little India
Bus Stop Brickfields Asia College B
Bus Stop Brickfields Asia College A
Bus Stop Kuen Cheng High School
Bus Stop Sentral Exhibition Mall
Bus Stop SRK La Salle Brickfields - B
Bus Stop 1 Jalan Tun Sambanthan
Bus Stop KL Sentral 16
Bus Stop IPD Brickfields
Bus Stop Balai Polis Brickfields
Bus Stop 1 Jalan Bangsar
Bus Stop Muzium Negara (Barat)
Bus Stop National Museum 17
Bus Stop Muzium Negara
Bus Stop Lengkok Abdulah
Bus Stop 1 LRT Bangsar
Bus Stop Muzium Negara (Timur)
Bus Stop 2 LRT Bangsar
Bus Stop 4 Jalan Tun Sambanthan",Nu Sentral,"Park 1 at Brickfields, Kuala Lumpur, Malaysia
Park 2 at Brickfields, Kuala Lumpur, Malaysia
Urban Orchard Park, Brickfields, Kuala Lumpur, Malaysia","SJK (T) Vivekananda
SMK Vivekananda
SK Brickfields 1 & 2
Havil International School
SK (P) Methodist 1 & 2
Global Indian International School (Primary/Junior/Secondary)
SJK (C) St Teresa
SK St Teresa 1 & 2
Brickfields Asia College Sambanthan
Global Indian International School (Kindergarten/Primary)
SMK La Salle Brickfields
Kuen Cheng High School
Sekolah Menengah (P) Kuen Cheng
SJK (T) Bangsar",,RM 550 000,,Monorail Station KL Sentral,"Monorail Station KL Sentral
Monorail Station Tun Sambanthan
LRT Station KL Sentral (Kelana Jaya Line)
KTM Station KL Sentral (Komuter Seremban Line)
MRT Station National Museum (MRT Sungai Buloh-Kajang Line)
LRT Station Bangsar (Kelana Jaya Line)"
after_merge,"3 bedroom 3 bathroom unit
2 balconies
1 parking lot
Furnished 
Available from Feb 2024 onwards 
Price lowered from RM650,000
PROPERTY HIGHLIGHTS
NEW!
Bedroom
3
Bathroom
3
Property Size
1398 sq.ft.
Nearby School
Sekolah Menengah Kebangsaan Tropicana
See more details",3,3,1398 sq.ft.,Sekolah Menengah Kebangsaan Tropicana,,103707767,"Apartment / Condominium, For sale","Gymnasium, Tennis Court, Barbeque area, Playground, Security, Multipurpose hall, Swimming Pool, Squash Court, Minimart, Parking, Lift, Club house",Mutiara Oriental,CapitaLand Financial Limited,Freehold,"Jalan Bukit Mayang 1/8, Taman Bukit Mayang Emas, Tropicana, Petaling Jaya, Selangor",1998,18,,Condominium,1,Medium,Non Bumi Lot,,,,,,"Park at Mayang Park, Taman Bukit Mayang Mas
Park at BU12, Bandar Utama","Sekolah Menengah Kebangsaan Tropicana
Sekolah Kebangsaan Tropicana",,RM 600 000,,,
before,"3 bedroom 3 bathroom unit
2 balconies
1 parking lot
Furnished 
Available from Feb 2024 onwards 
Price lowered from RM650,000
PROPERTY HIGHLIGHTS
NEW!
Bedroom
3
Bathroom
3
Property Size
1398 sq.ft.
Nearby School
Sekolah Menengah Kebangsaan Tropicana
See more details",3,3,1398 sq.ft.,Sekolah Menengah Kebangsaan Tropicana,,103707767,"Apartment / Condominium, For sale","Gymnasium, Tennis Court, Barbeque area, Playground, Security, Multipurpose hall, Swimming Pool, Squash Court, Minimart, Parking, Lift, Club house",Mutiara Oriental,CapitaLand Financial Limited,Freehold,"Jalan Bukit Mayang 1/8, Taman Bukit Mayang Emas, Tropicana, Petaling Jaya, Selangor",1998,18,,Condominium,1,Medium,Non Bumi Lot,,,,,,"Park at Mayang Park, Taman Bukit Mayang Mas
Park at BU12, Bandar Utama","Sekolah Menengah Kebangsaan Tropicana
Sekolah Kebangsaan Tropicana",,RM 600 000,,,
before,"3 bedroom 3 bathroom unit
2 balconies
1 parking lot
Furnished 
Available from Feb 2024 onwards 
Price lowered from RM650,000
PROPERTY HIGHLIGHTS
NEW!
Bedroom
3
Bathroom
3
Property Size
1398 sq.ft.
Nearby School
Sekolah Menengah Kebangsaan Tropicana
See more details",3,3,1398 sq.ft.,,,103707767,"Apartment / Condominium, For sale","Gymnasium, Tennis Court, Barbeque area, Playground, Security, Multipurpose hall, Swimming Pool, Squash Court, Minimart, Parking, Lift, Club house",Mutiara Oriental,CapitaLand Financial Limited,Freehold,"Jalan Bukit Mayang 1/8, Taman Bukit Mayang Emas, Tropicana, Petaling Jaya, Selangor",1998,18,,Condominium,1,Medium,Non Bumi Lot,,,,,,"Park at Mayang Park, Taman Bukit Mayang Mas
Park at BU12, Bandar Utama","Sekolah Menengah Kebangsaan Tropicana
Sekolah Kebangsaan Tropicana",,RM 600 000,,,
after_merge,"Resendensi kerinchi bangsar
Move in 
Low deposit can discuss
Interest low 4 %
Now 4.3 %
Can use kwsp ac 2 
Bank value 580k
Offer 490k
Offer 490k
Offer 490k
Diskaun / cash back 90k
Below market 
Bulanan 2273
Bulanan 2273
Gaji min 3500 bersih 
DEPOSIT BOLEH GUNA KWSP AC KE 2
Gov loan lppsa 
Sjkp skim jaminan kredit perumahan
Rumah pertamaku 
Good for investment 
Well maintain
Renovated
Kitchen kabinet
Leesehold 
Bumi lot
900 sq
3  room 
2 bath room
Hot unit 
Free filter for loan 
Loan & lawyer can be arrange 
No hidden cost 
Servis sampai dpt kunci 
Pencerahan menyeluruh
Loan not approve 100 % refund
Call LINA 
Show contact number
Team leader 
IQI REALTY SDN BHD
Trainer for agen
CAN SELL 8 - 10 UNIT / MONTH
Got 600 agen 
2021 get trip to taiwan 
2022 get trip to dubai 
OWNER ARE WELCOME TO LIST 
NOT FOR FOR COA ONLY SERIUS BUYER
Continue Reading
PROPERTY HIGHLIGHTS
NEW!
Bedroom
3
Bathroom
2
Property Size
900 sq.ft.
Nearby Railway Station
LRT Station Universiti (Kelana Jaya Line)
Nearby School
SMK Seri Pantai
Nearby Mall
KL Gateway Mall
See more details",3,2,900 sq.ft.,SMK Seri Pantai,KL Gateway Mall,103725019,"Apartment / Condominium, For sale","Swimming Pool, Lift, Multipurpose hall, Parking, Security, Playground, Minimart, Jogging Track",Residensi Kerinchi,Suez Capital Sdn Bhd,Leasehold,"Lorong Kerinchi Kiri 2,, Bangsar South, Kuala Lumpur",2016,,472,Condominium,1,High,Bumi Lot,E,11605,REN 32706,"Bus Stop KL Gateway - Universiti Lrt Link Bridge
Bus Stop 2 Federal Highway Motorcycle Lane
Bus Stop Masjid Ar-Rahman
Bus Stop 1 Federal Highway Motorcycle Lane
Bus Stop Stadium Hoki KL
Bus Stop IPD Pantai
Bus Stop Fakulti Undang-Undang
Bus Stop Jalan Pantai Murni
Bus Stop Kolej Kediaman Pertama
Bus Stop SK Bangsar
Bus Stop Jalan 2/112A","KL Gateway Mall
The Sphere","Bangsar South Lakeside Park, Bangsar South, Pantai Dalam, Kuala Lumpur, 59200, Malaysia
Office Park, The Horizon, Pantai Dalam, Kuala Lumpur, Malaysia","SMK Seri Pantai
Sri Dasmesh International School
SK Methodist
SK Bangsar",Pantai Hospital,RM 490 000,,LRT Station Universiti (Kelana Jaya Line),"LRT Station Universiti (Kelana Jaya Line)
LRT Station Kerinchi (Kelana Jaya Line)"
before,"Resendensi kerinchi bangsar
Move in 
Low deposit can discuss
Interest low 4 %
Now 4.3 %
Can use kwsp ac 2 
Bank value 580k
Offer 490k
Offer 490k
Offer 490k
Diskaun / cash back 90k
Below market 
Bulanan 2273
Bulanan 2273
Gaji min 3500 bersih 
DEPOSIT BOLEH GUNA KWSP AC KE 2
Gov loan lppsa 
Sjkp skim jaminan kredit perumahan
Rumah pertamaku 
Good for investment 
Well maintain
Renovated
Kitchen kabinet
Leesehold 
Bumi lot
900 sq
3  room 
2 bath room
Hot unit 
Free filter for loan 
Loan & lawyer can be arrange 
No hidden cost 
Servis sampai dpt kunci 
Pencerahan menyeluruh
Loan not approve 100 % refund
Call LINA 
Show contact number
Team leader 
IQI REALTY SDN BHD
Trainer for agen
CAN SELL 8 - 10 UNIT / MONTH
Got 600 agen 
2021 get trip to taiwan 
2022 get trip to dubai 
OWNER ARE WELCOME TO LIST 
NOT FOR FOR COA ONLY SERIUS BUYER
Continue Reading
PROPERTY HIGHLIGHTS
NEW!
Bedroom
3
Bathroom
2
Property Size
900 sq.ft.
Nearby Railway Station
LRT Station Universiti (Kelana Jaya Line)
Nearby School
SMK Seri Pantai
Nearby Mall
KL Gateway Mall
See more details",3,2,900 sq.ft.,,,103725019,"Apartment / Condominium, For sale","Swimming Pool, Lift, Multipurpose hall, Parking, Security, Playground, Minimart, Jogging Track",Residensi Kerinchi,Suez Capital Sdn Bhd,Leasehold,"Lorong Kerinchi Kiri 2,, Bangsar South, Kuala Lumpur",2016,,472,Condominium,1,High,Bumi Lot,E,11605,REN 32706,"Bus Stop KL Gateway - Universiti Lrt Link Bridge
Bus Stop 2 Federal Highway Motorcycle Lane
Bus Stop Masjid Ar-Rahman
Bus Stop 1 Federal Highway Motorcycle Lane
Bus Stop Stadium Hoki KL
Bus Stop IPD Pantai
Bus Stop Fakulti Undang-Undang
Bus Stop Jalan Pantai Murni
Bus Stop Kolej Kediaman Pertama
Bus Stop SK Bangsar
Bus Stop Jalan 2/112A","KL Gateway Mall
The Sphere","Bangsar South Lakeside Park, Bangsar South, Pantai Dalam, Kuala Lumpur, 59200, Malaysia
Office Park, The Horizon, Pantai Dalam, Kuala Lumpur, Malaysia","SMK Seri Pantai
Sri Dasmesh International School
SK Methodist
SK Bangsar",Pantai Hospital,RM 490 000,,,"LRT Station Universiti (Kelana Jaya Line)
LRT Station Kerinchi (Kelana Jaya Line)"
before,"Resendensi kerinchi bangsar
Move in 
Low deposit can discuss
Interest low 4 %
Now 4.3 %
Can use kwsp ac 2 
Bank value 580k
Offer 490k
Offer 490k
Offer 490k
Diskaun / cash back 90k
Below market 
Bulanan 2273
Bulanan 2273
Gaji min 3500 bersih 
DEPOSIT BOLEH GUNA KWSP AC KE 2
Gov loan lppsa 
Sjkp skim jaminan kredit perumahan
Rumah pertamaku 
Good for investment 
Well maintain
Renovated
Kitchen kabinet
Leesehold 
Bumi lot
900 sq
3  room 
2 bath room
Hot unit 
Free filter for loan 
Loan & lawyer can be arrange 
No hidden cost 
Servis sampai dpt kunci 
Pencerahan menyeluruh
Loan not approve 100 % refund
Call LINA 
Show contact number
Team leader 
IQI REALTY SDN BHD
Trainer for agen
CAN SELL 8 - 10 UNIT / MONTH
Got 600 agen 
2021 get trip to taiwan 
2022 get trip to dubai 
OWNER ARE WELCOME TO LIST 
NOT FOR FOR COA ONLY SERIUS BUYER
Continue Reading
PROPERTY HIGHLIGHTS
NEW!
Bedroom
3
Bathroom
2
Property Size
900 sq.ft.
Nearby Railway Station
LRT Station Universiti (Kelana Jaya Line)
Nearby School
SMK Seri Pantai
Nearby Mall
KL Gateway Mall
See more details",3,2,900 sq.ft.,SMK Seri Pantai,KL Gateway Mall,103725019,"Apartment / Condominium, For sale","Swimming Pool, Lift, Multipurpose hall, Parking, Security, Playground, Minimart, Jogging Track",Residensi Kerinchi,Suez Capital Sdn Bhd,Leasehold,"Lorong Kerinchi Kiri 2,, Bangsar South, Kuala Lumpur",2016,,472,Condominium,1,High,Bumi Lot,E,11605,REN 32706,"Bus Stop KL Gateway - Universiti Lrt Link Bridge
Bus Stop 2 Federal Highway Motorcycle Lane
Bus Stop Masjid Ar-Rahman
Bus Stop 1 Federal Highway Motorcycle Lane
Bus Stop Stadium Hoki KL
Bus Stop IPD Pantai
Bus Stop Fakulti Undang-Undang
Bus Stop Jalan Pantai Murni
Bus Stop Kolej Kediaman Pertama
Bus Stop SK Bangsar
Bus Stop Jalan 2/112A","KL Gateway Mall
The Sphere","Bangsar South Lakeside Park, Bangsar South, Pantai Dalam, Kuala Lumpur, 59200, Malaysia
Office Park, The Horizon, Pantai Dalam, Kuala Lumpur, Malaysia","SMK Seri Pantai
Sri Dasmesh International School
SK Methodist
SK Bangsar",Pantai Hospital,RM 490 000,,LRT Station Universiti (Kelana Jaya Line),"LRT Station Universiti (Kelana Jaya Line)
LRT Station Kerinchi (Kelana Jaya Line)"
after_merge,"Zamrud condo old klang road 
Move in 
Low deposit can discuss
Interest low 4 %
Now 4.3 %
Can use kwsp ac 2 
Bank value 450k
Offer 365k
Offer 365k
Offer 365k
Diskaun / cash back 85k
Below market 85k
Bulanan 1693
Bulanan 1693
Gaji min  2700 bersih
DEPOSIT BOLEH GUNA KWSP AC KE 2
Gov loan lppsa 
Sjkp skim jaminan kredit perumahan
Rumah pertamaku 
Good for investment 
Well maintain
Renovated
Kitchen kabinet
Leesehold 
 Non Bumi lot
Bigger size 
1152  sq
3  room 
2 bath room
Hot unit 
Free filter for loan 
Loan & lawyer can be arrange 
No hidden cost 
Servis sampai dpt kunci 
Pencerahan menyeluruh
Loan not approve refund 100%
Call LINA 
Show contact number
Team leader 
IQI REALTY SDN BHD
Trainer for agen
CAN SELL 8 - 10 UNIT / MONTH
Got 600 agen 
2021 get trip to taiwan 
2022 get trip to dubai 
OWNER ARE WELCOME TO LIST 
NOT FOR FOR COA ONLY SERIUS BUYER
Continue Reading
PROPERTY HIGHLIGHTS
NEW!
Bedroom
3
Bathroom
2
Property Size
1152 sq.ft.
Nearby Railway Station
KTM Station Seputeh (Komuter Seremban Line)
Nearby School
Vikas International School
Nearby Mall
Mid Valley Megamall
See more details",3,2,1152 sq.ft.,Vikas International School,Mid Valley Megamall,103745367,"Apartment / Condominium, For sale","Playground, Parking, Minimart, Swimming Pool, Security, Jogging Track",Zamrud Apartment,TPPT Sdn. Bhd.,Leasehold,"Jalan Klang Lama, Kuala Lumpur, Wilayah Persekutuan, Old Klang Road, Kuala Lumpur",2005,19,292,Apartment,1,Medium,Non Bumi Lot,E,11605,REN 32706,"Bus Stop KL 1284 Wisma Buddist
Bus Stop KL 1179 Saville Residence
Bus Stop KL 1180 Wisma Buddist
Bus Stop KL 1283 Batu 3 1/2 Klang Lama
Bus Stop KL 1285 Saville Residence
Bus Stop KL 1181 Batu 3 1/2 KLang Lama
Bus Stop KL 1282 3Rd Mile Square
Bus Stop KL 1281 Taman Shanghai (Utara)
Bus Stop KL 1183 Taman Shanghai (Utara)
Bus Stop KTM Angkasapuri
Bus Stop 1 Flat Sri Labuan
Bus Stop KL 1188 Wisma Tm Taman Desa
Bus Stop Jalan Desa Utama
Bus Stop Jalan 2/112A
Bus Stop KL 1190 Taman Bukit Desa (Selatan)
Bus Stop KL 1280 Taman Shanghai (Selatan)
Bus Stop KL 1187 Papillion Desahill Condominium
Bus Stop Mid Valley Megamall South Court
Bus Stop KL 1184 Taman Shanghai (Selatan)",Mid Valley Megamall,"Park at Taman Halimahton, Seputeh, Kuala Lumpur, Malaysia
Park at Seputeh, Kuala Lumpur, 50614, Malaysia
Park 2 at Seputeh, Kuala Lumpur, Malaysia
Park at Taman Desa, Kuala Lumpur, 58100, Malaysia
Pantai Eco Park, Pantai Dalam, Kuala Lumpur, Malaysia
Park 3 at Taman Desa, Kuala Lumpur, Malaysia
Park 2 at Seputeh, Kuala Lumpur, 58100, Malaysia
Park 1 at Seputeh, Kuala Lumpur, 58100, Malaysia
Park 3 at Seputeh, Kuala Lumpur, 58100, Malaysia",Vikas International School,,RM 365 000,,KTM Station Seputeh (Komuter Seremban Line),"KTM Station Seputeh (Komuter Seremban Line)
KTM Station Angkasapuri (Komuter Port Klang Line)"
before,"Zamrud condo old klang road 
Move in 
Low deposit can discuss
Interest low 4 %
Now 4.3 %
Can use kwsp ac 2 
Bank value 450k
Offer 365k
Offer 365k
Offer 365k
Diskaun / cash back 85k
Below market 85k
Bulanan 1693
Bulanan 1693
Gaji min  2700 bersih
DEPOSIT BOLEH GUNA KWSP AC KE 2
Gov loan lppsa 
Sjkp skim jaminan kredit perumahan
Rumah pertamaku 
Good for investment 
Well maintain
Renovated
Kitchen kabinet
Leesehold 
 Non Bumi lot
Bigger size 
1152  sq
3  room 
2 bath room
Hot unit 
Free filter for loan 
Loan & lawyer can be arrange 
No hidden cost 
Servis sampai dpt kunci 
Pencerahan menyeluruh
Loan not approve refund 100%
Call LINA 
Show contact number
Team leader 
IQI REALTY SDN BHD
Trainer for agen
CAN SELL 8 - 10 UNIT / MONTH
Got 600 agen 
2021 get trip to taiwan 
2022 get trip to dubai 
OWNER ARE WELCOME TO LIST 
NOT FOR FOR COA ONLY SERIUS BUYER
Continue Reading
PROPERTY HIGHLIGHTS
NEW!
Bedroom
3
Bathroom
2
Property Size
1152 sq.ft.
Nearby Railway Station
KTM Station Seputeh (Komuter Seremban Line)
Nearby School
Vikas International School
Nearby Mall
Mid Valley Megamall
See more details",3,2,1152 sq.ft.,Vikas International School,Mid Valley Megamall,103745367,"Apartment / Condominium, For sale","Playground, Parking, Minimart, Swimming Pool, Security, Jogging Track",Zamrud Apartment,TPPT Sdn. Bhd.,Leasehold,"Jalan Klang Lama, Kuala Lumpur, Wilayah Persekutuan, Old Klang Road, Kuala Lumpur",2005,19,292,Apartment,1,Medium,Non Bumi Lot,E,11605,REN 32706,"Bus Stop KL 1284 Wisma Buddist
Bus Stop KL 1179 Saville Residence
Bus Stop KL 1180 Wisma Buddist
Bus Stop KL 1283 Batu 3 1/2 Klang Lama
Bus Stop KL 1285 Saville Residence
Bus Stop KL 1181 Batu 3 1/2 KLang Lama
Bus Stop KL 1282 3Rd Mile Square
Bus Stop KL 1281 Taman Shanghai (Utara)
Bus Stop KL 1183 Taman Shanghai (Utara)
Bus Stop KTM Angkasapuri
Bus Stop 1 Flat Sri Labuan
Bus Stop KL 1188 Wisma Tm Taman Desa
Bus Stop Jalan Desa Utama
Bus Stop Jalan 2/112A
Bus Stop KL 1190 Taman Bukit Desa (Selatan)
Bus Stop KL 1280 Taman Shanghai (Selatan)
Bus Stop KL 1187 Papillion Desahill Condominium
Bus Stop Mid Valley Megamall South Court
Bus Stop KL 1184 Taman Shanghai (Selatan)",Mid Valley Megamall,"Park at Taman Halimahton, Seputeh, Kuala Lumpur, Malaysia
Park at Seputeh, Kuala Lumpur, 50614, Malaysia
Park 2 at Seputeh, Kuala Lumpur, Malaysia
Park at Taman Desa, Kuala Lumpur, 58100, Malaysia
Pantai Eco Park, Pantai Dalam, Kuala Lumpur, Malaysia
Park 3 at Taman Desa, Kuala Lumpur, Malaysia
Park 2 at Seputeh, Kuala Lumpur, 58100, Malaysia
Park 1 at Seputeh, Kuala Lumpur, 58100, Malaysia
Park 3 at Seputeh, Kuala Lumpur, 58100, Malaysia",Vikas International School,,RM 365 000,,KTM Station Seputeh (Komuter Seremban Line),"KTM Station Seputeh (Komuter Seremban Line)
KTM Station Angkasapuri (Komuter Port Klang Line)"
before,"Zamrud condo old klang road 
Move in 
Low deposit can discuss
Interest low 4 %
Now 4.3 %
Can use kwsp ac 2 
Bank value 450k
Offer 365k
Offer 365k
Offer 365k
Diskaun / cash back 85k
Below market 85k
Bulanan 1693
Bulanan 1693
Gaji min  2700 bersih
DEPOSIT BOLEH GUNA KWSP AC KE 2
Gov loan lppsa 
Sjkp skim jaminan kredit perumahan
Rumah pertamaku 
Good for investment 
Well maintain
Renovated
Kitchen kabinet
Leesehold 
 Non Bumi lot
Bigger size 
1152  sq
3  room 
2 bath room
Hot unit 
Free filter for loan 
Loan & lawyer can be arrange 
No hidden cost 
Servis sampai dpt kunci 
Pencerahan menyeluruh
Loan not approve refund 100%
Call LINA 
Show contact number
Team leader 
IQI REALTY SDN BHD
Trainer for agen
CAN SELL 8 - 10 UNIT / MONTH
Got 600 agen 
2021 get trip to taiwan 
2022 get trip to dubai 
OWNER ARE WELCOME TO LIST 
NOT FOR FOR COA ONLY SERIUS BUYER
Continue Reading
PROPERTY HIGHLIGHTS
NEW!
Bedroom
3
Bathroom
2
Property Size
1152 sq.ft.
Nearby Railway Station
KTM Station Seputeh (Komuter Seremban Line)
Nearby School
Vikas International School
Nearby Mall
Mid Valley Megamall
See more details",3,2,1152 sq.ft.,,,103745367,"Apartment / Condominium, For sale","Playground, Parking, Minimart, Swimming Pool, Security, Jogging Track",Zamrud Apartment,TPPT Sdn. Bhd.,Leasehold,"Jalan Klang Lama, Kuala Lumpur, Wilayah Persekutuan, Old Klang Road, Kuala Lumpur",2005,19,292,Apartment,1,Medium,Non Bumi Lot,E,11605,REN 32706,"Bus Stop KL 1284 Wisma Buddist
Bus Stop KL 1179 Saville Residence
Bus Stop KL 1180 Wisma Buddist
Bus Stop KL 1283 Batu 3 1/2 Klang Lama
Bus Stop KL 1285 Saville Residence
Bus Stop KL 1181 Batu 3 1/2 KLang Lama
Bus Stop KL 1282 3Rd Mile Square
Bus Stop KL 1281 Taman Shanghai (Utara)
Bus Stop KL 1183 Taman Shanghai (Utara)
Bus Stop KTM Angkasapuri
Bus Stop 1 Flat Sri Labuan
Bus Stop KL 1188 Wisma Tm Taman Desa
Bus Stop Jalan Desa Utama
Bus Stop Jalan 2/112A
Bus Stop KL 1190 Taman Bukit Desa (Selatan)
Bus Stop KL 1280 Taman Shanghai (Selatan)
Bus Stop KL 1187 Papillion Desahill Condominium
Bus Stop Mid Valley Megamall South Court
Bus Stop KL 1184 Taman Shanghai (Selatan)",Mid Valley Megamall,"Park at Taman Halimahton, Seputeh, Kuala Lumpur, Malaysia
Park at Seputeh, Kuala Lumpur, 50614, Malaysia
Park 2 at Seputeh, Kuala Lumpur, Malaysia
Park at Taman Desa, Kuala Lumpur, 58100, Malaysia
Pantai Eco Park, Pantai Dalam, Kuala Lumpur, Malaysia
Park 3 at Taman Desa, Kuala Lumpur, Malaysia
Park 2 at Seputeh, Kuala Lumpur, 58100, Malaysia
Park 1 at Seputeh, Kuala Lumpur, 58100, Malaysia
Park 3 at Seputeh, Kuala Lumpur, 58100, Malaysia",Vikas International School,,RM 365 000,,,"KTM Station Seputeh (Komuter Seremban Line)
KTM Station Angkasapuri (Komuter Port Klang Line)"
after_merge,"Open back for sale. Previous buyer loan reject🔥 
APARTMENT FOR SALE MENTARI COURT BANDAR SUNWAY 
BLOK G -FACING POOL
  
DETAILS OF UNIT:
• 12th Floor
• 764 sqft
• Leasehold
• bumi lot
• 3 rooms + 2 bathrooms
• Swimming pool
• Very good for own stay and HIGH ROI on investment
• Low maintainance fee RM96  
•Strata Ready  
  
AMENITIES:  
- Walking distance to KTM Station  
- Taylor College  
- Sunway Pyramid Shopping Centre and Lagoon Theme Park  
  
ACCESSIBILITIES:  
- New Pantai Expressway(NPE), Highway  
- Damansara-Puchong Highway (LDP)  
- KESAS Highway  
- NKVE Highway  
Rm255k
Khairulnawawi azmi
Pea1352
Show contact number
Iqi realty sdn bhd
Continue Reading
PROPERTY HIGHLIGHTS
NEW!
Bedroom
3
Bathroom
2
Property Size
764 sq.ft.
Nearby Railway Station
KTM Station Setia Jaya (Komuter Tanjung Malim-Pelabuhan Klang)
Nearby School
Sri Emas International School
See more details",3,2,764 sq.ft.,Sri Emas International School,,103787259,"Apartment / Condominium, For sale","Security, Playground, Minimart, Swimming Pool, Lift",Mentari Court,Mentari Group,Leasehold,"Jalan PJS8/9, Petaling Jaya, Selangor",2006,18,200,Apartment,,Medium,Bumi Lot,E,11584,PEA 1352,"Bus Stop at Opposite Freescale
Bus Stop at Freescale Semiconductors
Bus Stop at Federal Highway Motorcycle Lane 4
Bus Stop at Federal Highway Motorcycle Lane 5",,"Park at PJS 10 Park, PJS 10
Park 2 at PJS 6, Sungai Way
Park 1 at PJS 6, Sungai Way
Park at PJS 9, Sunway City","Sri Emas International School
Sekolah Kebangsaan Kampung Lindungan
Sekolah Kebangsaan Sungei Way",,RM 255 000,,KTM Station Setia Jaya (Komuter Tanjung Malim-Pelabuhan Klang),KTM Station Setia Jaya (Komuter Tanjung Malim-Pelabuhan Klang)
before,"Open back for sale. Previous buyer loan reject🔥 
APARTMENT FOR SALE MENTARI COURT BANDAR SUNWAY 
BLOK G -FACING POOL
  
DETAILS OF UNIT:
• 12th Floor
• 764 sqft
• Leasehold
• bumi lot
• 3 rooms + 2 bathrooms
• Swimming pool
• Very good for own stay and HIGH ROI on investment
• Low maintainance fee RM96  
•Strata Ready  
  
AMENITIES:  
- Walking distance to KTM Station  
- Taylor College  
- Sunway Pyramid Shopping Centre and Lagoon Theme Park  
  
ACCESSIBILITIES:  
- New Pantai Expressway(NPE), Highway  
- Damansara-Puchong Highway (LDP)  
- KESAS Highway  
- NKVE Highway  
Rm255k
Khairulnawawi azmi
Pea1352
Show contact number
Iqi realty sdn bhd
Continue Reading
PROPERTY HIGHLIGHTS
NEW!
Bedroom
3
Bathroom
2
Property Size
764 sq.ft.
Nearby Railway Station
KTM Station Setia Jaya (Komuter Tanjung Malim-Pelabuhan Klang)
Nearby School
Sri Emas International School
See more details",3,2,764 sq.ft.,Sri Emas International School,,103787259,"Apartment / Condominium, For sale","Security, Playground, Minimart, Swimming Pool, Lift",Mentari Court,Mentari Group,Leasehold,"Jalan PJS8/9, Petaling Jaya, Selangor",2006,18,200,Apartment,,Medium,Bumi Lot,E,11584,PEA 1352,"Bus Stop at Opposite Freescale
Bus Stop at Freescale Semiconductors
Bus Stop at Federal Highway Motorcycle Lane 4
Bus Stop at Federal Highway Motorcycle Lane 5",,"Park at PJS 10 Park, PJS 10
Park 2 at PJS 6, Sungai Way
Park 1 at PJS 6, Sungai Way
Park at PJS 9, Sunway City","Sri Emas International School
Sekolah Kebangsaan Kampung Lindungan
Sekolah Kebangsaan Sungei Way",,RM 255 000,,KTM Station Setia Jaya (Komuter Tanjung Malim-Pelabuhan Klang),KTM Station Setia Jaya (Komuter Tanjung Malim-Pelabuhan Klang)
before,"Open back for sale. Previous buyer loan reject🔥 
APARTMENT FOR SALE MENTARI COURT BANDAR SUNWAY 
BLOK G -FACING POOL
  
DETAILS OF UNIT:
• 12th Floor
• 764 sqft
• Leasehold
• bumi lot
• 3 rooms + 2 bathrooms
• Swimming pool
• Very good for own stay and HIGH ROI on investment
• Low maintainance fee RM96  
•Strata Ready  
  
AMENITIES:  
- Walking distance to KTM Station  
- Taylor College  
- Sunway Pyramid Shopping Centre and Lagoon Theme Park  
  
ACCESSIBILITIES:  
- New Pantai Expressway(NPE), Highway  
- Damansara-Puchong Highway (LDP)  
- KESAS Highway  
- NKVE Highway  
Rm255k
Khairulnawawi azmi
Pea1352
Show contact number
Iqi realty sdn bhd
Continue Reading
PROPERTY HIGHLIGHTS
NEW!
Bedroom
3
Bathroom
2
Property Size
764 sq.ft.
Nearby Railway Station
KTM Station Setia Jaya (Komuter Tanjung Malim-Pelabuhan Klang)
Nearby School
Sri Emas International School
See more details",3,2,764 sq.ft.,,,103787259,"Apartment / Condominium, For sale","Security, Playground, Minimart, Swimming Pool, Lift",Mentari Court,Mentari Group,Leasehold,"Jalan PJS8/9, Petaling Jaya, Selangor",2006,18,200,Apartment,,Medium,Bumi Lot,E,11584,PEA 1352,"Bus Stop at Opposite Freescale
Bus Stop at Freescale Semiconductors
Bus Stop at Federal Highway Motorcycle Lane 4
Bus Stop at Federal Highway Motorcycle Lane 5",,"Park at PJS 10 Park, PJS 10
Park 2 at PJS 6, Sungai Way
Park 1 at PJS 6, Sungai Way
Park at PJS 9, Sunway City","Sri Emas International School
Sekolah Kebangsaan Kampung Lindungan
Sekolah Kebangsaan Sungei Way",,RM 255 000,,,KTM Station Setia Jaya (Komuter Tanjung Malim-Pelabuhan Klang)
after_merge,"ROYALLE North Kiara Segambut [ LOW DOWN PAYMENT SCHEME ]
===============================================================
Property Details : -
================
- Freehold
- Non Bumi Lot
- 1,184 sf
- 3 Bedroom 2 Bathroom
- 1 Car Park
BASIC Original or RENOVATIONS : -
==============================
1- Kitchen Cabinet
2- Fan & Lighting
3- Water Heater
4- Air Cond
Kindly Contact For Appointment & Viewing : +
======================================
+ Elvis Kok - Team Leader
+ 
Show contact number
 ( Call / WhatsApp / SMS )
+ Selling Price - RM658K
Continue Reading
PROPERTY HIGHLIGHTS
NEW!
Bedroom
3
Bathroom
2
Property Size
1184 sq.ft.
Nearby School
Mont Kiara International School
Nearby Mall
Bayu Walk
See more details",3,2,1184 sq.ft.,Mont Kiara International School,Bayu Walk,103795697,"Apartment / Condominium, For sale","Parking, Gymnasium, Squash Court, Swimming Pool, Tennis Court, Minimart, Club house, Lift, Security",Royalle Condominium,Wisdom Realty Sdn. Bhd.,Leasehold,"Jalan Kiara 3, Segambut Dalam, 50200, Kuala Lumpur, Segambut, Kuala Lumpur",,,144,Condominium,2,Medium,Non Bumi Lot,E,31916,REN 34398,"Bus Stop Trinity Pentamont
Bus Stop Impian Villas
Bus Stop Residensi Sefina
Bus Stop Mont Kiara Banyan
Bus Stop Mont Kiara International School
Bus Stop Casa Kiara
Bus Stop Mont Kiara Meridin (Opp)
Bus Stop Arcoris
Bus Stop Garden International School
Bus Stop Shoplex Mont Kiara
Bus Stop Laman Damaisari
Bus Stop Al-Ubudiah Mosque
Bus Stop Lanai Kiara (Opp)
Bus Stop 1 Mont Kiara
Bus Stop Jalan Prima Pelangi 7","Bayu Walk
Kiara 163
Shoplex
1 Mont Kiara","Arcoris Plaza, Arcoris Residences, Mont Kiara, Kuala Lumpur, Malaysia","Mont Kiara International School
Garden International School
French School of Kuala Lumpur",Global Doctors Hospital,RM 658 000,Jalan Duta Toll Plaza,,
before,"ROYALLE North Kiara Segambut [ LOW DOWN PAYMENT SCHEME ]
===============================================================
Property Details : -
================
- Freehold
- Non Bumi Lot
- 1,184 sf
- 3 Bedroom 2 Bathroom
- 1 Car Park
BASIC Original or RENOVATIONS : -
==============================
1- Kitchen Cabinet
2- Fan & Lighting
3- Water Heater
4- Air Cond
Kindly Contact For Appointment & Viewing : +
======================================
+ Elvis Kok - Team Leader
+ 
Show contact number
 ( Call / WhatsApp / SMS )
+ Selling Price - RM658K
Continue Reading
PROPERTY HIGHLIGHTS
NEW!
Bedroom
3
Bathroom
2
Property Size
1184 sq.ft.
Nearby School
Mont Kiara International School
Nearby Mall
Bayu Walk
See more details",3,2,1184 sq.ft.,,,103795697,"Apartment / Condominium, For sale","Parking, Gymnasium, Squash Court, Swimming Pool, Tennis Court, Minimart, Club house, Lift, Security",Royalle Condominium,Wisdom Realty Sdn. Bhd.,Leasehold,"Jalan Kiara 3, Segambut Dalam, 50200, Kuala Lumpur, Segambut, Kuala Lumpur",,,144,Condominium,2,Medium,Non Bumi Lot,E,31916,REN 34398,"Bus Stop Trinity Pentamont
Bus Stop Impian Villas
Bus Stop Residensi Sefina
Bus Stop Mont Kiara Banyan
Bus Stop Mont Kiara International School
Bus Stop Casa Kiara
Bus Stop Mont Kiara Meridin (Opp)
Bus Stop Arcoris
Bus Stop Garden International School
Bus Stop Shoplex Mont Kiara
Bus Stop Laman Damaisari
Bus Stop Al-Ubudiah Mosque
Bus Stop Lanai Kiara (Opp)
Bus Stop 1 Mont Kiara
Bus Stop Jalan Prima Pelangi 7","Bayu Walk
Kiara 163
Shoplex
1 Mont Kiara","Arcoris Plaza, Arcoris Residences, Mont Kiara, Kuala Lumpur, Malaysia","Mont Kiara International School
Garden International School
French School of Kuala Lumpur",Global Doctors Hospital,RM 658 000,Jalan Duta Toll Plaza,,
before,"ROYALLE North Kiara Segambut [ LOW DOWN PAYMENT SCHEME ]
===============================================================
Property Details : -
================
- Freehold
- Non Bumi Lot
- 1,184 sf
- 3 Bedroom 2 Bathroom
- 1 Car Park
BASIC Original or RENOVATIONS : -
==============================
1- Kitchen Cabinet
2- Fan & Lighting
3- Water Heater
4- Air Cond
Kindly Contact For Appointment & Viewing : +
======================================
+ Elvis Kok - Team Leader
+ 
Show contact number
 ( Call / WhatsApp / SMS )
+ Selling Price - RM658K
Continue Reading
PROPERTY HIGHLIGHTS
NEW!
Bedroom
3
Bathroom
2
Property Size
1184 sq.ft.
Nearby School
Mont Kiara International School
Nearby Mall
Bayu Walk
See more details",3,2,1184 sq.ft.,Mont Kiara International School,Bayu Walk,103795697,"Apartment / Condominium, For sale","Parking, Gymnasium, Squash Court, Swimming Pool, Tennis Court, Minimart, Club house, Lift, Security",Royalle Condominium,Wisdom Realty Sdn. Bhd.,Leasehold,"Jalan Kiara 3, Segambut Dalam, 50200, Kuala Lumpur, Segambut, Kuala Lumpur",,,144,Condominium,2,Medium,Non Bumi Lot,E,31916,REN 34398,"Bus Stop Trinity Pentamont
Bus Stop Impian Villas
Bus Stop Residensi Sefina
Bus Stop Mont Kiara Banyan
Bus Stop Mont Kiara International School
Bus Stop Casa Kiara
Bus Stop Mont Kiara Meridin (Opp)
Bus Stop Arcoris
Bus Stop Garden International School
Bus Stop Shoplex Mont Kiara
Bus Stop Laman Damaisari
Bus Stop Al-Ubudiah Mosque
Bus Stop Lanai Kiara (Opp)
Bus Stop 1 Mont Kiara
Bus Stop Jalan Prima Pelangi 7","Bayu Walk
Kiara 163
Shoplex
1 Mont Kiara","Arcoris Plaza, Arcoris Residences, Mont Kiara, Kuala Lumpur, Malaysia","Mont Kiara International School
Garden International School
French School of Kuala Lumpur",Global Doctors Hospital,RM 658 000,Jalan Duta Toll Plaza,,
after_merge,"pangsapuri orkid at bukit serdang
for sale 
3 bedrooms 2 bathrooms
coverd 1 carpark
interested PlS Call:
Show contact number
(Nancy)
PROPERTY HIGHLIGHTS
NEW!
Bedroom
3
Bathroom
2
Property Size
750 sq.ft.
Nearby School
Sekolah Menengah Kebangsaan Seri Kembangan
See more details",3,2,750 sq.ft.,Sekolah Menengah Kebangsaan Seri Kembangan,,103795799,"Apartment / Condominium, For sale","Parking, Security",Pangsapuri Orkid (Bukit Serdang),,Leasehold,"Off Jalan Kasturi, Taman Bukit Serdang, Seri Kembangan, Selangor",,5,300,Apartment,1,Medium,Non Bumi Lot,E,30425,,"Bus Stop at Jalan Utama 2
Bus Stop at Jalan Utama 1
Bus Stop at Jalan SR 1/10",,"Park at Taman Serdang Utama, Bukit Serdang
Park at SK 2, Kampung Baru Seri Kembangan
Park at Serdang Raya 6, Serdang Raya
Park at Serdang Raya 7, Serdang Raya
Park at SK 4, Kampung Baru Seri Kembangan
Park 2 at SK 5, Kampung Baru Seri Kembangan
Park 1 at SK 5, Kampung Baru Seri Kembangan",Sekolah Menengah Kebangsaan Seri Kembangan,,RM 200 000,,,
before,"pangsapuri orkid at bukit serdang
for sale 
3 bedrooms 2 bathrooms
coverd 1 carpark
interested PlS Call:
Show contact number
(Nancy)
PROPERTY HIGHLIGHTS
NEW!
Bedroom
3
Bathroom
2
Property Size
750 sq.ft.
Nearby School
Sekolah Menengah Kebangsaan Seri Kembangan
See more details",3,2,750 sq.ft.,,,103795799,"Apartment / Condominium, For sale","Parking, Security",Pangsapuri Orkid (Bukit Serdang),,Leasehold,"Off Jalan Kasturi, Taman Bukit Serdang, Seri Kembangan, Selangor",,5,300,Apartment,1,Medium,Non Bumi Lot,E,30425,,"Bus Stop at Jalan Utama 2
Bus Stop at Jalan Utama 1
Bus Stop at Jalan SR 1/10",,"Park at Taman Serdang Utama, Bukit Serdang
Park at SK 2, Kampung Baru Seri Kembangan
Park at Serdang Raya 6, Serdang Raya
Park at Serdang Raya 7, Serdang Raya
Park at SK 4, Kampung Baru Seri Kembangan
Park 2 at SK 5, Kampung Baru Seri Kembangan
Park 1 at SK 5, Kampung Baru Seri Kembangan",Sekolah Menengah Kebangsaan Seri Kembangan,,RM 200 000,,,
before,"pangsapuri orkid at bukit serdang
for sale 
3 bedrooms 2 bathrooms
coverd 1 carpark
interested PlS Call:
Show contact number
(Nancy)
PROPERTY HIGHLIGHTS
NEW!
Bedroom
3
Bathroom
2
Property Size
750 sq.ft.
Nearby School
Sekolah Menengah Kebangsaan Seri Kembangan
See more details",3,2,750 sq.ft.,Sekolah Menengah Kebangsaan Seri Kembangan,,103795799,"Apartment / Condominium, For sale","Parking, Security",Pangsapuri Orkid (Bukit Serdang),,Leasehold,"Off Jalan Kasturi, Taman Bukit Serdang, Seri Kembangan, Selangor",,5,300,Apartment,1,Medium,Non Bumi Lot,E,30425,,"Bus Stop at Jalan Utama 2
Bus Stop at Jalan Utama 1
Bus Stop at Jalan SR 1/10",,"Park at Taman Serdang Utama, Bukit Serdang
Park at SK 2, Kampung Baru Seri Kembangan
Park at Serdang Raya 6, Serdang Raya
Park at Serdang Raya 7, Serdang Raya
Park at SK 4, Kampung Baru Seri Kembangan
Park 2 at SK 5, Kampung Baru Seri Kembangan
Park 1 at SK 5, Kampung Baru Seri Kembangan",Sekolah Menengah Kebangsaan Seri Kembangan,,RM 200 000,,,
after_merge,"• Size : 918 sf
• Rooms : 3
• Bathrooms : 2
• Carpark : 1
• Leasehold
• Renovated Unit
• Non Bumi Lot
•Maintenance fee RM260
This unit is partially furnished with build in wardrobe, 4 aircons unit, fridge, hood & induction knob, kitchen cabinet, 2 water heaters, fans, lights,
curtain railing & curtain and an iron gate.
Amenities:
- Secondary and primary school
- Watson
- Guardian
- Sri Kota supermarket
- Danau Business Centre
- Taman Desa Medical Centre
- Faber Towers office
- Wet market
- Petrol station.
- Mid Valley Megamall
welcome to call me for viewing appointment
Sam 
Show contact number
One stop solution services
Banker
Lawyer
Valuer
Will assist From A to Z
l52688
Continue Reading
PROPERTY HIGHLIGHTS
NEW!
Bedroom
3
Bathroom
2
Property Size
918 sq.ft.
Nearby School
Sekolah Menengah Kebangsaan Taman Desa Kuala Lumpur
Nearby Mall
Faber Towers
See more details",3,2,918 sq.ft.,Sekolah Menengah Kebangsaan Taman Desa Kuala Lumpur,Faber Towers,103800860,"Apartment / Condominium, For sale","Minimart, Swimming Pool, Security, Playground, Gymnasium, Barbeque area, Sauna, Club house, Parking, Lift",Danau Impian,Faber Development Holdings,Leasehold,"Taman Danau Desa, Taman Desa, Kuala Lumpur",1997,15,450,Condominium,1,Medium,Non Bumi Lot,E,31916,REN 63114,"Bus Stop Taman Desa Timur
Bus Stop KL 1207 Danau Idaman Condominium
Bus Stop SMK Taman Desa
Bus Stop KL 1205 Faber Tower
Bus Stop Masjid Al-Muhsirin
Bus Stop KL 1208 Abadi Indah Apartment
Bus Stop SMK Desa Perdana
Bus Stop Jalan Desa Utama
Bus Stop KL 1188 Wisma Tm Taman Desa
Bus Stop 1 Flat Sri Labuan
Bus Stop KL 1209 Taman Desa (Selatan)
Bus Stop KL 1187 Papillion Desahill Condominium
Bus Stop Taman Desa (Utara)
Bus Stop KL 1186 Taman Shanghai (Timur)
Bus Stop KL 1190 Taman Bukit Desa (Selatan)
Bus Stop ILP Kuala Lumpur",Faber Towers,"Park 1 at Taman Desa, Kuala Lumpur, Malaysia
Taman Desa Recreational Ground, Taman Desa, Kuala Lumpur, Malaysia
Park 3 at Taman Desa, Kuala Lumpur, Malaysia
Park at Taman Desa, Kuala Lumpur, 58100, Malaysia","Sekolah Menengah Kebangsaan Taman Desa Kuala Lumpur
SMK Desa Perdana
Sekolah Kebangsaan Taman Desa Kuala Lumpur
SK Seri Setia",,RM 380 000,,,
before,"• Size : 918 sf
• Rooms : 3
• Bathrooms : 2
• Carpark : 1
• Leasehold
• Renovated Unit
• Non Bumi Lot
•Maintenance fee RM260
This unit is partially furnished with build in wardrobe, 4 aircons unit, fridge, hood & induction knob, kitchen cabinet, 2 water heaters, fans, lights,
curtain railing & curtain and an iron gate.
Amenities:
- Secondary and primary school
- Watson
- Guardian
- Sri Kota supermarket
- Danau Business Centre
- Taman Desa Medical Centre
- Faber Towers office
- Wet market
- Petrol station.
- Mid Valley Megamall
welcome to call me for viewing appointment
Sam 
Show contact number
One stop solution services
Banker
Lawyer
Valuer
Will assist From A to Z
l52688
Continue Reading
PROPERTY HIGHLIGHTS
NEW!
Bedroom
3
Bathroom
2
Property Size
918 sq.ft.
Nearby School
Sekolah Menengah Kebangsaan Taman Desa Kuala Lumpur
Nearby Mall
Faber Towers
See more details",3,2,918 sq.ft.,,,103800860,"Apartment / Condominium, For sale","Minimart, Swimming Pool, Security, Playground, Gymnasium, Barbeque area, Sauna, Club house, Parking, Lift",Danau Impian,Faber Development Holdings,Leasehold,"Taman Danau Desa, Taman Desa, Kuala Lumpur",1997,15,450,Condominium,1,Medium,Non Bumi Lot,E,31916,REN 63114,"Bus Stop Taman Desa Timur
Bus Stop KL 1207 Danau Idaman Condominium
Bus Stop SMK Taman Desa
Bus Stop KL 1205 Faber Tower
Bus Stop Masjid Al-Muhsirin
Bus Stop KL 1208 Abadi Indah Apartment
Bus Stop SMK Desa Perdana
Bus Stop Jalan Desa Utama
Bus Stop KL 1188 Wisma Tm Taman Desa
Bus Stop 1 Flat Sri Labuan
Bus Stop KL 1209 Taman Desa (Selatan)
Bus Stop KL 1187 Papillion Desahill Condominium
Bus Stop Taman Desa (Utara)
Bus Stop KL 1186 Taman Shanghai (Timur)
Bus Stop KL 1190 Taman Bukit Desa (Selatan)
Bus Stop ILP Kuala Lumpur",Faber Towers,"Park 1 at Taman Desa, Kuala Lumpur, Malaysia
Taman Desa Recreational Ground, Taman Desa, Kuala Lumpur, Malaysia
Park 3 at Taman Desa, Kuala Lumpur, Malaysia
Park at Taman Desa, Kuala Lumpur, 58100, Malaysia","Sekolah Menengah Kebangsaan Taman Desa Kuala Lumpur
SMK Desa Perdana
Sekolah Kebangsaan Taman Desa Kuala Lumpur
SK Seri Setia",,RM 380 000,,,
before,"• Size : 918 sf
• Rooms : 3
• Bathrooms : 2
• Carpark : 1
• Leasehold
• Renovated Unit
• Non Bumi Lot
•Maintenance fee RM260
This unit is partially furnished with build in wardrobe, 4 aircons unit, fridge, hood & induction knob, kitchen cabinet, 2 water heaters, fans, lights,
curtain railing & curtain and an iron gate.
Amenities:
- Secondary and primary school
- Watson
- Guardian
- Sri Kota supermarket
- Danau Business Centre
- Taman Desa Medical Centre
- Faber Towers office
- Wet market
- Petrol station.
- Mid Valley Megamall
welcome to call me for viewing appointment
Sam 
Show contact number
One stop solution services
Banker
Lawyer
Valuer
Will assist From A to Z
l52688
Continue Reading
PROPERTY HIGHLIGHTS
NEW!
Bedroom
3
Bathroom
2
Property Size
918 sq.ft.
Nearby School
Sekolah Menengah Kebangsaan Taman Desa Kuala Lumpur
Nearby Mall
Faber Towers
See more details",3,2,918 sq.ft.,Sekolah Menengah Kebangsaan Taman Desa Kuala Lumpur,Faber Towers,103800860,"Apartment / Condominium, For sale","Minimart, Swimming Pool, Security, Playground, Gymnasium, Barbeque area, Sauna, Club house, Parking, Lift",Danau Impian,Faber Development Holdings,Leasehold,"Taman Danau Desa, Taman Desa, Kuala Lumpur",1997,15,450,Condominium,1,Medium,Non Bumi Lot,E,31916,REN 63114,"Bus Stop Taman Desa Timur
Bus Stop KL 1207 Danau Idaman Condominium
Bus Stop SMK Taman Desa
Bus Stop KL 1205 Faber Tower
Bus Stop Masjid Al-Muhsirin
Bus Stop KL 1208 Abadi Indah Apartment
Bus Stop SMK Desa Perdana
Bus Stop Jalan Desa Utama
Bus Stop KL 1188 Wisma Tm Taman Desa
Bus Stop 1 Flat Sri Labuan
Bus Stop KL 1209 Taman Desa (Selatan)
Bus Stop KL 1187 Papillion Desahill Condominium
Bus Stop Taman Desa (Utara)
Bus Stop KL 1186 Taman Shanghai (Timur)
Bus Stop KL 1190 Taman Bukit Desa (Selatan)
Bus Stop ILP Kuala Lumpur",Faber Towers,"Park 1 at Taman Desa, Kuala Lumpur, Malaysia
Taman Desa Recreational Ground, Taman Desa, Kuala Lumpur, Malaysia
Park 3 at Taman Desa, Kuala Lumpur, Malaysia
Park at Taman Desa, Kuala Lumpur, 58100, Malaysia","Sekolah Menengah Kebangsaan Taman Desa Kuala Lumpur
SMK Desa Perdana
Sekolah Kebangsaan Taman Desa Kuala Lumpur
SK Seri Setia",,RM 380 000,,,
