Bedroom,Bathroom,Property Size,Tenure Type,# of Floors,Total Units,Property Type,Parking Lot,Floor Range,Land Title,State,Property Age,Listed_Facility_Count,Has_Bus_Stop,Has_Mall,Has_Park,Has_School,Has_Hospital,Has_Highway,Has_Railway_Station,Is_Non_Bumi_Lot,Freehold Indicator,Floor_Range_Ordinal,Has_Barbeque_Area,Has_Club_House,Has_Gymnasium,Has_Jogging_Track,Has_Lift,Has_Minimart,Has_Multipurpose_Hall,Has_Parking,Has_Playground,Has_Sauna,Has_Security,Has_Squash_Court,Has_Swimming_Pool,Has_Tennis_Court,price
3,2,720.0,Leasehold,,,Apartment,1.0,High,Bumi Lot,Selangor,,2,1,0,0,1,0,0,0,0,0,3.0,0,0,0,0,0,0,0,1,1,0,0,0,0,0,159999.9999999999
3,2,828.0,Leasehold,,,Apartment,,,Bumi Lot,Selangor,,0,0,0,0,0,0,0,0,0,0,,0,0,0,0,0,0,0,0,0,0,0,0,0,0,260000.00000000015
2,2,700.0,Freehold,17.0,,Flat,,Medium,Bumi Lot,Putrajaya,,6,0,0,0,0,0,0,0,0,1,2.0,0,0,0,1,1,1,0,1,1,0,0,0,1,0,269999.99999999977
3,2,1250.0,Freehold,,474.0,Condominium,2.0,,Non Bumi Lot,Kuala Lumpur,7.0,6,0,0,1,1,0,0,0,1,1,,0,0,1,0,1,0,0,1,1,0,1,0,1,0,450000.00000000035
3,2,760.0,Leasehold,,,Apartment,,Low,Bumi Lot,Selangor,,2,1,0,0,1,0,0,0,0,0,1.0,0,0,0,0,0,0,0,1,0,0,1,0,0,0,192999.99999999997
3,2,909.0,Freehold,29.0,412.0,Condominium,2.0,,Non Bumi Lot,Kuala Lumpur,6.0,6,1,1,1,1,0,0,1,1,1,,1,0,1,0,0,0,0,1,1,0,1,0,1,0,559999.9999999998
3,3,1050.0,Freehold,,,Service Residence,,Low,Non Bumi Lot,Johor,,10,0,0,0,0,0,0,0,1,1,1.0,1,0,1,1,1,0,1,1,1,1,1,0,1,0,428000.0000000002
2,2,550.0,Leasehold,,,Apartment,,Low,Non Bumi Lot,Johor,,0,0,0,0,0,0,0,0,1,0,1.0,0,0,0,0,0,0,0,0,0,0,0,0,0,0,149999.99999999994
3,2,768.0,Leasehold,5.0,40.0,Apartment,1.0,Medium,Non Bumi Lot,Selangor,,5,0,0,0,0,0,0,0,1,0,2.0,0,0,0,0,1,0,0,1,1,0,1,0,1,0,199999.00000000006
3,2,840.0,Freehold,25.0,600.0,Service Residence,,,Non Bumi Lot,Selangor,8.0,0,0,0,0,0,0,0,0,1,1,,0,0,0,0,0,0,0,0,0,0,0,0,0,0,359999.99999999994
3,2,918.0,Leasehold,15.0,450.0,Condominium,1.0,Medium,Non Bumi Lot,Kuala Lumpur,26.0,9,1,1,1,1,0,0,0,1,0,2.0,1,1,1,0,0,1,0,1,1,1,1,0,1,0,450000.00000000035
2,2,853.0,Leasehold,,,Service Residence,1.0,,Non Bumi Lot,Johor,,14,0,0,0,0,0,0,0,1,0,,1,1,1,1,1,1,1,1,1,1,1,1,1,1,345000.00000000006
3,2,1098.0,Freehold,,846.0,Condominium,2.0,,Non Bumi Lot,Penang,,1,0,0,0,0,0,0,0,1,1,,0,0,0,0,1,0,0,0,0,0,0,0,0,0,849999.9999999994
3,3,870.0,Leasehold,29.0,391.0,Service Residence,,Medium,Non Bumi Lot,Sabah,7.0,8,0,0,0,0,0,0,0,1,0,2.0,0,0,1,0,1,1,0,1,1,1,1,0,1,0,464999.9999999997
4,3,1230.0,Leasehold,22.0,396.0,Condominium,2.0,Medium,Non Bumi Lot,Penang,6.0,11,0,0,0,0,0,0,0,1,0,2.0,1,1,1,1,1,0,0,1,1,1,1,0,1,1,780000.0
1,1,404.0,Freehold,31.0,230.0,Service Residence,1.0,Medium,Non Bumi Lot,Penang,,10,0,0,0,0,0,0,0,1,1,2.0,1,0,1,1,1,0,1,1,1,1,1,0,1,0,442999.9999999999
3,1,646.0,Leasehold,,,Apartment,,Medium,Bumi Lot,Kuala Lumpur,,0,0,0,0,0,0,0,0,0,0,2.0,0,0,0,0,0,0,0,0,0,0,0,0,0,0,210000.0000000001
3,2,1114.0,Freehold,,,Condominium,2.0,Medium,Non Bumi Lot,Penang,,8,0,0,0,0,0,0,0,1,1,2.0,1,0,1,0,1,0,1,1,1,0,1,0,1,0,448000.0000000002
4,3,1750.0,Freehold,38.0,203.0,Condominium,3.0,High,Non Bumi Lot,Penang,10.0,0,0,0,0,0,0,0,0,1,1,3.0,0,0,0,0,0,0,0,0,0,0,0,0,0,0,1049999.9999999998
3,2,850.0,Leasehold,20.0,1440.0,Condominium,1.0,Medium,Bumi Lot,Selangor,8.0,3,0,0,0,0,0,0,0,0,0,2.0,0,0,0,0,1,0,0,1,0,0,1,0,0,0,258999.99999999983
3,2,1141.0,Leasehold,,,Apartment,2.0,Low,Non Bumi Lot,Perak,,2,0,0,0,0,0,0,0,1,0,1.0,0,0,0,0,0,0,0,1,0,0,1,0,0,0,89999.99999999997
3,2,810.0,Leasehold,,,Service Residence,1.0,,Non Bumi Lot,Kuala Lumpur,,0,0,0,0,0,0,0,0,1,0,,0,0,0,0,0,0,0,0,0,0,0,0,0,0,299999.9999999999
1,1,533.0,Freehold,35.0,,Service Residence,2.0,High,Non Bumi Lot,Selangor,7.0,11,0,0,0,0,0,0,0,1,1,3.0,1,1,1,0,1,1,1,1,1,1,1,0,1,0,295000.00000000006
3,2,850.0,Freehold,35.0,1843.0,Service Residence,2.0,High,Non Bumi Lot,Johor,4.0,13,0,0,0,0,0,0,0,1,1,3.0,1,1,1,1,0,1,1,1,1,1,1,1,1,1,350000.0000000001
4,4,2600.0,Freehold,25.0,,Condominium,2.0,,Non Bumi Lot,Penang,13.0,8,0,0,0,0,0,0,0,1,1,,1,0,1,0,0,0,1,1,1,1,1,0,1,0,1229999.9999999995
3,2,1184.0,Leasehold,,144.0,Condominium,2.0,Medium,Non Bumi Lot,Kuala Lumpur,,9,1,1,1,1,1,1,0,1,0,2.0,0,1,1,0,1,1,0,1,0,0,1,1,1,1,658000.0000000005
3,2,700.0,Freehold,30.0,500.0,Apartment,1.0,Medium,Non Bumi Lot,Penang,11.0,9,0,0,0,0,0,0,0,1,1,2.0,1,0,1,1,1,0,1,1,1,0,1,0,1,0,380000.0000000003
2,1,715.0,Freehold,,392.0,Apartment,1.0,Medium,Non Bumi Lot,Johor,,14,0,0,0,0,0,0,0,1,1,2.0,1,1,1,1,1,1,1,1,1,1,1,1,1,1,295000.00000000006
3,2,657.0,Leasehold,,,Flat,,Low,Bumi Lot,Selangor,,0,0,0,1,1,0,0,0,0,0,1.0,0,0,0,0,0,0,0,0,0,0,0,0,0,0,142999.9999999999
3,2,887.0,Freehold,30.0,808.0,Condominium,2.0,High,Non Bumi Lot,Penang,10.0,10,0,0,0,0,0,0,0,1,1,3.0,0,0,1,0,1,1,0,1,1,1,1,1,1,1,494999.9999999999
3,2,830.0,Leasehold,21.0,,Condominium,1.0,Medium,Non Bumi Lot,Selangor,19.0,5,0,0,0,0,0,0,0,1,0,2.0,0,0,0,0,0,1,0,1,1,0,1,0,1,0,209998.99999999994
3,2,710.0,Leasehold,,,Flat,,High,Bumi Lot,Johor,,2,0,0,0,0,0,0,0,0,0,3.0,0,0,0,0,0,1,0,0,1,0,0,0,0,0,100000.00000000001
2,2,815.0,Leasehold,,,Condominium,2.0,High,Non Bumi Lot,Sarawak,,6,0,0,0,0,0,0,0,1,0,3.0,1,0,1,0,1,0,0,1,0,0,1,0,1,0,575000.0
6,7,4177.0,Freehold,,551.0,Condominium,3.0,,Non Bumi Lot,Selangor,,0,0,1,0,0,1,0,0,1,1,,0,0,0,0,0,0,0,0,0,0,0,0,0,0,750000.0000000005
1,1,624.0,Freehold,,256.0,Service Residence,,Medium,Non Bumi Lot,Kuala Lumpur,15.0,0,1,1,1,1,1,0,1,1,1,2.0,0,0,0,0,0,0,0,0,0,0,0,0,0,0,538000.0000000003
3,2,922.0,Freehold,14.0,,Apartment,1.0,High,Non Bumi Lot,Selangor,,8,0,0,0,0,0,0,0,1,1,3.0,1,0,1,0,1,0,1,1,1,0,1,0,1,0,365000.00000000023
3,2,1226.0,Freehold,38.0,473.0,Condominium,2.0,,Non Bumi Lot,Penang,5.0,8,0,0,0,0,0,0,0,1,1,,0,0,1,0,0,1,0,1,1,1,1,1,1,0,740000.0000000003
3,2,926.0,Freehold,,,Service Residence,2.0,Low,Non Bumi Lot,Selangor,,9,0,0,0,0,0,0,0,1,1,1.0,1,1,1,1,1,0,0,1,1,0,1,0,1,0,455999.99999999965
3,2,750.0,Leasehold,,,Apartment,1.0,Low,Bumi Lot,Selangor,,0,0,0,0,0,0,0,0,0,0,1.0,0,0,0,0,0,0,0,0,0,0,0,0,0,0,194999.99999999994
3,2,1316.0,Freehold,18.0,248.0,Condominium,2.0,Medium,Non Bumi Lot,Kuala Lumpur,,10,0,0,1,1,1,0,0,1,1,2.0,1,1,1,0,1,1,0,1,0,1,1,1,1,0,690000.0000000002
2,2,640.0,Leasehold,,,Apartment,1.0,,Bumi Lot,Sarawak,,3,0,0,0,0,0,0,0,0,0,,0,0,0,0,1,0,0,1,0,0,1,0,0,0,289999.9999999999
3,2,1033.0,Leasehold,4.0,,Condominium,1.0,Medium,Bumi Lot,Selangor,16.0,11,0,1,1,1,0,0,1,0,0,2.0,1,1,0,1,1,0,1,1,1,0,1,1,1,1,429000.0000000003
4,2,1272.0,Leasehold,22.0,800.0,Condominium,2.0,Medium,Non Bumi Lot,Kuala Lumpur,15.0,12,1,1,1,1,1,0,0,1,0,2.0,1,1,1,1,0,1,1,1,1,0,1,1,1,1,480000.0000000003
3,2,650.0,Freehold,,,Apartment,1.0,High,Non Bumi Lot,Penang,,4,0,0,0,0,0,0,0,1,1,3.0,0,0,0,0,1,0,0,1,1,0,1,0,0,0,260000.00000000015
3,2,1175.0,Freehold,,,Condominium,2.0,High,Non Bumi Lot,Penang,,5,0,0,0,0,0,0,0,1,1,3.0,0,0,0,0,1,0,0,1,1,0,1,0,1,0,800000.0000000003
3,2,950.0,Leasehold,,,Apartment,,,Non Bumi Lot,Johor,,0,0,0,0,0,0,0,0,1,0,,0,0,0,0,0,0,0,0,0,0,0,0,0,0,268000.0000000001
3,2,850.0,Leasehold,5.0,,Duplex,1.0,Medium,Non Bumi Lot,Sabah,,1,0,0,0,0,0,0,0,1,0,2.0,0,0,0,0,0,0,0,1,0,0,0,0,0,0,260000.00000000015
3,2,1419.0,Freehold,24.0,1235.0,Condominium,2.0,High,Non Bumi Lot,Penang,2.0,8,0,0,0,0,0,0,0,1,1,3.0,0,0,1,1,1,0,0,1,1,1,1,0,1,0,979999.9999999995
2,2,740.0,Freehold,,,Service Residence,1.0,Medium,Non Bumi Lot,Johor,,9,0,0,0,0,0,0,0,1,1,2.0,1,1,1,1,1,0,0,1,1,0,1,0,1,0,359999.99999999994
3,2,1151.0,Freehold,,,Service Residence,1.0,Medium,Non Bumi Lot,Johor,,3,0,0,0,0,0,0,0,1,1,2.0,0,0,0,0,1,0,0,1,0,0,1,0,0,0,400000.0000000002
1,1,468.0,Freehold,,,Condominium,1.0,,Non Bumi Lot,,,0,0,0,0,0,0,0,0,1,1,,0,0,0,0,0,0,0,0,0,0,0,0,0,0,550000.0000000001
3,2,856.0,Freehold,,808.0,Condominium,2.0,Medium,Non Bumi Lot,Penang,,5,0,0,0,0,0,0,0,1,1,2.0,0,0,1,0,1,0,0,1,0,0,1,0,1,0,509999.99999999977
3,2,800.0,Leasehold,,1900.0,Apartment,2.0,High,Non Bumi Lot,Penang,7.0,3,0,0,0,0,0,0,0,1,0,3.0,0,0,0,0,1,0,0,1,0,0,1,0,0,0,420000.00000000023
3,2,710.0,Leasehold,5.0,40.0,Apartment,1.0,,Non Bumi Lot,Selangor,,5,0,0,0,0,0,0,0,1,0,,0,0,0,0,0,1,0,1,1,0,1,0,1,0,298999.99999999977
3,2,1400.0,Freehold,16.0,246.0,Condominium,1.0,Medium,Bumi Lot,Kuala Lumpur,13.0,11,0,0,0,0,0,0,0,0,1,2.0,0,0,1,0,1,1,1,1,1,1,1,1,1,1,629999.9999999999
3,2,770.0,Leasehold,18.0,200.0,Apartment,,Medium,Non Bumi Lot,Selangor,17.0,0,1,0,1,1,0,0,1,1,0,2.0,0,0,0,0,0,0,0,0,0,0,0,0,0,0,260000.00000000015
3,2,700.0,Freehold,5.0,360.0,Condominium,1.0,,Non Bumi Lot,Penang,29.0,4,0,0,0,0,0,0,0,1,1,,0,0,0,0,1,0,0,1,1,0,1,0,0,0,264999.9999999999
3,2,654.0,Freehold,38.0,554.0,Apartment,1.0,Medium,Non Bumi Lot,Penang,9.0,4,0,0,0,0,0,0,0,1,1,2.0,0,0,0,0,1,0,0,1,1,0,1,0,0,0,348999.9999999999
3,2,775.0,Leasehold,18.0,200.0,Apartment,,Low,Bumi Lot,Selangor,17.0,4,1,0,1,1,0,0,1,0,0,1.0,0,0,0,0,0,1,0,0,1,0,1,0,1,0,275000.00000000006
3,2,950.0,Freehold,21.0,,Condominium,1.0,Medium,Non Bumi Lot,Penang,23.0,9,0,0,0,0,0,0,0,1,1,2.0,1,0,1,0,1,1,1,1,1,0,1,1,0,0,380000.0000000003
3,2,770.0,Freehold,,392.0,Apartment,,Medium,Non Bumi Lot,Johor,,14,0,0,0,0,0,0,0,1,1,2.0,1,1,1,1,1,1,1,1,1,1,1,1,1,1,295000.00000000006
4,3,1646.0,Freehold,44.0,378.0,Condominium,2.0,,Non Bumi Lot,Penang,5.0,7,0,0,0,0,0,0,0,1,1,,1,0,1,0,0,0,1,0,1,1,1,0,1,0,919999.9999999993
1,1,391.0,Leasehold,,,Condominium,,Medium,Non Bumi Lot,Sabah,,7,0,0,0,0,0,0,0,1,0,2.0,0,0,1,1,0,0,0,1,1,1,1,0,1,0,219999.99999999985
3,2,1274.0,Freehold,,215.0,Apartment,2.0,Medium,Non Bumi Lot,Selangor,4.0,5,0,0,0,0,0,0,0,1,1,2.0,0,0,0,1,1,0,0,1,1,0,1,0,0,0,384999.9999999997
2,3,1300.0,Leasehold,,,Condominium,,Low,Non Bumi Lot,Sabah,,9,0,0,0,0,0,0,0,1,0,1.0,0,0,1,1,0,0,0,1,1,1,1,1,1,1,608000.0
3,2,1060.0,Freehold,25.0,237.0,Condominium,1.0,,Non Bumi Lot,Penang,27.0,8,0,0,0,0,0,0,0,1,1,,1,0,1,0,1,0,1,1,1,0,1,0,1,0,450000.00000000035
3,2,800.0,Freehold,5.0,,Apartment,1.0,Low,Non Bumi Lot,Selangor,,1,0,0,0,0,0,0,0,1,1,1.0,0,0,0,0,0,0,0,0,0,0,1,0,0,0,269999.99999999977
3,2,1210.0,Leasehold,21.0,482.0,Condominium,,,Bumi Lot,Selangor,7.0,0,0,0,0,0,0,0,0,0,0,,0,0,0,0,0,0,0,0,0,0,0,0,0,0,400000.0000000002
2,2,420.0,Freehold,,,Apartment,1.0,Medium,Non Bumi Lot,Selangor,,7,1,1,0,1,0,0,1,1,1,2.0,0,0,0,1,1,0,1,1,1,0,1,0,1,0,225000.00000000015
3,2,750.0,Freehold,20.0,608.0,Apartment,1.0,High,Non Bumi Lot,Penang,,6,0,0,0,0,0,0,0,1,1,3.0,0,0,0,1,1,0,1,1,1,0,1,0,0,0,340000.00000000006
3,2,1079.0,Freehold,,1188.0,Condominium,1.0,,Non Bumi Lot,Selangor,21.0,9,1,1,1,1,0,0,0,1,1,,1,1,1,0,0,1,0,1,1,0,1,0,1,1,219999.99999999985
3,2,1200.0,Freehold,,,Condominium,1.0,High,Non Bumi Lot,Johor,,5,0,0,0,0,0,0,0,1,1,3.0,0,0,0,0,1,0,0,1,1,0,1,0,1,0,380000.0000000003
3,2,1100.0,Freehold,,,Condominium,2.0,Medium,Non Bumi Lot,Penang,,9,0,0,0,0,0,0,0,1,1,2.0,1,0,1,1,1,0,1,1,1,0,1,0,1,0,700000.0000000002
3,2,1051.0,Freehold,20.0,320.0,Condominium,,High,Non Bumi Lot,Kuala Lumpur,,7,1,0,1,0,1,0,0,1,1,3.0,1,0,0,0,1,0,0,1,1,0,1,1,1,0,298000.00000000023
3,2,850.0,Freehold,5.0,400.0,Apartment,1.0,High,Non Bumi Lot,Selangor,6.0,3,0,0,1,1,0,0,0,1,1,3.0,0,0,0,0,1,0,0,1,1,0,0,0,0,0,295000.00000000006
1,1,388.0,Leasehold,36.0,756.0,Condominium,1.0,Medium,Non Bumi Lot,Johor,6.0,4,0,0,0,0,0,0,0,1,0,2.0,0,0,0,0,1,1,0,1,0,0,1,0,0,0,237999.9999999998
3,2,1151.0,Freehold,30.0,600.0,Condominium,2.0,Medium,Non Bumi Lot,Selangor,9.0,10,0,0,0,0,0,0,0,1,1,2.0,1,0,1,1,1,1,0,1,1,1,1,0,1,0,424999.99999999965
5,4,2304.0,Freehold,30.0,808.0,Condominium,3.0,High,Non Bumi Lot,Penang,10.0,10,0,0,0,0,0,0,0,1,1,3.0,0,0,1,0,1,1,0,1,1,1,1,1,1,1,1680000.0000000012
4,4,2236.0,Leasehold,,73.0,Condominium,1.0,Medium,Non Bumi Lot,Sabah,16.0,5,0,0,0,0,0,0,0,1,0,2.0,0,0,1,1,0,0,0,1,0,0,1,0,1,0,1420000.0000000002
3,3,1087.0,Leasehold,12.0,200.0,Apartment,2.0,,Non Bumi Lot,Sarawak,,6,0,0,0,0,0,0,0,1,0,,1,0,0,1,0,0,1,0,1,1,1,0,0,0,550000.0000000001
3,2,770.0,Leasehold,34.0,1502.0,Apartment,1.0,Low,Non Bumi Lot,Kuala Lumpur,6.0,5,1,0,0,1,0,0,0,1,0,1.0,0,0,1,0,0,0,0,1,1,0,1,0,1,0,398999.99999999965
3,2,700.0,Freehold,11.0,100.0,Apartment,1.0,,Non Bumi Lot,Penang,28.0,3,0,0,0,0,0,0,0,1,1,,0,0,0,0,1,0,0,1,0,0,1,0,0,0,269999.99999999977
3,2,969.0,Freehold,,1196.0,Apartment,2.0,Medium,Non Bumi Lot,Selangor,4.0,11,0,0,0,0,0,0,1,1,1,2.0,1,0,1,1,1,1,1,1,1,1,1,0,1,0,505000.00000000006
3,3,1488.0,Leasehold,15.0,,Condominium,,High,Non Bumi Lot,Sabah,,12,0,0,0,0,0,0,0,1,0,3.0,1,0,1,1,1,1,1,1,1,1,1,1,1,0,849999.9999999994
2,2,430.0,Leasehold,,1100.0,Service Residence,1.0,,Non Bumi Lot,Kuala Lumpur,2.0,0,1,1,1,1,1,0,1,1,0,,0,0,0,0,0,0,0,0,0,0,0,0,0,0,350000.0000000001
2,2,1050.0,Leasehold,40.0,1360.0,Service Residence,2.0,High,Non Bumi Lot,Melaka,6.0,11,0,0,0,0,0,0,0,1,0,3.0,1,0,1,0,1,1,1,1,1,1,1,1,1,0,524999.9999999998
3,2,1316.0,Leasehold,,,Condominium,,Low,Non Bumi Lot,Sarawak,,5,0,0,0,0,0,0,0,1,0,1.0,0,0,0,1,0,0,0,1,1,0,1,0,1,0,380000.0000000003
2,2,802.0,Freehold,,,Flat,3.0,High,Non Bumi Lot,Sabah,,2,0,0,0,0,0,0,0,1,1,3.0,0,0,0,0,0,1,0,1,0,0,0,0,0,0,109999.99999999991
3,2,852.0,Leasehold,12.0,,Apartment,1.0,High,Non Bumi Lot,Selangor,23.0,6,1,0,1,1,0,0,0,1,0,3.0,0,0,0,0,1,1,1,1,1,0,1,0,0,0,299899.9999999998
3,2,815.0,Leasehold,,,Apartment,,Medium,Non Bumi Lot,Selangor,,0,0,0,0,0,0,0,0,1,0,2.0,0,0,0,0,0,0,0,0,0,0,0,0,0,0,254999.99999999985
3,2,900.0,Leasehold,22.0,754.0,Condominium,2.0,,Non Bumi Lot,Penang,15.0,0,0,0,0,0,0,0,0,1,0,,0,0,0,0,0,0,0,0,0,0,0,0,0,0,359999.99999999994
2,2,769.0,Leasehold,21.0,613.0,Condominium,,Medium,Non Bumi Lot,Johor,2.0,0,0,0,0,0,0,0,0,1,0,2.0,0,0,0,0,0,0,0,0,0,0,0,0,0,0,380000.0000000003
3,2,700.0,Freehold,18.0,492.0,Apartment,1.0,,Non Bumi Lot,Penang,22.0,6,0,0,0,0,0,0,0,1,1,,1,0,0,0,0,0,0,1,1,0,1,0,1,1,273000.0000000002
3,2,947.0,Freehold,14.0,248.0,Condominium,,Medium,Bumi Lot,Selangor,,5,0,0,1,0,0,0,0,0,1,2.0,0,0,1,0,0,0,0,1,1,0,1,0,1,0,298000.00000000023
4,2,1062.0,Freehold,25.0,588.0,Service Residence,1.0,Low,Non Bumi Lot,Selangor,18.0,8,1,1,1,1,0,0,1,1,1,1.0,0,0,0,0,1,1,1,1,1,0,1,0,1,1,420000.00000000023
3,2,800.0,Freehold,21.0,406.0,Condominium,,,Non Bumi Lot,Penang,25.0,0,0,0,0,0,0,0,0,1,1,,0,0,0,0,0,0,0,0,0,0,0,0,0,0,319999.9999999998
3,2,960.0,Freehold,12.0,480.0,Condominium,1.0,Medium,Non Bumi Lot,Selangor,23.0,11,0,0,0,0,1,0,0,1,1,2.0,1,0,1,1,1,1,0,1,1,1,1,0,1,1,340000.00000000006
1,1,513.0,Freehold,21.0,780.0,Service Residence,1.0,High,Non Bumi Lot,Johor,,13,0,0,0,0,0,0,0,1,1,3.0,1,1,1,1,1,1,1,1,1,1,1,0,1,1,279999.9999999998
3,2,1019.0,Freehold,36.0,981.0,Condominium,,,Non Bumi Lot,Kuala Lumpur,8.0,8,1,1,1,1,0,1,0,1,1,,1,0,1,1,0,0,1,1,1,0,1,0,1,0,599999.0000000001
3,2,850.0,Freehold,15.0,303.0,Apartment,1.0,Medium,Non Bumi Lot,Johor,,2,0,0,0,0,0,0,0,1,1,2.0,0,0,0,0,0,0,0,0,0,0,1,0,1,0,225000.00000000015
3,2,1376.0,Leasehold,17.0,616.0,Condominium,,Medium,Non Bumi Lot,Selangor,15.0,7,0,1,1,1,1,0,0,1,0,2.0,0,0,1,0,0,1,0,1,1,1,1,0,1,0,450000.00000000035
3,2,750.0,Freehold,5.0,,Apartment,1.0,High,Non Bumi Lot,Selangor,,0,0,0,0,0,0,0,0,1,1,3.0,0,0,0,0,0,0,0,0,0,0,0,0,0,0,200000.00000000006
3,2,906.0,Leasehold,21.0,565.0,Apartment,1.0,High,Non Bumi Lot,Johor,17.0,9,0,0,0,0,0,0,0,1,0,3.0,1,0,1,1,1,0,0,1,1,0,1,0,1,1,268000.0000000001
3,2,1131.0,Leasehold,6.0,180.0,Condominium,1.0,Low,Non Bumi Lot,Kuala Lumpur,,10,1,0,0,1,0,0,0,1,0,1.0,1,0,1,1,1,1,0,1,1,0,1,0,1,1,400000.0000000002
3,2,700.0,Freehold,20.0,,Apartment,,High,Non Bumi Lot,Penang,17.0,6,0,0,0,0,0,0,0,1,1,3.0,1,0,1,1,0,0,0,1,1,0,1,0,0,0,359999.99999999994
3,2,720.0,Freehold,20.0,480.0,Condominium,2.0,Medium,Non Bumi Lot,Penang,20.0,12,0,0,0,0,0,0,0,1,1,2.0,1,0,1,1,1,1,1,1,1,1,1,0,1,1,499000.0000000004
3,2,1100.0,Leasehold,19.0,,Condominium,,,Non Bumi Lot,Kuala Lumpur,27.0,7,1,0,1,1,0,0,0,1,0,,1,0,1,0,0,0,0,1,1,1,1,0,1,0,400000.0000000002
3,2,1098.0,Leasehold,,,Apartment,,High,Non Bumi Lot,Selangor,,7,1,1,1,1,0,0,0,1,0,3.0,0,0,1,1,0,1,1,1,1,0,1,0,0,0,99000.00000000004
3,3,1493.0,Freehold,,229.0,Condominium,2.0,,Non Bumi Lot,Kuala Lumpur,7.0,9,0,0,0,0,0,0,0,1,1,,1,1,0,1,0,1,0,1,1,1,1,0,1,0,680000.0000000001
3,2,1110.0,Freehold,,410.0,Condominium,2.0,Medium,Non Bumi Lot,Penang,2.0,7,0,0,0,0,0,0,0,1,1,2.0,1,1,0,0,0,0,1,1,1,1,0,0,1,0,448500.0000000002
2,1,608.0,Leasehold,,,Apartment,,Low,Bumi Lot,Sabah,,2,0,0,0,0,0,0,0,0,0,1.0,0,0,0,0,0,0,0,0,1,0,1,0,0,0,264999.9999999999
2,1,600.0,Freehold,49.0,480.0,Service Residence,1.0,High,Non Bumi Lot,Penang,5.0,6,0,0,0,0,0,0,0,1,1,3.0,0,0,1,0,1,0,0,1,1,0,1,0,1,0,480000.0000000003
3,2,850.0,Freehold,15.0,,Condominium,1.0,Medium,Bumi Lot,Selangor,10.0,6,1,0,0,1,0,0,0,0,1,2.0,0,0,1,0,0,1,1,1,0,0,1,0,1,0,299999.9999999999
3,2,883.0,Leasehold,,,Apartment,1.0,,Non Bumi Lot,Selangor,,2,0,0,1,0,0,0,0,1,0,,0,0,0,0,0,0,0,1,1,0,0,0,0,0,285000.0
5,4,2293.0,Freehold,16.0,520.0,Condominium,2.0,High,Non Bumi Lot,Selangor,24.0,14,0,0,0,0,0,0,0,1,1,3.0,1,1,1,1,1,1,1,1,1,1,1,1,1,1,547999.9999999995
3,2,700.0,Leasehold,5.0,,Apartment,,Low,Non Bumi Lot,Selangor,,0,1,0,0,1,0,0,0,1,0,1.0,0,0,0,0,0,0,0,0,0,0,0,0,0,0,115000.00000000009
3,2,850.0,Freehold,,536.0,Apartment,,,Bumi Lot,Selangor,,4,1,0,0,0,1,0,0,0,1,,0,0,0,1,0,0,0,1,1,0,1,0,0,0,285000.0
2,2,1268.0,Leasehold,,,Condominium,1.0,Low,Non Bumi Lot,Sabah,,11,0,0,0,0,0,0,0,1,0,1.0,0,0,1,1,1,0,1,1,1,1,1,1,1,1,597999.9999999997
1,1,452.0,Leasehold,18.0,504.0,Service Residence,,Medium,Non Bumi Lot,Selangor,7.0,8,1,1,1,1,0,0,0,1,0,2.0,1,0,1,0,1,0,1,1,1,0,1,0,1,0,252000.00000000017
2,1,600.0,Leasehold,,,Flat,,Medium,Bumi Lot,Selangor,,0,1,1,1,1,0,0,1,0,0,2.0,0,0,0,0,0,0,0,0,0,0,0,0,0,0,170000.0
1,1,510.0,Freehold,,295.0,Service Residence,1.0,High,Non Bumi Lot,Sabah,,4,0,0,0,0,0,0,0,1,1,3.0,0,0,1,0,1,1,0,1,0,0,0,0,0,0,362999.99999999977
4,3,1257.0,Leasehold,12.0,200.0,Apartment,2.0,Medium,Non Bumi Lot,Sarawak,,7,0,0,0,0,0,0,0,1,0,2.0,0,0,1,1,1,0,0,1,1,0,1,0,1,0,599999.9999999999
3,2,1021.0,Freehold,,551.0,Apartment,2.0,,Non Bumi Lot,Selangor,,0,0,1,0,0,1,0,0,1,1,,0,0,0,0,0,0,0,0,0,0,0,0,0,0,314999.99999999994
3,2,810.0,Freehold,,252.0,Apartment,1.0,Medium,Non Bumi Lot,Penang,24.0,3,0,0,0,0,0,0,0,1,1,2.0,0,0,0,0,1,0,0,1,0,0,1,0,0,0,288000.00000000023
3,2,815.0,Leasehold,14.0,,Apartment,1.0,,Bumi Lot,Kuala Lumpur,,1,1,1,0,1,1,1,1,0,0,,0,0,0,0,0,0,0,1,0,0,0,0,0,0,249999.99999999983
3,2,868.0,Leasehold,,300.0,Apartment,1.0,,Bumi Lot,Selangor,13.0,6,0,0,1,0,1,0,0,0,0,,0,0,0,1,0,1,0,1,1,0,0,0,1,1,340000.00000000006
3,2,861.0,Freehold,26.0,,Condominium,,Medium,Non Bumi Lot,Kuala Lumpur,,9,1,1,1,1,0,0,1,1,1,2.0,1,0,1,0,0,0,0,1,1,1,1,1,1,1,489999.9999999997
3,2,940.0,Freehold,13.0,240.0,Condominium,2.0,Medium,Non Bumi Lot,Kuala Lumpur,,14,0,0,0,0,0,0,0,1,1,2.0,1,1,1,1,1,1,1,1,1,1,1,1,1,1,380000.0000000003
3,2,950.0,Freehold,,,Service Residence,2.0,Medium,Non Bumi Lot,Johor,,8,0,0,0,0,0,0,0,1,1,2.0,0,0,1,1,1,0,0,1,1,1,1,0,1,0,442999.9999999999
3,2,1000.0,Leasehold,,,Apartment,,Low,Non Bumi Lot,Sarawak,,0,0,0,0,0,0,0,0,1,0,1.0,0,0,0,0,0,0,0,0,0,0,0,0,0,0,230000.0000000002
3,2,1118.0,Freehold,20.0,424.0,Condominium,2.0,Low,Non Bumi Lot,Selangor,6.0,5,0,0,0,0,0,1,0,1,1,1.0,0,0,0,1,0,0,1,0,0,0,1,1,1,0,408000.0000000002
3,1,600.0,Leasehold,,,Apartment,2.0,Medium,Bumi Lot,Kuala Lumpur,,4,0,1,0,1,0,0,0,0,0,2.0,0,0,0,0,0,1,1,1,1,0,0,0,0,0,263000.00000000023
4,3,1419.0,Leasehold,16.0,96.0,Condominium,2.0,,Non Bumi Lot,Selangor,9.0,0,0,1,1,1,1,0,0,1,0,,0,0,0,0,0,0,0,0,0,0,0,0,0,0,389999.99999999994
4,3,1300.0,Freehold,,,Condominium,2.0,Medium,Non Bumi Lot,Putrajaya,,14,0,0,0,0,0,0,0,1,1,2.0,1,1,1,1,1,1,1,1,1,1,1,1,1,1,299999.9999999999
3,3,2400.0,Freehold,26.0,156.0,Condominium,2.0,High,Non Bumi Lot,Penang,29.0,8,0,0,0,0,0,0,0,1,1,3.0,1,0,1,0,0,0,0,1,0,1,1,1,1,1,949999.9999999999
4,3,1320.0,Freehold,,,Condominium,2.0,,Non Bumi Lot,,,13,0,0,0,0,0,0,0,1,1,,0,1,1,1,1,1,1,1,1,1,1,1,1,1,928000.0000000007
3,2,1184.0,Freehold,,,Apartment,,,Non Bumi Lot,Johor,,0,0,0,0,0,0,0,0,1,1,,0,0,0,0,0,0,0,0,0,0,0,0,0,0,330000.0000000001
2,1,650.0,Leasehold,,,Apartment,1.0,High,Non Bumi Lot,Sarawak,,4,0,0,0,0,0,0,0,1,0,3.0,0,0,0,1,0,1,0,1,1,0,0,0,0,0,139999.9999999999
3,2,850.0,Freehold,,435.0,Apartment,2.0,,Bumi Lot,Selangor,13.0,4,1,0,1,0,1,0,0,0,1,,0,0,0,0,0,0,1,1,0,0,1,0,1,0,299999.9999999999
3,2,900.0,Leasehold,22.0,754.0,Condominium,1.0,Medium,Non Bumi Lot,Penang,15.0,10,0,0,0,0,0,0,0,1,0,2.0,0,0,1,0,1,1,1,1,1,1,1,0,1,1,475999.99999999965
4,3,1645.0,Leasehold,10.0,733.0,Condominium,2.0,Low,Bumi Lot,Selangor,17.0,13,0,0,0,0,0,0,0,0,0,1.0,1,1,1,1,1,1,1,1,1,1,1,0,1,1,524999.9999999998
3,2,1100.0,Leasehold,20.0,300.0,Condominium,1.0,Medium,Non Bumi Lot,Kuala Lumpur,13.0,8,1,0,1,1,0,0,1,1,0,2.0,0,0,1,0,1,1,1,1,1,0,1,0,1,0,310000.0
3,2,700.0,Freehold,20.0,480.0,Condominium,1.0,High,Non Bumi Lot,Penang,20.0,9,0,0,0,0,0,0,0,1,1,3.0,1,0,1,0,1,1,1,1,1,0,1,0,1,0,438000.0000000004
2,1,950.0,Freehold,41.0,1040.0,Service Residence,1.0,High,Non Bumi Lot,Kuala Lumpur,8.0,8,1,0,1,1,1,0,0,1,1,3.0,1,0,1,1,0,0,1,0,1,1,1,0,1,0,529999.9999999998
3,2,915.0,Freehold,,750.0,Service Residence,2.0,,Non Bumi Lot,Selangor,,10,0,0,0,0,0,0,0,1,1,,1,0,1,1,1,0,1,1,1,1,1,0,1,0,442999.9999999999
2,1,494.0,Freehold,,,Apartment,,Low,Non Bumi Lot,Johor,,0,0,0,0,0,0,0,0,1,1,1.0,0,0,0,0,0,0,0,0,0,0,0,0,0,0,170000.0
3,2,1450.0,Freehold,16.0,470.0,Condominium,,,Non Bumi Lot,Penang,9.0,8,0,0,0,0,0,0,0,1,1,,1,0,1,0,0,0,1,1,1,1,1,0,1,0,700000.0000000002
3,2,991.0,Leasehold,,704.0,Condominium,1.0,Low,Bumi Lot,Selangor,13.0,9,1,0,0,1,0,0,0,0,0,1.0,1,1,1,0,1,1,0,1,1,0,1,0,1,0,340000.00000000006
4,4,1600.0,Freehold,43.0,218.0,Condominium,2.0,Low,Non Bumi Lot,Penang,8.0,11,0,0,0,0,0,0,0,1,1,1.0,1,0,1,1,1,1,1,1,1,1,1,0,1,0,788000.0000000006
3,2,1001.0,Leasehold,4.0,,Apartment,,Medium,Non Bumi Lot,Johor,,0,0,0,0,0,0,0,0,1,0,2.0,0,0,0,0,0,0,0,0,0,0,0,0,0,0,210000.0000000001
3,3,1222.0,Freehold,,,Condominium,2.0,High,Non Bumi Lot,,,5,0,0,0,0,0,0,0,1,1,3.0,0,0,1,0,1,0,0,1,0,0,1,0,1,0,610000.0
3,1,700.0,Leasehold,,,Apartment,,Low,Bumi Lot,Sabah,,4,0,0,0,0,0,0,0,0,0,1.0,0,0,0,1,0,1,0,1,1,0,0,0,0,0,139999.9999999999
3,2,798.0,Freehold,,,Apartment,1.0,Low,Bumi Lot,Perak,,7,0,0,0,0,0,0,0,0,1,1.0,0,0,0,1,1,1,1,1,1,0,1,0,0,0,155000.0
3,2,850.0,Freehold,13.0,209.0,Apartment,1.0,Medium,Non Bumi Lot,Penang,24.0,6,0,0,0,0,0,0,0,1,1,2.0,1,0,0,1,0,0,0,1,1,0,1,0,1,0,380000.0000000003
3,2,800.0,Freehold,,242.0,Apartment,1.0,High,Non Bumi Lot,Penang,,4,0,0,0,0,0,0,0,1,1,3.0,0,0,0,0,1,0,0,1,0,0,1,0,1,0,254999.99999999985
3,1,650.0,Freehold,14.0,90.0,Apartment,,High,Bumi Lot,Selangor,,4,0,0,1,1,0,0,0,0,1,3.0,0,0,0,0,0,1,0,1,1,0,1,0,0,0,149999.99999999994
3,2,800.0,Leasehold,6.0,672.0,Apartment,1.0,,Non Bumi Lot,Penang,29.0,7,0,0,0,0,0,0,0,1,0,,1,0,0,1,1,0,0,1,1,0,1,0,1,0,330000.0000000001
1,1,777.0,Leasehold,21.0,336.0,Condominium,2.0,Medium,Non Bumi Lot,Selangor,7.0,12,0,0,0,0,0,0,0,1,0,2.0,1,0,1,0,1,1,1,1,1,1,1,1,1,1,271999.9999999998
1,1,484.0,Freehold,,1160.0,Studio,,Medium,Non Bumi Lot,Johor,10.0,9,0,0,0,0,0,0,0,1,1,2.0,0,0,1,1,0,1,1,0,1,1,1,0,1,1,240000.00000000015
3,2,979.0,Leasehold,24.0,675.0,Service Residence,2.0,,Non Bumi Lot,Selangor,8.0,7,1,1,1,1,0,0,1,1,0,,1,0,1,0,0,0,0,1,1,1,1,0,1,0,400000.0000000002
3,2,750.0,Leasehold,5.0,,Flat,,Low,Non Bumi Lot,Selangor,,6,1,1,1,1,1,0,0,1,0,1.0,0,0,0,0,1,1,1,1,1,0,1,0,0,0,240000.00000000015
3,2,973.0,Leasehold,,352.0,Condominium,,Medium,Non Bumi Lot,Johor,8.0,5,0,0,0,0,0,0,0,1,0,2.0,1,0,1,0,0,0,0,0,1,0,1,0,1,0,317999.99999999994
3,2,1100.0,Freehold,,410.0,Condominium,2.0,Low,Non Bumi Lot,Penang,2.0,7,0,0,0,0,0,0,0,1,1,1.0,1,1,0,0,0,0,1,1,1,1,0,0,1,0,639999.9999999998
3,2,645.0,Freehold,,,Apartment,1.0,Medium,Non Bumi Lot,Selangor,,2,0,0,0,1,0,0,0,1,1,2.0,0,0,0,0,0,0,0,1,1,0,0,0,0,0,99000.00000000004
3,2,1324.0,Freehold,,698.0,Apartment,,Low,Non Bumi Lot,Johor,,6,0,0,0,0,0,0,0,1,1,1.0,1,0,1,1,0,0,0,0,1,0,1,0,0,1,284000.00000000023
1,1,295.0,Freehold,,1737.0,Service Residence,,,Non Bumi Lot,Johor,,10,0,0,0,0,0,0,0,1,1,,1,0,1,1,1,0,1,1,1,1,1,0,1,0,210000.0000000001
1,1,753.0,Freehold,16.0,128.0,Condominium,2.0,High,Non Bumi Lot,Selangor,6.0,14,0,0,0,0,0,0,0,1,1,3.0,1,1,1,1,1,1,1,1,1,1,1,1,1,1,350000.0000000001
3,2,1020.0,Freehold,22.0,1343.0,Condominium,1.0,High,Non Bumi Lot,Penang,6.0,14,0,0,0,0,0,0,0,1,1,3.0,1,1,1,1,1,1,1,1,1,1,1,1,1,1,737999.9999999998
2,1,646.0,Leasehold,,,Apartment,,Medium,Non Bumi Lot,Sarawak,,0,0,0,0,0,0,0,0,1,0,2.0,0,0,0,0,0,0,0,0,0,0,0,0,0,0,130000.00000000006
3,1,680.0,Freehold,,,Apartment,,,Non Bumi Lot,Penang,,3,0,0,0,0,0,0,0,1,1,,0,0,0,0,1,0,0,1,1,0,0,0,0,0,230000.0000000002
3,2,900.0,Freehold,,635.0,Apartment,2.0,High,Non Bumi Lot,Selangor,4.0,10,0,0,0,0,0,0,0,1,1,3.0,1,0,1,1,1,1,1,1,1,0,1,0,1,0,298999.99999999977
3,2,835.0,Leasehold,,,Apartment,,Low,Bumi Lot,Selangor,,0,1,0,0,0,1,0,1,0,0,1.0,0,0,0,0,0,0,0,0,0,0,0,0,0,0,210000.0000000001
2,2,795.0,Freehold,42.0,670.0,Condominium,2.0,,Non Bumi Lot,Penang,6.0,5,0,0,0,0,0,0,0,1,1,,0,0,1,0,1,0,0,1,0,0,1,0,1,0,400000.0000000002
3,2,1045.0,Leasehold,,,Apartment,1.0,High,Non Bumi Lot,Selangor,,4,0,0,0,0,0,0,0,1,0,3.0,0,0,0,1,0,0,0,1,1,0,1,0,0,0,227999.9999999998
3,2,850.0,Freehold,13.0,140.0,Apartment,2.0,Medium,Non Bumi Lot,Penang,25.0,7,0,0,0,0,0,0,0,1,1,2.0,1,0,1,0,1,0,0,1,1,0,1,0,1,0,378000.0
3,2,850.0,Freehold,29.0,,Apartment,1.0,High,Non Bumi Lot,Penang,15.0,7,0,0,0,0,0,0,0,1,1,3.0,0,0,1,1,0,1,0,1,1,1,1,0,0,0,345000.00000000006
2,2,871.0,Freehold,,316.0,Service Residence,1.0,High,Non Bumi Lot,Johor,,9,0,0,0,0,0,0,0,1,1,3.0,1,0,1,1,1,0,1,1,1,0,1,0,1,0,422887.9999999999
3,2,850.0,Freehold,47.0,1413.0,Service Residence,2.0,High,Non Bumi Lot,Kuala Lumpur,2.0,12,0,0,0,0,0,0,0,1,1,3.0,1,1,1,1,1,1,1,1,1,1,1,0,1,0,430000.0000000002
3,2,953.0,Freehold,,,Apartment,1.0,Medium,Bumi Lot,Selangor,,5,0,0,0,0,0,0,0,0,1,2.0,0,0,0,0,0,1,0,1,0,1,1,0,1,0,240000.00000000015
3,2,987.0,Freehold,,,Apartment,,,Non Bumi Lot,Selangor,,4,0,0,0,0,0,0,0,1,1,,0,0,0,0,1,0,0,1,1,0,1,0,0,0,228999.99999999983
3,2,1144.0,Leasehold,29.0,1709.0,Condominium,1.0,Medium,Bumi Lot,Selangor,12.0,3,0,0,0,1,0,0,1,0,0,2.0,0,0,0,1,0,0,0,1,0,0,0,0,1,0,329998.9999999998
2,2,900.0,Leasehold,,,Condominium,1.0,Medium,Non Bumi Lot,,,5,0,0,0,0,0,0,0,1,0,2.0,0,0,1,0,1,0,0,1,0,0,1,0,1,0,338000.00000000023
3,2,900.0,Freehold,12.0,,Condominium,1.0,Low,Non Bumi Lot,Selangor,,5,1,0,1,1,1,0,0,1,1,1.0,0,0,1,0,0,0,0,1,1,0,1,0,1,0,310000.0
3,2,818.0,Leasehold,44.0,2136.0,Service Residence,,,Non Bumi Lot,Kuala Lumpur,2.0,8,0,1,0,1,0,0,1,1,0,,1,0,1,1,1,0,0,1,1,0,1,0,1,0,340199.9999999998
3,2,1106.0,Freehold,,,Apartment,1.0,Low,Bumi Lot,Selangor,,4,0,0,0,0,0,0,0,0,1,1.0,0,0,0,0,1,0,0,1,1,0,1,0,0,0,319999.9999999998
3,2,1097.0,Freehold,,300.0,Apartment,,Medium,Non Bumi Lot,Johor,,7,0,0,0,0,0,0,0,1,1,2.0,1,0,1,1,0,0,0,1,1,0,1,0,1,0,380000.0000000003
2,2,969.0,Freehold,44.0,276.0,Condominium,2.0,High,Non Bumi Lot,Selangor,5.0,0,0,0,0,0,0,0,0,1,1,3.0,0,0,0,0,0,0,0,0,0,0,0,0,0,0,979999.9999999995
1,1,550.0,Freehold,35.0,,Service Residence,1.0,High,Non Bumi Lot,Selangor,7.0,12,0,0,0,0,0,0,0,1,1,3.0,1,0,1,0,1,1,1,1,1,1,1,1,1,1,450000.00000000035
4,2,1469.0,Freehold,24.0,1235.0,Condominium,,,Non Bumi Lot,Penang,2.0,7,0,0,0,0,0,0,0,1,1,,0,0,1,1,0,0,0,1,1,1,1,0,1,0,1250000.0000000005
3,2,750.0,Freehold,18.0,112.0,Apartment,1.0,,Non Bumi Lot,Penang,,2,0,0,0,0,0,0,0,1,1,,0,0,0,0,0,0,0,1,0,0,1,0,0,0,370000.0000000001
2,2,714.0,Leasehold,16.0,512.0,Service Residence,,,Non Bumi Lot,Selangor,9.0,6,0,0,0,0,0,0,0,1,0,,0,0,1,1,0,1,0,1,1,0,1,0,0,0,330000.0000000001
3,2,850.0,Freehold,29.0,,Apartment,,High,Non Bumi Lot,Penang,15.0,7,0,0,0,0,0,0,0,1,1,3.0,0,0,1,1,0,1,0,1,1,1,1,0,0,0,350000.0000000001
2,2,829.0,Freehold,17.0,676.0,Condominium,2.0,,Non Bumi Lot,Putrajaya,3.0,5,0,0,0,0,0,0,0,1,1,,0,0,1,1,0,0,0,1,0,0,1,0,1,0,450000.00000000035
3,2,947.0,Leasehold,22.0,396.0,Condominium,2.0,,Non Bumi Lot,Penang,6.0,9,0,0,0,0,0,0,0,1,0,,1,1,1,1,0,0,0,1,1,1,1,0,0,1,559999.9999999998
3,2,990.0,Freehold,4.0,,Apartment,,High,Non Bumi Lot,Johor,,7,0,0,0,0,0,0,0,1,1,3.0,1,0,0,1,1,1,0,1,1,0,1,0,0,0,260000.00000000015
3,2,1288.0,Leasehold,,,Condominium,1.0,Low,Non Bumi Lot,Sabah,,6,0,0,0,0,0,0,0,1,0,1.0,1,0,1,0,1,0,0,1,0,0,1,0,1,0,879999.9999999995
3,2,1206.0,Leasehold,,,Condominium,1.0,High,Non Bumi Lot,Sarawak,,11,0,0,0,0,0,0,0,1,0,3.0,1,1,1,1,1,1,1,1,1,0,1,0,1,0,450000.00000000035
2,2,660.0,Leasehold,,,Service Residence,1.0,Medium,Bumi Lot,Kuala Lumpur,,11,0,0,0,0,0,0,0,0,0,2.0,1,1,1,1,1,1,1,1,1,0,1,0,1,0,389999.99999999994
3,2,1033.0,Freehold,18.0,96.0,Condominium,2.0,Medium,Non Bumi Lot,Penang,9.0,7,0,0,0,0,0,0,0,1,1,2.0,1,0,1,1,0,0,1,1,1,0,1,0,0,0,680000.0000000001
3,2,1207.0,Leasehold,18.0,250.0,Service Residence,,Medium,Bumi Lot,Kuala Lumpur,10.0,8,1,0,1,1,0,0,0,0,0,2.0,0,1,0,0,1,1,1,1,1,0,1,0,1,0,529999.9999999998
3,2,950.0,Freehold,,635.0,Apartment,2.0,High,Bumi Lot,Selangor,4.0,14,0,0,0,0,0,0,0,0,1,3.0,1,1,1,1,1,1,1,1,1,1,1,1,1,1,260000.00000000015
4,3,1556.0,Leasehold,5.0,,Apartment,1.0,Low,Non Bumi Lot,Selangor,,3,1,1,1,0,0,0,0,1,0,1.0,1,0,0,0,0,0,0,1,1,0,0,0,0,0,439999.9999999997
3,2,1050.0,Leasehold,,,Condominium,2.0,Medium,Non Bumi Lot,Selangor,,8,0,0,0,0,0,0,0,1,0,2.0,0,0,1,0,1,1,1,1,1,0,1,0,1,0,417999.9999999999
3,2,920.0,Freehold,,,Condominium,1.0,,Non Bumi Lot,Selangor,,0,1,1,0,0,0,0,1,1,1,,0,0,0,0,0,0,0,0,0,0,0,0,0,0,494999.9999999999
3,2,812.0,Leasehold,14.0,1008.0,Condominium,1.0,,Non Bumi Lot,Kuala Lumpur,28.0,1,1,0,1,1,1,0,0,1,0,,0,0,0,0,0,1,0,0,0,0,0,0,0,0,215000.00000000006
2,2,1058.0,Leasehold,9.0,631.0,Service Residence,1.0,Medium,Non Bumi Lot,Sabah,9.0,11,0,0,0,0,0,0,0,1,0,2.0,1,0,1,1,1,1,1,1,1,1,1,0,1,0,949999.9999999999
3,2,1280.0,Leasehold,22.0,470.0,Condominium,2.0,Medium,Non Bumi Lot,Kuala Lumpur,9.0,10,1,1,1,1,1,0,0,1,0,2.0,1,0,1,1,1,1,1,1,1,0,1,0,1,0,700000.0000000002
3,2,990.0,Leasehold,35.0,284.0,Condominium,2.0,High,Non Bumi Lot,Kuala Lumpur,2.0,6,1,0,0,1,0,0,1,1,0,3.0,0,0,1,0,1,0,0,1,1,0,1,0,1,0,579999.9999999999
3,1,667.0,Freehold,,,Apartment,,,Bumi Lot,Selangor,,0,0,0,0,0,0,0,0,0,1,,0,0,0,0,0,0,0,0,0,0,0,0,0,0,149999.99999999994
3,2,775.0,Leasehold,,,Apartment,1.0,,Bumi Lot,Selangor,,0,0,0,0,0,0,0,0,0,0,,0,0,0,0,0,0,0,0,0,0,0,0,0,0,120000.00000000006
4,2,893.0,Freehold,20.0,,Apartment,,,Bumi Lot,Johor,6.0,7,0,0,0,0,0,0,0,0,1,,1,1,0,0,0,1,0,1,1,0,1,0,1,0,215000.00000000006
3,2,753.0,Leasehold,,,Flat,,Medium,Non Bumi Lot,Selangor,,2,0,0,0,0,0,0,0,1,0,2.0,0,0,0,0,0,0,0,1,1,0,0,0,0,0,179999.99999999997
3,2,650.0,Leasehold,,,Apartment,,Medium,Non Bumi Lot,Selangor,,2,1,0,1,1,0,0,0,1,0,2.0,0,0,0,0,1,1,0,0,0,0,0,0,0,0,155000.0
3,2,850.0,Leasehold,50.0,3600.0,Condominium,1.0,,Non Bumi Lot,Kuala Lumpur,0.0,6,1,1,1,1,0,1,1,1,0,,0,0,1,0,1,0,0,1,1,0,1,0,1,0,480000.0000000003
4,3,1250.0,Freehold,36.0,981.0,Condominium,2.0,Medium,Bumi Lot,Kuala Lumpur,8.0,9,1,1,1,1,0,1,0,0,1,2.0,1,0,1,1,1,0,1,1,1,0,1,0,1,0,649999.9999999998
1,1,420.0,Freehold,,,Condominium,,High,Non Bumi Lot,,,6,0,0,0,0,0,0,0,1,1,3.0,1,0,1,0,0,0,0,1,0,0,1,1,1,0,298999.99999999977
3,2,648.0,Freehold,5.0,,Apartment,1.0,Low,Non Bumi Lot,Selangor,,5,0,0,0,0,0,0,0,1,1,1.0,0,0,0,1,0,0,0,1,1,0,1,0,1,0,144999.99999999994
3,2,778.0,Leasehold,7.0,1274.0,Apartment,1.0,Medium,Bumi Lot,Selangor,18.0,6,0,0,0,0,0,0,0,0,0,2.0,0,0,0,0,1,1,1,1,1,0,1,0,0,0,205000.0
3,3,1598.0,Freehold,42.0,670.0,Condominium,2.0,Medium,Non Bumi Lot,Penang,6.0,8,0,0,0,0,0,0,0,1,1,2.0,1,0,1,0,1,0,1,1,1,0,1,0,1,0,629999.9999999999
3,2,1170.0,Freehold,10.0,396.0,Condominium,,Medium,Non Bumi Lot,Selangor,16.0,9,1,1,1,1,0,0,0,1,1,2.0,1,0,1,0,0,1,1,1,1,0,1,0,1,1,359999.99999999994
3,1,603.0,Leasehold,,,Apartment,,High,Bumi Lot,Kuala Lumpur,,3,1,1,1,1,0,0,1,0,0,3.0,0,0,0,0,1,1,1,0,0,0,0,0,0,0,234999.99999999994
3,1,615.0,Leasehold,12.0,,Apartment,1.0,Medium,Bumi Lot,Kuala Lumpur,,4,0,0,0,0,0,0,0,0,0,2.0,0,0,0,0,0,1,0,1,0,0,1,0,1,0,210000.0000000001
4,3,1504.0,Freehold,,,Condominium,2.0,Low,Non Bumi Lot,,,5,0,0,0,0,0,0,0,1,1,1.0,0,0,0,0,1,0,0,1,1,0,1,0,1,0,660000.0000000003
3,2,900.0,Freehold,,,Apartment,1.0,,Non Bumi Lot,Penang,,0,0,0,0,0,0,0,0,1,1,,0,0,0,0,0,0,0,0,0,0,0,0,0,0,420999.99999999977
3,2,810.0,Leasehold,,,Flat,1.0,Medium,Bumi Lot,Selangor,,0,0,0,0,0,0,0,0,0,0,2.0,0,0,0,0,0,0,0,0,0,0,0,0,0,0,139999.9999999999
3,3,1539.0,Freehold,17.0,328.0,Condominium,3.0,,Non Bumi Lot,Penang,11.0,0,0,0,0,0,0,0,0,1,1,,0,0,0,0,0,0,0,0,0,0,0,0,0,0,1220000.0000000002
3,2,850.0,Freehold,24.0,342.0,Condominium,1.0,Medium,Non Bumi Lot,Penang,25.0,6,0,0,0,0,0,0,0,1,1,2.0,0,0,0,0,1,1,0,1,1,0,1,0,1,0,380000.0000000003
3,2,750.0,Freehold,,,Apartment,,Low,Bumi Lot,Selangor,,13,0,0,0,0,0,0,0,0,1,1.0,1,1,1,1,1,1,1,1,1,1,1,1,0,1,249999.99999999983
3,2,887.0,Freehold,30.0,808.0,Condominium,1.0,,Non Bumi Lot,Penang,10.0,10,0,0,0,0,0,0,0,1,1,,0,0,1,0,1,1,0,1,1,1,1,1,1,1,450000.00000000035
3,2,900.0,Freehold,,,Condominium,,Medium,Bumi Lot,Selangor,,10,0,0,0,0,0,0,0,0,1,2.0,1,0,1,0,1,1,1,1,1,1,1,0,1,0,497999.9999999998
1,1,547.0,Freehold,,1196.0,Condominium,1.0,High,Non Bumi Lot,Selangor,4.0,10,0,0,0,0,0,0,1,1,1,3.0,1,0,1,0,1,1,1,1,1,1,1,0,1,0,319999.9999999998
3,2,901.0,Freehold,33.0,490.0,Condominium,2.0,High,Non Bumi Lot,Penang,3.0,8,0,0,0,0,0,0,0,1,1,3.0,1,0,1,1,1,0,1,1,0,0,1,0,1,0,499999.9999999997
1,1,685.0,Leasehold,,,Service Residence,,High,Non Bumi Lot,Johor,,7,0,0,0,0,0,0,0,1,0,3.0,0,0,1,0,1,0,0,1,1,1,1,0,1,0,289999.9999999999
3,2,800.0,Leasehold,6.0,672.0,Apartment,1.0,Low,Non Bumi Lot,Penang,29.0,2,0,0,0,0,0,0,0,1,0,1.0,0,0,0,0,0,0,0,1,0,0,1,0,0,0,430000.0000000002
2,2,686.0,Leasehold,,,Apartment,1.0,Medium,Non Bumi Lot,Sabah,,6,0,0,0,0,0,0,0,1,0,2.0,0,0,0,0,0,1,1,1,1,0,1,0,1,0,268000.0000000001
3,2,700.0,Freehold,14.0,,Apartment,1.0,,Non Bumi Lot,Penang,,3,0,0,0,0,0,0,0,1,1,,0,0,0,0,1,0,0,1,0,0,1,0,0,0,269999.99999999977
6,5,3000.0,Freehold,,256.0,Condominium,2.0,High,Non Bumi Lot,Penang,15.0,9,0,0,0,0,0,0,0,1,1,3.0,1,0,1,0,1,0,0,1,1,1,1,0,1,1,1580000.0
3,2,864.0,Freehold,,1200.0,Service Residence,,,Non Bumi Lot,Kuala Lumpur,2.0,5,1,1,1,1,1,1,1,1,1,,1,0,1,0,0,0,1,0,0,0,1,0,1,0,998000.0000000008
3,2,1174.0,Leasehold,24.0,312.0,Apartment,1.0,Low,Bumi Lot,Selangor,18.0,13,0,0,0,0,0,0,0,0,0,1.0,1,0,1,1,1,1,1,1,1,1,1,1,1,1,595000.0000000001
2,2,829.0,Freehold,,,Condominium,2.0,Medium,Non Bumi Lot,Putrajaya,,0,0,0,0,0,0,0,0,1,1,2.0,0,0,0,0,0,0,0,0,0,0,0,0,0,0,398999.99999999965
3,2,850.0,Freehold,4.0,60.0,Apartment,,,Non Bumi Lot,Penang,29.0,2,0,0,0,0,0,0,0,1,1,,0,0,0,0,0,0,0,1,0,0,1,0,0,0,420000.00000000023
3,2,750.0,Freehold,,,Apartment,,Medium,Non Bumi Lot,Sarawak,,0,0,0,0,0,0,0,0,1,1,2.0,0,0,0,0,0,0,0,0,0,0,0,0,0,0,177999.99999999994
3,2,1000.0,Leasehold,,,Apartment,2.0,High,Non Bumi Lot,Penang,3.0,9,0,0,0,0,0,0,0,1,0,3.0,0,0,1,0,1,1,0,1,1,1,1,0,1,1,494999.9999999999
3,2,700.0,Freehold,,,Apartment,,Medium,Non Bumi Lot,Penang,,2,0,0,0,0,0,0,0,1,1,2.0,0,0,0,0,0,0,0,1,0,0,1,0,0,0,289999.9999999999
3,2,1009.0,Leasehold,36.0,1338.0,Service Residence,2.0,High,Non Bumi Lot,Kuala Lumpur,6.0,6,1,0,1,1,0,0,0,1,0,3.0,0,0,0,1,0,1,1,0,1,0,1,0,1,0,379000.00000000023
3,2,850.0,Leasehold,8.0,,Condominium,1.0,High,Bumi Lot,Selangor,23.0,9,0,0,0,0,0,0,0,0,0,3.0,1,0,1,1,0,1,0,1,1,0,1,0,1,1,260000.00000000015
3,2,1214.0,Freehold,,374.0,Service Residence,,Medium,Non Bumi Lot,Johor,,2,0,0,0,0,0,0,0,1,1,2.0,0,0,0,0,0,1,0,0,0,0,1,0,0,0,520000.0000000003
3,2,890.0,Leasehold,22.0,398.0,Apartment,1.0,Medium,Non Bumi Lot,Penang,14.0,4,0,0,0,0,0,0,0,1,0,2.0,0,0,0,0,1,0,0,1,0,0,1,0,1,0,389999.99999999994
3,2,1100.0,Leasehold,43.0,1472.0,Condominium,,,Non Bumi Lot,Kuala Lumpur,4.0,14,0,0,0,0,0,0,0,1,0,,1,1,1,1,1,1,1,1,1,1,1,1,1,1,450000.00000000035
3,3,2219.0,Leasehold,19.0,149.0,Condominium,3.0,,Non Bumi Lot,Sabah,9.0,7,0,0,0,0,0,0,0,1,0,,0,0,1,0,1,0,1,1,1,0,1,0,1,0,1213199.999999999
3,1,590.0,Leasehold,,,Flat,,Low,Non Bumi Lot,Selangor,,0,0,0,0,0,0,0,0,1,0,1.0,0,0,0,0,0,0,0,0,0,0,0,0,0,0,237999.9999999998
4,4,3878.0,Freehold,,210.0,Condominium,4.0,Low,Non Bumi Lot,Penang,7.0,11,0,0,0,0,0,0,0,1,1,1.0,1,1,1,1,1,0,1,1,1,1,1,0,1,0,3599999.999999997
3,2,1018.0,Leasehold,,,Condominium,2.0,Medium,Non Bumi Lot,Kuala Lumpur,,6,1,0,1,1,1,0,0,1,0,2.0,0,0,1,0,1,0,0,1,1,0,1,0,1,0,489999.9999999997
3,2,950.0,Leasehold,17.0,592.0,Apartment,1.0,,Non Bumi Lot,Penang,34.0,5,0,0,0,0,0,0,0,1,0,,0,0,0,0,1,0,1,1,1,0,1,0,0,0,295000.00000000006
3,1,608.0,Leasehold,5.0,,Apartment,,,Non Bumi Lot,Selangor,,0,0,0,1,0,1,0,1,1,0,,0,0,0,0,0,0,0,0,0,0,0,0,0,0,155000.0
3,2,903.0,Freehold,11.0,,Condominium,1.0,High,Bumi Lot,Selangor,,7,0,0,0,0,0,0,0,0,1,3.0,0,0,0,0,1,1,0,1,1,1,1,0,1,0,359999.99999999994
3,3,1195.0,Freehold,,,Condominium,2.0,Medium,Non Bumi Lot,Penang,,0,0,0,0,0,0,0,0,1,1,2.0,0,0,0,0,0,0,0,0,0,0,0,0,0,0,567999.9999999995
2,2,958.0,Freehold,28.0,1149.0,Service Residence,,Medium,Non Bumi Lot,Johor,9.0,9,0,0,0,0,0,0,0,1,1,2.0,1,0,1,0,0,0,1,0,1,1,1,1,1,1,459999.9999999996
3,2,850.0,Leasehold,,,Apartment,1.0,Low,Non Bumi Lot,Sabah,,11,0,0,0,0,0,0,0,1,0,1.0,1,1,1,1,1,1,1,1,1,0,1,0,1,0,269999.99999999977
3,3,1200.0,Freehold,,,Condominium,2.0,High,Non Bumi Lot,Selangor,,14,0,0,0,0,0,0,0,1,1,3.0,1,1,1,1,1,1,1,1,1,1,1,1,1,1,499000.0000000004
3,2,900.0,Leasehold,4.0,,Apartment,,Low,Non Bumi Lot,Sarawak,,1,0,0,0,0,0,0,0,1,0,1.0,0,0,0,0,0,0,0,0,0,0,0,0,1,0,340000.00000000006
3,2,700.0,Freehold,,,Flat,1.0,Low,Non Bumi Lot,Penang,,3,0,0,0,0,0,0,0,1,1,1.0,0,0,0,0,1,0,0,1,0,0,1,0,0,0,330000.0000000001
3,2,806.0,Freehold,20.0,1.0,Condominium,1.0,Low,Non Bumi Lot,Kuala Lumpur,16.0,5,0,0,1,1,0,0,0,1,1,1.0,0,0,0,0,1,0,0,1,1,0,1,0,1,0,305000.0
4,3,1650.0,Freehold,16.0,470.0,Condominium,2.0,,Non Bumi Lot,Penang,9.0,8,0,0,0,0,0,0,0,1,1,,1,0,1,0,0,0,1,1,1,1,1,0,1,0,750000.0000000005
3,2,1023.0,Freehold,,1205.0,Condominium,2.0,High,Bumi Lot,Selangor,4.0,14,0,0,0,0,0,0,0,0,1,3.0,1,1,1,1,1,1,1,1,1,1,1,1,1,1,299999.9999999999
3,2,650.0,Freehold,10.0,,Apartment,,,Non Bumi Lot,Selangor,16.0,4,1,0,1,1,0,0,0,1,1,,0,0,0,0,0,1,0,1,1,0,1,0,0,0,194999.99999999994
3,2,992.0,Leasehold,,359.0,Apartment,1.0,High,Bumi Lot,Selangor,2.0,6,1,1,1,0,1,1,0,0,0,3.0,0,0,0,0,1,0,1,1,1,0,1,0,1,0,219999.99999999985
3,2,700.0,Freehold,,,Apartment,1.0,Low,Non Bumi Lot,Penang,,5,0,0,0,0,0,0,0,1,1,1.0,0,0,0,0,1,0,0,1,1,0,1,0,1,0,359999.99999999994
3,2,700.0,Freehold,18.0,182.0,Apartment,1.0,,Non Bumi Lot,Penang,17.0,6,0,0,0,0,0,0,0,1,1,,0,0,0,0,0,0,0,1,1,0,1,1,1,1,410000.00000000006
3,3,646.0,Freehold,4.0,,Flat,,Low,Non Bumi Lot,Selangor,,0,0,0,0,1,0,0,0,1,1,1.0,0,0,0,0,0,0,0,0,0,0,0,0,0,0,88000.00000000001
1,1,635.0,Freehold,,280.0,Service Residence,1.0,,Non Bumi Lot,Selangor,5.0,7,0,0,1,0,0,0,0,1,1,,0,0,1,0,1,0,1,1,1,0,1,0,1,0,350000.0000000001
2,2,800.0,Freehold,,1100.0,Service Residence,1.0,High,Non Bumi Lot,Kuala Lumpur,2.0,1,1,1,1,1,1,0,1,1,1,3.0,0,0,0,0,0,0,0,1,0,0,0,0,0,0,800000.0000000003
3,2,750.0,Leasehold,11.0,792.0,Apartment,1.0,High,Bumi Lot,Kuala Lumpur,21.0,6,1,0,1,1,0,0,1,0,0,3.0,0,0,0,0,1,1,0,1,1,0,1,0,1,0,249999.99999999983
3,2,700.0,Freehold,19.0,322.0,Apartment,1.0,Low,Non Bumi Lot,Penang,24.0,7,0,0,0,0,0,0,0,1,1,1.0,0,0,1,0,1,1,0,1,1,0,1,0,1,0,368000.00000000006
3,2,775.0,Leasehold,34.0,1502.0,Apartment,1.0,High,Non Bumi Lot,Kuala Lumpur,6.0,6,1,0,0,1,0,0,0,1,0,3.0,0,0,1,0,0,1,0,1,1,0,1,0,1,0,323999.9999999998
3,2,992.0,Freehold,5.0,,Apartment,,Medium,Bumi Lot,Selangor,,0,0,0,0,0,0,0,0,0,1,2.0,0,0,0,0,0,0,0,0,0,0,0,0,0,0,249999.99999999983
3,2,800.0,Freehold,23.0,433.0,Apartment,1.0,,Non Bumi Lot,Penang,24.0,9,0,0,0,0,0,0,0,1,1,,1,0,1,1,0,1,0,1,1,0,1,0,1,1,330000.0000000001
3,2,1100.0,Freehold,18.0,,Condominium,1.0,Medium,Non Bumi Lot,Kuala Lumpur,24.0,10,1,1,1,1,0,0,1,1,1,2.0,1,0,1,0,1,1,1,1,1,0,1,0,1,1,487999.99999999965
1,1,452.0,Freehold,12.0,136.0,Studio,1.0,High,Bumi Lot,Selangor,3.0,8,1,1,0,1,0,0,0,0,1,3.0,1,0,1,0,1,1,1,1,0,0,1,0,1,0,350000.0000000001
2,2,715.0,Freehold,,1388.0,Service Residence,1.0,High,Non Bumi Lot,Kuala Lumpur,7.0,10,1,0,0,1,0,0,0,1,1,3.0,1,0,1,0,1,1,1,1,1,1,1,0,1,0,480000.0000000003
3,2,1100.0,Freehold,25.0,1220.0,Condominium,1.0,,Non Bumi Lot,Kuala Lumpur,19.0,9,1,0,1,1,0,0,0,1,1,,1,0,1,0,0,1,0,1,1,1,1,0,1,1,400000.0000000002
1,1,550.0,Freehold,,,Condominium,1.0,,Non Bumi Lot,Selangor,,12,0,0,0,0,0,0,0,1,1,,1,0,1,1,1,1,1,1,1,1,1,0,1,1,269999.99999999977
3,3,1654.0,Freehold,15.0,198.0,Condominium,2.0,Low,Non Bumi Lot,Putrajaya,25.0,11,0,0,0,0,0,0,0,1,1,1.0,1,0,1,1,1,1,1,1,1,1,1,0,1,0,437400.0
3,2,1219.0,Freehold,24.0,1235.0,Condominium,2.0,High,Non Bumi Lot,Penang,2.0,9,0,0,0,0,0,0,0,1,1,3.0,1,0,1,1,1,0,0,1,1,1,1,0,1,0,814999.9999999999
3,2,2303.0,Freehold,,,Townhouse Condo,1.0,Low,Non Bumi Lot,Johor,,7,0,0,0,0,0,0,0,1,1,1.0,0,1,1,1,0,0,0,1,1,0,1,0,1,0,450000.00000000035
3,2,967.0,Freehold,,,Apartment,1.0,Medium,Non Bumi Lot,Selangor,,7,0,0,0,0,0,0,0,1,1,2.0,1,0,0,0,1,1,0,1,1,0,1,0,1,0,263000.00000000023
2,2,769.0,Freehold,21.0,613.0,Condominium,2.0,Medium,Non Bumi Lot,Johor,2.0,8,0,0,0,0,0,0,0,1,1,2.0,0,0,1,1,1,1,0,1,1,0,1,0,1,0,380000.0000000003
3,2,1001.0,Freehold,44.0,1400.0,Apartment,2.0,Medium,Non Bumi Lot,Kuala Lumpur,3.0,8,0,0,0,0,0,0,0,1,1,2.0,1,0,1,0,1,0,1,1,1,0,1,0,1,0,550000.0000000001
3,2,850.0,Freehold,29.0,,Apartment,1.0,High,Non Bumi Lot,Penang,15.0,3,0,0,0,0,0,0,0,1,1,3.0,0,0,0,0,1,0,0,1,0,0,1,0,0,0,340000.00000000006
3,2,811.0,Leasehold,,,Apartment,1.0,Medium,Non Bumi Lot,,,5,0,0,0,0,0,0,0,1,0,2.0,0,0,0,0,0,1,1,0,1,0,0,0,1,1,254999.99999999985
3,3,1288.0,Freehold,30.0,808.0,Condominium,1.0,,Non Bumi Lot,Penang,10.0,10,0,0,0,0,0,0,0,1,1,,0,0,1,0,1,1,0,1,1,1,1,1,1,1,695000.0000000003
3,2,1052.0,Freehold,,,Apartment,2.0,Medium,Non Bumi Lot,,,0,0,0,0,0,0,0,0,1,1,2.0,0,0,0,0,0,0,0,0,0,0,0,0,0,0,394999.99999999994
4,2,1000.0,Freehold,,,Condominium,2.0,Medium,Non Bumi Lot,Selangor,,9,0,0,0,0,0,0,0,1,1,2.0,1,0,1,1,1,0,1,1,1,0,1,0,1,0,439999.9999999997
3,2,1074.0,Leasehold,,,Condominium,2.0,Low,Non Bumi Lot,Kuala Lumpur,10.0,9,1,0,0,0,0,0,1,1,0,1.0,1,0,1,1,0,0,0,1,1,1,1,1,1,0,485000.00000000035
3,2,1165.0,Freehold,,406.0,Condominium,2.0,,Non Bumi Lot,Penang,2.0,10,0,0,0,0,0,0,0,1,1,,1,0,1,1,1,0,1,1,1,1,1,0,1,0,620000.0
1,1,500.0,Freehold,,177.0,Condominium,1.0,High,Non Bumi Lot,Pahang,9.0,10,0,0,0,0,0,0,0,1,1,3.0,1,0,1,0,1,1,1,1,1,1,1,0,1,0,450000.00000000035
3,2,870.0,Leasehold,18.0,,Apartment,1.0,High,Bumi Lot,Selangor,,8,0,0,0,0,0,0,0,0,0,3.0,0,0,1,0,1,1,0,1,1,0,1,1,1,0,260000.00000000015
3,2,1200.0,Freehold,20.0,771.0,Condominium,2.0,Low,Non Bumi Lot,Penang,7.0,9,0,0,0,0,0,0,0,1,1,1.0,1,0,1,1,1,0,1,1,1,0,1,0,1,0,570000.0
3,2,750.0,Freehold,,,Apartment,1.0,,Bumi Lot,Selangor,,0,0,0,0,0,0,0,0,0,1,,0,0,0,0,0,0,0,0,0,0,0,0,0,0,269999.99999999977
4,2,1390.0,Freehold,21.0,460.0,Service Residence,2.0,Low,Non Bumi Lot,Johor,9.0,11,0,0,0,0,0,0,0,1,1,1.0,1,1,1,1,1,1,1,1,1,0,1,0,1,0,469999.99999999994
4,2,1250.0,Freehold,,252.0,Condominium,2.0,High,Non Bumi Lot,Penang,7.0,8,0,0,0,0,0,0,0,1,1,3.0,1,0,0,1,1,0,0,1,1,1,1,0,1,0,735000.0000000003
3,2,720.0,Freehold,,,Apartment,,Low,Non Bumi Lot,Selangor,32.0,0,0,0,0,0,0,0,0,1,1,1.0,0,0,0,0,0,0,0,0,0,0,0,0,0,0,230000.0000000002
3,2,900.0,Freehold,20.0,290.0,Condominium,1.0,Medium,Non Bumi Lot,Kuala Lumpur,20.0,8,1,1,1,1,1,1,1,1,1,2.0,1,1,0,0,1,1,0,1,1,0,1,0,1,0,249999.99999999983
3,2,1295.0,Freehold,6.0,225.0,Condominium,2.0,Medium,Non Bumi Lot,Penang,8.0,13,0,0,0,0,0,0,0,1,1,2.0,1,1,1,1,1,1,0,1,1,1,1,1,1,1,524999.9999999998
3,2,670.0,Leasehold,,,Apartment,,Medium,Non Bumi Lot,Selangor,,2,0,0,0,0,0,0,0,1,0,2.0,0,0,0,0,0,1,0,0,0,0,0,0,1,0,165000.00000000006
3,2,870.0,Leasehold,29.0,391.0,Service Residence,1.0,Medium,Non Bumi Lot,Sabah,7.0,9,0,0,0,0,0,0,0,1,0,2.0,0,0,1,1,1,1,0,1,1,1,1,0,1,0,438000.0000000004
3,2,750.0,Freehold,21.0,838.0,Condominium,1.0,High,Non Bumi Lot,Penang,24.0,7,0,0,0,0,0,0,0,1,1,3.0,1,0,0,1,0,1,0,0,1,1,1,0,1,0,269999.99999999977
3,2,700.0,Leasehold,,,Apartment,2.0,Low,Non Bumi Lot,,,0,0,0,0,0,0,0,0,1,0,1.0,0,0,0,0,0,0,0,0,0,0,0,0,0,0,115000.00000000009
2,2,825.0,Leasehold,34.0,542.0,Service Residence,2.0,,Non Bumi Lot,Kuala Lumpur,6.0,6,0,1,1,1,0,0,1,1,0,,0,0,1,0,1,0,0,1,1,0,1,0,1,0,414999.9999999997
3,2,1018.0,Leasehold,16.0,1000.0,Condominium,1.0,Medium,Bumi Lot,Selangor,,7,1,1,1,1,0,0,1,0,0,2.0,0,0,0,1,1,0,1,1,1,0,1,0,1,0,334999.9999999998
3,2,864.0,Freehold,25.0,600.0,Condominium,2.0,,Non Bumi Lot,Selangor,8.0,0,0,0,0,0,0,0,0,1,1,,0,0,0,0,0,0,0,0,0,0,0,0,0,0,350000.0000000001
3,2,700.0,Freehold,18.0,136.0,Condominium,1.0,Medium,Non Bumi Lot,Penang,29.0,5,0,0,0,0,0,0,0,1,1,2.0,0,0,0,0,1,1,0,1,0,0,1,0,1,0,330000.0000000001
1,1,497.0,Freehold,12.0,240.0,Apartment,1.0,,Non Bumi Lot,Kuala Lumpur,,9,0,1,0,1,1,0,0,1,1,,1,0,0,1,1,1,1,1,1,0,1,0,1,0,285000.0
4,2,1495.0,Freehold,19.0,,Condominium,2.0,Medium,Non Bumi Lot,Penang,,7,0,0,0,0,0,0,0,1,1,2.0,0,0,1,0,1,0,1,1,1,0,1,0,1,0,469999.99999999994
1,2,1060.0,Freehold,17.0,160.0,Condominium,1.0,Low,Non Bumi Lot,Penang,,5,0,0,0,0,0,0,0,1,1,1.0,0,0,0,0,1,0,0,1,1,0,1,0,1,0,480000.0000000003
2,2,797.0,Leasehold,,,Condominium,1.0,,Non Bumi Lot,Johor,,11,0,0,0,0,0,0,0,1,0,,1,0,1,1,1,1,1,1,1,1,1,0,1,0,380789.9999999999
4,4,1982.0,Freehold,24.0,1235.0,Condominium,3.0,High,Non Bumi Lot,Penang,2.0,9,0,0,0,0,0,0,0,1,1,3.0,1,0,1,1,1,0,0,1,1,1,1,0,1,0,1600000.000000001
3,2,1212.0,Freehold,,538.0,Apartment,2.0,,Non Bumi Lot,Selangor,,14,0,0,0,0,0,0,0,1,1,,1,1,1,1,1,1,1,1,1,1,1,1,1,1,319999.9999999998
3,3,1200.0,Freehold,,,Condominium,2.0,High,Non Bumi Lot,Selangor,,14,0,0,0,0,0,0,0,1,1,3.0,1,1,1,1,1,1,1,1,1,1,1,1,1,1,499000.0000000004
2,1,936.0,Leasehold,,,Apartment,1.0,High,Non Bumi Lot,Penang,,9,0,0,0,0,0,0,0,1,0,3.0,0,1,1,1,1,1,1,1,1,0,1,0,0,0,298000.00000000023
3,2,1538.0,Freehold,14.0,1339.0,Condominium,,,Non Bumi Lot,Selangor,23.0,8,0,0,0,0,0,0,0,1,1,,0,0,1,0,1,1,0,1,1,1,1,0,1,0,269000.0000000002
3,2,1004.0,Freehold,,,Condominium,3.0,Medium,Non Bumi Lot,Kuala Lumpur,,14,0,0,0,0,0,0,0,1,1,2.0,1,1,1,1,1,1,1,1,1,1,1,1,1,1,400000.0000000002
3,2,1001.0,Freehold,22.0,246.0,Apartment,2.0,Medium,Non Bumi Lot,Selangor,17.0,5,0,0,0,0,0,0,0,1,1,2.0,0,0,0,0,1,1,0,1,1,0,1,0,0,0,279999.9999999998
3,2,1050.0,Leasehold,40.0,558.0,Service Residence,2.0,Medium,Non Bumi Lot,Kuala Lumpur,,8,1,1,1,0,0,1,0,1,0,2.0,1,0,1,0,1,0,1,1,1,0,1,0,1,0,575000.0
4,3,1645.0,Freehold,,,Condominium,2.0,,Non Bumi Lot,,,0,0,0,0,0,0,0,0,1,1,,0,0,0,0,0,0,0,0,0,0,0,0,0,0,505000.00000000006
3,2,947.0,Leasehold,,,Condominium,2.0,High,Non Bumi Lot,Kuala Lumpur,,6,1,0,1,1,0,0,1,1,0,3.0,0,0,1,0,1,0,0,1,1,0,1,0,1,0,424999.99999999965
3,3,1690.0,Leasehold,18.0,156.0,Condominium,3.0,Medium,Non Bumi Lot,Kuala Lumpur,9.0,10,0,0,0,0,0,0,0,1,0,2.0,1,1,1,0,1,1,1,1,1,0,1,0,1,0,758999.9999999994
3,2,893.0,Freehold,23.0,763.0,Condominium,,High,Non Bumi Lot,Selangor,6.0,8,0,0,0,0,0,0,0,1,1,3.0,1,0,1,1,0,0,1,1,1,0,1,0,1,0,420000.00000000023
3,2,700.0,Freehold,11.0,100.0,Apartment,1.0,Medium,Non Bumi Lot,Penang,28.0,2,0,0,0,0,0,0,0,1,1,2.0,0,0,0,0,0,0,0,1,0,0,1,0,0,0,260000.00000000015
2,2,812.0,Freehold,,,Service Residence,2.0,High,Non Bumi Lot,Kuala Lumpur,,14,1,0,1,1,0,0,0,1,1,3.0,1,1,1,1,1,1,1,1,1,1,1,1,1,1,900000.0000000007
3,2,1450.0,Freehold,3.0,186.0,Apartment,1.0,,Non Bumi Lot,Penang,34.0,3,0,0,0,0,0,0,0,1,1,,0,0,0,0,0,0,0,1,0,1,1,0,0,0,625000.0000000002
2,1,721.0,Leasehold,,594.0,Condominium,2.0,,Non Bumi Lot,Selangor,5.0,10,0,0,1,1,0,0,0,1,0,,1,1,1,1,0,0,1,1,1,1,1,0,1,0,579999.9999999999
3,2,850.0,Freehold,11.0,220.0,Apartment,1.0,,Non Bumi Lot,Selangor,,2,0,0,1,0,0,0,0,1,1,,0,0,0,0,0,0,0,1,0,0,1,0,0,0,289999.9999999999
3,2,850.0,Leasehold,9.0,,Apartment,,,Non Bumi Lot,Kuala Lumpur,,4,1,1,1,1,0,0,0,1,0,,0,0,0,0,0,0,0,1,1,0,1,0,1,0,205000.0
2,2,1033.0,Freehold,,,Condominium,,,Non Bumi Lot,Melaka,,6,0,0,0,0,0,0,0,1,1,,0,0,0,0,0,0,0,0,1,1,1,1,1,1,308000.00000000006
1,1,646.0,Freehold,20.0,306.0,Service Residence,,Medium,Non Bumi Lot,Johor,,2,0,0,0,0,0,0,0,1,1,2.0,0,0,0,0,0,0,0,1,0,0,1,0,0,0,334999.9999999998
3,2,833.0,Leasehold,5.0,,Apartment,1.0,Low,Bumi Lot,Selangor,,7,0,0,0,0,0,0,0,0,0,1.0,1,1,0,1,0,0,1,1,1,0,1,0,0,0,167999.99999999994
3,1,676.0,Freehold,,,Flat,,High,Non Bumi Lot,Selangor,,3,0,0,0,0,0,0,0,1,1,3.0,1,0,0,0,0,0,0,1,1,0,0,0,0,0,149999.99999999994
3,2,1023.0,Leasehold,40.0,1052.0,Condominium,2.0,Medium,Non Bumi Lot,Kuala Lumpur,3.0,14,0,1,1,1,0,0,1,1,0,2.0,1,1,1,1,1,1,1,1,1,1,1,1,1,1,539000.0000000001
3,2,830.0,Leasehold,21.0,,Condominium,2.0,,Non Bumi Lot,Selangor,19.0,6,0,0,0,0,0,0,0,1,0,,0,0,0,0,1,1,0,1,1,0,1,0,1,0,190000.00000000012
1,1,460.0,Leasehold,21.0,,Condominium,1.0,Medium,Non Bumi Lot,Selangor,19.0,9,0,0,0,0,0,0,0,1,0,2.0,0,0,1,1,1,1,0,1,1,0,1,0,1,1,172999.99999999985
3,2,850.0,Freehold,17.0,403.0,Condominium,1.0,,Non Bumi Lot,Kuala Lumpur,9.0,0,0,0,0,0,0,0,0,1,1,,0,0,0,0,0,0,0,0,0,0,0,0,0,0,380000.0000000003
3,2,975.0,Leasehold,42.0,916.0,Service Residence,2.0,,Non Bumi Lot,Selangor,5.0,8,0,0,0,1,0,0,0,1,0,,0,0,1,1,1,0,1,1,1,0,1,0,1,0,469999.99999999994
3,2,1087.0,Freehold,,148.0,Condominium,2.0,High,Non Bumi Lot,Penang,,8,0,0,0,0,0,0,0,1,1,3.0,1,1,1,0,0,0,0,1,1,1,1,0,1,0,445000.00000000023
3,2,750.0,Leasehold,18.0,200.0,Apartment,1.0,,Bumi Lot,Selangor,17.0,0,1,0,1,1,0,0,1,0,0,,0,0,0,0,0,0,0,0,0,0,0,0,0,0,264999.9999999999
3,2,940.0,Freehold,38.0,2647.0,Service Residence,,,Bumi Lot,Kuala Lumpur,4.0,0,0,0,0,0,0,0,0,0,1,,0,0,0,0,0,0,0,0,0,0,0,0,0,0,445000.00000000023
3,2,1012.0,Freehold,23.0,744.0,Service Residence,,Medium,Non Bumi Lot,Selangor,9.0,10,0,0,0,1,0,0,1,1,1,2.0,1,0,1,0,1,1,1,1,1,1,1,0,1,0,299999.9999999999
3,2,1004.0,Freehold,14.0,702.0,Apartment,1.0,High,Non Bumi Lot,Selangor,16.0,9,0,0,0,0,0,0,0,1,1,3.0,1,0,1,1,1,1,0,1,1,0,1,0,1,0,345000.00000000006
3,2,1288.0,Freehold,21.0,455.0,Condominium,,Medium,Non Bumi Lot,Selangor,8.0,7,0,0,0,0,0,0,0,1,1,2.0,1,0,1,1,0,0,1,0,1,0,1,0,1,0,319999.9999999998
4,2,1302.0,Freehold,17.0,91.0,Condominium,3.0,,Non Bumi Lot,Penang,7.0,9,0,0,0,0,0,0,0,1,1,,0,0,1,1,0,1,0,1,1,1,1,1,1,0,820000.0000000002
3,2,700.0,Freehold,10.0,360.0,Apartment,,High,Non Bumi Lot,Selangor,,5,0,0,1,1,1,1,0,1,1,3.0,0,0,0,0,0,0,1,1,1,0,1,0,1,0,269999.99999999977
3,2,755.0,Freehold,5.0,,Apartment,1.0,,Non Bumi Lot,Selangor,,0,0,0,0,0,0,0,0,1,1,,0,0,0,0,0,0,0,0,0,0,0,0,0,0,219999.99999999985
3,2,1200.0,Freehold,27.0,798.0,Condominium,2.0,Medium,Bumi Lot,Selangor,15.0,8,0,0,1,1,0,0,0,0,1,2.0,1,1,1,0,0,0,0,1,1,1,1,1,0,0,330000.0000000001
3,1,650.0,Leasehold,,,Flat,1.0,Medium,Non Bumi Lot,Selangor,,2,0,1,1,1,1,0,0,1,0,2.0,0,0,0,0,1,0,0,1,0,0,0,0,0,0,135000.00000000012
3,2,700.0,Leasehold,25.0,,Apartment,1.0,,Non Bumi Lot,Penang,,3,0,0,0,0,0,0,0,1,0,,0,0,0,0,1,0,0,1,0,0,1,0,0,0,249999.99999999983
3,2,1000.0,Freehold,32.0,71.0,Condominium,2.0,Medium,Non Bumi Lot,Penang,8.0,9,0,0,0,0,0,0,0,1,1,2.0,1,0,1,1,1,0,0,1,1,1,1,0,1,0,1500000.000000001
3,2,1399.0,Leasehold,,,Apartment,1.0,Low,Non Bumi Lot,Sarawak,,1,0,0,0,0,0,0,0,1,0,1.0,0,0,0,0,0,0,0,0,0,0,1,0,0,0,480000.0000000003
3,2,1175.0,Freehold,32.0,,Condominium,1.0,,Bumi Lot,Kuala Lumpur,28.0,7,0,0,0,0,0,0,0,0,1,,0,0,1,0,1,0,0,1,1,1,1,0,1,0,430000.0000000002
2,2,700.0,Leasehold,,,Apartment,,High,Bumi Lot,Johor,,2,0,0,0,0,0,0,0,0,0,3.0,0,0,0,0,0,1,0,0,1,0,0,0,0,0,139999.9999999999
3,2,1159.0,Freehold,,,Apartment,,Medium,Non Bumi Lot,Penang,,5,0,0,0,0,0,0,0,1,1,2.0,1,0,0,0,1,0,0,1,1,0,1,0,0,0,350000.0000000001
4,5,3735.0,Freehold,12.0,150.0,Condominium,2.0,High,Non Bumi Lot,Selangor,,4,0,0,0,0,0,0,0,1,1,3.0,0,0,0,0,0,0,0,1,1,0,1,0,1,0,1699999.999999999
5,4,2400.0,Freehold,33.0,540.0,Condominium,2.0,High,Non Bumi Lot,Selangor,8.0,6,0,0,0,0,0,0,0,1,1,3.0,0,0,0,0,0,1,0,1,1,1,1,0,1,0,1199999.9999999998
3,2,830.0,Leasehold,,,Apartment,1.0,Medium,Bumi Lot,Kuala Lumpur,,6,1,0,1,1,1,0,0,0,0,2.0,0,0,0,0,0,1,1,1,1,0,1,0,1,0,340000.00000000006
3,2,1399.0,Freehold,20.0,1400.0,Condominium,1.0,High,Bumi Lot,Kuala Lumpur,15.0,5,1,0,1,1,0,0,1,0,1,3.0,0,0,1,0,0,0,0,1,1,0,1,0,1,0,520000.0000000003
3,2,914.0,Leasehold,21.0,565.0,Apartment,1.0,,Non Bumi Lot,Johor,17.0,8,0,0,0,0,0,0,0,1,0,,1,0,1,1,0,0,0,1,1,0,1,0,1,1,288000.00000000023
3,2,645.0,Freehold,,,Flat,,Medium,Non Bumi Lot,Penang,,1,0,0,0,0,0,0,0,1,1,2.0,0,0,0,0,0,0,0,1,0,0,0,0,0,0,105000.00000000004
2,1,550.0,Freehold,,,Apartment,,Medium,Non Bumi Lot,Penang,,0,0,0,0,0,0,0,0,1,1,2.0,0,0,0,0,0,0,0,0,0,0,0,0,0,0,158000.00000000012
3,2,1496.0,Freehold,46.0,1134.0,Condominium,2.0,High,Non Bumi Lot,Johor,6.0,11,0,0,0,0,0,0,0,1,1,3.0,1,0,1,1,1,1,1,1,1,1,1,0,1,0,597999.9999999997
3,3,1300.0,Freehold,26.0,548.0,Condominium,2.0,Medium,Non Bumi Lot,Penang,7.0,14,0,0,0,0,0,0,0,1,1,2.0,1,1,1,1,1,1,1,1,1,1,1,1,1,1,740000.0000000003
2,1,570.0,Freehold,,,Flat,1.0,Low,Non Bumi Lot,Johor,,5,0,0,0,0,0,0,0,1,1,1.0,1,0,0,1,0,1,0,1,1,0,0,0,0,0,175000.00000000003
2,2,806.0,Leasehold,,,Apartment,,,Non Bumi Lot,Sarawak,,0,0,0,0,0,0,0,0,1,0,,0,0,0,0,0,0,0,0,0,0,0,0,0,0,338999.9999999998
4,4,2300.0,Freehold,22.0,79.0,Condominium,2.0,Low,Non Bumi Lot,Penang,24.0,9,0,0,0,0,0,0,0,1,1,1.0,1,0,1,1,1,0,1,1,1,0,1,0,1,0,1817999.9999999998
3,2,926.0,Freehold,,382.0,Apartment,,High,Non Bumi Lot,Johor,5.0,0,0,0,0,0,0,0,0,1,1,3.0,0,0,0,0,0,0,0,0,0,0,0,0,0,0,398999.99999999965
2,1,809.0,Freehold,,247.0,Service Residence,1.0,Low,Bumi Lot,Selangor,5.0,9,1,0,0,0,0,1,1,0,1,1.0,1,0,1,1,1,1,0,1,1,0,1,0,1,0,649999.9999999998
2,1,512.0,Leasehold,,,Condominium,,Low,Non Bumi Lot,Sabah,,6,0,0,0,0,0,0,0,1,0,1.0,0,0,1,1,0,0,0,1,1,0,1,0,1,0,230000.0000000002
3,2,721.0,Leasehold,15.0,,Apartment,1.0,Medium,Bumi Lot,Kuala Lumpur,15.0,6,1,1,0,1,0,1,1,0,0,2.0,0,0,0,1,1,1,0,1,1,0,1,0,0,0,229998.9999999998
3,2,904.0,Leasehold,,,Apartment,1.0,,Non Bumi Lot,Penang,,6,0,0,0,0,0,0,0,1,0,,0,0,1,1,1,0,0,1,1,0,1,0,0,0,269999.99999999977
4,2,838.0,Leasehold,15.0,,Apartment,2.0,Medium,Bumi Lot,Selangor,,2,1,0,0,1,0,0,0,0,0,2.0,0,0,0,0,0,0,0,1,0,0,1,0,0,0,319999.9999999998
3,2,700.0,Freehold,30.0,500.0,Apartment,1.0,,Non Bumi Lot,Penang,11.0,9,0,0,0,0,0,0,0,1,1,,1,0,1,1,1,0,1,1,1,0,1,0,1,0,384999.9999999997
2,1,500.0,Freehold,,,Flat,,High,Bumi Lot,Penang,,0,0,0,0,0,0,0,0,0,1,3.0,0,0,0,0,0,0,0,0,0,0,0,0,0,0,124999.99999999991
3,2,1100.0,Freehold,,,Condominium,2.0,Medium,Non Bumi Lot,Selangor,,14,0,0,0,0,0,0,0,1,1,2.0,1,1,1,1,1,1,1,1,1,1,1,1,1,1,389999.99999999994
4,4,2045.0,Leasehold,10.0,733.0,Condominium,2.0,Medium,Bumi Lot,Selangor,17.0,10,0,0,0,0,0,0,0,0,0,2.0,1,0,1,0,1,0,1,1,1,1,1,0,1,1,599999.9999999999
3,2,800.0,Leasehold,,1900.0,Apartment,2.0,Medium,Non Bumi Lot,Penang,7.0,3,0,0,0,0,0,0,0,1,0,2.0,0,0,0,0,1,0,0,1,0,0,1,0,0,0,420000.00000000023
3,2,900.0,Freehold,33.0,490.0,Condominium,2.0,High,Non Bumi Lot,Penang,3.0,9,0,0,0,0,0,0,0,1,1,3.0,1,0,1,1,1,0,1,1,1,0,1,0,1,0,489999.9999999997
3,2,1068.0,Leasehold,,944.0,Condominium,1.0,High,Non Bumi Lot,Johor,7.0,10,0,0,0,0,0,0,0,1,0,3.0,0,0,1,1,1,1,0,1,1,1,1,1,1,0,445000.00000000023
3,2,1200.0,Freehold,22.0,504.0,Condominium,1.0,,Non Bumi Lot,Penang,29.0,0,0,0,0,0,0,0,0,1,1,,0,0,0,0,0,0,0,0,0,0,0,0,0,0,428000.0000000002
3,2,1173.0,Freehold,,,Apartment,1.0,High,Non Bumi Lot,Perak,,9,0,0,0,0,0,0,0,1,1,3.0,1,0,1,1,1,0,1,1,1,0,1,0,1,0,365000.00000000023
3,2,850.0,Leasehold,18.0,200.0,Apartment,,,Non Bumi Lot,Selangor,17.0,10,1,0,1,1,0,0,1,1,0,,1,1,0,1,1,1,1,1,1,0,1,0,1,0,269999.99999999977
2,1,592.0,Freehold,4.0,192.0,Apartment,,Low,Bumi Lot,Kuala Lumpur,,3,1,1,0,1,1,0,1,0,1,1.0,0,0,0,0,0,0,0,1,1,0,1,0,0,0,260000.00000000015
3,2,950.0,Leasehold,,,Apartment,,High,Non Bumi Lot,Johor,,0,0,0,0,0,0,0,0,1,0,3.0,0,0,0,0,0,0,0,0,0,0,0,0,0,0,288000.00000000023
2,2,847.0,Freehold,35.0,,Service Residence,,,Non Bumi Lot,Selangor,7.0,0,0,0,0,0,0,0,0,1,1,,0,0,0,0,0,0,0,0,0,0,0,0,0,0,439999.9999999997
3,3,1711.0,Leasehold,,,Condominium,1.0,High,Non Bumi Lot,Sarawak,,0,0,0,0,0,0,0,0,1,0,3.0,0,0,0,0,0,0,0,0,0,0,0,0,0,0,469999.99999999994
3,2,883.0,Leasehold,33.0,746.0,Service Residence,,,Non Bumi Lot,Selangor,2.0,9,1,0,0,1,0,0,0,1,0,,1,0,1,1,1,0,1,0,1,1,1,0,1,0,218700.0
2,1,513.0,Freehold,,,Flat,1.0,High,Non Bumi Lot,Johor,,4,0,0,0,0,0,0,0,1,1,3.0,0,0,0,1,0,1,0,1,1,0,0,0,0,0,79900.00000000003
3,2,1050.0,Freehold,,1200.0,Condominium,,,Non Bumi Lot,Selangor,4.0,0,0,0,0,0,0,0,0,1,1,,0,0,0,0,0,0,0,0,0,0,0,0,0,0,289999.9999999999
1,1,560.0,Freehold,38.0,1033.0,Service Residence,,High,Non Bumi Lot,Kuala Lumpur,11.0,11,1,1,1,1,1,0,1,1,1,3.0,1,0,1,0,1,1,1,1,1,1,1,1,1,0,388000.0
3,2,771.0,Leasehold,4.0,496.0,Apartment,2.0,,Non Bumi Lot,Sarawak,,0,0,0,0,0,0,0,0,1,0,,0,0,0,0,0,0,0,0,0,0,0,0,0,0,279999.9999999998
3,2,992.0,Freehold,5.0,,Flat,,Medium,Bumi Lot,Selangor,,4,0,0,0,0,0,0,0,0,1,2.0,0,0,0,1,0,0,0,1,1,0,1,0,0,0,200000.00000000006
3,2,1085.0,Freehold,5.0,469.0,Apartment,,Medium,Non Bumi Lot,Selangor,7.0,4,0,0,0,0,0,0,0,1,1,2.0,0,0,0,1,0,0,0,1,1,0,1,0,0,0,317999.99999999994
3,2,850.0,Leasehold,,120.0,Apartment,,Low,Bumi Lot,Selangor,10.0,3,1,0,0,1,0,0,0,0,0,1.0,0,0,1,0,0,0,0,1,1,0,0,0,0,0,254999.99999999985
3,2,850.0,Freehold,35.0,1843.0,Service Residence,1.0,Medium,Bumi Lot,Johor,4.0,14,0,0,0,0,0,0,0,0,1,2.0,1,1,1,1,1,1,1,1,1,1,1,1,1,1,345000.00000000006
2,2,948.0,Leasehold,,,Condominium,1.0,,Non Bumi Lot,Sarawak,,5,0,0,0,0,0,0,0,1,0,,0,0,1,0,1,0,0,1,0,0,1,0,1,0,687999.9999999998
3,2,750.0,Freehold,20.0,608.0,Apartment,1.0,Low,Non Bumi Lot,Penang,,6,0,0,0,0,0,0,0,1,1,1.0,0,0,0,1,1,0,1,1,1,0,1,0,0,0,340000.00000000006
3,2,1004.0,Leasehold,,,Condominium,1.0,High,Non Bumi Lot,Sarawak,,8,0,0,0,0,0,0,0,1,0,3.0,0,0,1,1,1,0,0,1,1,1,1,0,1,0,715000.0000000003
3,2,762.0,Freehold,,,Apartment,1.0,Medium,Non Bumi Lot,Selangor,,0,0,0,1,1,0,0,0,1,1,2.0,0,0,0,0,0,0,0,0,0,0,0,0,0,0,210000.0000000001
3,2,1095.0,Freehold,38.0,434.0,Condominium,1.0,Medium,Non Bumi Lot,Penang,7.0,7,0,0,0,0,0,0,0,1,1,2.0,1,0,1,1,0,0,0,0,1,1,1,0,1,0,564999.9999999995
3,2,660.0,Freehold,,,Apartment,,Medium,Bumi Lot,Negeri Sembilan,,2,0,0,0,0,0,0,0,0,1,2.0,0,0,0,0,0,1,0,1,0,0,0,0,0,0,120000.00000000006
4,3,1396.0,Leasehold,20.0,899.0,Condominium,2.0,Medium,Non Bumi Lot,Selangor,10.0,14,0,0,0,0,0,0,0,1,0,2.0,1,1,1,1,1,1,1,1,1,1,1,1,1,1,489999.9999999997
3,2,1055.0,Freehold,15.0,336.0,Condominium,1.0,High,Non Bumi Lot,Penang,25.0,10,0,0,0,0,0,0,0,1,1,3.0,1,0,1,0,0,1,0,1,1,1,1,1,1,1,420000.00000000023
3,2,1530.0,Freehold,12.0,90.0,Condominium,,Low,Non Bumi Lot,Kuala Lumpur,,8,0,0,1,1,0,0,1,1,1,1.0,1,0,0,0,1,0,1,1,1,1,1,0,1,0,628887.9999999997
3,2,900.0,Freehold,,,Condominium,2.0,Medium,Non Bumi Lot,Johor,,8,0,0,0,0,0,0,0,1,1,2.0,1,1,1,0,0,1,0,1,1,0,1,0,1,0,249999.99999999983
4,2,1181.0,Leasehold,18.0,608.0,Condominium,2.0,Low,Bumi Lot,Kuala Lumpur,13.0,9,1,1,1,1,0,0,1,0,0,1.0,1,0,1,0,1,1,1,1,1,0,1,0,1,0,459999.9999999996
3,2,750.0,Freehold,,,Condominium,1.0,Medium,Non Bumi Lot,Penang,,10,0,0,0,0,0,0,0,1,1,2.0,1,1,1,1,1,1,1,1,1,0,1,0,0,0,285000.0
3,2,1372.0,Freehold,14.0,539.0,Condominium,2.0,,Non Bumi Lot,Selangor,8.0,11,0,1,1,0,0,1,1,1,1,,1,1,1,1,0,0,1,1,1,1,1,0,1,1,680000.0000000001
3,2,920.0,Leasehold,15.0,690.0,Condominium,2.0,,Non Bumi Lot,Kuala Lumpur,24.0,8,1,0,1,1,0,0,1,1,0,,1,0,1,0,1,1,0,1,1,0,1,0,1,0,330000.0000000001
4,2,1000.0,Leasehold,14.0,504.0,Apartment,2.0,,Bumi Lot,Kuala Lumpur,,5,0,0,0,0,0,0,0,0,0,,0,0,0,0,1,1,0,1,1,0,1,0,0,0,400000.0000000002
3,2,1540.0,Leasehold,16.0,,Condominium,2.0,,Non Bumi Lot,Selangor,,9,0,0,0,0,0,0,0,1,0,,0,0,1,1,1,1,0,1,1,1,1,0,1,0,867999.9999999993
3,2,850.0,Leasehold,,,Apartment,1.0,High,Non Bumi Lot,Sabah,,3,0,0,0,0,0,0,0,1,0,3.0,0,0,0,0,1,0,0,1,0,0,1,0,0,0,200000.00000000006
4,3,2335.0,Freehold,38.0,420.0,Condominium,4.0,,Non Bumi Lot,Penang,12.0,14,0,0,0,0,0,0,0,1,1,,1,1,1,1,1,1,1,1,1,1,1,1,1,1,1150000.0
3,2,1946.0,Freehold,42.0,150.0,Condominium,3.0,Low,Non Bumi Lot,Penang,3.0,11,0,0,0,0,0,0,0,1,1,1.0,1,0,1,1,1,1,1,1,1,1,1,0,1,0,900000.0000000007
4,4,2200.0,Freehold,,,Condominium,4.0,High,Non Bumi Lot,Penang,,2,0,0,0,0,0,0,0,1,1,3.0,0,0,0,0,1,0,1,0,0,0,0,0,0,0,1049999.9999999998
3,2,990.0,Leasehold,,,Apartment,1.0,Low,Bumi Lot,Johor,,14,0,0,0,0,0,0,0,0,0,1.0,1,1,1,1,1,1,1,1,1,1,1,1,1,1,289999.9999999999
2,1,450.0,Leasehold,,,Flat,,,Non Bumi Lot,Sarawak,,0,0,0,0,0,0,0,0,1,0,,0,0,0,0,0,0,0,0,0,0,0,0,0,0,78000.00000000004
1,1,552.0,Leasehold,,,Service Residence,,High,Non Bumi Lot,Sabah,,12,0,0,0,0,0,0,0,1,0,3.0,1,1,1,1,1,1,1,1,1,1,1,0,1,0,690000.0000000002
3,1,650.0,Freehold,,,Apartment,,,Non Bumi Lot,Penang,,4,0,0,0,0,0,0,0,1,1,,0,0,0,0,1,0,1,1,0,0,1,0,0,0,269999.99999999977
3,2,1432.0,Leasehold,,684.0,Condominium,2.0,High,Non Bumi Lot,Sarawak,,10,0,0,0,0,0,0,0,1,0,3.0,0,1,1,1,1,0,1,1,1,1,1,0,1,0,700000.0000000002
3,2,1168.0,Freehold,24.0,467.0,Condominium,2.0,Medium,Non Bumi Lot,Kuala Lumpur,10.0,10,1,0,1,1,0,0,0,1,1,2.0,0,1,1,1,1,1,1,1,1,0,1,0,1,0,677999.9999999997
3,2,925.0,Freehold,5.0,,Apartment,1.0,Low,Non Bumi Lot,Selangor,,6,1,0,1,1,0,0,0,1,1,1.0,1,0,0,1,0,1,0,1,1,0,1,0,0,0,368000.00000000006
3,2,1302.0,Leasehold,4.0,199.0,Apartment,1.0,Medium,Bumi Lot,Selangor,13.0,5,0,0,0,0,0,0,0,0,0,2.0,0,1,1,0,0,0,0,0,1,0,1,0,1,0,330000.0000000001
2,2,802.0,Freehold,33.0,490.0,Condominium,,High,Non Bumi Lot,Penang,3.0,10,0,0,0,0,0,0,0,1,1,3.0,1,0,1,1,1,1,1,1,1,0,1,0,1,0,410000.00000000006
3,2,700.0,Leasehold,,,Apartment,1.0,,Non Bumi Lot,Selangor,,4,0,0,0,0,0,0,0,1,0,,0,0,0,1,0,0,0,1,0,0,1,0,1,0,179999.99999999997
4,2,1400.0,Freehold,12.0,90.0,Condominium,2.0,Low,Non Bumi Lot,Kuala Lumpur,,14,0,0,1,1,0,0,1,1,1,1.0,1,1,1,1,1,1,1,1,1,1,1,1,1,1,604000.0000000005
3,2,850.0,Leasehold,20.0,1440.0,Condominium,1.0,Medium,Non Bumi Lot,Selangor,8.0,2,0,0,0,0,0,0,0,1,0,2.0,0,0,0,0,0,0,0,1,0,0,1,0,0,0,244999.99999999983
1,1,590.0,Freehold,38.0,1033.0,Service Residence,1.0,High,Non Bumi Lot,Kuala Lumpur,11.0,11,1,1,1,1,1,0,1,1,1,3.0,1,0,1,0,1,1,1,1,1,1,1,1,1,0,459999.9999999996
3,2,1060.0,Freehold,25.0,237.0,Condominium,2.0,Medium,Non Bumi Lot,Penang,27.0,4,0,0,0,0,0,0,0,1,1,2.0,0,0,0,0,1,0,0,1,0,0,1,0,1,0,480000.0000000003
3,2,798.0,Leasehold,,,Apartment,,Medium,Bumi Lot,Perak,,6,0,0,0,0,0,0,0,0,0,2.0,0,0,0,0,1,1,0,1,1,0,1,0,1,0,210000.0000000001
4,2,1142.0,Leasehold,24.0,900.0,Condominium,1.0,Medium,Non Bumi Lot,Kuala Lumpur,8.0,5,0,0,0,0,0,0,0,1,0,2.0,0,0,1,0,0,1,0,0,1,1,1,0,0,0,430000.0000000002
3,2,900.0,Leasehold,,,Apartment,,,Non Bumi Lot,Melaka,,0,0,0,0,0,0,0,0,1,0,,0,0,0,0,0,0,0,0,0,0,0,0,0,0,175000.00000000003
3,2,743.0,Freehold,,,Apartment,1.0,Low,Non Bumi Lot,Selangor,,3,0,0,0,0,0,0,0,1,1,1.0,0,0,0,0,1,0,0,1,1,0,0,0,0,0,219999.99999999985
3,3,1124.0,Freehold,22.0,616.0,Service Residence,2.0,High,Non Bumi Lot,Selangor,7.0,6,1,1,1,0,1,0,1,1,1,3.0,0,0,1,0,0,0,1,1,1,0,1,0,1,0,499999.9999999997
1,1,535.0,Freehold,,,Service Residence,,,Non Bumi Lot,Johor,,7,0,0,0,0,0,0,0,1,1,,0,0,1,0,1,0,1,1,0,1,1,0,1,0,330000.0000000001
2,2,871.0,Freehold,,316.0,Service Residence,,Medium,Non Bumi Lot,Johor,,2,0,0,0,0,0,0,0,1,1,2.0,0,0,0,0,0,0,0,1,0,0,1,0,0,0,428000.0000000002
3,2,750.0,Freehold,5.0,,Apartment,,Low,Non Bumi Lot,Selangor,,1,0,0,1,0,0,0,0,1,1,1.0,0,0,0,0,0,0,0,1,0,0,0,0,0,0,355000.0
3,1,700.0,Freehold,,,Flat,,,Non Bumi Lot,Melaka,,0,0,0,0,0,0,0,0,1,1,,0,0,0,0,0,0,0,0,0,0,0,0,0,0,149999.99999999994
3,2,1600.0,Freehold,12.0,150.0,Service Residence,1.0,Low,Non Bumi Lot,Kuala Lumpur,,8,1,0,1,0,1,0,0,1,1,1.0,1,0,1,1,1,0,0,1,1,0,1,0,1,0,715000.0000000003
3,2,1250.0,Freehold,,461.0,Condominium,2.0,High,Bumi Lot,Selangor,5.0,8,0,0,0,0,0,0,0,0,1,3.0,0,0,1,1,1,0,1,1,1,0,1,0,1,0,520000.0000000003
2,1,484.0,Freehold,,,Apartment,,Low,Bumi Lot,Selangor,,4,0,0,0,0,0,1,0,0,1,1.0,1,0,0,0,0,1,0,1,1,0,0,0,0,0,95000.00000000006
3,2,1200.0,Freehold,,,Condominium,2.0,Medium,Non Bumi Lot,Putrajaya,,14,0,0,0,0,0,0,0,1,1,2.0,1,1,1,1,1,1,1,1,1,1,1,1,1,1,590000.0000000001
3,3,1206.0,Freehold,11.0,488.0,Condominium,1.0,Low,Non Bumi Lot,Johor,8.0,0,0,0,0,0,0,0,0,1,1,1.0,0,0,0,0,0,0,0,0,0,0,0,0,0,0,448000.0000000002
3,2,1052.0,Freehold,,,Condominium,2.0,High,Bumi Lot,Selangor,,9,0,0,0,0,0,0,0,0,1,3.0,1,0,1,0,1,1,1,1,1,0,1,0,1,0,370000.0000000001
3,2,650.0,Freehold,,,Flat,1.0,Medium,Non Bumi Lot,Johor,,4,0,0,0,0,0,0,0,1,1,2.0,0,0,0,1,0,0,0,1,1,0,1,0,0,0,135000.00000000012
3,2,850.0,Freehold,,536.0,Apartment,2.0,Low,Non Bumi Lot,Selangor,,3,1,0,0,0,1,0,0,1,1,1.0,0,0,0,0,0,0,0,1,1,0,1,0,0,0,299999.9999999999
3,2,692.0,Freehold,,,Flat,1.0,Medium,Non Bumi Lot,Johor,,3,0,0,0,0,0,0,0,1,1,2.0,0,0,0,0,0,1,0,1,1,0,0,0,0,0,137999.99999999988
2,1,521.0,Freehold,13.0,1020.0,Apartment,,Medium,Non Bumi Lot,Penang,,0,0,0,0,0,0,0,0,1,1,2.0,0,0,0,0,0,0,0,0,0,0,0,0,0,0,130000.00000000006
2,1,581.0,Leasehold,,,Flat,,Low,Bumi Lot,Johor,,2,0,0,0,0,0,0,0,0,0,1.0,0,0,0,0,0,1,0,0,1,0,0,0,0,0,149999.99999999994
2,2,950.0,Freehold,,450.0,Condominium,2.0,,Non Bumi Lot,Penang,1.0,0,0,0,0,0,0,0,0,1,1,,0,0,0,0,0,0,0,0,0,0,0,0,0,0,919999.9999999993
3,2,650.0,Leasehold,,,Flat,,,Non Bumi Lot,Penang,,4,0,0,0,0,0,0,0,1,0,,0,0,0,0,1,1,0,1,0,0,1,0,0,0,175000.00000000003
3,2,650.0,Leasehold,,,Apartment,,High,Non Bumi Lot,,,0,0,0,0,0,0,0,0,1,0,3.0,0,0,0,0,0,0,0,0,0,0,0,0,0,0,105000.00000000004
3,2,800.0,Leasehold,,,Apartment,,Medium,Non Bumi Lot,Kuala Lumpur,,1,0,1,1,1,1,0,1,1,0,2.0,0,0,0,0,0,1,0,0,0,0,0,0,0,0,167999.99999999994
3,2,753.0,Leasehold,,,Apartment,1.0,Medium,Non Bumi Lot,Selangor,,0,0,0,0,1,0,0,0,1,0,2.0,0,0,0,0,0,0,0,0,0,0,0,0,0,0,178999.99999999994
2,2,1100.0,Freehold,20.0,320.0,Condominium,1.0,Medium,Non Bumi Lot,Kuala Lumpur,,10,1,0,1,0,1,0,0,1,1,2.0,1,0,1,1,1,1,0,1,1,0,1,1,1,0,299999.9999999999
1,1,422.0,Leasehold,,,Service Residence,2.0,Medium,Non Bumi Lot,Pahang,5.0,5,0,0,0,0,0,0,0,1,0,2.0,0,0,1,0,1,0,0,1,0,0,1,0,1,0,400000.0000000002
3,2,657.0,Leasehold,,,Flat,,Medium,Non Bumi Lot,Kuala Lumpur,,1,1,0,1,1,0,0,1,1,0,2.0,0,0,0,0,0,0,0,0,1,0,0,0,0,0,215000.00000000006
3,2,700.0,Freehold,23.0,,Apartment,1.0,,Non Bumi Lot,Penang,14.0,7,0,0,0,0,0,0,0,1,1,,1,0,1,1,0,0,1,1,1,0,1,0,0,0,380000.0000000003
3,2,828.0,Freehold,11.0,1240.0,Condominium,1.0,Medium,Non Bumi Lot,Kuala Lumpur,23.0,6,0,1,1,1,0,0,1,1,1,2.0,0,0,0,1,1,1,0,1,1,0,1,0,0,0,312799.99999999994
3,2,1109.0,Freehold,,,Condominium,,Medium,Non Bumi Lot,Johor,,0,0,0,0,0,0,0,0,1,1,2.0,0,0,0,0,0,0,0,0,0,0,0,0,0,0,388000.0
2,1,519.0,Leasehold,,,Flat,,High,Bumi Lot,Selangor,,3,0,1,1,1,1,0,1,0,0,3.0,0,0,0,0,0,1,0,1,1,0,0,0,0,0,142000.00000000012
3,2,957.0,Freehold,,,Apartment,,Medium,Non Bumi Lot,Selangor,,3,0,0,0,0,0,0,0,1,1,2.0,0,0,0,0,0,1,0,1,0,0,1,0,0,0,212000.00000000012
3,2,720.0,Freehold,,,Apartment,,Medium,Non Bumi Lot,Penang,,2,0,0,0,0,0,0,0,1,1,2.0,0,0,0,0,1,0,0,0,0,0,1,0,0,0,190000.00000000012
3,2,1000.0,Freehold,,,Condominium,1.0,Low,Bumi Lot,Sabah,,6,0,0,0,0,0,0,0,0,1,1.0,0,0,1,0,1,0,0,1,1,0,1,0,1,0,299999.9999999999
3,2,800.0,Leasehold,,,Apartment,1.0,Low,Bumi Lot,Selangor,,6,0,0,0,0,0,0,0,0,0,1.0,0,0,0,1,1,0,0,1,1,0,1,0,1,0,240000.00000000015
4,2,1271.0,Freehold,30.0,410.0,Condominium,2.0,Medium,Non Bumi Lot,Penang,6.0,0,0,0,0,0,0,0,0,1,1,2.0,0,0,0,0,0,0,0,0,0,0,0,0,0,0,660000.0000000003
3,2,678.0,Freehold,,,Flat,,Medium,Bumi Lot,Negeri Sembilan,,2,0,0,0,0,0,0,0,0,1,2.0,0,0,0,0,0,1,0,0,1,0,0,0,0,0,79000.00000000006
3,2,1055.0,Freehold,22.0,246.0,Apartment,2.0,High,Non Bumi Lot,Selangor,17.0,5,0,0,0,0,0,0,0,1,1,3.0,0,0,0,1,1,1,0,1,0,0,1,0,0,0,279999.9999999998
3,2,861.0,Freehold,5.0,,Service Residence,1.0,Low,Non Bumi Lot,Selangor,,5,1,0,1,1,0,0,0,1,1,1.0,1,0,0,1,0,0,0,1,1,0,1,0,0,0,450000.00000000035
3,2,650.0,Freehold,17.0,,Apartment,1.0,High,Non Bumi Lot,Penang,,3,0,0,0,0,0,0,0,1,1,3.0,0,0,0,0,1,0,0,1,0,0,1,0,0,0,285000.0
4,2,1262.0,Freehold,5.0,,Apartment,2.0,Medium,Non Bumi Lot,Selangor,,6,0,0,0,0,0,1,0,1,1,2.0,0,0,1,0,1,0,0,1,1,0,1,0,1,0,410000.00000000006
2,1,650.0,Leasehold,,,Apartment,,High,Bumi Lot,Kuala Lumpur,,0,0,0,0,0,0,0,0,0,0,3.0,0,0,0,0,0,0,0,0,0,0,0,0,0,0,200000.00000000006
3,2,1000.0,Freehold,,,Apartment,,Low,Non Bumi Lot,Melaka,,5,0,0,0,0,0,0,0,1,1,1.0,0,0,0,1,1,0,0,1,1,0,1,0,0,0,254999.99999999985
4,2,864.0,Leasehold,,,Flat,1.0,Low,Non Bumi Lot,Labuan,,0,0,0,0,0,0,0,0,1,0,1.0,0,0,0,0,0,0,0,0,0,0,0,0,0,0,170000.0
1,2,575.0,Freehold,,272.0,Service Residence,1.0,Medium,Non Bumi Lot,Selangor,14.0,8,1,1,0,0,0,0,0,1,1,2.0,0,0,1,0,1,1,0,1,1,0,1,0,1,1,225000.00000000015
3,2,738.0,Leasehold,,,Apartment,1.0,High,Non Bumi Lot,Selangor,,6,0,0,0,0,0,0,0,1,0,3.0,0,0,1,0,1,0,0,1,1,0,1,0,1,0,230000.0000000002
3,2,818.0,Freehold,16.0,730.0,Apartment,2.0,Medium,Bumi Lot,Selangor,5.0,5,0,0,1,0,0,0,0,0,1,2.0,0,0,0,0,1,0,1,1,1,0,1,0,0,0,289999.9999999999
3,2,850.0,Leasehold,16.0,488.0,Condominium,2.0,Low,Non Bumi Lot,Penang,25.0,7,0,0,0,0,0,0,0,1,0,1.0,1,0,1,1,0,0,0,1,1,0,1,0,1,0,439999.9999999997
1,1,463.0,Leasehold,,,Condominium,1.0,High,Non Bumi Lot,Johor,,14,0,0,0,0,0,0,0,1,0,3.0,1,1,1,1,1,1,1,1,1,1,1,1,1,1,208999.99999999994
3,2,882.0,Freehold,31.0,360.0,Condominium,1.0,Low,Non Bumi Lot,Penang,27.0,7,0,0,0,0,0,0,0,1,1,1.0,0,0,1,0,1,1,0,1,1,0,1,0,1,0,249999.99999999983
2,1,615.0,Freehold,22.0,1343.0,Condominium,1.0,,Non Bumi Lot,Penang,6.0,13,0,0,0,0,0,0,0,1,1,,0,1,1,1,1,1,1,1,1,1,1,1,1,1,550000.0000000001
3,2,887.0,Freehold,30.0,808.0,Condominium,2.0,Low,Non Bumi Lot,Penang,10.0,10,0,0,0,0,0,0,0,1,1,1.0,0,0,1,0,1,1,0,1,1,1,1,1,1,1,480000.0000000003
3,2,790.0,Freehold,,,Apartment,,Medium,Non Bumi Lot,Selangor,9.0,0,1,0,0,1,0,0,0,1,1,2.0,0,0,0,0,0,0,0,0,0,0,0,0,0,0,163000.00000000012
3,2,1261.0,Freehold,26.0,344.0,Condominium,2.0,High,Non Bumi Lot,Kuala Lumpur,4.0,10,1,1,0,1,0,0,1,1,1,3.0,1,0,1,0,1,1,1,1,1,1,1,0,1,0,659900.0000000006
2,2,847.0,Freehold,35.0,,Service Residence,2.0,,Non Bumi Lot,Selangor,7.0,9,0,0,0,0,0,0,0,1,1,,1,1,1,0,1,0,1,1,1,0,1,0,1,0,459999.9999999996
3,2,901.0,Leasehold,20.0,606.0,Condominium,1.0,High,Non Bumi Lot,Selangor,18.0,13,0,0,1,1,0,0,0,1,0,3.0,1,1,1,1,1,1,1,1,1,1,1,0,1,1,230000.0000000002
3,2,850.0,Leasehold,,,Apartment,2.0,,Non Bumi Lot,Selangor,,6,1,0,1,1,0,0,0,1,0,,0,0,0,1,1,0,1,1,1,0,1,0,0,0,269999.99999999977
3,2,997.0,Freehold,5.0,400.0,Condominium,,Low,Non Bumi Lot,Kuala Lumpur,,13,0,0,0,0,0,0,0,1,1,1.0,1,1,1,1,1,0,1,1,1,1,1,1,1,1,400000.0000000002
3,2,1012.0,Freehold,23.0,744.0,Service Residence,2.0,Medium,Non Bumi Lot,Selangor,9.0,10,0,0,0,1,0,0,1,1,1,2.0,1,0,1,0,1,1,1,1,1,1,1,0,1,0,319999.9999999998
3,2,1001.0,Leasehold,21.0,391.0,Service Residence,,,Non Bumi Lot,Selangor,9.0,0,1,0,0,1,0,0,0,1,0,,0,0,0,0,0,0,0,0,0,0,0,0,0,0,445000.00000000023
2,1,550.0,Freehold,,,Flat,,High,Non Bumi Lot,Penang,,0,0,0,0,0,0,0,0,1,1,3.0,0,0,0,0,0,0,0,0,0,0,0,0,0,0,109999.99999999991
3,2,760.0,Leasehold,,,Apartment,1.0,High,Bumi Lot,Selangor,,3,1,0,0,0,0,0,0,0,0,3.0,0,0,0,0,0,0,0,1,1,0,1,0,0,0,149999.99999999994
3,3,1450.0,Freehold,16.0,470.0,Condominium,2.0,Medium,Non Bumi Lot,Penang,9.0,8,0,0,0,0,0,0,0,1,1,2.0,1,0,1,0,0,0,1,1,1,1,1,0,1,0,750000.0000000005
3,2,667.0,Freehold,,,Flat,,High,Bumi Lot,Selangor,,3,0,0,0,0,0,0,0,0,1,3.0,0,0,0,0,0,0,0,1,1,0,1,0,0,0,139998.99999999988
3,2,650.0,Leasehold,5.0,,Flat,,Low,Non Bumi Lot,Selangor,,0,0,0,0,0,0,0,0,1,0,1.0,0,0,0,0,0,0,0,0,0,0,0,0,0,0,200000.00000000006
4,2,818.0,Freehold,20.0,,Apartment,,Medium,Non Bumi Lot,Johor,6.0,7,0,0,0,0,0,0,0,1,1,2.0,1,1,0,0,0,1,0,1,1,0,1,0,1,0,217999.9999999999
4,3,1579.0,Freehold,,350.0,Condominium,2.0,Medium,Non Bumi Lot,Selangor,11.0,14,0,0,0,0,0,0,0,1,1,2.0,1,1,1,1,1,1,1,1,1,1,1,1,1,1,538000.0000000003
2,2,728.0,Freehold,42.0,670.0,Condominium,2.0,Medium,Non Bumi Lot,Penang,6.0,5,0,0,0,0,0,0,0,1,1,2.0,0,0,1,0,1,0,0,1,0,0,1,0,1,0,485000.00000000035
3,2,1000.0,Freehold,,,Condominium,2.0,Medium,Non Bumi Lot,Selangor,,14,0,0,0,0,0,0,0,1,1,2.0,1,1,1,1,1,1,1,1,1,1,1,1,1,1,389999.99999999994
3,2,833.0,Leasehold,24.0,299.0,Apartment,,,Non Bumi Lot,Selangor,16.0,0,0,1,1,1,1,0,1,1,0,,0,0,0,0,0,0,0,0,0,0,0,0,0,0,275000.00000000006
3,3,1062.0,Leasehold,,,Condominium,1.0,,Bumi Lot,,,0,0,0,0,0,0,0,0,0,0,,0,0,0,0,0,0,0,0,0,0,0,0,0,0,380000.0000000003
3,2,1100.0,Leasehold,,342.0,Condominium,1.0,High,Non Bumi Lot,Selangor,11.0,11,0,0,0,0,0,0,1,1,0,3.0,1,1,1,0,1,1,1,1,1,1,1,0,1,0,464999.9999999997
3,2,860.0,Freehold,,,Apartment,1.0,Medium,Non Bumi Lot,Penang,,0,0,0,0,0,0,0,0,1,1,2.0,0,0,0,0,0,0,0,0,0,0,0,0,0,0,299999.9999999999
3,2,929.0,Leasehold,,,Apartment,1.0,,Non Bumi Lot,Sarawak,,0,0,0,0,0,0,0,0,1,0,,0,0,0,0,0,0,0,0,0,0,0,0,0,0,188000.00000000012
3,2,932.0,Freehold,9.0,,Condominium,1.0,Medium,Non Bumi Lot,Selangor,,8,0,0,0,0,0,0,0,1,1,2.0,1,0,0,1,1,1,0,1,1,0,1,0,1,0,299999.9999999999
3,2,700.0,Freehold,,,Apartment,,Medium,Non Bumi Lot,Putrajaya,,2,0,0,0,0,0,0,0,1,1,2.0,0,0,0,0,0,0,0,1,1,0,0,0,0,0,221000.00000000006
1,1,605.0,Freehold,,,Service Residence,,Medium,Non Bumi Lot,Negeri Sembilan,,7,0,0,0,0,0,0,0,1,1,2.0,0,0,1,0,1,0,0,1,1,1,1,0,1,0,218799.9999999999
3,2,657.0,Freehold,,,Apartment,,Low,Non Bumi Lot,Selangor,,0,0,0,0,0,0,0,0,1,1,1.0,0,0,0,0,0,0,0,0,0,0,0,0,0,0,155000.0
3,2,650.0,Freehold,5.0,,Flat,,Low,Non Bumi Lot,Selangor,,0,0,0,0,0,0,0,0,1,1,1.0,0,0,0,0,0,0,0,0,0,0,0,0,0,0,135000.00000000012
3,2,1150.0,Freehold,,,Apartment,,,Non Bumi Lot,Selangor,,0,0,0,0,0,0,0,0,1,1,,0,0,0,0,0,0,0,0,0,0,0,0,0,0,299999.0
3,2,743.0,Freehold,,,Flat,2.0,High,Non Bumi Lot,Johor,,0,0,0,0,0,0,0,0,1,1,3.0,0,0,0,0,0,0,0,0,0,0,0,0,0,0,65000.00000000002
3,2,700.0,Freehold,22.0,403.0,Condominium,1.0,High,Non Bumi Lot,Penang,23.0,3,0,0,0,0,0,0,0,1,1,3.0,0,0,0,0,1,0,0,1,0,0,1,0,0,0,338000.00000000023
3,2,956.0,Freehold,,,Service Residence,2.0,High,Bumi Lot,Selangor,,14,0,0,0,0,0,0,0,0,1,3.0,1,1,1,1,1,1,1,1,1,1,1,1,1,1,289999.9999999999
3,2,1113.0,Leasehold,38.0,,Condominium,2.0,High,Non Bumi Lot,Penang,13.0,7,0,0,0,0,0,0,0,1,0,3.0,1,0,1,0,1,0,0,1,0,0,1,1,1,0,629999.9999999999
3,2,1012.0,Freehold,11.0,704.0,Condominium,1.0,Medium,Non Bumi Lot,Selangor,22.0,8,0,0,0,0,0,0,0,1,1,2.0,1,0,1,0,0,1,0,1,1,0,1,0,1,1,330000.0000000001
3,2,850.0,Freehold,15.0,,Condominium,,,Bumi Lot,Selangor,10.0,6,1,0,0,1,0,0,0,0,1,,0,0,1,0,0,1,1,1,0,0,1,0,1,0,279999.9999999998
3,2,750.0,Freehold,,,Apartment,1.0,High,Non Bumi Lot,Selangor,,4,0,0,0,0,0,0,0,1,1,3.0,0,0,0,0,1,1,0,1,0,0,1,0,0,0,230000.0000000002
2,1,650.0,Freehold,,,Condominium,1.0,Medium,Non Bumi Lot,Penang,,3,0,0,0,0,0,0,0,1,1,2.0,0,0,0,0,1,0,0,1,0,0,1,0,0,0,468000.00000000006
3,2,1036.0,Freehold,33.0,550.0,Condominium,2.0,Medium,Non Bumi Lot,Penang,2.0,11,0,0,0,0,0,0,0,1,1,2.0,1,1,1,1,1,0,1,1,1,1,1,0,1,0,760000.0000000007
3,2,746.0,Leasehold,,,Apartment,1.0,Low,Bumi Lot,Selangor,,5,0,0,0,0,0,0,0,0,0,1.0,0,0,0,1,1,1,0,1,0,0,1,0,0,0,219999.99999999985
3,2,818.0,Freehold,5.0,,Apartment,1.0,Low,Bumi Lot,Selangor,,5,0,0,0,0,0,0,0,0,1,1.0,0,0,0,0,1,0,0,1,1,0,1,0,1,0,375000.0000000002
3,2,656.0,Freehold,,,Apartment,,High,Non Bumi Lot,Selangor,,4,0,0,0,0,0,0,0,1,1,3.0,0,0,0,1,0,1,0,1,1,0,0,0,0,0,190000.00000000012
4,3,1458.0,Freehold,,1188.0,Condominium,1.0,High,Non Bumi Lot,Selangor,21.0,13,1,1,1,1,0,0,0,1,1,3.0,1,1,1,1,0,1,1,1,1,1,1,1,1,1,258000.00000000015
3,2,1219.0,Freehold,24.0,1235.0,Condominium,2.0,High,Non Bumi Lot,Penang,2.0,9,0,0,0,0,0,0,0,1,1,3.0,1,0,1,1,1,0,0,1,1,1,1,0,1,0,814999.9999999999
3,2,750.0,Leasehold,,,Apartment,,Low,Bumi Lot,Selangor,,3,0,0,0,1,0,0,0,0,0,1.0,0,0,0,0,0,1,0,0,1,0,1,0,0,0,210000.0000000001
3,2,700.0,Freehold,5.0,7810.0,Apartment,,High,Non Bumi Lot,Selangor,,2,0,1,0,0,0,0,0,1,1,3.0,0,0,0,0,0,0,0,1,1,0,0,0,0,0,85000.0
3,2,1470.0,Freehold,14.0,1339.0,Condominium,1.0,Low,Non Bumi Lot,Selangor,23.0,7,0,0,0,0,0,0,0,1,1,1.0,0,0,1,0,0,1,0,1,1,1,1,0,1,0,228999.99999999983
3,2,893.0,Freehold,10.0,,Condominium,1.0,,Non Bumi Lot,Selangor,,7,1,1,0,0,0,0,1,1,1,,1,0,1,0,0,1,0,1,1,0,1,0,1,0,357999.99999999994
3,2,1009.0,Leasehold,36.0,1338.0,Service Residence,2.0,High,Non Bumi Lot,Kuala Lumpur,6.0,11,1,0,1,1,0,0,0,1,0,3.0,1,0,1,1,1,1,1,1,1,1,1,0,1,0,350000.0000000001
3,2,783.0,Leasehold,,,Apartment,1.0,High,Bumi Lot,Selangor,,4,1,0,0,1,0,0,0,0,0,3.0,0,0,0,0,0,1,0,1,1,0,1,0,0,0,170000.0
3,2,2200.0,Freehold,19.0,168.0,Apartment,2.0,High,Non Bumi Lot,Penang,,8,0,0,0,0,0,0,0,1,1,3.0,0,0,1,1,1,1,0,1,0,0,1,1,1,0,898999.9999999995
3,2,958.0,Freehold,45.0,2509.0,Service Residence,2.0,,Non Bumi Lot,Kuala Lumpur,4.0,0,1,1,1,1,0,1,0,1,1,,0,0,0,0,0,0,0,0,0,0,0,0,0,0,559999.9999999998
4,4,2874.0,Leasehold,38.0,734.0,Condominium,6.0,Medium,Non Bumi Lot,Kuala Lumpur,1.0,14,1,1,1,1,0,0,1,1,0,2.0,1,1,1,1,1,1,1,1,1,1,1,1,1,1,1699999.999999999
3,2,736.0,Freehold,,596.0,Apartment,,Medium,Bumi Lot,Selangor,13.0,4,1,0,0,0,0,1,0,0,1,2.0,0,0,0,0,1,0,0,1,1,0,1,0,0,0,285000.0
3,2,700.0,Leasehold,,,Apartment,2.0,Medium,Bumi Lot,Selangor,,0,0,0,0,0,0,0,0,0,0,2.0,0,0,0,0,0,0,0,0,0,0,0,0,0,0,99000.00000000004
3,2,1090.0,Freehold,14.0,270.0,Service Residence,,,Non Bumi Lot,Selangor,8.0,0,0,0,0,0,0,0,1,1,1,,0,0,0,0,0,0,0,0,0,0,0,0,0,0,350000.0000000001
2,2,972.0,Freehold,,400.0,Apartment,,Medium,Non Bumi Lot,Johor,,4,0,0,0,0,0,0,0,1,1,2.0,0,0,1,0,0,0,0,0,1,0,1,1,0,0,388000.0
3,2,748.0,Leasehold,,,Condominium,1.0,Low,Bumi Lot,Kuala Lumpur,,8,1,1,0,1,0,1,1,0,0,1.0,0,0,1,1,1,1,0,1,1,0,1,0,1,0,299999.9999999999
3,2,645.0,Leasehold,17.0,,Apartment,,,Bumi Lot,Kuala Lumpur,,2,0,0,0,0,0,0,0,0,0,,0,0,0,0,0,1,0,0,0,0,1,0,0,0,230000.0000000002
3,2,850.0,Freehold,5.0,,Apartment,,Low,Bumi Lot,Negeri Sembilan,,0,0,0,0,0,0,0,0,0,1,1.0,0,0,0,0,0,0,0,0,0,0,0,0,0,0,170000.0
3,2,1528.0,Leasehold,,,Condominium,,Medium,Non Bumi Lot,Sarawak,,8,0,0,0,0,0,0,0,1,0,2.0,1,1,1,1,0,0,0,1,1,0,1,0,1,0,728888.0
3,1,700.0,Freehold,23.0,2115.0,Flat,1.0,Medium,Non Bumi Lot,Penang,20.0,1,0,0,0,0,0,0,0,1,1,2.0,0,0,0,0,0,0,0,1,0,0,0,0,0,0,130000.00000000006
3,2,1043.0,Freehold,,226.0,Condominium,1.0,High,Non Bumi Lot,Putrajaya,,6,0,0,0,0,0,0,0,1,1,3.0,0,0,1,0,1,0,0,1,1,0,1,0,1,0,430000.0000000002
3,2,1411.0,Leasehold,21.0,286.0,Condominium,2.0,Medium,Bumi Lot,Selangor,12.0,9,1,0,1,1,0,0,0,0,0,2.0,1,0,1,1,0,0,1,1,1,0,1,1,1,0,478999.9999999997
2,1,560.0,Freehold,,,Flat,,High,Non Bumi Lot,Selangor,,0,1,1,1,1,0,0,1,1,1,3.0,0,0,0,0,0,0,0,0,0,0,0,0,0,0,120000.00000000006
3,2,650.0,Freehold,,,Flat,,Low,Non Bumi Lot,Penang,,0,0,0,0,0,0,0,0,1,1,1.0,0,0,0,0,0,0,0,0,0,0,0,0,0,0,120000.00000000006
3,2,1119.0,Freehold,,,Service Residence,1.0,Medium,Non Bumi Lot,Melaka,,7,0,0,0,0,0,0,0,1,1,2.0,1,0,1,0,1,0,0,1,1,0,1,0,1,0,517999.9999999997
3,2,1160.0,Leasehold,,,Apartment,,Medium,Non Bumi Lot,Sarawak,,7,0,0,0,0,0,0,0,1,0,2.0,0,0,1,0,1,0,0,1,1,1,1,0,1,0,579999.9999999999
1,1,614.0,Freehold,11.0,488.0,Condominium,1.0,Low,Non Bumi Lot,Johor,8.0,7,0,0,0,0,0,0,0,1,1,1.0,0,0,1,0,1,0,0,1,1,1,1,0,1,0,355000.0
3,2,1011.0,Freehold,26.0,440.0,Apartment,,,Non Bumi Lot,Johor,9.0,12,0,0,0,0,0,0,0,1,1,,1,1,1,1,1,0,1,1,1,1,1,0,1,1,420000.00000000023
4,2,1700.0,Freehold,17.0,,Condominium,2.0,High,Non Bumi Lot,Kuala Lumpur,30.0,5,0,0,0,0,0,0,0,1,1,3.0,0,0,0,0,1,0,0,1,1,0,1,0,1,0,1239000.0000000007
3,2,700.0,Freehold,7.0,36.0,Apartment,1.0,,Non Bumi Lot,Penang,,0,0,0,0,0,0,0,0,1,1,,0,0,0,0,0,0,0,0,0,0,0,0,0,0,430000.0000000002
4,3,1550.0,Freehold,,474.0,Condominium,2.0,,Non Bumi Lot,Kuala Lumpur,7.0,12,0,0,1,1,0,0,0,1,1,,1,0,1,0,1,1,1,1,1,1,1,1,1,1,778000.0000000002
1,1,430.0,Freehold,25.0,2003.0,Service Residence,1.0,Low,Non Bumi Lot,Johor,4.0,8,0,0,0,0,0,0,0,1,1,1.0,0,0,1,0,1,0,1,1,1,1,1,0,1,0,200000.00000000006
1,1,450.0,Leasehold,,196.0,Condominium,1.0,High,Non Bumi Lot,Selangor,11.0,9,1,1,1,1,1,0,0,1,0,3.0,1,0,1,1,1,1,0,1,1,0,1,0,1,0,279999.9999999998
4,2,1331.0,Freehold,17.0,475.0,Condominium,1.0,Medium,Non Bumi Lot,Kuala Lumpur,10.0,7,0,0,0,0,0,0,0,1,1,2.0,0,0,1,1,0,1,0,1,1,0,1,0,1,0,389999.99999999994
3,2,998.0,Leasehold,10.0,,Condominium,1.0,Low,Bumi Lot,Selangor,33.0,5,0,0,0,0,0,0,0,0,0,1.0,0,0,0,0,0,1,0,1,1,0,1,0,1,0,350000.0000000001
3,2,750.0,Leasehold,5.0,112.0,Apartment,,Low,Non Bumi Lot,Selangor,,4,1,0,0,0,0,0,0,1,0,1.0,0,0,0,0,0,1,1,1,1,0,0,0,0,0,279999.9999999998
3,2,700.0,Freehold,35.0,,Condominium,1.0,High,Non Bumi Lot,Penang,25.0,5,0,0,0,0,0,0,0,1,1,3.0,0,0,0,1,0,1,0,1,1,0,1,0,0,0,244999.99999999983
2,1,570.0,Leasehold,,,Apartment,1.0,Medium,Bumi Lot,Kuala Lumpur,,2,1,0,0,1,1,0,1,0,0,2.0,0,0,0,0,0,0,0,1,1,0,0,0,0,0,240000.00000000015
3,2,1700.0,Leasehold,29.0,447.0,Service Residence,3.0,Medium,Non Bumi Lot,Selangor,5.0,8,1,0,1,1,0,0,0,1,0,2.0,1,0,1,0,1,0,1,1,1,0,1,0,1,0,625000.0000000002
4,2,1250.0,Leasehold,,,Service Residence,1.0,Medium,Non Bumi Lot,Johor,,5,0,0,0,0,0,0,0,1,0,2.0,0,0,0,1,0,0,0,1,1,0,1,0,1,0,400000.0000000002
3,2,850.0,Freehold,5.0,,Condominium,,,Non Bumi Lot,Selangor,,3,0,0,1,1,1,0,0,1,1,,0,0,0,0,0,0,0,1,1,0,0,0,1,0,289000.0
3,2,682.0,Freehold,25.0,588.0,Service Residence,1.0,Medium,Non Bumi Lot,Selangor,18.0,8,1,1,1,1,0,0,1,1,1,2.0,0,0,0,0,1,1,1,1,1,0,1,0,1,1,289999.9999999999
3,2,1300.0,Leasehold,4.0,,Apartment,2.0,Medium,Non Bumi Lot,Sarawak,,5,0,0,0,0,0,0,0,1,0,2.0,0,0,1,0,1,1,0,1,0,0,1,0,0,0,539999.9999999995
3,2,680.0,Freehold,10.0,,Apartment,1.0,,Non Bumi Lot,Selangor,,3,0,0,1,0,0,0,0,1,1,,0,0,0,0,0,1,0,1,1,0,0,0,0,0,165000.00000000006
3,2,700.0,Freehold,14.0,,Condominium,1.0,Medium,Non Bumi Lot,Penang,,3,0,0,0,0,0,0,0,1,1,2.0,0,0,0,0,1,0,0,1,0,0,1,0,0,0,319999.9999999998
3,2,947.0,Freehold,8.0,,Apartment,1.0,Medium,Non Bumi Lot,Selangor,,4,0,0,0,0,0,0,0,1,1,2.0,0,0,0,0,1,0,0,1,1,0,1,0,0,0,249999.99999999983
3,2,1363.0,Leasehold,26.0,360.0,Condominium,,,Non Bumi Lot,Kuala Lumpur,8.0,0,0,0,0,0,0,0,0,1,0,,0,0,0,0,0,0,0,0,0,0,0,0,0,0,499999.0000000004
3,2,856.0,Freehold,4.0,40.0,Apartment,,Medium,Non Bumi Lot,Kuala Lumpur,,2,0,0,0,0,0,0,0,1,1,2.0,0,0,0,0,0,0,0,0,0,0,1,0,1,0,295000.00000000006
3,2,868.0,Freehold,5.0,,Apartment,1.0,Low,Bumi Lot,Selangor,,4,0,0,0,0,0,0,0,0,1,1.0,0,0,0,1,0,0,0,1,1,0,1,0,0,0,198999.9999999999
3,5,3072.0,Freehold,25.0,1200.0,Condominium,3.0,,Non Bumi Lot,Penang,10.0,9,0,0,0,0,0,0,0,1,1,,1,1,1,1,0,0,1,0,1,0,1,0,1,1,2800000.0000000014
2,1,531.0,Leasehold,,,Flat,,Medium,Bumi Lot,Kuala Lumpur,,0,0,1,0,1,1,0,1,0,0,2.0,0,0,0,0,0,0,0,0,0,0,0,0,0,0,185000.00000000006
3,2,1200.0,Freehold,,,Condominium,2.0,Medium,Non Bumi Lot,Putrajaya,,14,0,0,0,0,0,0,0,1,1,2.0,1,1,1,1,1,1,1,1,1,1,1,1,1,1,450000.00000000035
3,2,800.0,Leasehold,18.0,200.0,Apartment,1.0,High,Non Bumi Lot,Selangor,17.0,8,1,0,1,1,0,0,1,1,0,3.0,0,0,0,1,1,1,1,1,1,0,1,0,1,0,260000.00000000015
3,2,1651.0,Leasehold,,,Service Residence,,,Non Bumi Lot,Sarawak,,6,0,0,0,0,0,0,0,1,0,,0,0,1,0,1,0,0,1,0,1,1,0,1,0,858520.0000000002
3,2,806.0,Leasehold,,,Apartment,1.0,,Non Bumi Lot,Sarawak,,0,0,0,0,0,0,0,0,1,0,,0,0,0,0,0,0,0,0,0,0,0,0,0,0,299999.9999999999
3,2,1004.0,Leasehold,,,Condominium,1.0,Medium,Non Bumi Lot,Sarawak,,10,0,0,0,0,0,0,0,1,0,2.0,1,1,1,1,1,0,1,1,1,0,1,0,1,0,450000.00000000035
3,2,1000.0,Freehold,11.0,228.0,Condominium,1.0,High,Non Bumi Lot,Penang,19.0,9,0,0,0,0,0,0,0,1,1,3.0,1,0,1,1,1,1,0,1,1,0,1,0,1,0,380000.0000000003
3,2,910.0,Leasehold,17.0,702.0,Condominium,3.0,,Non Bumi Lot,Selangor,17.0,9,0,0,1,1,0,0,1,1,0,,0,0,1,1,1,1,1,1,1,0,1,0,1,0,359999.99999999994
5,7,6016.0,Leasehold,18.0,,Condominium,4.0,High,Non Bumi Lot,Sabah,,11,0,0,0,0,0,0,0,1,0,3.0,1,1,1,1,0,0,1,1,1,0,1,1,1,1,6015999.999999996
4,3,1710.0,Leasehold,,1342.0,Condominium,,,Non Bumi Lot,Kuala Lumpur,1.0,0,0,0,1,1,0,0,0,1,0,,0,0,0,0,0,0,0,0,0,0,0,0,0,0,960000.0000000007
4,2,1100.0,Freehold,,,Condominium,2.0,Medium,Non Bumi Lot,Putrajaya,,14,0,0,0,0,0,0,0,1,1,2.0,1,1,1,1,1,1,1,1,1,1,1,1,1,1,298999.99999999977
3,3,1667.0,Leasehold,,,Condominium,1.0,High,Non Bumi Lot,Sarawak,,0,0,0,0,0,0,0,0,1,0,3.0,0,0,0,0,0,0,0,0,0,0,0,0,0,0,579999.9999999999
3,2,728.0,Leasehold,,,Flat,,,Non Bumi Lot,Selangor,,0,1,0,0,1,0,0,0,1,0,,0,0,0,0,0,0,0,0,0,0,0,0,0,0,89999.99999999997
3,2,872.0,Freehold,,,Apartment,2.0,Medium,Non Bumi Lot,Selangor,,12,0,0,0,0,0,0,0,1,1,2.0,1,1,1,1,1,1,1,1,1,1,1,0,1,0,341500.00000000023
1,1,648.0,Leasehold,,,Condominium,,Medium,Non Bumi Lot,Melaka,,6,0,0,0,0,0,0,0,1,0,2.0,1,0,0,0,1,0,0,1,1,0,1,0,1,0,88000.00000000001
4,2,1270.0,Freehold,27.0,,Condominium,2.0,,Non Bumi Lot,Penang,18.0,7,0,0,0,0,0,0,0,1,1,,1,0,1,0,1,0,0,1,1,0,1,0,1,0,669999.9999999998
3,1,603.0,Leasehold,,,Apartment,1.0,High,Non Bumi Lot,Kuala Lumpur,,3,1,1,1,1,0,0,1,1,0,3.0,0,0,0,0,1,1,0,1,0,0,0,0,0,0,239000.00000000003
3,2,800.0,Leasehold,,,Flat,1.0,Medium,Non Bumi Lot,Selangor,,0,0,0,0,0,0,0,0,1,0,2.0,0,0,0,0,0,0,0,0,0,0,0,0,0,0,108000.0
1,1,573.0,Freehold,,,Condominium,,,Non Bumi Lot,Johor,,0,0,0,0,0,0,0,0,1,1,,0,0,0,0,0,0,0,0,0,0,0,0,0,0,260000.00000000015
3,2,850.0,Freehold,8.0,,Apartment,1.0,Low,Non Bumi Lot,Selangor,23.0,4,0,1,1,1,0,1,1,1,1,1.0,0,0,0,0,0,0,0,1,1,0,1,0,1,0,359999.99999999994
3,2,786.0,Freehold,,,Apartment,,Medium,Non Bumi Lot,Selangor,,0,0,0,1,1,0,0,0,1,1,2.0,0,0,0,0,0,0,0,0,0,0,0,0,0,0,205000.0
3,2,774.0,Leasehold,36.0,630.0,Service Residence,2.0,Medium,Non Bumi Lot,Kuala Lumpur,7.0,9,0,0,1,0,0,0,1,1,0,2.0,0,0,1,1,0,1,0,1,1,0,1,1,1,1,489999.9999999997
3,2,1270.0,Freehold,15.0,368.0,Condominium,1.0,Medium,Bumi Lot,Kuala Lumpur,6.0,8,0,0,0,0,0,0,0,0,1,2.0,0,1,0,1,1,0,1,1,1,0,1,0,1,0,359999.99999999994
3,2,667.0,Leasehold,,,Apartment,,Medium,Bumi Lot,Selangor,,4,0,0,0,0,0,0,0,0,0,2.0,0,0,0,0,1,1,0,1,1,0,0,0,0,0,175000.00000000003
3,2,1030.0,Freehold,,,Condominium,2.0,Low,Non Bumi Lot,Kuala Lumpur,,14,0,0,0,0,0,0,0,1,1,1.0,1,1,1,1,1,1,1,1,1,1,1,1,1,1,469999.99999999994
3,2,1036.0,Freehold,33.0,550.0,Condominium,2.0,Medium,Non Bumi Lot,Penang,2.0,11,0,0,0,0,0,0,0,1,1,2.0,1,1,1,1,1,0,1,1,1,1,1,0,1,0,750000.0000000005
3,2,850.0,Leasehold,7.0,120.0,Apartment,1.0,Medium,Non Bumi Lot,Selangor,18.0,4,0,0,0,1,0,0,0,1,0,2.0,1,0,0,0,0,0,0,1,1,0,1,0,0,0,289999.9999999999
3,2,1204.0,Leasehold,5.0,320.0,Apartment,,,Non Bumi Lot,Johor,2.0,8,0,0,0,0,0,0,0,1,0,,1,0,1,1,0,0,0,1,1,1,1,0,1,0,405000.0000000001
3,2,883.0,Leasehold,5.0,,Apartment,,High,Non Bumi Lot,Selangor,,4,0,0,1,1,0,0,0,1,0,3.0,0,0,0,0,0,1,0,1,1,0,1,0,0,0,234999.99999999994
3,2,1238.0,Leasehold,,90.0,Condominium,1.0,Medium,Non Bumi Lot,Sabah,,3,0,0,0,0,0,0,0,1,0,2.0,0,0,0,0,0,0,0,1,0,0,1,0,1,0,539998.9999999997
4,3,1646.0,Freehold,44.0,378.0,Condominium,2.0,High,Non Bumi Lot,Penang,5.0,9,0,0,0,0,0,0,0,1,1,3.0,1,0,1,0,1,0,1,1,1,1,1,0,1,0,1177000.0000000005
2,2,657.0,Freehold,,,Flat,,,Non Bumi Lot,Penang,,3,0,0,0,0,0,0,0,1,1,,0,0,0,1,0,0,0,1,1,0,0,0,0,0,109999.99999999991
3,2,700.0,Freehold,5.0,,Apartment,,Medium,Bumi Lot,Selangor,,4,1,1,1,1,0,0,1,0,1,2.0,1,0,0,0,0,1,0,1,1,0,0,0,0,0,219999.99999999985
3,2,813.0,Leasehold,21.0,,Apartment,,,Non Bumi Lot,Selangor,,5,1,0,1,0,0,1,0,1,0,,0,0,1,0,0,1,0,1,0,0,1,0,1,0,159999.9999999999
3,2,1366.0,Freehold,20.0,480.0,Condominium,1.0,,Non Bumi Lot,Selangor,17.0,9,0,0,0,0,1,0,0,1,1,,1,1,1,1,0,1,0,1,1,0,1,0,1,0,370000.0000000001
3,2,900.0,Freehold,23.0,744.0,Service Residence,2.0,Medium,Non Bumi Lot,Selangor,9.0,10,0,0,0,1,0,0,1,1,1,2.0,1,0,1,0,1,1,1,1,1,1,1,0,1,0,260000.00000000015
4,3,1500.0,Freehold,,222.0,Condominium,2.0,Medium,Non Bumi Lot,Penang,8.0,0,0,0,0,0,0,0,0,1,1,2.0,0,0,0,0,0,0,0,0,0,0,0,0,0,0,629999.9999999999
1,1,660.0,Freehold,20.0,196.0,Condominium,1.0,Medium,Non Bumi Lot,Kuala Lumpur,16.0,10,1,0,1,1,0,0,0,1,1,2.0,1,0,1,1,0,1,1,1,1,1,1,0,1,0,298999.99999999977
2,2,947.0,Freehold,34.0,462.0,Condominium,1.0,,Non Bumi Lot,Penang,3.0,6,0,0,0,0,0,0,0,1,1,,1,0,1,1,0,0,1,0,0,0,1,0,1,0,489999.9999999997
3,2,800.0,Leasehold,,,Apartment,,,Bumi Lot,Kuala Lumpur,,0,1,0,1,1,0,0,0,0,0,,0,0,0,0,0,0,0,0,0,0,0,0,0,0,240000.00000000015
3,2,1033.0,Leasehold,,228.0,Service Residence,,,Non Bumi Lot,Selangor,,8,0,0,0,0,0,0,0,1,0,,1,0,1,0,1,0,1,1,1,0,1,0,1,0,289999.9999999999
3,2,806.0,Leasehold,,,Apartment,1.0,,Non Bumi Lot,Sarawak,,0,0,0,0,0,0,0,0,1,0,,0,0,0,0,0,0,0,0,0,0,0,0,0,0,279999.9999999998
3,2,1009.0,Freehold,15.0,464.0,Apartment,2.0,High,Non Bumi Lot,Selangor,17.0,7,1,1,1,1,1,0,1,1,1,3.0,0,0,1,0,0,1,0,1,1,0,1,0,1,1,400000.0000000002
3,2,1239.0,Freehold,33.0,550.0,Condominium,2.0,Low,Non Bumi Lot,Penang,2.0,11,0,0,0,0,0,0,0,1,1,1.0,1,1,1,1,1,0,1,1,1,1,1,0,1,0,1049999.9999999998
3,2,700.0,Freehold,30.0,500.0,Apartment,1.0,,Non Bumi Lot,Penang,11.0,8,0,0,0,0,0,0,0,1,1,,1,0,1,1,0,0,1,1,1,0,1,0,1,0,350000.0000000001
3,2,1316.0,Leasehold,,,Condominium,1.0,,Non Bumi Lot,Sarawak,,6,0,0,0,0,0,0,0,1,0,,0,0,0,1,0,0,0,1,1,0,1,0,1,1,380000.0000000003
3,2,750.0,Freehold,,,Apartment,,Low,Non Bumi Lot,Johor,,1,0,0,0,0,0,0,0,1,1,1.0,0,0,0,0,0,0,0,1,0,0,0,0,0,0,167999.99999999994
3,2,845.0,Leasehold,,,Apartment,1.0,Low,Non Bumi Lot,Sabah,,5,0,0,0,0,0,0,0,1,0,1.0,0,0,0,1,0,1,0,1,1,0,1,0,0,0,264999.9999999999
2,2,1188.0,Leasehold,24.0,296.0,Condominium,2.0,Medium,Bumi Lot,Selangor,15.0,9,0,0,1,1,0,0,0,0,0,2.0,1,0,1,1,0,0,1,0,1,1,1,0,1,1,550000.0000000001
3,2,883.0,Leasehold,,156.0,Service Residence,,,Non Bumi Lot,Selangor,8.0,7,0,0,1,0,0,0,0,1,0,,0,0,1,0,1,0,1,1,1,0,1,0,1,0,234999.99999999994
3,2,965.0,Leasehold,12.0,,Condominium,,Medium,Non Bumi Lot,Selangor,,0,0,1,1,1,1,0,0,1,0,2.0,0,0,0,0,0,0,0,0,0,0,0,0,0,0,254999.99999999985
2,1,550.0,Freehold,,,Flat,,High,Non Bumi Lot,Selangor,,0,0,0,0,0,0,0,0,1,1,3.0,0,0,0,0,0,0,0,0,0,0,0,0,0,0,65000.00000000002
3,2,650.0,Leasehold,,,Flat,,,Bumi Lot,Selangor,,0,0,0,0,0,0,0,0,0,0,,0,0,0,0,0,0,0,0,0,0,0,0,0,0,129000.00000000006
3,2,915.0,Freehold,,,Apartment,,Low,Non Bumi Lot,Melaka,,0,0,0,0,0,0,0,0,1,1,1.0,0,0,0,0,0,0,0,0,0,0,0,0,0,0,244999.99999999983
3,2,1092.0,Freehold,17.0,435.0,Condominium,2.0,Low,Non Bumi Lot,Kuala Lumpur,9.0,10,1,0,1,1,0,0,0,1,1,1.0,0,0,1,1,1,1,1,1,1,0,1,0,1,1,480000.0000000003
3,2,800.0,Freehold,,420.0,Condominium,2.0,Medium,Non Bumi Lot,Melaka,,8,0,0,0,0,0,0,0,1,1,2.0,0,0,1,1,1,1,0,1,1,0,1,0,1,0,338000.00000000023
3,2,1216.0,Leasehold,,,Condominium,1.0,Low,Non Bumi Lot,Sabah,,6,0,0,0,0,0,0,0,1,0,1.0,0,0,1,0,1,1,0,1,0,0,1,0,1,0,570000.0
3,2,1417.0,Leasehold,18.0,752.0,Condominium,,,Non Bumi Lot,Kuala Lumpur,23.0,0,0,0,0,0,0,0,0,1,0,,0,0,0,0,0,0,0,0,0,0,0,0,0,0,424999.99999999965
3,2,1161.0,Freehold,38.0,406.0,Condominium,2.0,,Non Bumi Lot,Penang,2.0,6,0,0,0,0,0,0,0,1,1,,1,0,1,1,0,0,0,1,1,0,1,0,0,0,644999.9999999998
3,2,1010.0,Leasehold,42.0,1932.0,Condominium,2.0,Medium,Bumi Lot,Selangor,6.0,8,0,0,1,1,0,0,0,0,0,2.0,1,0,0,1,1,0,1,1,1,0,1,0,1,0,450000.00000000035
4,3,1646.0,Freehold,44.0,378.0,Condominium,2.0,High,Non Bumi Lot,Penang,5.0,9,0,0,0,0,0,0,0,1,1,3.0,1,0,1,0,1,0,1,1,1,1,1,0,1,0,888000.0000000006
3,2,925.0,Leasehold,22.0,396.0,Condominium,2.0,Medium,Non Bumi Lot,Penang,6.0,10,0,0,0,0,0,0,0,1,0,2.0,1,1,1,1,1,0,0,1,1,1,1,0,0,1,564999.9999999995
2,1,550.0,Freehold,,,Apartment,,,Non Bumi Lot,Kuala Lumpur,,1,0,1,1,1,0,0,1,1,1,,0,0,0,0,0,0,0,1,0,0,0,0,0,0,177999.99999999994
2,2,550.0,Freehold,,,Flat,,Medium,Non Bumi Lot,Penang,,0,0,0,0,0,0,0,0,1,1,2.0,0,0,0,0,0,0,0,0,0,0,0,0,0,0,165000.00000000006
3,2,1258.0,Freehold,16.0,529.0,Condominium,1.0,Low,Non Bumi Lot,Penang,16.0,7,0,0,0,0,0,0,0,1,1,1.0,0,0,1,0,1,1,0,1,1,0,1,0,1,0,520000.0000000003
3,2,1463.0,Freehold,49.0,480.0,Service Residence,2.0,High,Non Bumi Lot,Penang,5.0,11,0,0,0,0,0,0,0,1,1,3.0,1,1,1,1,1,0,1,1,1,1,1,0,1,0,989999.9999999999
3,2,1265.0,Freehold,32.0,228.0,Condominium,2.0,,Non Bumi Lot,Kuala Lumpur,3.0,6,1,0,1,1,0,0,0,1,1,,0,0,1,0,0,0,1,1,1,0,1,0,1,0,520000.0000000003
3,2,800.0,Freehold,45.0,1168.0,Condominium,1.0,Medium,Non Bumi Lot,Penang,5.0,9,0,0,0,0,0,0,0,1,1,2.0,1,0,1,0,1,1,1,1,1,0,1,0,1,0,420000.00000000023
3,2,794.0,Freehold,,,Apartment,1.0,High,Non Bumi Lot,Selangor,,0,0,0,0,1,1,0,0,1,1,3.0,0,0,0,0,0,0,0,0,0,0,0,0,0,0,144999.99999999994
3,2,1056.0,Leasehold,18.0,715.0,Condominium,,,Non Bumi Lot,Kuala Lumpur,16.0,6,1,1,1,1,0,0,0,1,0,,0,0,1,0,0,1,0,1,0,0,1,0,1,1,349999.0000000002
3,2,687.0,Leasehold,,,Apartment,,,Bumi Lot,Selangor,,2,0,0,0,1,0,0,0,0,0,,0,0,0,0,0,0,0,0,1,0,1,0,0,0,139999.9999999999
3,2,1005.0,Leasehold,23.0,,Condominium,,Medium,Bumi Lot,Kuala Lumpur,,3,1,0,0,1,1,0,1,0,0,2.0,0,0,0,0,0,1,0,1,0,0,1,0,0,0,359999.99999999994
1,1,484.0,Freehold,,1160.0,Service Residence,,Low,Non Bumi Lot,Johor,10.0,9,0,0,0,0,0,0,0,1,1,1.0,0,0,1,1,0,1,1,0,1,1,1,0,1,1,225000.00000000015
3,2,1130.0,Leasehold,5.0,414.0,Apartment,1.0,Low,Bumi Lot,Selangor,17.0,7,0,0,0,0,0,0,0,0,0,1.0,1,0,1,0,1,0,0,1,1,0,1,0,1,0,319999.9999999998
3,2,780.0,Freehold,5.0,281.0,Apartment,1.0,Low,Non Bumi Lot,Selangor,,4,0,0,0,0,0,0,0,1,1,1.0,1,0,0,0,0,0,0,1,1,0,1,0,0,0,260000.00000000015
3,2,751.0,Leasehold,5.0,,Apartment,,High,Bumi Lot,Selangor,20.0,4,0,0,0,1,0,0,0,0,0,3.0,0,0,0,0,0,1,0,1,1,0,1,0,0,0,179999.99999999997
3,2,1050.0,Freehold,,,Condominium,2.0,Medium,Non Bumi Lot,Penang,,7,0,0,0,0,0,0,0,1,1,2.0,0,0,1,0,1,0,1,1,1,0,1,0,1,0,499999.9999999997
3,2,1276.0,Freehold,35.0,,Service Residence,2.0,Medium,Non Bumi Lot,Selangor,7.0,10,0,0,0,0,0,0,0,1,1,2.0,1,0,1,0,1,1,1,1,1,1,1,0,1,0,542887.9999999999
1,1,636.0,Freehold,,,Condominium,1.0,Low,Non Bumi Lot,Selangor,,9,0,0,0,0,0,0,0,1,1,1.0,1,1,1,1,0,1,1,0,0,1,0,1,0,1,345000.00000000006
3,2,911.0,Freehold,24.0,576.0,Condominium,,,Non Bumi Lot,Kuala Lumpur,29.0,10,1,0,1,1,1,0,0,1,1,,1,0,1,0,0,1,0,1,1,1,1,1,1,1,289999.9999999999
3,2,1006.0,Leasehold,,,Condominium,1.0,High,Non Bumi Lot,Sarawak,,10,0,0,0,0,0,0,0,1,0,3.0,0,1,1,1,1,1,1,1,1,0,1,0,1,0,378000.0
4,3,1445.0,Leasehold,20.0,456.0,Condominium,,,Non Bumi Lot,Selangor,7.0,8,0,0,1,0,1,0,0,1,0,,1,0,1,0,1,0,1,1,1,0,1,0,1,0,480000.0000000003
3,2,1055.0,Freehold,,,Apartment,,Medium,Non Bumi Lot,Selangor,6.0,3,0,0,0,0,0,0,0,1,1,2.0,0,0,0,0,0,1,0,1,0,0,1,0,0,0,279998.99999999994
3,2,700.0,Freehold,23.0,433.0,Apartment,1.0,Medium,Non Bumi Lot,Penang,24.0,10,0,0,0,0,0,0,0,1,1,2.0,1,0,1,1,1,1,0,1,1,0,1,0,1,1,330000.0000000001
3,2,1048.0,Freehold,10.0,,Apartment,1.0,,Non Bumi Lot,Selangor,33.0,12,1,0,1,1,0,1,1,1,1,,1,1,1,1,1,1,1,1,1,1,1,0,1,0,230000.0000000002
3,2,848.0,Leasehold,,,Condominium,2.0,Medium,Non Bumi Lot,Sabah,6.0,10,0,0,0,0,0,0,0,1,0,2.0,1,0,1,0,1,1,1,1,1,1,1,0,1,0,480000.0000000003
4,2,1087.0,Freehold,,428.0,Condominium,1.0,Low,Non Bumi Lot,Penang,25.0,5,0,0,0,0,0,0,0,1,1,1.0,0,0,0,0,1,0,0,1,1,0,1,0,1,0,485000.00000000035
3,2,850.0,Leasehold,49.0,2155.0,Condominium,,,Non Bumi Lot,Penang,7.0,0,0,0,0,0,0,0,0,1,0,,0,0,0,0,0,0,0,0,0,0,0,0,0,0,529999.9999999998
3,2,1100.0,Freehold,30.0,816.0,Condominium,2.0,,Non Bumi Lot,Penang,7.0,8,0,0,0,0,0,0,0,1,1,,1,0,1,1,0,0,1,1,1,0,1,0,1,0,529999.9999999998
3,2,980.0,Freehold,,,Apartment,1.0,Low,Non Bumi Lot,Melaka,,6,0,0,0,0,0,0,0,1,1,1.0,1,0,0,1,0,0,0,1,1,0,1,0,1,0,249999.99999999983
3,2,950.0,Leasehold,29.0,1709.0,Condominium,1.0,High,Bumi Lot,Selangor,12.0,8,0,0,0,1,0,0,1,0,0,3.0,0,0,1,1,1,0,1,1,1,0,1,0,1,0,298000.00000000023
3,2,650.0,Freehold,,,Apartment,1.0,Medium,Non Bumi Lot,Penang,,0,0,0,0,0,0,0,0,1,1,2.0,0,0,0,0,0,0,0,0,0,0,0,0,0,0,208999.99999999994
3,2,850.0,Freehold,,635.0,Apartment,2.0,High,Non Bumi Lot,Selangor,4.0,14,0,1,0,0,0,0,0,1,1,3.0,1,1,1,1,1,1,1,1,1,1,1,1,1,1,230000.0000000002
3,2,1200.0,Freehold,20.0,771.0,Condominium,2.0,High,Non Bumi Lot,Penang,7.0,7,0,0,0,0,0,0,0,1,1,3.0,0,0,1,1,1,0,0,1,1,0,1,0,1,0,660000.0000000003
3,2,1018.0,Leasehold,,,Condominium,2.0,,Non Bumi Lot,Kuala Lumpur,,6,1,0,1,1,1,0,0,1,0,,0,0,1,0,1,0,0,1,1,0,1,0,1,0,469999.99999999994
1,1,447.0,Freehold,21.0,455.0,Condominium,,,Non Bumi Lot,Selangor,8.0,7,0,0,0,0,0,0,0,1,1,,1,0,1,1,0,0,1,0,1,0,1,0,1,0,198000.00000000012
3,2,1007.0,Leasehold,,912.0,Service Residence,2.0,Medium,Non Bumi Lot,Sabah,3.0,12,0,0,0,0,0,0,0,1,0,2.0,1,1,1,1,1,1,1,1,1,1,1,0,1,0,466000.0000000002
3,2,850.0,Freehold,21.0,406.0,Condominium,1.0,Low,Non Bumi Lot,Penang,25.0,4,0,0,0,0,0,0,0,1,1,1.0,0,0,0,0,1,0,0,1,0,0,1,0,1,0,380000.0000000003
3,2,650.0,Freehold,,,Flat,,,Non Bumi Lot,Penang,,0,0,0,0,0,0,0,0,1,1,,0,0,0,0,0,0,0,0,0,0,0,0,0,0,260000.00000000015
3,2,1173.0,Leasehold,15.0,,Condominium,,Low,Bumi Lot,Selangor,,5,1,1,1,1,0,0,0,0,0,1.0,0,0,0,0,0,1,0,1,1,0,1,0,1,0,355000.0
3,2,818.0,Leasehold,12.0,,Condominium,,,Non Bumi Lot,Kuala Lumpur,,6,0,0,0,0,0,0,0,1,0,,1,1,0,0,0,1,0,1,0,0,0,0,1,1,240000.00000000015
4,3,1091.0,Freehold,30.0,808.0,Condominium,2.0,High,Non Bumi Lot,Penang,10.0,10,0,0,0,0,0,0,0,1,1,3.0,0,0,1,0,1,1,0,1,1,1,1,1,1,1,649999.9999999998
2,2,1164.0,Freehold,,,Condominium,1.0,Medium,Bumi Lot,Perak,,9,0,0,0,0,0,0,0,0,1,2.0,1,1,1,0,1,1,0,1,1,0,1,0,1,0,310000.0
3,2,872.0,Leasehold,11.0,,Apartment,1.0,Medium,Non Bumi Lot,Penang,,7,0,0,0,0,0,0,0,1,0,2.0,1,0,1,0,1,0,0,1,1,0,1,0,1,0,480000.0000000003
2,2,749.0,Leasehold,27.0,712.0,Service Residence,,Low,Non Bumi Lot,Johor,5.0,9,0,0,0,0,0,0,0,1,0,1.0,1,0,1,0,1,0,1,1,1,1,1,0,1,0,368000.00000000006
3,2,871.0,Freehold,,,Apartment,,Low,Non Bumi Lot,Selangor,,0,0,0,0,0,0,0,0,1,1,1.0,0,0,0,0,0,0,0,0,0,0,0,0,0,0,190000.00000000012
3,2,850.0,Freehold,5.0,,Apartment,,,Bumi Lot,Selangor,,2,0,0,1,1,0,0,0,0,1,,0,0,0,0,0,0,0,1,1,0,0,0,0,0,279999.9999999998
4,2,850.0,Freehold,15.0,,Condominium,1.0,High,Non Bumi Lot,Selangor,10.0,7,1,0,0,1,0,0,0,1,1,3.0,0,0,1,0,1,1,1,1,0,0,1,0,1,0,299999.9999999999
3,2,966.0,Leasehold,,,Apartment,,Low,Non Bumi Lot,Johor,,0,0,0,0,0,0,0,0,1,0,1.0,0,0,0,0,0,0,0,0,0,0,0,0,0,0,234999.99999999994
3,2,1080.0,Freehold,16.0,416.0,Condominium,1.0,,Non Bumi Lot,Kuala Lumpur,16.0,0,0,0,0,0,0,0,0,1,1,,0,0,0,0,0,0,0,0,0,0,0,0,0,0,394999.99999999994
3,2,1168.0,Freehold,25.0,364.0,Service Residence,1.0,,Non Bumi Lot,Johor,10.0,14,0,0,0,0,0,0,0,1,1,,1,1,1,1,1,1,1,1,1,1,1,1,1,1,469999.99999999994
3,2,1230.0,Freehold,27.0,357.0,Condominium,2.0,,Non Bumi Lot,Penang,6.0,6,0,0,0,0,0,0,0,1,1,,0,0,1,0,1,0,0,1,1,0,1,0,1,0,489999.9999999997
3,2,1065.0,Freehold,9.0,,Apartment,,,Non Bumi Lot,Selangor,,0,0,0,1,1,1,0,0,1,1,,0,0,0,0,0,0,0,0,0,0,0,0,0,0,244999.99999999983
3,2,750.0,Freehold,5.0,,Apartment,1.0,Medium,Non Bumi Lot,Selangor,,3,0,0,0,0,0,0,0,1,1,2.0,0,0,0,0,0,0,0,1,1,0,1,0,0,0,155000.0
2,2,581.0,Leasehold,,,Apartment,,Medium,Non Bumi Lot,Penang,,6,0,0,0,0,0,0,0,1,0,2.0,0,0,0,1,1,1,1,1,1,0,0,0,0,0,230000.0000000002
3,2,1275.0,Freehold,31.0,476.0,Condominium,2.0,High,Non Bumi Lot,Penang,6.0,10,0,0,0,0,0,0,0,1,1,3.0,1,0,1,1,1,0,1,1,1,1,1,0,1,0,587999.9999999998
3,2,945.0,Leasehold,4.0,,Apartment,2.0,Low,Non Bumi Lot,Kuala Lumpur,,2,1,0,1,1,0,0,1,1,0,1.0,0,0,0,0,0,1,0,1,0,0,0,0,0,0,212000.00000000012
3,2,1033.0,Leasehold,12.0,228.0,Service Residence,,,Non Bumi Lot,Selangor,9.0,3,1,0,1,1,0,0,0,1,0,,1,0,1,0,0,0,0,0,0,0,1,0,0,0,289999.9999999999
2,2,550.0,Freehold,,,Apartment,,Low,Bumi Lot,Negeri Sembilan,,4,0,0,0,0,0,0,0,0,1,1.0,0,0,0,1,1,0,0,1,0,0,1,0,0,0,98000.00000000001
1,1,552.0,Leasehold,,,Service Residence,,Medium,Non Bumi Lot,Sabah,,7,0,0,0,0,0,0,0,1,0,2.0,1,0,1,0,1,0,0,1,1,0,1,0,1,0,708000.0000000003
3,2,1300.0,Freehold,10.0,,Condominium,1.0,Medium,Non Bumi Lot,Penang,,7,0,0,0,0,0,0,0,1,1,2.0,0,0,0,0,1,1,0,1,0,1,1,1,1,0,435000.00000000035
3,2,650.0,Leasehold,,,Apartment,,High,Non Bumi Lot,Kuala Lumpur,,4,0,0,1,0,0,0,1,1,0,3.0,0,0,0,0,1,1,0,1,1,0,0,0,0,0,175000.00000000003
4,3,1387.0,Freehold,35.0,3224.0,Service Residence,2.0,High,Non Bumi Lot,Johor,5.0,11,0,0,0,0,0,0,0,1,1,3.0,1,1,1,1,1,1,1,1,1,0,1,0,1,0,1150000.0
2,2,1077.0,Leasehold,8.0,89.0,Apartment,2.0,,Non Bumi Lot,Sarawak,,10,0,0,0,0,0,0,0,1,0,,0,0,1,0,1,1,0,1,1,1,1,1,1,1,579999.9999999999
3,2,850.0,Freehold,,,Apartment,3.0,Medium,Bumi Lot,Johor,,10,0,0,0,0,0,0,0,0,1,2.0,1,0,1,1,1,1,1,1,1,0,1,0,1,0,277000.0000000002
3,2,853.0,Freehold,,,Apartment,1.0,Low,Non Bumi Lot,Selangor,7.0,4,0,0,0,0,0,0,0,1,1,1.0,0,0,0,1,0,0,0,1,1,0,1,0,0,0,285000.0
2,1,700.0,Freehold,,,Apartment,1.0,Low,Non Bumi Lot,Penang,,2,0,0,0,0,0,0,0,1,1,1.0,0,0,0,0,1,0,0,1,0,0,0,0,0,0,299999.9999999999
3,2,1353.0,Freehold,49.0,480.0,Service Residence,2.0,Medium,Non Bumi Lot,Penang,5.0,5,0,0,0,0,0,0,0,1,1,2.0,0,0,0,0,1,0,0,1,1,0,1,0,1,0,690000.0000000002
1,1,430.0,Freehold,,,Service Residence,,Low,Non Bumi Lot,Kuala Lumpur,,6,1,1,1,1,0,0,0,1,1,1.0,0,0,1,0,1,0,0,1,1,0,1,0,1,0,319999.9999999998
3,2,700.0,Freehold,27.0,454.0,Apartment,1.0,High,Non Bumi Lot,Penang,,3,0,0,0,0,0,0,0,1,1,3.0,0,0,0,0,1,0,0,1,0,0,1,0,0,0,275000.00000000006
3,2,1001.0,Leasehold,4.0,,Apartment,1.0,Low,Bumi Lot,Selangor,18.0,3,0,0,0,0,0,0,0,0,0,1.0,0,0,0,0,0,0,0,1,1,0,1,0,0,0,439999.9999999997
3,2,753.0,Freehold,,,Flat,2.0,High,Non Bumi Lot,Johor,,0,0,0,0,0,0,0,0,1,1,3.0,0,0,0,0,0,0,0,0,0,0,0,0,0,0,188000.00000000012
3,2,680.0,Leasehold,22.0,714.0,Apartment,1.0,Low,Non Bumi Lot,Penang,,6,0,0,0,0,0,0,0,1,0,1.0,0,0,0,0,1,1,1,1,1,0,1,0,0,0,225000.00000000015
4,3,1403.0,Leasehold,,,Condominium,,High,Non Bumi Lot,Sabah,,4,0,0,0,0,0,0,0,1,0,3.0,0,0,0,0,0,0,0,1,1,0,1,0,1,0,829999.9999999995
3,2,939.0,Freehold,38.0,420.0,Condominium,3.0,High,Non Bumi Lot,Penang,12.0,14,0,0,0,0,0,0,0,1,1,3.0,1,1,1,1,1,1,1,1,1,1,1,1,1,1,497999.9999999998
3,2,700.0,Leasehold,,,Apartment,1.0,,Non Bumi Lot,,,4,0,0,0,0,0,0,0,1,0,,0,0,0,1,0,0,0,1,0,0,1,0,1,0,239000.00000000003
4,3,1507.0,Freehold,18.0,500.0,Condominium,,,Bumi Lot,Kuala Lumpur,27.0,0,0,0,0,0,0,0,0,0,1,,0,0,0,0,0,0,0,0,0,0,0,0,0,0,394999.99999999994
3,2,720.0,Leasehold,17.0,3.0,Apartment,1.0,,Non Bumi Lot,Penang,31.0,3,0,0,0,0,0,0,0,1,0,,0,0,0,0,1,0,0,1,0,0,1,0,0,0,249999.99999999983
3,2,790.0,Freehold,,,Apartment,1.0,Medium,Non Bumi Lot,Selangor,9.0,3,1,0,0,1,0,0,0,1,1,2.0,0,0,0,0,0,0,0,1,1,0,1,0,0,0,108000.0
3,2,800.0,Freehold,20.0,80.0,Apartment,1.0,Low,Non Bumi Lot,Penang,25.0,2,0,0,0,0,0,0,0,1,1,1.0,0,0,0,0,0,0,0,1,0,0,1,0,0,0,368000.00000000006
3,2,956.0,Freehold,19.0,392.0,Condominium,1.0,High,Bumi Lot,Selangor,,13,0,0,0,0,0,0,0,0,1,3.0,1,1,1,1,1,1,1,1,1,1,1,0,1,1,310000.0
3,2,1600.0,Leasehold,,,Condominium,,Medium,Non Bumi Lot,Sarawak,,0,0,0,0,0,0,0,0,1,0,2.0,0,0,0,0,0,0,0,0,0,0,0,0,0,0,529999.9999999998
3,1,646.0,Leasehold,12.0,556.0,Condominium,,Medium,Non Bumi Lot,Penang,,3,0,0,0,0,0,0,0,1,0,2.0,0,0,0,0,1,0,0,1,0,0,1,0,0,0,280001.0
3,2,700.0,Leasehold,25.0,,Apartment,1.0,Medium,Non Bumi Lot,Penang,,3,0,0,0,0,0,0,0,1,0,2.0,0,0,0,0,1,0,0,1,0,0,1,0,0,0,249999.99999999983
3,2,1001.0,Leasehold,21.0,391.0,Service Residence,2.0,High,Non Bumi Lot,Selangor,9.0,9,1,0,0,1,0,0,0,1,0,3.0,1,0,1,0,1,1,1,1,1,0,1,0,1,0,448000.0000000002
3,2,1001.0,Leasehold,,400.0,Apartment,,Low,Non Bumi Lot,Johor,,9,0,0,0,0,0,0,0,1,0,1.0,1,1,1,0,1,0,0,1,1,1,1,0,1,0,280800.00000000006
3,2,774.0,Leasehold,36.0,630.0,Service Residence,1.0,Medium,Non Bumi Lot,Kuala Lumpur,7.0,9,0,0,1,0,0,0,1,1,0,2.0,0,0,1,1,0,1,0,1,1,0,1,1,1,1,529999.9999999998
3,2,1100.0,Leasehold,6.0,180.0,Condominium,1.0,Medium,Bumi Lot,Kuala Lumpur,,9,1,0,0,1,0,0,0,0,0,2.0,0,0,1,1,1,1,0,1,1,0,1,0,1,1,397999.9999999999
3,2,700.0,Freehold,20.0,205.0,Condominium,1.0,High,Non Bumi Lot,Penang,26.0,5,0,0,0,0,0,0,0,1,1,3.0,0,0,0,1,1,1,0,1,0,0,1,0,0,0,324999.9999999999
3,2,1646.0,Freehold,44.0,378.0,Condominium,2.0,High,Non Bumi Lot,Penang,5.0,7,0,0,0,0,0,0,0,1,1,3.0,1,0,1,0,0,0,1,0,1,1,1,0,1,0,1100000.0000000005
2,1,753.0,Leasehold,47.0,685.0,Service Residence,,,Non Bumi Lot,Selangor,0.0,10,0,1,1,1,1,1,1,1,0,,1,0,1,1,1,0,0,1,1,1,1,0,1,1,667999.9999999995
3,2,650.0,Freehold,5.0,,Apartment,,Medium,Bumi Lot,Selangor,,2,0,0,1,1,1,0,0,0,1,2.0,0,0,0,0,0,0,0,0,1,0,1,0,0,0,219999.99999999985
3,2,850.0,Freehold,,,Service Residence,2.0,,Non Bumi Lot,Putrajaya,,11,0,0,0,0,0,0,0,1,1,,1,1,1,1,1,0,1,1,1,1,1,0,1,0,457999.99999999965
2,2,1100.0,Freehold,30.0,,Service Residence,3.0,,Non Bumi Lot,Penang,10.0,5,0,0,0,0,0,0,0,1,1,,0,0,1,0,1,0,0,1,0,0,1,0,1,0,849999.9999999994
3,2,700.0,Freehold,8.0,68.0,Apartment,1.0,Low,Non Bumi Lot,Penang,26.0,3,0,0,0,0,0,0,0,1,1,1.0,0,0,0,0,1,0,0,1,0,0,1,0,0,0,359999.99999999994
3,2,936.0,Freehold,,,Condominium,2.0,High,Non Bumi Lot,Selangor,,11,0,0,0,0,0,0,0,1,1,3.0,1,1,1,1,1,0,1,1,1,0,1,0,1,1,570000.0
2,1,624.0,Leasehold,,,Apartment,,,Non Bumi Lot,Sarawak,,0,0,0,0,0,0,0,0,1,0,,0,0,0,0,0,0,0,0,0,0,0,0,0,0,124999.99999999991
3,2,1600.0,Freehold,35.0,195.0,Condominium,2.0,Low,Non Bumi Lot,Penang,12.0,9,0,0,0,0,0,0,0,1,1,1.0,1,0,1,1,1,0,1,1,1,0,1,0,1,0,1049999.9999999998
2,2,1195.0,Freehold,,,Condominium,1.0,Medium,Non Bumi Lot,Johor,,6,0,0,0,0,0,0,0,1,1,2.0,0,0,1,0,1,0,0,1,1,0,1,0,1,0,489999.9999999997
3,2,1041.0,Freehold,,,Condominium,2.0,Medium,Non Bumi Lot,,,5,0,0,0,0,0,0,0,1,1,2.0,0,0,0,0,1,0,0,1,1,0,1,0,1,0,550000.0000000001
3,3,1038.0,Leasehold,,630.0,Service Residence,,Low,Non Bumi Lot,Sabah,1.0,14,0,0,0,0,0,0,0,1,0,1.0,1,1,1,1,1,1,1,1,1,1,1,1,1,1,599999.9999999999
3,2,1100.0,Freehold,31.0,360.0,Condominium,2.0,Low,Non Bumi Lot,Penang,22.0,0,0,0,0,0,0,0,0,1,1,1.0,0,0,0,0,0,0,0,0,0,0,0,0,0,0,529999.9999999998
3,2,750.0,Freehold,21.0,520.0,Apartment,1.0,,Non Bumi Lot,Penang,24.0,5,0,0,0,0,0,0,0,1,1,,0,0,0,0,1,0,0,1,1,0,1,0,1,0,279999.9999999998
3,2,689.0,Freehold,,,Apartment,1.0,,Bumi Lot,Selangor,,5,1,0,1,1,0,1,0,0,1,,0,0,0,1,0,0,1,1,1,0,1,0,0,0,194999.99999999994
2,2,818.0,Freehold,22.0,500.0,Service Residence,1.0,High,Non Bumi Lot,Kuala Lumpur,,8,0,1,1,1,0,0,1,1,1,3.0,0,0,1,1,1,1,0,1,1,0,1,0,1,0,289999.9999999999
3,2,1227.0,Freehold,41.0,1115.0,Service Residence,2.0,Medium,Non Bumi Lot,Kuala Lumpur,5.0,14,0,0,1,1,0,0,1,1,1,2.0,1,1,1,1,1,1,1,1,1,1,1,1,1,1,820000.0000000002
3,2,1035.0,Freehold,25.0,1255.0,Apartment,1.0,Medium,Non Bumi Lot,Johor,5.0,0,0,0,0,0,0,0,0,1,1,2.0,0,0,0,0,0,0,0,0,0,0,0,0,0,0,485000.00000000035
3,2,1288.0,Leasehold,,,Apartment,1.0,,Non Bumi Lot,Sarawak,,0,0,0,0,0,0,0,0,1,0,,0,0,0,0,0,0,0,0,0,0,0,0,0,0,350000.0000000001
3,2,730.0,Freehold,5.0,400.0,Apartment,1.0,Low,Non Bumi Lot,Selangor,6.0,0,0,0,1,1,0,0,0,1,1,1.0,0,0,0,0,0,0,0,0,0,0,0,0,0,0,330000.0000000001
3,2,819.0,Leasehold,44.0,2136.0,Service Residence,1.0,,Non Bumi Lot,Kuala Lumpur,2.0,6,0,1,0,1,0,0,1,1,0,,0,0,1,0,1,0,0,1,1,0,1,0,1,0,439999.9999999997
3,2,820.0,Freehold,,723.0,Apartment,2.0,,Non Bumi Lot,Selangor,3.0,10,0,0,1,1,0,0,0,1,1,,1,0,1,1,1,1,1,1,1,0,1,0,1,0,298999.99999999977
3,2,856.0,Freehold,9.0,,Condominium,1.0,,Non Bumi Lot,Selangor,,6,0,0,0,0,0,0,0,1,1,,1,0,0,0,0,1,0,1,1,0,1,0,1,0,210000.0000000001
3,2,783.0,Leasehold,,,Apartment,,Medium,Bumi Lot,Selangor,,0,1,0,0,1,0,0,0,0,0,2.0,0,0,0,0,0,0,0,0,0,0,0,0,0,0,170000.0
3,2,800.0,Leasehold,6.0,672.0,Apartment,1.0,Medium,Non Bumi Lot,Penang,29.0,2,0,0,0,0,0,0,0,1,0,2.0,0,0,0,0,0,0,0,1,0,0,1,0,0,0,288000.00000000023
3,2,950.0,Freehold,,,Flat,1.0,High,Non Bumi Lot,Melaka,,3,0,0,0,0,0,0,0,1,1,3.0,0,0,0,0,0,1,0,1,1,0,0,0,0,0,109999.99999999991
3,2,732.0,Leasehold,,,Apartment,1.0,Medium,Non Bumi Lot,Selangor,,0,0,0,0,0,0,0,0,1,0,2.0,0,0,0,0,0,0,0,0,0,0,0,0,0,0,219999.99999999985
3,2,810.0,Freehold,20.0,1.0,Condominium,1.0,,Non Bumi Lot,Kuala Lumpur,16.0,4,0,0,1,1,0,0,0,1,1,,0,0,0,0,0,1,0,1,0,0,1,0,1,0,288000.00000000023
3,2,850.0,Leasehold,,,Flat,,Medium,Non Bumi Lot,Sarawak,,1,0,0,0,0,0,0,0,1,0,2.0,0,0,0,0,0,0,0,1,0,0,0,0,0,0,147999.9999999999
3,1,680.0,Freehold,,,Apartment,,Medium,Bumi Lot,Selangor,,0,0,0,0,1,0,0,0,0,1,2.0,0,0,0,0,0,0,0,0,0,0,0,0,0,0,88000.00000000001
3,2,1011.0,Freehold,,296.0,Apartment,,Low,Non Bumi Lot,Selangor,5.0,5,0,0,0,0,0,0,0,1,1,1.0,0,0,0,0,1,0,0,1,1,0,1,0,1,0,310000.0
3,2,710.0,Leasehold,,,Flat,,Low,Non Bumi Lot,Johor,,0,0,0,0,0,0,0,0,1,0,1.0,0,0,0,0,0,0,0,0,0,0,0,0,0,0,190000.00000000012
3,2,650.0,Leasehold,,,Apartment,,,Non Bumi Lot,Penang,,2,0,0,0,0,0,0,0,1,0,,0,0,0,0,1,0,0,0,0,0,1,0,0,0,210000.0000000001
3,2,1041.0,Leasehold,,,Apartment,2.0,Low,Non Bumi Lot,Selangor,,8,1,1,1,1,0,0,0,1,0,1.0,0,0,1,1,1,1,1,1,1,0,1,0,0,0,386999.99999999994
3,2,860.0,Leasehold,,,Apartment,1.0,,Non Bumi Lot,Penang,,6,0,0,0,0,0,0,0,1,0,,0,0,0,0,1,1,1,1,1,0,1,0,0,0,227999.9999999998
3,3,1300.0,Freehold,19.0,706.0,Condominium,1.0,Medium,Non Bumi Lot,Penang,13.0,11,0,0,0,0,0,0,0,1,1,2.0,1,0,1,0,1,1,1,1,1,1,1,0,1,1,469999.99999999994
3,2,958.0,Leasehold,,1013.0,Condominium,1.0,High,Non Bumi Lot,Selangor,18.0,11,0,0,0,0,0,0,0,1,0,3.0,1,0,1,1,1,1,1,1,1,0,1,0,1,1,550000.0000000001
4,2,1101.0,Leasehold,17.0,,Condominium,1.0,,Non Bumi Lot,Kuala Lumpur,,6,1,0,1,1,0,0,1,1,0,,0,0,1,0,0,1,0,1,1,0,1,0,1,0,439999.9999999997
3,1,650.0,Leasehold,,,Flat,,High,Bumi Lot,Selangor,,2,1,0,0,1,1,0,0,0,0,3.0,0,0,0,0,0,1,0,0,1,0,0,0,0,0,190000.00000000012
2,1,522.0,Leasehold,26.0,324.0,Service Residence,,High,Non Bumi Lot,Sabah,3.0,5,0,0,0,0,0,0,0,1,0,3.0,0,0,1,0,1,1,0,0,0,0,1,0,1,0,610000.0
3,2,700.0,Freehold,23.0,,Apartment,1.0,Medium,Non Bumi Lot,Penang,14.0,8,0,0,0,0,0,0,0,1,1,2.0,1,0,1,1,1,0,1,1,1,0,1,0,0,0,384999.9999999997
3,2,1020.0,Freehold,12.0,140.0,Condominium,,,Non Bumi Lot,Kuala Lumpur,34.0,6,1,1,1,1,0,0,1,1,1,,1,0,1,0,0,0,0,1,1,0,1,0,1,0,350000.0000000001
3,2,753.0,Freehold,,,Apartment,,,Non Bumi Lot,Selangor,,0,0,0,0,0,0,0,0,1,1,,0,0,0,0,0,0,0,0,0,0,0,0,0,0,169000.00000000012
3,2,850.0,Leasehold,12.0,1012.0,Apartment,,Low,Non Bumi Lot,Sabah,,7,0,0,0,0,0,0,0,1,0,1.0,0,0,1,1,0,0,0,1,1,0,1,0,1,1,275000.00000000006
4,2,1366.0,Leasehold,27.0,162.0,Condominium,,,Bumi Lot,Selangor,6.0,7,0,0,1,1,0,0,0,0,0,,1,0,1,0,0,0,1,1,1,0,1,0,1,0,469999.99999999994
1,1,541.0,Freehold,15.0,760.0,Service Residence,,Medium,Bumi Lot,Pahang,4.0,8,0,0,0,0,0,0,0,0,1,2.0,0,0,1,0,0,0,1,1,1,0,1,1,1,1,430000.0000000002
3,2,1050.0,Freehold,10.0,102.0,Condominium,1.0,,Non Bumi Lot,Selangor,16.0,11,0,0,0,0,0,0,0,1,1,,1,0,1,0,1,1,0,1,1,1,1,1,1,1,240000.00000000015
4,2,1062.0,Freehold,25.0,588.0,Service Residence,,,Non Bumi Lot,Selangor,18.0,8,1,1,1,1,0,0,1,1,1,,0,0,0,0,1,1,1,1,1,0,1,0,1,1,380000.0000000003
4,3,1300.0,Freehold,44.0,684.0,Service Residence,3.0,Medium,Non Bumi Lot,Kuala Lumpur,0.0,12,0,0,0,0,0,0,0,1,1,2.0,1,1,1,1,1,1,1,1,1,1,1,0,1,0,534999.9999999998
1,1,705.0,Freehold,41.0,1040.0,Service Residence,1.0,,Non Bumi Lot,Kuala Lumpur,8.0,11,1,0,1,1,1,0,0,1,1,,1,0,1,1,1,1,1,1,1,1,1,0,1,0,375000.0000000002
3,2,1024.0,Leasehold,4.0,,Apartment,,Low,Non Bumi Lot,Johor,,0,0,0,0,0,0,0,0,1,0,1.0,0,0,0,0,0,0,0,0,0,0,0,0,0,0,298999.99999999977
3,1,657.0,Freehold,5.0,,Apartment,,High,Bumi Lot,Selangor,,0,0,0,0,0,0,0,0,0,1,3.0,0,0,0,0,0,0,0,0,0,0,0,0,0,0,225000.00000000015
3,2,904.0,Leasehold,,,Apartment,1.0,,Non Bumi Lot,Penang,,3,0,0,0,0,0,0,0,1,0,,0,0,0,0,1,0,0,1,0,0,1,0,0,0,289999.9999999999
3,1,650.0,Leasehold,,,Flat,1.0,Low,Non Bumi Lot,Johor,,3,0,0,0,0,0,0,0,1,0,1.0,0,0,0,0,0,1,0,1,1,0,0,0,0,0,196000.00000000006
3,2,1028.0,Leasehold,,698.0,Apartment,,,Non Bumi Lot,Johor,18.0,2,0,0,0,0,0,0,0,1,0,,0,0,0,0,0,0,0,0,0,0,1,0,1,0,305000.0
2,3,1200.0,Freehold,,,Condominium,,Medium,Non Bumi Lot,Selangor,,8,0,0,0,0,0,0,0,1,1,2.0,1,0,1,0,1,0,1,1,1,0,1,0,1,0,557999.9999999998
3,2,936.0,Freehold,38.0,420.0,Condominium,2.0,Medium,Non Bumi Lot,Penang,12.0,14,0,0,0,0,0,0,0,1,1,2.0,1,1,1,1,1,1,1,1,1,1,1,1,1,1,579999.9999999999
3,2,800.0,Freehold,,635.0,Apartment,,,Non Bumi Lot,Selangor,4.0,9,0,1,0,0,0,0,0,1,1,,0,0,1,1,1,1,0,1,1,1,1,0,1,0,249999.99999999983
3,2,1180.0,Leasehold,5.0,320.0,Apartment,1.0,Low,Bumi Lot,Johor,2.0,8,0,0,0,0,0,0,0,0,0,1.0,1,0,1,1,0,0,0,1,1,1,1,0,1,0,378250.0000000001
3,1,650.0,Freehold,,,Flat,,Medium,Non Bumi Lot,Selangor,,0,0,0,0,0,0,0,0,1,1,2.0,0,0,0,0,0,0,0,0,0,0,0,0,0,0,63000.00000000004
3,2,1152.0,Freehold,,,Apartment,1.0,High,Non Bumi Lot,Johor,,7,0,0,0,0,0,0,0,1,1,3.0,0,0,1,0,1,1,0,1,1,0,1,0,1,0,299999.9999999999
4,2,1313.0,Leasehold,,,Condominium,3.0,High,Non Bumi Lot,Kuala Lumpur,,9,1,1,1,1,1,0,0,1,0,3.0,1,1,1,0,0,1,0,1,1,1,1,0,1,0,489999.9999999997
3,2,650.0,Leasehold,,,Apartment,,Low,Bumi Lot,Selangor,,2,0,0,0,0,0,0,0,0,0,1.0,0,0,0,0,0,1,0,0,1,0,0,0,0,0,170000.0
3,2,870.0,Leasehold,18.0,,Apartment,,,Bumi Lot,Selangor,,8,0,0,0,0,0,0,0,0,0,,0,0,1,0,1,1,0,1,1,0,1,1,1,0,249999.99999999983
3,2,800.0,Leasehold,,,Apartment,,Low,Non Bumi Lot,Kuala Lumpur,,0,0,0,1,0,0,0,1,1,0,1.0,0,0,0,0,0,0,0,0,0,0,0,0,0,0,177999.99999999994
3,2,845.0,Freehold,,,Service Residence,,,Non Bumi Lot,Kuala Lumpur,,0,1,0,0,1,0,0,1,1,1,,0,0,0,0,0,0,0,0,0,0,0,0,0,0,340000.00000000006
3,2,1009.0,Leasehold,36.0,1338.0,Service Residence,2.0,Medium,Non Bumi Lot,Kuala Lumpur,6.0,11,1,0,1,1,0,0,0,1,0,2.0,1,0,1,1,1,1,1,1,1,1,1,0,1,0,380000.0000000003
4,2,1260.0,Freehold,5.0,,Apartment,1.0,Medium,Non Bumi Lot,Selangor,,5,0,0,1,1,0,0,0,1,1,2.0,1,0,0,0,0,0,0,1,1,0,1,0,1,0,249998.99999999997
2,2,650.0,Leasehold,44.0,2136.0,Service Residence,1.0,,Non Bumi Lot,Kuala Lumpur,2.0,7,0,1,0,1,0,0,1,1,0,,1,0,1,0,1,0,0,1,1,0,1,0,1,0,359999.99999999994
3,2,750.0,Leasehold,14.0,,Condominium,,,Non Bumi Lot,Kuala Lumpur,,0,0,0,0,0,0,0,0,1,0,,0,0,0,0,0,0,0,0,0,0,0,0,0,0,200000.00000000006
3,2,650.0,Leasehold,,,Apartment,1.0,,Non Bumi Lot,Penang,,0,0,0,0,0,0,0,0,1,0,,0,0,0,0,0,0,0,0,0,0,0,0,0,0,275999.9999999998
3,1,840.0,Leasehold,11.0,,Apartment,,Medium,Non Bumi Lot,Penang,27.0,1,0,0,0,0,0,0,0,1,0,2.0,0,0,0,0,0,0,0,1,0,0,0,0,0,0,240000.00000000015
3,2,1010.0,Leasehold,,,Apartment,1.0,Low,Non Bumi Lot,Sarawak,,0,0,0,0,0,0,0,0,1,0,1.0,0,0,0,0,0,0,0,0,0,0,0,0,0,0,135000.00000000012
3,2,883.0,Leasehold,,,Apartment,,,Bumi Lot,Kuala Lumpur,,0,0,0,0,1,0,0,0,0,0,,0,0,0,0,0,0,0,0,0,0,0,0,0,0,260000.00000000015
3,2,755.0,Freehold,14.0,336.0,Condominium,,Medium,Non Bumi Lot,Kuala Lumpur,13.0,14,0,0,0,0,0,0,0,1,1,2.0,1,1,1,1,1,1,1,1,1,1,1,1,1,1,249999.99999999983
3,2,700.0,Leasehold,25.0,,Apartment,1.0,,Non Bumi Lot,Penang,,4,0,0,0,0,0,0,0,1,0,,0,0,0,0,1,0,0,1,1,0,1,0,0,0,269999.99999999977
3,2,1170.0,Leasehold,15.0,,Condominium,2.0,,Non Bumi Lot,Selangor,,11,1,1,1,1,0,0,0,1,0,,1,1,1,1,0,1,1,1,1,0,1,0,1,1,394999.99999999994
3,2,860.0,Freehold,27.0,,Condominium,1.0,,Non Bumi Lot,Penang,18.0,7,0,0,0,0,0,0,0,1,1,,1,0,1,0,1,0,0,1,1,0,1,0,1,0,430000.0000000002
4,4,1474.0,Freehold,35.0,212.0,Condominium,2.0,High,Non Bumi Lot,Kuala Lumpur,3.0,9,1,0,1,1,0,0,0,1,1,3.0,1,0,1,1,1,0,1,1,1,0,1,0,1,0,879999.9999999995
3,2,1022.0,Freehold,29.0,372.0,Condominium,2.0,Medium,Non Bumi Lot,Selangor,10.0,10,0,0,0,0,0,0,0,1,1,2.0,1,0,1,1,1,1,0,1,1,0,1,0,1,1,378000.0
3,2,1222.0,Freehold,16.0,,Condominium,,Low,Non Bumi Lot,Kuala Lumpur,27.0,9,0,0,1,1,0,1,1,1,1,1.0,0,0,1,1,0,1,0,1,1,0,1,1,1,1,378000.0
3,2,1378.0,Freehold,15.0,368.0,Condominium,,,Bumi Lot,Kuala Lumpur,6.0,4,0,0,0,0,0,0,0,0,1,,0,0,0,0,0,0,0,1,1,0,1,0,1,0,393000.00000000023
3,2,1352.0,Freehold,32.0,322.0,Condominium,2.0,,Non Bumi Lot,Penang,7.0,6,0,0,0,0,0,0,0,1,1,,1,0,1,1,0,0,0,0,1,0,1,0,1,0,949999.9999999999
3,2,650.0,Freehold,10.0,,Apartment,1.0,Medium,Non Bumi Lot,Selangor,16.0,6,1,0,1,1,0,0,0,1,1,2.0,0,0,0,1,1,1,0,1,1,0,1,0,0,0,194999.99999999994
3,2,700.0,Freehold,24.0,234.0,Apartment,1.0,,Non Bumi Lot,Penang,,4,0,0,0,0,0,0,0,1,1,,0,0,0,0,1,0,0,1,1,0,1,0,0,0,299999.9999999999
3,2,872.0,Freehold,22.0,1343.0,Condominium,1.0,,Non Bumi Lot,Penang,6.0,13,0,0,0,0,0,0,0,1,1,,0,1,1,1,1,1,1,1,1,1,1,1,1,1,595000.0000000001
3,2,1050.0,Freehold,,,Condominium,3.0,Medium,Non Bumi Lot,Kuala Lumpur,,14,0,0,0,0,0,0,0,1,1,2.0,1,1,1,1,1,1,1,1,1,1,1,1,1,1,370000.0000000001
3,2,815.0,Leasehold,20.0,998.0,Apartment,2.0,,Non Bumi Lot,Selangor,19.0,7,1,1,1,0,0,0,0,1,0,,1,0,1,0,0,1,0,1,1,0,1,0,1,0,264999.9999999999
2,2,765.0,Freehold,22.0,348.0,Condominium,1.0,,Non Bumi Lot,Perak,3.0,6,0,0,0,0,0,0,0,1,1,,0,0,1,0,1,0,0,1,1,0,1,0,1,0,177999.99999999994
3,2,1300.0,Freehold,19.0,706.0,Condominium,2.0,,Non Bumi Lot,Penang,13.0,10,0,0,0,0,0,0,0,1,1,,1,0,1,1,1,0,1,1,1,1,1,0,1,0,620000.0
3,2,1295.0,Freehold,6.0,225.0,Condominium,2.0,,Non Bumi Lot,Penang,8.0,13,0,0,0,0,0,0,0,1,1,,1,1,1,1,1,1,0,1,1,1,1,1,1,1,538000.0000000003
3,2,951.0,Freehold,42.0,1675.0,Service Residence,1.0,Medium,Non Bumi Lot,Selangor,5.0,12,0,1,0,0,0,0,0,1,1,2.0,1,1,1,1,1,1,1,1,1,1,1,0,1,0,445000.00000000023
3,2,904.0,Freehold,12.0,,Condominium,1.0,,Non Bumi Lot,Selangor,,9,1,0,1,1,1,0,0,1,1,,1,0,1,1,1,1,0,1,1,0,1,0,1,0,324999.9999999999
3,2,840.0,Freehold,,,Apartment,,,Non Bumi Lot,Selangor,,0,1,0,0,0,1,0,0,1,1,,0,0,0,0,0,0,0,0,0,0,0,0,0,0,370000.0000000001
3,2,860.0,Freehold,,,Apartment,1.0,Medium,Non Bumi Lot,Penang,,0,0,0,0,0,0,0,0,1,1,2.0,0,0,0,0,0,0,0,0,0,0,0,0,0,0,298000.00000000023
3,2,700.0,Leasehold,25.0,,Apartment,1.0,,Non Bumi Lot,Penang,,6,0,0,0,0,0,0,0,1,0,,0,0,0,1,1,0,1,1,1,0,1,0,0,0,279999.9999999998
2,2,1100.0,Leasehold,9.0,631.0,Service Residence,,Low,Non Bumi Lot,Sabah,9.0,8,0,0,0,0,0,0,0,1,0,1.0,1,0,1,1,1,0,0,1,1,0,1,0,1,0,1150000.0
3,2,700.0,Freehold,30.0,500.0,Apartment,1.0,,Non Bumi Lot,Penang,11.0,9,0,0,0,0,0,0,0,1,1,,1,0,1,1,1,0,1,1,1,0,1,0,1,0,330000.0000000001
3,1,650.0,Leasehold,20.0,1440.0,Condominium,,,Bumi Lot,Selangor,8.0,5,0,0,0,0,0,0,0,0,0,,0,0,0,0,1,1,0,1,1,0,1,0,0,0,139999.9999999999
2,1,646.0,Freehold,63.0,956.0,Service Residence,1.0,,Non Bumi Lot,Kuala Lumpur,2.0,11,1,1,1,1,0,0,0,1,1,,1,1,1,1,1,0,1,1,1,1,1,0,1,0,432000.00000000006
4,2,1055.0,Leasehold,14.0,504.0,Apartment,2.0,High,Non Bumi Lot,Kuala Lumpur,,5,0,0,0,0,0,0,0,1,0,3.0,0,0,0,0,1,1,0,1,1,0,1,0,0,0,424999.99999999965
3,2,1130.0,Leasehold,15.0,210.0,Apartment,2.0,Medium,Non Bumi Lot,Perak,6.0,13,0,0,0,0,0,0,0,1,0,2.0,1,1,1,1,1,1,1,1,1,1,1,0,1,1,359999.99999999994
3,2,800.0,Leasehold,,,Apartment,1.0,Low,Bumi Lot,,,4,0,0,0,0,0,0,0,0,0,1.0,0,0,0,1,0,0,0,1,1,0,1,0,0,0,210000.0000000001
3,2,786.0,Freehold,,,Apartment,,,Non Bumi Lot,Selangor,,3,1,0,1,1,1,0,1,1,1,,0,0,0,0,0,1,0,1,0,0,1,0,0,0,244999.99999999983
3,1,850.0,Leasehold,,,Apartment,1.0,,Non Bumi Lot,,,0,0,0,0,0,0,0,0,1,0,,0,0,0,0,0,0,0,0,0,0,0,0,0,0,286999.99999999977
1,1,715.0,Freehold,,392.0,Apartment,,Low,Non Bumi Lot,Johor,,14,0,0,0,0,0,0,0,1,1,1.0,1,1,1,1,1,1,1,1,1,1,1,1,1,1,308000.00000000006
2,1,550.0,Leasehold,,,Flat,1.0,Low,Non Bumi Lot,Johor,,0,0,0,0,0,0,0,0,1,0,1.0,0,0,0,0,0,0,0,0,0,0,0,0,0,0,158999.99999999997
3,2,807.0,Leasehold,,,Apartment,,Low,Bumi Lot,Selangor,,0,0,0,0,0,0,0,0,0,0,1.0,0,0,0,0,0,0,0,0,0,0,0,0,0,0,230000.0000000002
3,2,950.0,Freehold,31.0,4225.0,Service Residence,,,Non Bumi Lot,Kuala Lumpur,8.0,4,1,1,1,1,0,0,1,1,1,,0,0,0,0,0,0,0,1,1,0,1,0,1,0,380000.0000000003
3,2,736.0,Freehold,,596.0,Apartment,,Low,Non Bumi Lot,Selangor,13.0,0,1,0,0,0,0,1,0,1,1,1.0,0,0,0,0,0,0,0,0,0,0,0,0,0,0,279999.9999999998
3,1,656.0,Freehold,,,Flat,,Low,Bumi Lot,Penang,,1,0,0,0,0,0,0,0,0,1,1.0,0,0,0,0,0,0,0,1,0,0,0,0,0,0,219999.99999999985
2,2,856.0,Leasehold,36.0,1338.0,Service Residence,1.0,High,Non Bumi Lot,Kuala Lumpur,6.0,14,1,0,1,1,0,0,0,1,0,3.0,1,1,1,1,1,1,1,1,1,1,1,1,1,1,314999.99999999994
3,2,1204.0,Freehold,,,Condominium,1.0,Medium,Non Bumi Lot,Sabah,,5,0,0,0,0,0,0,0,1,1,2.0,0,0,0,0,1,0,0,1,1,0,1,0,1,0,480000.0000000003
3,2,753.0,Freehold,,,Apartment,1.0,Medium,Non Bumi Lot,Selangor,,4,0,0,0,0,0,0,0,1,1,2.0,0,0,0,0,1,0,0,1,1,0,1,0,0,0,215000.00000000006
3,2,928.0,Leasehold,,,Apartment,2.0,,Non Bumi Lot,Selangor,,3,1,1,1,1,1,0,1,1,0,,0,0,0,0,1,0,0,1,0,0,1,0,0,0,299999.9999999999
1,1,477.0,Freehold,23.0,763.0,Service Residence,1.0,Low,Non Bumi Lot,Selangor,6.0,9,0,0,0,0,0,0,0,1,1,1.0,1,0,1,0,1,0,1,1,1,1,1,0,1,0,219999.99999999985
2,1,530.0,Freehold,,,Flat,,High,Non Bumi Lot,Johor,,1,0,0,0,0,0,0,0,1,1,3.0,0,0,0,0,0,0,0,1,0,0,0,0,0,0,108000.0
3,2,900.0,Freehold,42.0,2685.0,Condominium,2.0,Low,Non Bumi Lot,Penang,4.0,5,0,0,0,0,0,0,0,1,1,1.0,0,0,0,0,1,0,0,1,1,0,1,0,1,0,480000.0000000003
3,2,1302.0,Freehold,,350.0,Condominium,2.0,Medium,Non Bumi Lot,Selangor,11.0,14,0,0,0,0,0,0,0,1,1,2.0,1,1,1,1,1,1,1,1,1,1,1,1,1,1,472999.9999999997
2,1,550.0,Leasehold,,,Flat,,,Non Bumi Lot,Penang,,1,0,0,0,0,0,0,0,1,0,,0,0,0,0,1,0,0,0,0,0,0,0,0,0,210000.0000000001
3,2,632.0,Leasehold,4.0,,Apartment,,High,Non Bumi Lot,Sarawak,,2,0,0,0,0,0,0,0,1,0,3.0,0,0,0,0,0,0,0,1,0,0,1,0,0,0,249999.99999999983
4,2,1059.0,Freehold,38.0,2647.0,Service Residence,2.0,High,Non Bumi Lot,Kuala Lumpur,4.0,9,0,0,0,0,0,0,0,1,1,3.0,1,0,1,0,1,1,0,1,1,0,1,0,1,1,529999.9999999998
2,2,1417.0,Freehold,21.0,564.0,Service Residence,,Medium,Non Bumi Lot,Selangor,6.0,7,0,0,0,0,0,0,0,1,1,2.0,1,0,1,0,1,0,0,1,1,0,1,0,1,0,480000.0000000003
3,2,1100.0,Freehold,25.0,1220.0,Condominium,2.0,Low,Non Bumi Lot,Kuala Lumpur,19.0,10,1,0,1,1,0,0,0,1,1,1.0,1,0,1,0,1,1,0,1,1,1,1,0,1,1,400000.0000000002
3,2,700.0,Freehold,30.0,,Apartment,1.0,,Non Bumi Lot,Penang,,6,0,0,0,0,0,0,0,1,1,,0,0,1,0,1,1,0,1,0,0,1,0,1,0,345000.00000000006
3,2,818.0,Leasehold,44.0,2136.0,Service Residence,1.0,High,Non Bumi Lot,Kuala Lumpur,2.0,8,0,1,0,1,0,0,1,1,0,3.0,1,0,1,1,1,0,0,1,1,0,1,0,1,0,340000.00000000006
3,2,700.0,Freehold,18.0,182.0,Apartment,1.0,Medium,Non Bumi Lot,Penang,17.0,4,0,0,0,0,0,0,0,1,1,2.0,0,0,0,0,1,0,0,1,1,0,1,0,0,0,359999.99999999994
2,2,818.0,Leasehold,,711.0,Apartment,1.0,Medium,Non Bumi Lot,Johor,,7,0,0,0,0,0,0,0,1,0,2.0,0,0,1,1,0,0,1,1,1,0,1,0,1,0,288888.0000000001
3,2,775.0,Leasehold,4.0,,Apartment,1.0,Low,Non Bumi Lot,Sarawak,,3,0,0,0,0,0,0,0,1,0,1.0,0,0,0,0,0,0,0,1,1,0,1,0,0,0,340000.00000000006
4,2,1184.0,Leasehold,32.0,2000.0,Condominium,2.0,Medium,Bumi Lot,Kuala Lumpur,3.0,10,1,0,1,1,0,0,0,0,0,2.0,0,0,1,0,1,1,0,1,1,1,1,1,1,1,499999.9999999997
4,3,1338.0,Freehold,,803.0,Condominium,2.0,Medium,Non Bumi Lot,Penang,3.0,11,0,0,0,0,0,0,0,1,1,2.0,1,1,1,1,1,0,1,1,1,1,1,0,1,0,840000.0000000005
3,2,1700.0,Leasehold,,,Condominium,1.0,High,Non Bumi Lot,Sarawak,,0,0,0,0,0,0,0,0,1,0,3.0,0,0,0,0,0,0,0,0,0,0,0,0,0,0,579999.9999999999
3,2,1050.0,Freehold,,428.0,Condominium,,Low,Non Bumi Lot,Penang,25.0,5,0,0,0,0,0,0,0,1,1,1.0,0,0,0,0,1,0,0,1,1,0,1,0,1,0,450000.00000000035
4,2,965.0,Freehold,14.0,336.0,Condominium,2.0,,Non Bumi Lot,Kuala Lumpur,13.0,0,0,0,0,0,0,0,0,1,1,,0,0,0,0,0,0,0,0,0,0,0,0,0,0,285000.0
3,2,850.0,Leasehold,5.0,,Apartment,,High,Non Bumi Lot,Sabah,,0,0,0,0,0,0,0,0,1,0,3.0,0,0,0,0,0,0,0,0,0,0,0,0,0,0,249999.99999999983
2,1,550.0,Freehold,,,Apartment,,Medium,Non Bumi Lot,Penang,,0,0,0,0,0,0,0,0,1,1,2.0,0,0,0,0,0,0,0,0,0,0,0,0,0,0,170000.0
4,2,1272.0,Leasehold,,,Condominium,1.0,High,Non Bumi Lot,Kuala Lumpur,,11,1,1,1,1,1,0,0,1,0,3.0,0,1,1,1,0,1,1,1,1,0,1,1,1,1,489999.9999999997
2,1,615.0,Freehold,,,Apartment,,Low,Non Bumi Lot,Sabah,,0,0,0,0,0,0,0,0,1,1,1.0,0,0,0,0,0,0,0,0,0,0,0,0,0,0,269999.99999999977
3,2,700.0,Leasehold,17.0,3.0,Apartment,1.0,Medium,Non Bumi Lot,Penang,31.0,0,0,0,0,0,0,0,0,1,0,2.0,0,0,0,0,0,0,0,0,0,0,0,0,0,0,279999.9999999998
1,1,650.0,Freehold,19.0,457.0,Condominium,1.0,Medium,Non Bumi Lot,Selangor,7.0,14,1,1,1,1,0,0,1,1,1,2.0,1,1,1,1,1,1,1,1,1,1,1,1,1,1,450000.00000000035
3,4,1636.0,Freehold,5.0,115.0,Condominium,2.0,Low,Non Bumi Lot,Penang,5.0,6,0,0,0,0,0,0,0,1,1,1.0,0,0,1,0,1,0,0,1,1,0,1,0,1,0,2200000.000000001
3,2,936.0,Freehold,38.0,420.0,Condominium,2.0,,Non Bumi Lot,Penang,12.0,14,0,0,0,0,0,0,0,1,1,,1,1,1,1,1,1,1,1,1,1,1,1,1,1,520000.0000000003
3,1,650.0,Leasehold,5.0,,Flat,,High,Non Bumi Lot,Selangor,,1,0,0,1,0,1,0,1,1,0,3.0,0,0,0,0,0,0,0,0,1,0,0,0,0,0,165000.00000000006
3,2,750.0,Freehold,5.0,,Apartment,1.0,High,Non Bumi Lot,Selangor,,0,0,0,0,0,0,0,0,1,1,3.0,0,0,0,0,0,0,0,0,0,0,0,0,0,0,249999.99999999983
3,2,850.0,Freehold,4.0,348.0,Flat,1.0,Medium,Non Bumi Lot,Johor,9.0,5,0,0,0,0,0,0,0,1,1,2.0,0,0,0,1,0,0,0,1,1,0,1,0,1,0,179999.99999999997
4,2,1353.0,Freehold,,,Apartment,2.0,Medium,Bumi Lot,Johor,,13,0,0,0,0,0,0,0,0,1,2.0,1,1,1,1,1,1,1,1,1,1,1,1,1,0,340000.00000000006
4,3,1477.0,Freehold,22.0,229.0,Condominium,2.0,,Non Bumi Lot,Selangor,8.0,12,0,0,0,0,0,0,0,1,1,,1,0,1,1,1,1,1,1,1,1,1,1,1,0,448000.0000000002
3,2,1045.0,Freehold,,440.0,Apartment,,High,Non Bumi Lot,Johor,9.0,10,0,0,0,0,0,0,0,1,1,3.0,1,1,1,1,0,1,0,1,1,0,1,0,1,1,420000.00000000023
3,2,1065.0,Leasehold,,,Condominium,2.0,,Non Bumi Lot,Sabah,,7,0,0,0,0,0,0,0,1,0,,0,0,1,0,1,0,1,1,1,0,1,0,1,0,459999.9999999996
3,2,883.0,Freehold,24.0,,Condominium,1.0,High,Non Bumi Lot,Penang,,14,0,0,0,0,0,0,0,1,1,3.0,1,1,1,1,1,1,1,1,1,1,1,1,1,1,268000.0000000001
3,3,1598.0,Freehold,42.0,670.0,Condominium,2.0,Medium,Non Bumi Lot,Penang,6.0,5,0,0,0,0,0,0,0,1,1,2.0,0,0,1,0,1,0,0,1,0,0,1,0,1,0,614999.9999999997
3,3,1200.0,Freehold,,,Condominium,2.0,High,Non Bumi Lot,Putrajaya,,14,0,0,0,0,0,0,0,1,1,3.0,1,1,1,1,1,1,1,1,1,1,1,1,1,1,499000.0000000004
2,2,780.0,Leasehold,,961.0,Condominium,2.0,Medium,Non Bumi Lot,Johor,4.0,11,0,0,0,0,0,0,0,1,0,2.0,1,0,1,0,1,1,0,1,1,1,1,1,1,1,400000.0000000002
3,2,1463.0,Freehold,33.0,490.0,Condominium,,Medium,Non Bumi Lot,Penang,3.0,8,0,0,0,0,0,0,0,1,1,2.0,1,0,1,1,1,0,1,1,0,0,1,0,1,0,627999.9999999998
3,2,689.0,Freehold,,,Apartment,1.0,,Non Bumi Lot,Selangor,,0,1,0,1,1,0,1,0,1,1,,0,0,0,0,0,0,0,0,0,0,0,0,0,0,170000.0
3,2,1431.0,Freehold,15.0,200.0,Condominium,1.0,,Non Bumi Lot,Selangor,36.0,11,0,0,0,0,0,0,0,1,1,,1,0,1,0,1,1,1,1,1,1,1,0,1,1,359999.99999999994
4,2,1238.0,Freehold,27.0,798.0,Condominium,2.0,Low,Non Bumi Lot,Selangor,15.0,9,0,0,1,1,0,0,0,1,1,1.0,1,1,1,0,0,0,0,1,1,1,1,1,1,0,439999.9999999997
3,2,925.0,Leasehold,21.0,,Apartment,,Medium,Non Bumi Lot,Johor,,4,0,0,0,0,0,0,0,1,0,2.0,1,0,0,0,0,0,0,1,1,0,1,0,0,0,288000.00000000023
1,1,318.0,Freehold,,,Service Residence,1.0,Low,Non Bumi Lot,Kuala Lumpur,,14,0,0,0,0,0,0,0,1,1,1.0,1,1,1,1,1,1,1,1,1,1,1,1,1,1,788000.0000000006
3,2,1055.0,Freehold,,,Apartment,,,Non Bumi Lot,Selangor,,6,0,0,0,0,0,0,0,1,1,,0,0,1,0,1,0,0,1,1,0,1,0,1,0,269999.99999999977
3,2,883.0,Leasehold,,,Apartment,1.0,High,Bumi Lot,Putrajaya,,5,0,0,0,0,0,0,0,0,0,3.0,0,0,0,1,1,0,0,1,1,0,1,0,0,0,310000.0
3,2,1010.0,Leasehold,18.0,648.0,Condominium,,,Non Bumi Lot,Kuala Lumpur,16.0,10,0,0,1,1,0,0,1,1,0,,0,0,1,1,1,1,0,1,1,0,1,1,1,1,247999.9999999998
4,4,1364.0,Freehold,23.0,308.0,Condominium,2.0,High,Non Bumi Lot,Kuala Lumpur,10.0,11,1,1,1,1,0,0,1,1,1,3.0,1,0,1,1,1,1,1,1,1,1,1,0,1,0,685000.0
2,3,1378.0,Leasehold,,,Condominium,1.0,,Non Bumi Lot,Sarawak,,7,0,0,0,0,0,0,0,1,0,,1,0,1,0,1,0,0,1,1,0,1,0,1,0,1500000.000000001
3,2,1185.0,Freehold,38.0,572.0,Service Residence,,,Non Bumi Lot,Penang,4.0,0,0,0,0,0,0,0,0,1,1,,0,0,0,0,0,0,0,0,0,0,0,0,0,0,1500000.000000001
3,2,700.0,Freehold,21.0,596.0,Apartment,,Medium,Non Bumi Lot,Penang,25.0,2,0,0,0,0,0,0,0,1,1,2.0,0,0,0,0,1,0,0,0,0,0,1,0,0,0,230000.0000000002
3,2,960.0,Leasehold,12.0,196.0,Condominium,1.0,Medium,Bumi Lot,Selangor,15.0,8,0,0,0,0,0,0,0,0,0,2.0,1,0,1,0,1,1,0,1,1,0,1,0,1,0,380000.0000000003
3,2,1285.0,Leasehold,16.0,96.0,Condominium,1.0,Low,Non Bumi Lot,Selangor,,11,0,1,1,1,1,0,1,1,0,1.0,1,0,1,1,1,1,1,1,1,0,1,1,1,0,468000.00000000006
2,2,1005.0,Freehold,,1050.0,Condominium,,,Non Bumi Lot,Johor,5.0,12,0,0,0,0,0,0,0,1,1,,1,0,1,1,1,0,1,1,1,1,1,1,1,1,515000.00000000047
3,2,1077.0,Freehold,,,Apartment,1.0,Low,Non Bumi Lot,Penang,,0,0,0,0,0,0,0,0,1,1,1.0,0,0,0,0,0,0,0,0,0,0,0,0,0,0,319999.9999999998
5,4,1830.0,Freehold,31.0,621.0,Condominium,2.0,Low,Non Bumi Lot,Kuala Lumpur,6.0,14,0,0,0,0,0,0,0,1,1,1.0,1,1,1,1,1,1,1,1,1,1,1,1,1,1,1849999.9999999993
3,1,650.0,Leasehold,,,Apartment,,,Non Bumi Lot,Selangor,,0,1,1,1,0,1,0,0,1,0,,0,0,0,0,0,0,0,0,0,0,0,0,0,0,137999.99999999988
3,2,932.0,Leasehold,17.0,2240.0,Condominium,1.0,Medium,Non Bumi Lot,Selangor,20.0,4,0,1,1,1,0,0,1,1,0,2.0,0,0,0,0,0,1,0,1,0,0,1,0,1,0,398999.99999999965
3,2,1323.0,Freehold,18.0,,Condominium,,,Non Bumi Lot,Kuala Lumpur,24.0,9,1,1,1,1,0,0,1,1,1,,1,0,1,0,0,1,1,1,1,0,1,0,1,1,355000.0
3,2,1010.0,Freehold,23.0,375.0,Condominium,,,Bumi Lot,Selangor,15.0,7,0,1,0,0,1,0,0,0,1,,1,0,1,0,0,1,0,1,1,0,1,0,1,0,334999.9999999998
1,1,689.0,Leasehold,40.0,1360.0,Service Residence,,,Non Bumi Lot,Melaka,6.0,9,0,0,0,0,0,0,0,1,0,,1,0,1,0,1,0,1,1,1,1,1,0,1,0,289999.9999999999
3,2,969.0,Freehold,,1196.0,Apartment,2.0,Medium,Non Bumi Lot,Selangor,4.0,11,0,0,0,0,0,0,1,1,1,2.0,1,0,1,1,1,1,1,1,1,1,1,0,1,0,445000.00000000023
3,2,700.0,Freehold,5.0,,Apartment,1.0,Medium,Non Bumi Lot,Selangor,,4,0,0,0,0,0,0,0,1,1,2.0,0,0,0,0,0,0,1,1,1,0,1,0,0,0,158000.00000000012
3,2,1050.0,Leasehold,,,Apartment,,,Non Bumi Lot,Selangor,,1,0,0,0,0,0,0,0,1,0,,0,0,0,0,1,0,0,0,0,0,0,0,0,0,275000.00000000006
3,2,700.0,Freehold,17.0,224.0,Apartment,1.0,,Non Bumi Lot,Penang,28.0,6,0,0,0,0,0,0,0,1,1,,0,0,0,0,1,1,0,1,1,0,1,0,1,0,319999.9999999998
2,2,940.0,Freehold,34.0,462.0,Service Residence,1.0,High,Non Bumi Lot,Penang,3.0,10,0,0,0,0,0,0,0,1,1,3.0,1,0,1,1,1,0,1,1,1,1,1,0,1,0,499999.9999999997
3,1,914.0,Freehold,,,Apartment,2.0,Medium,Non Bumi Lot,Johor,,8,0,0,0,0,0,0,0,1,1,2.0,0,0,0,1,1,1,0,1,1,0,1,1,1,0,298000.00000000023
3,2,657.0,Freehold,,,Flat,,High,Bumi Lot,Johor,,0,0,0,0,0,0,0,0,0,1,3.0,0,0,0,0,0,0,0,0,0,0,0,0,0,0,135000.00000000012
3,2,850.0,Freehold,5.0,,Apartment,,Medium,Bumi Lot,Selangor,,4,0,0,0,0,0,0,0,0,1,2.0,0,0,0,1,0,1,0,1,1,0,0,0,0,0,199900.0
4,2,1533.0,Freehold,18.0,500.0,Condominium,1.0,Medium,Bumi Lot,Kuala Lumpur,27.0,8,0,0,0,0,0,0,0,0,1,2.0,1,0,1,0,1,1,1,1,0,0,1,0,1,0,380000.0000000003
6,4,2045.0,Leasehold,21.0,360.0,Condominium,2.0,High,Non Bumi Lot,Johor,,11,0,0,0,0,0,0,0,1,0,3.0,1,1,1,1,0,1,0,1,1,1,1,0,1,1,480000.0000000003
3,2,900.0,Freehold,25.0,300.0,Condominium,2.0,Medium,Non Bumi Lot,Penang,8.0,10,0,0,0,0,0,0,0,1,1,2.0,1,0,1,0,1,1,1,1,1,1,1,0,1,0,520000.0000000003
3,2,970.0,Leasehold,14.0,528.0,Apartment,1.0,Medium,Non Bumi Lot,Penang,26.0,6,0,0,0,0,0,0,0,1,0,2.0,1,0,0,0,0,0,0,1,1,0,1,0,1,1,299999.9999999999
3,2,1038.0,Freehold,23.0,744.0,Service Residence,2.0,Medium,Non Bumi Lot,Selangor,9.0,8,0,0,0,1,0,0,1,1,1,2.0,1,0,1,1,0,1,0,0,1,1,1,0,1,0,299999.9999999999
3,2,918.0,Leasehold,,,Apartment,1.0,,Bumi Lot,Selangor,,6,1,1,1,1,0,0,0,0,0,,0,0,0,0,1,1,1,1,1,0,1,0,0,0,275000.00000000006
5,3,2335.0,Freehold,38.0,420.0,Condominium,4.0,High,Non Bumi Lot,Penang,12.0,14,0,0,0,0,0,0,0,1,1,3.0,1,1,1,1,1,1,1,1,1,1,1,1,1,1,1150000.0
3,3,1106.0,Leasehold,43.0,493.0,Condominium,2.0,Medium,Non Bumi Lot,Kuala Lumpur,2.0,7,1,0,1,1,0,0,1,1,0,2.0,0,0,1,0,1,0,0,1,1,1,1,0,1,0,520000.0000000003
3,2,1010.0,Freehold,,1160.0,Service Residence,1.0,Medium,Non Bumi Lot,Johor,10.0,11,0,0,0,0,0,0,0,1,1,2.0,0,0,1,1,1,1,1,1,1,1,1,0,1,1,394999.99999999994
3,2,874.0,Leasehold,11.0,,Apartment,1.0,Low,Non Bumi Lot,Selangor,,4,1,0,1,1,1,0,0,1,0,1.0,0,0,0,0,0,1,0,1,1,0,0,0,1,0,275000.00000000006
3,3,818.0,Leasehold,,,Flat,,,Non Bumi Lot,Melaka,,0,0,0,0,0,0,0,0,1,0,,0,0,0,0,0,0,0,0,0,0,0,0,0,0,167999.99999999994
2,1,516.0,Freehold,43.0,200.0,Service Residence,,Medium,Non Bumi Lot,Selangor,,8,1,1,1,1,1,0,0,1,1,2.0,1,0,1,1,0,0,0,1,1,1,1,0,1,0,550000.0000000001
3,2,1023.0,Freehold,,1200.0,Condominium,2.0,Medium,Non Bumi Lot,Selangor,4.0,0,0,0,0,0,0,0,0,1,1,2.0,0,0,0,0,0,0,0,0,0,0,0,0,0,0,299999.9999999999
3,2,1180.0,Freehold,20.0,771.0,Condominium,2.0,High,Non Bumi Lot,Penang,7.0,6,0,0,0,0,0,0,0,1,1,3.0,0,0,1,1,0,0,0,1,1,0,1,0,1,0,579999.9999999999
3,2,950.0,Freehold,31.0,4225.0,Service Residence,,,Non Bumi Lot,Kuala Lumpur,8.0,4,1,1,1,1,0,0,1,1,1,,0,0,0,0,0,0,0,1,1,0,1,0,1,0,410000.00000000006
3,2,800.0,Freehold,4.0,75.0,Apartment,2.0,Medium,Non Bumi Lot,Selangor,9.0,8,0,0,0,0,0,0,0,1,1,2.0,0,0,1,1,1,1,0,1,1,0,1,0,1,0,219999.99999999985
4,2,1184.0,Leasehold,32.0,2000.0,Condominium,2.0,Medium,Bumi Lot,Kuala Lumpur,3.0,11,1,0,1,1,0,0,0,0,0,2.0,0,0,1,0,1,1,1,1,1,1,1,1,1,1,499999.9999999997
3,2,700.0,Freehold,20.0,,Condominium,1.0,Low,Non Bumi Lot,Penang,17.0,7,0,0,0,0,0,0,0,1,1,1.0,1,0,1,1,1,0,0,1,1,0,1,0,0,0,388000.0
3,2,1030.0,Leasehold,22.0,1074.0,Condominium,1.0,Medium,Non Bumi Lot,Selangor,13.0,8,0,1,0,0,1,0,0,1,0,2.0,0,0,1,1,0,0,0,1,1,1,1,0,1,1,260000.00000000015
3,2,654.0,Freehold,38.0,554.0,Apartment,1.0,Medium,Non Bumi Lot,Penang,9.0,4,0,0,0,0,0,0,0,1,1,2.0,0,0,0,0,1,0,0,1,1,0,1,0,0,0,324999.9999999999
3,2,670.0,Freehold,18.0,332.0,Apartment,,,Non Bumi Lot,Selangor,19.0,9,1,0,1,1,0,0,0,1,1,,1,1,1,1,0,1,0,1,1,0,1,0,1,0,149999.99999999994
4,2,1001.0,Leasehold,,,Apartment,,Medium,Non Bumi Lot,Selangor,,4,0,0,0,0,0,0,0,1,0,2.0,0,0,0,0,1,0,0,1,1,0,1,0,0,0,269000.0000000002
3,2,900.0,Freehold,5.0,,Apartment,1.0,High,Bumi Lot,Selangor,,2,0,0,0,0,0,0,0,0,1,3.0,0,0,0,0,0,0,0,1,0,0,1,0,0,0,139999.9999999999
3,2,736.0,Freehold,,596.0,Apartment,2.0,,Non Bumi Lot,Selangor,13.0,4,1,0,0,0,0,1,0,1,1,,0,0,0,0,1,0,0,1,1,0,1,0,0,0,249999.99999999983
3,2,775.0,Leasehold,18.0,200.0,Apartment,1.0,Low,Bumi Lot,Selangor,17.0,6,1,0,1,1,0,0,1,0,0,1.0,0,0,0,0,1,0,1,1,1,0,1,0,1,0,338000.00000000023
3,2,700.0,Leasehold,22.0,754.0,Condominium,1.0,Medium,Non Bumi Lot,Penang,15.0,5,0,0,0,0,0,0,0,1,0,2.0,0,0,0,0,1,0,0,1,0,0,1,0,1,1,457999.99999999965
3,1,888.0,Freehold,,,Apartment,1.0,Low,Non Bumi Lot,Kuala Lumpur,,0,0,0,0,0,0,0,0,1,1,1.0,0,0,0,0,0,0,0,0,0,0,0,0,0,0,269999.99999999977
3,2,450.0,Freehold,,1149.0,Service Residence,2.0,,Non Bumi Lot,Selangor,8.0,11,0,0,0,0,0,0,0,1,1,,1,0,1,1,1,1,1,1,1,1,1,0,1,0,192999.99999999997
3,1,650.0,Freehold,,,Flat,,Low,Non Bumi Lot,Johor,,0,0,0,0,0,0,0,0,1,1,1.0,0,0,0,0,0,0,0,0,0,0,0,0,0,0,130000.00000000006
3,3,1225.0,Freehold,,,Condominium,1.0,Medium,Non Bumi Lot,Johor,6.0,5,0,0,0,0,0,0,0,1,1,2.0,0,0,0,0,1,0,1,1,1,0,0,0,1,0,620000.0
2,1,494.0,Freehold,,,Apartment,,Medium,Non Bumi Lot,Johor,,0,0,0,0,0,0,0,0,1,1,2.0,0,0,0,0,0,0,0,0,0,0,0,0,0,0,167999.99999999994
4,3,1345.0,Leasehold,,600.0,Condominium,2.0,High,Non Bumi Lot,Selangor,9.0,0,0,0,0,0,0,0,0,1,0,3.0,0,0,0,0,0,0,0,0,0,0,0,0,0,0,635000.0000000005
3,2,645.0,Freehold,,,Apartment,,Low,Non Bumi Lot,Selangor,,0,0,0,0,1,0,0,0,1,1,1.0,0,0,0,0,0,0,0,0,0,0,0,0,0,0,96999.99999999997
3,1,726.0,Leasehold,,,Apartment,,Medium,Non Bumi Lot,Selangor,,0,0,0,0,0,0,0,0,1,0,2.0,0,0,0,0,0,0,0,0,0,0,0,0,0,0,60000.00000000002
3,2,900.0,Leasehold,22.0,754.0,Condominium,5.0,Medium,Non Bumi Lot,Penang,15.0,5,0,0,0,0,0,0,0,1,0,2.0,0,0,0,0,1,0,0,1,1,0,1,0,1,0,414999.9999999997
3,2,798.0,Freehold,22.0,500.0,Service Residence,,,Non Bumi Lot,Kuala Lumpur,,7,0,1,1,1,0,0,1,1,1,,0,0,1,1,0,1,0,1,1,0,1,0,1,0,260000.00000000015
2,1,570.0,Freehold,,,Flat,,Low,Non Bumi Lot,Johor,,0,0,0,0,0,0,0,0,1,1,1.0,0,0,0,0,0,0,0,0,0,0,0,0,0,0,175000.00000000003
3,2,1017.0,Freehold,,,Service Residence,2.0,Medium,Non Bumi Lot,Selangor,,12,0,0,0,0,0,0,0,1,1,2.0,1,0,1,1,1,1,1,1,1,0,1,1,1,1,365000.00000000023
3,2,800.0,Leasehold,,,Apartment,,,Bumi Lot,Kuala Lumpur,,3,0,0,0,0,0,0,0,0,0,,0,0,0,0,0,0,0,1,0,0,1,0,1,0,260000.00000000015
3,2,650.0,Freehold,16.0,,Apartment,,Medium,Bumi Lot,Kuala Lumpur,,5,0,0,1,0,0,0,0,0,1,2.0,0,0,0,0,1,1,1,1,1,0,0,0,0,0,159999.9999999999
1,1,640.0,Freehold,,1050.0,Condominium,,High,Non Bumi Lot,Johor,5.0,11,0,0,0,0,0,0,0,1,1,3.0,1,0,1,1,0,0,1,1,1,1,1,1,1,1,348000.0
3,2,800.0,Leasehold,,,Apartment,1.0,Low,Non Bumi Lot,Selangor,,8,0,0,0,0,0,0,0,1,0,1.0,0,0,0,1,1,1,1,1,1,0,1,0,1,0,264999.9999999999
3,2,700.0,Freehold,21.0,406.0,Condominium,1.0,Medium,Non Bumi Lot,Penang,25.0,6,0,0,0,0,0,0,0,1,1,2.0,0,0,0,0,1,1,0,1,1,0,1,0,1,0,380000.0000000003
3,2,1246.0,Freehold,24.0,1235.0,Condominium,2.0,Medium,Non Bumi Lot,Penang,2.0,9,0,0,0,0,0,0,0,1,1,2.0,1,0,1,1,1,0,0,1,1,1,1,0,1,0,790000.0
3,2,1500.0,Freehold,,144.0,Service Residence,4.0,High,Non Bumi Lot,Selangor,,7,1,0,1,1,0,1,0,1,1,3.0,0,0,1,0,1,0,1,1,1,0,1,0,1,0,529999.9999999998
3,2,1023.0,Leasehold,5.0,208.0,Condominium,1.0,High,Non Bumi Lot,Kuala Lumpur,22.0,6,1,0,1,1,0,0,1,1,0,3.0,0,0,0,0,1,1,0,1,1,0,1,0,1,0,376999.99999999994
3,2,650.0,Freehold,,,Apartment,1.0,,Non Bumi Lot,Kuala Lumpur,,5,0,0,0,0,0,0,0,1,1,,0,0,0,0,1,0,0,1,1,0,1,0,1,0,165000.00000000006
3,3,1091.0,Freehold,30.0,808.0,Condominium,1.0,,Non Bumi Lot,Penang,10.0,10,0,0,0,0,0,0,0,1,1,,0,0,1,0,1,1,0,1,1,1,1,1,1,1,590000.0000000001
3,2,1050.0,Freehold,4.0,,Service Residence,1.0,Medium,Non Bumi Lot,Johor,,0,0,0,0,0,0,0,0,1,1,2.0,0,0,0,0,0,0,0,0,0,0,0,0,0,0,334999.9999999998
3,2,850.0,Leasehold,,,Apartment,1.0,High,Bumi Lot,Selangor,,14,1,0,1,1,0,0,0,0,0,3.0,1,1,1,1,1,1,1,1,1,1,1,1,1,1,265999.99999999994
3,2,1353.0,Freehold,49.0,480.0,Service Residence,2.0,Low,Non Bumi Lot,Penang,5.0,5,0,0,0,0,0,0,0,1,1,1.0,0,0,0,0,1,0,0,1,1,0,1,0,1,0,690000.0000000002
2,2,603.0,Leasehold,,,Flat,1.0,Medium,Non Bumi Lot,Selangor,,3,1,0,0,1,0,0,0,1,0,2.0,0,0,0,0,0,0,1,1,1,0,0,0,0,0,102000.00000000003
3,4,2314.0,Freehold,,228.0,Condominium,2.0,High,Non Bumi Lot,Penang,13.0,7,0,0,0,0,0,0,0,1,1,3.0,0,0,1,0,1,0,0,1,0,1,1,0,1,1,1699999.999999999
2,1,600.0,Freehold,5.0,,Flat,,Medium,Bumi Lot,Kuala Lumpur,,0,0,1,0,1,0,0,1,0,1,2.0,0,0,0,0,0,0,0,0,0,0,0,0,0,0,234999.99999999994
3,2,650.0,Leasehold,,,Flat,,High,Bumi Lot,Selangor,,5,0,0,0,0,0,0,0,0,0,3.0,0,0,0,0,0,1,1,1,1,0,1,0,0,0,119000.0000000001
3,2,1345.0,Freehold,17.0,91.0,Condominium,2.0,Medium,Non Bumi Lot,Penang,7.0,10,0,0,0,0,0,0,0,1,1,2.0,0,0,1,1,1,1,0,1,1,1,1,1,1,0,790000.0
3,2,900.0,Freehold,,,Apartment,1.0,High,Bumi Lot,Penang,,0,0,0,0,0,0,0,0,0,1,3.0,0,0,0,0,0,0,0,0,0,0,0,0,0,0,365000.00000000023
3,2,755.0,Freehold,14.0,336.0,Condominium,1.0,Medium,Non Bumi Lot,Kuala Lumpur,13.0,8,0,0,0,0,0,0,0,1,1,2.0,0,1,1,0,1,1,0,1,1,0,1,0,1,0,259998.99999999985
3,2,733.0,Freehold,8.0,480.0,Apartment,,Low,Non Bumi Lot,Kuala Lumpur,,8,1,0,1,1,0,0,1,1,1,1.0,0,0,1,0,1,1,0,1,1,1,1,0,1,0,285000.0
3,2,1000.0,Freehold,,,Apartment,2.0,High,Non Bumi Lot,Penang,3.0,9,0,0,0,0,0,0,0,1,1,3.0,0,0,1,0,1,1,0,1,1,1,1,0,1,1,520000.0000000003
3,2,1018.0,Leasehold,,,Condominium,2.0,Medium,Non Bumi Lot,Kuala Lumpur,,11,1,0,1,1,1,0,0,1,0,2.0,1,1,1,1,1,0,1,1,1,1,1,0,1,0,457999.99999999965
4,3,1600.0,Freehold,26.0,104.0,Condominium,,,Non Bumi Lot,Penang,17.0,6,0,0,0,0,0,0,0,1,1,,1,0,1,0,0,0,0,1,1,0,1,0,1,0,780000.0
3,2,650.0,Freehold,5.0,,Apartment,,Medium,Non Bumi Lot,Selangor,,3,0,0,1,1,1,0,0,1,1,2.0,0,0,0,0,0,0,0,1,1,0,1,0,0,0,170000.0
3,2,1206.0,Freehold,20.0,290.0,Condominium,1.0,Medium,Non Bumi Lot,Kuala Lumpur,20.0,5,1,1,1,1,1,1,1,1,1,2.0,0,0,0,0,0,1,0,1,1,0,1,0,1,0,268000.0000000001
4,3,1500.0,Freehold,27.0,152.0,Service Residence,,Medium,Non Bumi Lot,Kuala Lumpur,14.0,7,1,1,1,1,1,0,1,1,1,2.0,0,0,1,0,1,0,0,1,1,1,1,0,1,0,1100000.0000000005
3,3,1453.0,Freehold,9.0,208.0,Condominium,2.0,Medium,Non Bumi Lot,Selangor,25.0,7,0,0,0,0,1,0,0,1,1,2.0,1,0,1,0,0,1,0,1,1,0,1,0,1,0,629999.9999999999
3,2,1195.0,Freehold,18.0,500.0,Condominium,1.0,Medium,Non Bumi Lot,Kuala Lumpur,27.0,7,0,0,0,0,0,0,0,1,1,2.0,0,0,0,1,1,1,0,1,1,0,1,1,0,0,365000.00000000023
3,2,650.0,Freehold,,,Flat,,Low,Non Bumi Lot,Selangor,,0,0,0,0,0,0,0,0,1,1,1.0,0,0,0,0,0,0,0,0,0,0,0,0,0,0,144999.99999999994
2,2,724.0,Leasehold,,629.0,Service Residence,1.0,High,Non Bumi Lot,Selangor,,7,1,1,1,0,0,1,0,1,0,3.0,1,0,0,0,1,1,0,1,1,0,1,0,1,0,680000.0000000001
3,2,865.0,Freehold,,,Apartment,,Medium,Non Bumi Lot,Selangor,,7,0,0,0,0,0,0,0,1,1,2.0,1,0,1,1,0,0,0,1,1,0,1,0,1,0,345000.00000000006
3,2,689.0,Freehold,18.0,332.0,Apartment,,Low,Non Bumi Lot,Selangor,19.0,9,1,0,1,1,0,0,0,1,1,1.0,1,1,1,1,0,1,0,1,1,0,1,0,1,0,167999.99999999994
3,3,1475.0,Freehold,17.0,328.0,Condominium,2.0,Medium,Non Bumi Lot,Penang,11.0,5,0,0,0,0,0,0,0,1,1,2.0,0,0,0,0,1,0,0,1,1,0,1,0,1,0,1199999.9999999998
2,1,517.0,Freehold,,,Flat,,Medium,Non Bumi Lot,Johor,,0,0,0,0,0,0,0,0,1,1,2.0,0,0,0,0,0,0,0,0,0,0,0,0,0,0,117999.99999999991
3,3,1200.0,Freehold,,,Condominium,2.0,Medium,Non Bumi Lot,Kuala Lumpur,,9,0,0,0,0,0,0,0,1,1,2.0,1,0,1,0,1,1,1,1,1,0,1,0,1,0,529999.9999999998
3,2,830.0,Leasehold,21.0,,Condominium,1.0,Medium,Non Bumi Lot,Selangor,19.0,10,0,0,0,0,0,0,0,1,0,2.0,1,0,1,1,1,1,0,1,1,0,1,0,1,1,288000.00000000023
3,2,850.0,Freehold,,,Apartment,1.0,Low,Bumi Lot,Selangor,,3,0,0,0,1,0,0,0,0,1,1.0,0,0,0,0,1,0,0,1,0,0,1,0,0,0,210000.0000000001
3,2,1275.0,Freehold,30.0,410.0,Condominium,2.0,Medium,Non Bumi Lot,Penang,6.0,9,0,0,0,0,0,0,0,1,1,2.0,0,0,1,1,1,0,1,1,1,1,1,0,1,0,665000.0000000005
3,2,838.0,Leasehold,20.0,780.0,Apartment,,,Non Bumi Lot,Kuala Lumpur,,0,0,0,0,0,0,0,0,1,0,,0,0,0,0,0,0,0,0,0,0,0,0,0,0,277999.9999999999
3,2,728.0,Leasehold,,,Flat,,,Bumi Lot,Selangor,,0,1,0,0,1,0,0,0,0,0,,0,0,0,0,0,0,0,0,0,0,0,0,0,0,79999.99999999994
3,2,1200.0,Leasehold,,,Condominium,2.0,Low,Non Bumi Lot,Kuala Lumpur,,14,0,0,0,0,0,0,0,1,0,1.0,1,1,1,1,1,1,1,1,1,1,1,1,1,1,430000.0000000002
3,2,1221.0,Freehold,5.0,,Condominium,,,Non Bumi Lot,Selangor,,5,0,0,0,0,0,0,0,1,1,,1,0,0,0,0,0,0,1,1,0,1,0,1,0,340000.00000000006
3,1,667.0,Leasehold,,,Apartment,1.0,,Non Bumi Lot,Sarawak,,0,0,0,0,0,0,0,0,1,0,,0,0,0,0,0,0,0,0,0,0,0,0,0,0,167999.99999999994
3,2,850.0,Freehold,20.0,,Apartment,1.0,High,Non Bumi Lot,Johor,6.0,8,0,0,0,0,0,0,0,1,1,3.0,1,1,0,0,1,1,0,1,1,0,1,0,1,0,198999.9999999999
4,4,1850.0,Leasehold,,82.0,Condominium,2.0,Medium,Non Bumi Lot,Sabah,,8,0,0,0,0,0,0,0,1,0,2.0,0,0,1,0,1,1,0,1,1,1,1,0,1,0,1337999.999999999
3,2,850.0,Freehold,,,Apartment,2.0,,Non Bumi Lot,Selangor,,0,0,0,0,1,0,0,0,1,1,,0,0,0,0,0,0,0,0,0,0,0,0,0,0,194999.99999999994
3,2,904.0,Leasehold,,912.0,Service Residence,2.0,Low,Non Bumi Lot,Sabah,3.0,12,0,0,0,0,0,0,0,1,0,1.0,1,1,1,1,1,1,1,1,1,1,1,0,1,0,478200.00000000006
3,2,1000.0,Freehold,,,Condominium,1.0,Low,Non Bumi Lot,Sabah,8.0,5,0,0,0,0,0,0,0,1,1,1.0,0,0,1,0,0,0,0,1,1,0,1,0,1,0,527999.9999999998
4,2,1200.0,Leasehold,,,Apartment,,,Non Bumi Lot,Selangor,,14,1,1,1,0,0,1,0,1,0,,1,1,1,1,1,1,1,1,1,1,1,1,1,1,380000.0000000003
6,5,2750.0,Freehold,,79.0,Condominium,,Medium,Non Bumi Lot,Johor,,5,0,0,0,0,0,0,0,1,1,2.0,1,0,1,0,0,0,0,0,1,1,0,0,1,0,1350000.0000000002
5,7,4370.0,Leasehold,6.0,280.0,Condominium,,High,Non Bumi Lot,Selangor,8.0,14,0,0,0,0,0,0,0,1,0,3.0,1,1,1,1,1,1,1,1,1,1,1,1,1,1,1480000.0000000007
3,2,1000.0,Freehold,,,Apartment,,,Non Bumi Lot,Selangor,,3,0,0,0,0,0,0,0,1,1,,0,0,0,0,0,0,0,1,0,1,1,0,0,0,249999.99999999983
3,2,1012.0,Freehold,23.0,744.0,Service Residence,3.0,Medium,Non Bumi Lot,Selangor,9.0,10,0,0,0,1,0,0,1,1,1,2.0,1,0,1,0,1,1,1,1,1,1,1,0,1,0,369899.9999999999
5,4,3900.0,Freehold,33.0,388.0,Condominium,3.0,High,Non Bumi Lot,Kuala Lumpur,14.0,9,1,1,1,1,0,0,1,1,1,3.0,1,0,1,0,1,1,0,1,1,1,1,0,1,0,3200000.000000002
3,3,1598.0,Freehold,42.0,670.0,Condominium,2.0,Medium,Non Bumi Lot,Penang,6.0,5,0,0,0,0,0,0,0,1,1,2.0,0,0,1,0,1,0,0,1,0,0,1,0,1,0,649999.9999999998
3,2,650.0,Freehold,27.0,454.0,Apartment,1.0,Medium,Non Bumi Lot,Penang,,3,0,0,0,0,0,0,0,1,1,2.0,0,0,0,0,1,0,0,1,0,0,1,0,0,0,319999.9999999998
3,2,850.0,Freehold,5.0,,Apartment,,,Non Bumi Lot,Selangor,,2,0,0,0,0,0,0,0,1,1,,0,0,0,0,0,0,0,1,0,0,1,0,0,0,247999.9999999998
3,2,745.0,Freehold,11.0,1240.0,Condominium,1.0,Low,Non Bumi Lot,Kuala Lumpur,23.0,4,0,1,1,1,0,0,1,1,1,1.0,0,0,0,0,0,1,0,1,1,0,1,0,0,0,269999.99999999977
3,2,1170.0,Freehold,10.0,396.0,Condominium,,High,Non Bumi Lot,Selangor,16.0,10,1,1,1,1,0,0,0,1,1,3.0,1,0,1,0,1,1,1,1,1,0,1,0,1,1,359999.99999999994
3,2,1742.0,Freehold,30.0,600.0,Condominium,2.0,Medium,Non Bumi Lot,Selangor,9.0,11,0,0,0,0,0,0,0,1,1,2.0,1,1,1,1,1,1,1,1,1,0,1,0,1,0,487999.99999999965
3,2,770.0,Freehold,8.0,76.0,Apartment,1.0,Low,Non Bumi Lot,Johor,,6,0,0,0,0,0,0,0,1,1,1.0,1,0,0,1,0,1,0,1,1,0,1,0,0,0,170000.0
3,2,1226.0,Freehold,38.0,473.0,Condominium,2.0,High,Non Bumi Lot,Penang,5.0,8,0,0,0,0,0,0,0,1,1,3.0,0,0,1,0,0,1,0,1,1,1,1,1,1,0,790000.0
3,2,850.0,Freehold,12.0,,Apartment,1.0,Medium,Non Bumi Lot,Melaka,,7,0,0,0,0,0,0,0,1,1,2.0,0,0,0,1,1,1,0,1,1,0,1,0,1,0,149999.99999999994
2,2,798.0,Freehold,35.0,3224.0,Service Residence,1.0,High,Non Bumi Lot,Johor,5.0,13,0,0,0,0,0,0,0,1,1,3.0,1,1,1,1,1,1,1,1,1,1,1,1,1,0,772090.0000000002
3,2,1098.0,Freehold,,512.0,Service Residence,,Medium,Non Bumi Lot,Johor,10.0,0,0,0,0,0,0,0,0,1,1,2.0,0,0,0,0,0,0,0,0,0,0,0,0,0,0,368000.00000000006
3,2,1200.0,Freehold,,1022.0,Condominium,,Medium,Non Bumi Lot,Kuala Lumpur,17.0,11,1,0,1,1,0,0,0,1,1,2.0,1,0,1,1,1,1,1,1,1,0,1,0,1,1,529999.9999999998
2,1,540.0,Freehold,,,Flat,,Medium,Non Bumi Lot,Selangor,,2,0,0,0,0,1,0,0,1,1,2.0,0,0,0,0,0,1,0,1,0,0,0,0,0,0,85000.0
3,2,882.0,Leasehold,,,Apartment,1.0,High,Non Bumi Lot,Melaka,,3,0,0,0,0,0,0,0,1,0,3.0,0,0,0,0,0,0,0,1,0,0,1,0,1,0,173999.99999999997
3,2,1410.0,Leasehold,,,Apartment,2.0,Low,Non Bumi Lot,Selangor,,0,1,1,1,1,1,0,1,1,0,1.0,0,0,0,0,0,0,0,0,0,0,0,0,0,0,275000.00000000006
3,2,710.0,Leasehold,3.0,,Apartment,,Low,Non Bumi Lot,Johor,,1,0,0,0,0,0,0,0,1,0,1.0,0,0,0,0,0,0,0,1,0,0,0,0,0,0,167999.99999999994
2,1,553.0,Leasehold,,,Flat,,High,Bumi Lot,Kuala Lumpur,,0,0,0,0,0,0,0,0,0,0,3.0,0,0,0,0,0,0,0,0,0,0,0,0,0,0,155000.0
4,3,1302.0,Freehold,,396.0,Condominium,2.0,High,Non Bumi Lot,Penang,16.0,14,0,0,0,0,0,0,0,1,1,3.0,1,1,1,1,1,1,1,1,1,1,1,1,1,1,919999.9999999993
1,1,450.0,Freehold,40.0,946.0,Condominium,1.0,Medium,Bumi Lot,Selangor,7.0,14,0,0,0,0,0,0,0,0,1,2.0,1,1,1,1,1,1,1,1,1,1,1,1,1,1,198999.9999999999
2,1,660.0,Leasehold,,,Apartment,1.0,Medium,Non Bumi Lot,Sabah,,0,0,0,0,0,0,0,0,1,0,2.0,0,0,0,0,0,0,0,0,0,0,0,0,0,0,269999.99999999977
3,2,1088.0,Freehold,,809.0,Service Residence,2.0,Medium,Non Bumi Lot,Melaka,3.0,4,0,0,0,0,0,0,0,1,1,2.0,0,0,1,0,0,0,0,0,1,1,0,0,1,0,567999.9999999995
3,2,1165.0,Freehold,,406.0,Condominium,2.0,,Non Bumi Lot,Penang,2.0,10,0,0,0,0,0,0,0,1,1,,1,0,1,1,1,0,1,1,1,1,1,0,1,0,520000.0000000003
2,2,753.0,Freehold,,,Flat,,High,Non Bumi Lot,Johor,,0,0,0,0,0,0,0,0,1,1,3.0,0,0,0,0,0,0,0,0,0,0,0,0,0,0,158000.00000000012
3,2,916.0,Leasehold,22.0,328.0,Apartment,2.0,Medium,Non Bumi Lot,Johor,7.0,6,0,0,0,0,0,0,0,1,0,2.0,0,0,1,0,0,1,0,1,1,0,1,0,1,0,378000.0
3,2,883.0,Freehold,37.0,711.0,Service Residence,,,Non Bumi Lot,Kuala Lumpur,4.0,9,1,1,1,1,0,0,1,1,1,,1,0,1,1,0,0,1,1,1,1,1,0,1,0,550000.0000000001
3,2,1198.0,Leasehold,,537.0,Condominium,,Medium,Bumi Lot,Selangor,7.0,0,1,0,0,0,0,0,1,0,0,2.0,0,0,0,0,0,0,0,0,0,0,0,0,0,0,505000.00000000006
3,2,1002.0,Leasehold,42.0,1932.0,Condominium,2.0,Low,Non Bumi Lot,Selangor,6.0,0,0,0,1,1,0,0,0,1,0,1.0,0,0,0,0,0,0,0,0,0,0,0,0,0,0,348000.0
2,1,650.0,Leasehold,,,Flat,,Medium,Non Bumi Lot,Kuala Lumpur,,2,0,0,0,0,0,0,0,1,0,2.0,0,0,0,0,0,1,0,0,1,0,0,0,0,0,240000.00000000015
3,2,764.0,Leasehold,18.0,200.0,Apartment,,Low,Bumi Lot,Selangor,17.0,5,1,0,1,1,0,0,1,0,0,1.0,0,0,0,0,1,0,0,1,1,0,1,0,1,0,269999.99999999977
3,2,850.0,Freehold,17.0,299.0,Condominium,2.0,,Non Bumi Lot,Selangor,3.0,7,0,0,0,0,0,0,0,1,1,,0,0,1,0,1,0,1,1,1,0,1,0,1,0,324999.9999999999
3,2,1009.0,Leasehold,36.0,1338.0,Service Residence,2.0,Medium,Non Bumi Lot,Kuala Lumpur,6.0,11,1,0,1,1,0,0,0,1,0,2.0,1,0,1,1,1,1,1,1,1,1,1,0,1,0,350000.0000000001
3,2,1582.0,Freehold,34.0,310.0,Service Residence,1.0,High,Non Bumi Lot,Kuala Lumpur,11.0,7,1,1,1,1,1,0,1,1,1,3.0,1,0,1,0,1,0,0,1,0,1,1,0,1,0,1049999.9999999998
3,2,860.0,Freehold,,,Apartment,1.0,Low,Non Bumi Lot,Selangor,,8,0,0,0,1,0,0,0,1,1,1.0,0,0,0,1,1,1,1,1,1,0,1,0,1,0,240000.00000000015
3,2,948.0,Freehold,26.0,462.0,Service Residence,1.0,Medium,Non Bumi Lot,Kuala Lumpur,6.0,10,0,0,0,0,0,0,0,1,1,2.0,0,1,1,1,1,1,1,1,1,0,1,1,0,0,414999.9999999997
3,1,650.0,Leasehold,12.0,3045.0,Apartment,1.0,Low,Non Bumi Lot,Selangor,,2,1,0,1,1,0,1,1,1,0,1.0,0,0,0,0,0,1,0,0,1,0,0,0,0,0,170000.0
3,2,1270.0,Freehold,30.0,410.0,Condominium,2.0,,Non Bumi Lot,Penang,6.0,0,0,0,0,0,0,0,0,1,1,,0,0,0,0,0,0,0,0,0,0,0,0,0,0,599999.9999999999
3,2,710.0,Leasehold,,,Apartment,,,Non Bumi Lot,Melaka,,0,0,0,0,0,0,0,0,1,0,,0,0,0,0,0,0,0,0,0,0,0,0,0,0,115000.00000000009
4,2,1385.0,Freehold,,42.0,Apartment,,Low,Non Bumi Lot,Johor,,5,0,0,0,0,0,0,0,1,1,1.0,0,0,1,0,0,0,1,0,1,0,1,0,1,0,469000.00000000023
6,5,2600.0,Freehold,36.0,326.0,Condominium,2.0,,Non Bumi Lot,Penang,12.0,10,0,0,0,0,0,0,0,1,1,,1,1,1,1,0,0,0,1,1,1,1,1,1,0,1500000.000000001
4,2,1228.0,Leasehold,26.0,618.0,Service Residence,2.0,,Non Bumi Lot,Selangor,4.0,11,1,0,0,0,0,0,1,1,0,,1,0,1,1,1,1,1,1,1,1,1,0,1,0,550000.0000000001
1,1,467.0,Freehold,43.0,956.0,Studio,,,Non Bumi Lot,Selangor,,4,1,1,1,1,1,0,0,1,1,,0,0,1,0,0,1,0,1,0,0,1,0,0,0,298999.99999999977
3,2,720.0,Leasehold,,,Condominium,1.0,Medium,Non Bumi Lot,Selangor,,9,1,0,1,1,0,0,0,1,0,2.0,1,0,0,1,1,1,1,1,1,0,1,0,1,0,215000.00000000006
3,2,1055.0,Freehold,,,Apartment,2.0,High,Non Bumi Lot,Selangor,6.0,14,0,0,0,0,0,0,0,1,1,3.0,1,1,1,1,1,1,1,1,1,1,1,1,1,1,268000.0000000001
3,2,600.0,Leasehold,4.0,352.0,Apartment,,Low,Bumi Lot,Sabah,,3,0,0,0,0,0,0,0,0,0,1.0,0,0,0,0,0,0,1,0,1,0,1,0,0,0,194999.99999999994
1,1,640.0,Freehold,,,Apartment,,High,Non Bumi Lot,Perak,,4,0,0,0,0,0,0,0,1,1,3.0,0,0,0,0,1,0,0,1,0,0,1,0,1,0,109999.99999999991
3,1,700.0,Freehold,17.0,,Flat,,Low,Non Bumi Lot,Putrajaya,,6,0,0,0,0,0,0,0,1,1,1.0,0,0,0,1,1,1,0,1,1,0,0,0,1,0,264999.9999999999
3,2,860.0,Freehold,,,Apartment,,Low,Non Bumi Lot,Selangor,,7,0,1,0,0,0,0,0,1,1,1.0,0,0,1,0,1,0,1,1,1,0,1,0,1,0,260000.00000000015
4,3,1450.0,Freehold,,252.0,Condominium,2.0,High,Non Bumi Lot,Penang,7.0,8,0,0,0,0,0,0,0,1,1,3.0,1,0,0,1,1,0,0,1,1,1,1,0,1,0,849999.9999999994
3,2,700.0,Freehold,11.0,100.0,Apartment,1.0,,Non Bumi Lot,Penang,28.0,3,0,0,0,0,0,0,0,1,1,,0,0,0,0,1,0,0,1,0,0,1,0,0,0,269999.99999999977
3,2,984.0,Freehold,26.0,420.0,Apartment,2.0,,Non Bumi Lot,Selangor,3.0,0,0,0,0,0,0,0,0,1,1,,0,0,0,0,0,0,0,0,0,0,0,0,0,0,355000.0
3,2,1270.0,Freehold,18.0,,Condominium,1.0,,Non Bumi Lot,Kuala Lumpur,,12,0,0,0,0,0,0,0,1,1,,1,1,1,0,1,1,0,1,1,1,1,1,1,1,330000.0000000001
3,2,945.0,Freehold,,,Condominium,2.0,Medium,Non Bumi Lot,Selangor,,14,0,0,0,0,0,0,0,1,1,2.0,1,1,1,1,1,1,1,1,1,1,1,1,1,1,319000.0000000001
3,2,774.0,Leasehold,36.0,630.0,Service Residence,1.0,Medium,Non Bumi Lot,Kuala Lumpur,7.0,9,0,0,1,0,0,0,1,1,0,2.0,0,0,1,1,0,1,0,1,1,0,1,1,1,1,529999.9999999998
4,2,1333.0,Leasehold,25.0,800.0,Condominium,2.0,,Non Bumi Lot,Kuala Lumpur,9.0,8,1,1,1,1,1,0,0,1,0,,0,1,1,0,1,1,0,1,1,0,1,0,1,0,459999.9999999996
3,3,1459.0,Freehold,26.0,220.0,Condominium,2.0,,Non Bumi Lot,Penang,4.0,7,0,0,0,0,0,0,0,1,1,,0,0,1,0,0,1,0,1,1,0,1,1,1,0,1500000.000000001
3,2,1200.0,Leasehold,,,Condominium,2.0,Medium,Bumi Lot,Selangor,,8,1,0,1,1,0,0,0,0,0,2.0,0,1,1,0,1,0,1,1,1,0,1,0,1,0,464999.9999999997
3,2,880.0,Leasehold,11.0,,Apartment,1.0,Low,Non Bumi Lot,Penang,,7,0,0,0,0,0,0,0,1,0,1.0,1,0,1,0,1,0,0,1,1,0,1,0,1,0,469000.00000000023
4,2,925.0,Freehold,,,Apartment,1.0,Low,Bumi Lot,Selangor,,0,0,0,0,0,0,0,0,0,1,1.0,0,0,0,0,0,0,0,0,0,0,0,0,0,0,219999.99999999985
3,2,1105.0,Freehold,5.0,,Apartment,1.0,Medium,Non Bumi Lot,Selangor,,4,1,0,1,1,0,0,1,1,1,2.0,0,0,0,0,0,0,0,1,1,0,1,0,1,0,299999.9999999999
3,2,1230.0,Leasehold,15.0,,Condominium,1.0,High,Bumi Lot,Selangor,,8,0,0,0,1,0,0,0,0,0,3.0,1,0,0,0,1,1,0,1,1,0,1,0,1,1,365000.00000000023
2,2,715.0,Leasehold,,,Service Residence,,High,Non Bumi Lot,Melaka,,9,0,0,0,0,0,0,0,1,0,3.0,1,0,1,0,1,1,1,1,1,0,1,0,1,0,365000.00000000023
3,2,999.0,Leasehold,8.0,,Condominium,1.0,Low,Bumi Lot,Selangor,,4,0,0,0,0,0,0,0,0,0,1.0,0,0,0,0,0,0,0,1,1,0,1,0,1,0,375000.0000000002
2,2,914.0,Freehold,,,Service Residence,2.0,,Non Bumi Lot,Selangor,2.0,6,1,0,1,1,0,0,1,1,1,,0,0,1,0,1,0,0,1,1,0,1,0,1,0,680000.0000000001
3,2,860.0,Freehold,27.0,,Condominium,2.0,,Non Bumi Lot,Penang,18.0,7,0,0,0,0,0,0,0,1,1,,1,0,1,0,1,0,0,1,1,0,1,0,1,0,459999.9999999996
3,2,1310.0,Freehold,24.0,1235.0,Condominium,2.0,Medium,Non Bumi Lot,Penang,2.0,8,0,0,0,0,0,0,0,1,1,2.0,0,0,1,1,1,0,0,1,1,1,1,0,1,0,949999.9999999999
3,2,700.0,Freehold,28.0,,Apartment,1.0,Medium,Non Bumi Lot,Penang,,3,0,0,0,0,0,0,0,1,1,2.0,0,0,0,0,1,0,0,1,0,0,1,0,0,0,313000.0000000001
3,2,1169.0,Freehold,24.0,576.0,Condominium,1.0,High,Non Bumi Lot,Kuala Lumpur,29.0,8,1,0,1,1,1,0,0,1,1,3.0,1,0,1,0,1,1,0,1,1,0,1,0,1,0,348999.9999999999
3,2,982.0,Freehold,16.0,,Condominium,,,Non Bumi Lot,Kuala Lumpur,,5,0,0,1,1,0,0,1,1,1,,0,0,0,0,0,0,0,1,1,0,1,0,1,1,375000.0000000002
3,2,680.0,Leasehold,22.0,900.0,Apartment,,,Non Bumi Lot,Penang,14.0,3,0,0,0,0,0,0,0,1,0,,0,0,0,0,0,0,0,1,1,0,1,0,0,0,230000.0000000002
3,2,1116.0,Leasehold,38.0,,Condominium,2.0,,Non Bumi Lot,Penang,13.0,7,0,0,0,0,0,0,0,1,0,,1,0,1,0,1,0,0,1,0,0,1,1,1,0,599999.9999999999
3,2,804.0,Freehold,,,Service Residence,2.0,Medium,Non Bumi Lot,Selangor,,10,0,0,0,1,1,0,0,1,1,2.0,1,0,1,1,1,1,1,1,1,0,1,0,1,0,359999.99999999994
3,2,665.0,Freehold,23.0,,Apartment,1.0,Medium,Non Bumi Lot,Penang,14.0,8,0,0,0,0,0,0,0,1,1,2.0,1,0,1,1,1,0,1,1,1,0,1,0,0,0,379888.00000000023
2,2,1056.0,Leasehold,,,Condominium,2.0,High,Non Bumi Lot,Sarawak,,0,0,0,0,0,0,0,0,1,0,3.0,0,0,0,0,0,0,0,0,0,0,0,0,0,0,695000.0000000003
3,2,721.0,Leasehold,,,Flat,,Medium,Bumi Lot,Kuala Lumpur,,1,0,0,0,0,0,0,0,0,0,2.0,0,0,0,0,0,0,0,1,0,0,0,0,0,0,240000.00000000015
3,2,1068.0,Freehold,30.0,311.0,Condominium,2.0,High,Non Bumi Lot,Johor,7.0,9,0,0,0,0,0,0,0,1,1,3.0,1,0,1,1,0,0,1,1,1,1,1,0,1,0,450000.00000000035
3,2,998.0,Leasehold,8.0,400.0,Condominium,,Medium,Bumi Lot,Selangor,18.0,9,0,0,0,0,0,0,0,0,0,2.0,0,0,1,1,1,1,1,1,1,0,1,0,1,0,389999.99999999994
3,2,1050.0,Freehold,20.0,771.0,Condominium,2.0,,Non Bumi Lot,Penang,7.0,6,0,0,0,0,0,0,0,1,1,,0,0,1,1,0,0,0,1,1,0,1,0,1,0,545000.0000000002
3,2,1100.0,Freehold,30.0,,Service Residence,2.0,Medium,Non Bumi Lot,Penang,10.0,4,0,0,0,0,0,0,0,1,1,2.0,0,0,1,0,0,0,0,1,0,0,1,0,1,0,448500.0000000002
3,2,926.0,Leasehold,22.0,1074.0,Condominium,1.0,Medium,Bumi Lot,Selangor,13.0,9,0,1,0,0,1,0,0,0,0,2.0,0,0,1,1,1,0,0,1,1,1,1,0,1,1,319999.9999999998
3,1,650.0,Leasehold,,,Apartment,,Low,Bumi Lot,Selangor,,2,0,0,0,1,0,0,0,0,0,1.0,0,0,0,0,0,0,0,1,0,0,1,0,0,0,137999.99999999988
3,3,1598.0,Freehold,42.0,670.0,Condominium,2.0,Medium,Non Bumi Lot,Penang,6.0,5,0,0,0,0,0,0,0,1,1,2.0,0,0,1,0,1,0,0,1,0,0,1,0,1,0,685000.0
3,2,1140.0,Freehold,14.0,608.0,Condominium,2.0,Medium,Non Bumi Lot,Penang,6.0,7,0,0,0,0,0,0,0,1,1,2.0,0,1,0,1,1,0,0,0,1,1,1,0,1,0,384999.9999999997
3,2,1021.0,Leasehold,20.0,899.0,Condominium,5.0,Low,Non Bumi Lot,Selangor,10.0,11,0,0,0,0,0,0,0,1,0,1.0,1,0,1,1,1,1,1,1,1,0,1,0,1,1,420000.00000000023
3,2,1049.0,Leasehold,12.0,196.0,Apartment,1.0,,Bumi Lot,Selangor,16.0,8,0,1,1,1,0,0,1,0,0,,1,0,0,1,1,1,1,1,1,0,1,0,0,0,380000.0000000003
3,2,997.0,Freehold,,188.0,Condominium,,,Bumi Lot,Kuala Lumpur,,8,1,0,1,1,0,1,0,0,1,,1,0,1,0,0,1,1,1,1,1,1,0,0,0,357999.99999999994
3,2,829.0,Freehold,6.0,225.0,Apartment,1.0,Medium,Non Bumi Lot,Selangor,,4,0,0,0,0,0,0,0,1,1,2.0,0,0,0,0,0,0,0,1,1,0,1,0,1,0,219999.99999999985
3,2,750.0,Freehold,,,Apartment,1.0,Low,Non Bumi Lot,Selangor,,6,0,0,0,0,0,0,0,1,1,1.0,0,0,0,1,0,1,1,1,1,0,1,0,0,0,170000.0
3,2,606.0,Leasehold,17.0,144.0,Apartment,,,Non Bumi Lot,Kuala Lumpur,15.0,4,1,0,1,1,0,0,1,1,0,,0,0,1,0,0,1,0,0,1,0,1,0,0,0,237999.9999999998
3,2,950.0,Freehold,,309.0,Apartment,1.0,,Non Bumi Lot,Selangor,,3,0,1,0,0,0,1,1,1,1,,0,0,0,0,1,0,0,1,0,0,1,0,0,0,219999.99999999985
4,2,864.0,Leasehold,5.0,,Apartment,1.0,Low,Non Bumi Lot,Selangor,,4,1,1,1,0,0,0,0,1,0,1.0,1,0,0,0,0,0,0,1,1,0,1,0,0,0,285000.0
3,2,778.0,Leasehold,7.0,1274.0,Apartment,1.0,Low,Bumi Lot,Selangor,18.0,5,0,0,0,0,0,0,0,0,0,1.0,0,0,0,0,1,1,0,1,1,0,1,0,0,0,249999.99999999983
3,2,1234.0,Leasehold,42.0,1571.0,Condominium,2.0,High,Non Bumi Lot,Kuala Lumpur,6.0,9,0,0,0,0,0,0,0,1,0,3.0,1,0,1,1,1,0,1,1,1,0,1,0,1,0,769999.9999999995
3,2,881.0,Freehold,,,Service Residence,2.0,Medium,Bumi Lot,Kuala Lumpur,,9,1,0,0,1,0,0,1,0,1,2.0,1,0,1,0,1,1,1,1,1,0,1,0,1,0,610000.0
2,2,733.0,Leasehold,12.0,,Condominium,1.0,,Bumi Lot,Selangor,,6,0,0,0,0,0,0,0,0,0,,0,0,0,1,0,1,0,1,1,0,1,0,1,0,260000.00000000015
3,2,850.0,Leasehold,9.0,,Apartment,1.0,Medium,Non Bumi Lot,Kuala Lumpur,,12,1,1,1,1,0,0,0,1,0,2.0,1,1,1,1,1,1,1,1,1,0,1,0,1,1,219999.99999999985
3,2,850.0,Freehold,21.0,406.0,Condominium,1.0,Low,Non Bumi Lot,Penang,25.0,5,0,0,0,0,0,0,0,1,1,1.0,0,0,0,0,1,0,0,1,1,0,1,0,1,0,340000.00000000006
3,4,2101.0,Freehold,25.0,298.0,Condominium,2.0,High,Non Bumi Lot,Penang,6.0,11,0,0,0,0,0,0,0,1,1,3.0,1,1,1,1,1,0,1,1,1,0,1,0,1,1,2679999.9999999995
3,2,920.0,Leasehold,15.0,690.0,Condominium,1.0,Medium,Bumi Lot,Kuala Lumpur,24.0,7,1,0,1,1,0,0,1,0,0,2.0,1,0,1,0,0,1,0,1,1,0,1,0,1,0,340000.00000000006
3,2,1062.0,Leasehold,21.0,800.0,Apartment,,Medium,Non Bumi Lot,Kuala Lumpur,17.0,0,0,0,0,0,0,0,0,1,0,2.0,0,0,0,0,0,0,0,0,0,0,0,0,0,0,355000.0
3,2,789.0,Freehold,4.0,,Apartment,1.0,Low,Non Bumi Lot,Selangor,,2,1,0,0,1,0,0,0,1,1,1.0,0,0,0,0,0,0,0,1,1,0,0,0,0,0,159999.9999999999
3,2,712.0,Leasehold,,,Service Residence,1.0,High,Non Bumi Lot,Selangor,13.0,6,0,0,0,0,0,0,0,1,0,3.0,0,0,0,1,0,1,0,1,1,0,1,0,1,0,228999.99999999983
3,2,1005.0,Leasehold,23.0,,Condominium,,,Bumi Lot,Kuala Lumpur,,3,1,0,0,1,1,0,1,0,0,,0,0,0,0,0,1,0,1,0,0,1,0,0,0,285000.0
3,2,700.0,Freehold,20.0,,Apartment,1.0,Low,Non Bumi Lot,Penang,17.0,7,0,0,0,0,0,0,0,1,1,1.0,1,0,1,1,1,0,0,1,1,0,1,0,0,0,398999.99999999965
3,2,850.0,Leasehold,49.0,2155.0,Condominium,2.0,,Non Bumi Lot,Penang,7.0,0,0,0,0,0,0,0,0,1,0,,0,0,0,0,0,0,0,0,0,0,0,0,0,0,515000.00000000047
3,2,750.0,Freehold,,,Condominium,,Medium,Non Bumi Lot,Penang,,0,0,0,0,0,0,0,0,1,1,2.0,0,0,0,0,0,0,0,0,0,0,0,0,0,0,298000.00000000023
3,2,850.0,Leasehold,20.0,1440.0,Condominium,1.0,,Non Bumi Lot,Selangor,8.0,3,0,0,0,0,0,0,0,1,0,,0,0,0,0,1,0,0,1,0,0,1,0,0,0,230000.0000000002
3,2,1260.0,Leasehold,36.0,1338.0,Service Residence,2.0,High,Non Bumi Lot,Kuala Lumpur,6.0,11,1,0,1,1,0,0,0,1,0,3.0,1,0,1,1,1,1,1,1,1,1,1,0,1,0,527999.9999999998
4,3,2809.0,Freehold,15.0,198.0,Condominium,2.0,High,Non Bumi Lot,Putrajaya,25.0,11,0,0,0,0,0,0,0,1,1,3.0,1,0,1,1,1,1,1,1,1,1,1,0,1,0,929999.9999999994
3,2,780.0,Freehold,5.0,281.0,Condominium,1.0,,Non Bumi Lot,Selangor,,4,0,0,0,0,0,0,0,1,1,,1,0,0,0,0,0,0,1,1,0,1,0,0,0,230000.0000000002
3,2,1275.0,Freehold,30.0,410.0,Condominium,2.0,,Non Bumi Lot,Penang,6.0,0,0,0,0,0,0,0,0,1,1,,0,0,0,0,0,0,0,0,0,0,0,0,0,0,599999.9999999999
3,2,850.0,Freehold,17.0,299.0,Condominium,2.0,Medium,Non Bumi Lot,Selangor,3.0,9,0,0,0,0,0,0,0,1,1,2.0,0,0,1,1,1,1,1,1,1,0,1,0,1,0,324999.9999999999
2,1,592.0,Leasehold,,,Flat,2.0,High,Non Bumi Lot,Selangor,,5,0,0,0,0,0,0,0,1,0,3.0,1,0,0,1,0,1,0,1,1,0,0,0,0,0,170000.0
4,2,1331.0,Freehold,17.0,475.0,Condominium,,,Non Bumi Lot,Kuala Lumpur,10.0,6,0,0,0,0,0,0,0,1,1,,0,0,1,0,0,1,0,1,1,0,1,0,1,0,380000.0000000003
3,2,1010.0,Freehold,23.0,375.0,Condominium,1.0,Medium,Non Bumi Lot,Selangor,15.0,8,0,1,0,0,1,0,0,1,1,2.0,0,0,1,0,1,1,1,1,1,0,1,0,1,0,350000.0000000001
1,1,526.0,Freehold,,,Service Residence,1.0,High,Non Bumi Lot,Johor,,0,0,0,0,0,0,0,0,1,1,3.0,0,0,0,0,0,0,0,0,0,0,0,0,0,0,400000.0000000002
3,2,850.0,Freehold,21.0,744.0,Condominium,1.0,Medium,Non Bumi Lot,Kuala Lumpur,21.0,10,0,0,1,1,0,0,0,1,1,2.0,1,0,1,1,0,1,0,1,1,1,1,0,1,1,249999.99999999983
3,2,1100.0,Freehold,,,Condominium,1.0,Low,Non Bumi Lot,,,5,0,0,0,0,0,0,0,1,1,1.0,0,0,0,0,1,0,0,1,1,0,1,0,1,0,587999.9999999998
3,2,1100.0,Freehold,,760.0,Apartment,,Low,Non Bumi Lot,Selangor,,7,0,0,1,1,1,0,0,1,1,1.0,0,0,0,1,0,1,0,1,1,1,1,0,1,0,350000.0000000001
4,2,912.0,Freehold,38.0,1112.0,Apartment,1.0,Low,Non Bumi Lot,Johor,19.0,4,0,0,0,0,0,0,0,1,1,1.0,0,0,0,0,0,0,0,1,1,0,1,0,1,0,258000.00000000015
3,2,775.0,Leasehold,34.0,1502.0,Apartment,,,Non Bumi Lot,Kuala Lumpur,6.0,6,1,0,0,1,0,0,0,1,0,,0,0,1,0,0,1,0,1,1,0,1,0,1,0,324400.0000000003
3,2,1043.0,Freehold,,,Condominium,2.0,Low,Non Bumi Lot,Selangor,,14,0,0,0,0,0,0,0,1,1,1.0,1,1,1,1,1,1,1,1,1,1,1,1,1,1,400000.0000000002
2,2,1019.0,Leasehold,,644.0,Condominium,,Medium,Non Bumi Lot,Johor,8.0,8,0,0,0,0,0,0,0,1,0,2.0,1,0,1,1,0,0,0,0,1,1,1,0,1,1,400000.0000000002
3,2,1492.0,Freehold,37.0,299.0,Condominium,2.0,Medium,Non Bumi Lot,Penang,6.0,10,0,0,0,0,0,0,0,1,1,2.0,1,0,1,1,1,0,1,1,1,1,1,0,1,0,710000.0
3,2,700.0,Leasehold,,,Apartment,,,Non Bumi Lot,Sarawak,,0,0,0,0,0,0,0,0,1,0,,0,0,0,0,0,0,0,0,0,0,0,0,0,0,188000.00000000012
3,2,1212.0,Freehold,,538.0,Apartment,2.0,Medium,Non Bumi Lot,Selangor,,7,0,0,0,0,0,0,0,1,1,2.0,0,0,0,1,1,1,1,1,1,0,1,0,0,0,350000.0000000001
3,2,878.0,Freehold,55.0,1598.0,Service Residence,,,Non Bumi Lot,Kuala Lumpur,1.0,0,0,0,0,0,0,0,0,1,1,,0,0,0,0,0,0,0,0,0,0,0,0,0,0,469999.99999999994
3,2,1055.0,Leasehold,5.0,,Apartment,,Medium,Bumi Lot,Kuala Lumpur,,3,0,1,0,1,1,0,0,0,0,2.0,0,0,0,0,0,0,0,0,1,0,1,0,1,0,380000.0000000003
3,2,1100.0,Freehold,32.0,,Condominium,1.0,High,Bumi Lot,Kuala Lumpur,28.0,9,0,0,0,0,0,0,0,0,1,3.0,0,0,1,1,1,1,0,1,1,1,1,0,1,0,439999.9999999997
3,2,1000.0,Freehold,15.0,54.0,Condominium,1.0,,Non Bumi Lot,Penang,27.0,0,0,0,0,0,0,0,0,1,1,,0,0,0,0,0,0,0,0,0,0,0,0,0,0,509999.99999999977
3,2,1012.0,Freehold,,437.0,Condominium,,,Non Bumi Lot,Kuala Lumpur,29.0,9,1,0,1,1,0,0,0,1,1,,1,0,0,0,0,1,0,1,1,1,1,1,1,1,359999.99999999994
1,1,640.0,Freehold,,1050.0,Condominium,1.0,High,Non Bumi Lot,Johor,5.0,13,0,0,0,0,0,0,0,1,1,3.0,1,0,1,1,1,1,1,1,1,1,1,1,1,1,417999.9999999999
1,1,610.0,Leasehold,19.0,312.0,Condominium,1.0,,Non Bumi Lot,Kuala Lumpur,14.0,10,1,0,1,1,0,1,1,1,0,,1,0,1,0,1,1,1,1,1,1,1,0,1,0,299999.9999999999
3,2,850.0,Freehold,,216.0,Apartment,2.0,Low,Non Bumi Lot,Penang,26.0,6,0,0,0,0,0,0,0,1,1,1.0,0,0,0,1,0,1,0,1,1,1,1,0,0,0,389999.99999999994
3,2,1088.0,Freehold,,809.0,Service Residence,,,Non Bumi Lot,Melaka,3.0,9,0,0,0,0,0,0,0,1,1,,1,0,1,0,1,0,1,1,1,1,1,0,1,0,497999.9999999998
1,1,450.0,Freehold,,,Studio,1.0,High,Non Bumi Lot,Selangor,,9,0,0,0,0,0,0,0,1,1,3.0,1,0,1,0,1,1,1,1,1,0,1,0,1,0,198999.9999999999
3,2,1018.0,Leasehold,,,Condominium,2.0,,Non Bumi Lot,Kuala Lumpur,,6,1,0,1,1,1,0,0,1,0,,0,0,1,0,1,0,0,1,1,0,1,0,1,0,474999.99999999994
4,2,1149.0,Freehold,,464.0,Condominium,2.0,High,Non Bumi Lot,Selangor,,10,1,0,1,1,1,0,1,1,1,3.0,1,1,1,1,1,0,1,1,1,0,1,0,1,0,404799.99999999965
3,2,950.0,Freehold,31.0,4225.0,Service Residence,2.0,Medium,Non Bumi Lot,Kuala Lumpur,8.0,4,1,1,1,1,0,0,1,1,1,2.0,0,0,0,0,0,0,0,1,1,0,1,0,1,0,450000.00000000035
3,2,1382.0,Leasehold,,396.0,Condominium,2.0,Low,Non Bumi Lot,Kuala Lumpur,7.0,11,1,1,0,1,1,0,1,1,0,1.0,1,1,1,1,0,0,0,1,1,1,1,1,1,1,769999.9999999995
3,2,1100.0,Leasehold,,109.0,Condominium,1.0,Medium,Non Bumi Lot,Sabah,,9,0,0,0,0,0,0,0,1,0,2.0,1,0,1,1,1,0,1,1,1,0,1,0,1,0,485000.00000000035
4,3,2524.0,Freehold,,,Apartment,2.0,High,Non Bumi Lot,Penang,,0,0,0,0,0,0,0,0,1,1,3.0,0,0,0,0,0,0,0,0,0,0,0,0,0,0,327999.99999999977
3,2,771.0,Leasehold,18.0,200.0,Apartment,,,Non Bumi Lot,Selangor,17.0,0,1,0,1,1,0,0,1,1,0,,0,0,0,0,0,0,0,0,0,0,0,0,0,0,249999.99999999983
3,2,1520.0,Leasehold,,,Condominium,,High,Non Bumi Lot,Sarawak,,13,0,0,0,0,0,0,0,1,0,3.0,1,1,1,1,1,0,1,1,1,1,1,1,1,1,728888.0
3,2,721.0,Freehold,16.0,256.0,Condominium,1.0,Medium,Non Bumi Lot,Penang,24.0,5,0,0,0,0,0,0,0,1,1,2.0,0,0,0,0,1,0,0,1,1,0,1,0,1,0,319999.9999999998
3,2,700.0,Freehold,,,Flat,,Low,Non Bumi Lot,Penang,,2,0,0,0,0,0,0,0,1,1,1.0,0,0,0,0,0,0,0,1,1,0,0,0,0,0,249999.99999999983
2,1,667.0,Leasehold,,,Apartment,,High,Non Bumi Lot,Sabah,,0,0,0,0,0,0,0,0,1,0,3.0,0,0,0,0,0,0,0,0,0,0,0,0,0,0,237999.9999999998
3,2,700.0,Freehold,,,Apartment,,Medium,Bumi Lot,Putrajaya,,8,0,0,0,0,0,0,0,0,1,2.0,0,0,0,1,1,1,0,1,1,1,0,1,1,0,269999.99999999977
3,2,915.0,Freehold,,,Apartment,1.0,Low,Non Bumi Lot,Kuala Lumpur,,2,0,0,1,0,0,0,1,1,1,1.0,0,0,0,0,0,0,0,1,1,0,0,0,0,0,319999.9999999998
5,4,2266.0,Leasehold,28.0,,Condominium,2.0,High,Non Bumi Lot,Sabah,,13,0,0,0,0,0,0,0,1,0,3.0,1,1,1,1,1,1,1,1,1,1,1,0,1,1,2199998.9999999995
3,2,800.0,Freehold,45.0,1168.0,Condominium,2.0,Low,Non Bumi Lot,Penang,5.0,8,0,0,0,0,0,0,0,1,1,1.0,1,0,1,0,1,1,0,1,1,0,1,0,1,0,480000.0000000003
3,2,860.0,Freehold,,,Apartment,,High,Non Bumi Lot,Selangor,,0,1,0,1,0,0,0,0,1,1,3.0,0,0,0,0,0,0,0,0,0,0,0,0,0,0,289999.9999999999
1,1,650.0,Freehold,35.0,457.0,Service Residence,1.0,Medium,Non Bumi Lot,Selangor,7.0,14,1,0,1,1,0,0,0,1,1,2.0,1,1,1,1,1,1,1,1,1,1,1,1,1,1,420000.00000000023
2,1,624.0,Leasehold,,,Flat,,High,Non Bumi Lot,Kuala Lumpur,,0,0,0,0,0,0,0,0,1,0,3.0,0,0,0,0,0,0,0,0,0,0,0,0,0,0,188000.00000000012
3,2,1001.0,Freehold,,,Apartment,,High,Non Bumi Lot,Melaka,,1,0,0,0,0,0,0,0,1,1,3.0,0,0,0,0,0,0,0,1,0,0,0,0,0,0,200000.00000000006
3,2,1315.0,Freehold,,406.0,Condominium,2.0,,Non Bumi Lot,Penang,2.0,10,0,0,0,0,0,0,0,1,1,,1,0,1,1,1,0,1,1,1,1,1,0,1,0,599999.9999999999
4,2,1161.0,Freehold,38.0,406.0,Condominium,2.0,,Non Bumi Lot,Penang,2.0,6,0,0,0,0,0,0,0,1,1,,1,0,1,1,0,0,0,1,1,0,1,0,0,0,680000.0000000001
4,2,1642.0,Freehold,,222.0,Condominium,2.0,Medium,Non Bumi Lot,Penang,8.0,0,0,0,0,0,0,0,0,1,1,2.0,0,0,0,0,0,0,0,0,0,0,0,0,0,0,627999.9999999998
3,2,700.0,Freehold,18.0,112.0,Apartment,1.0,Medium,Non Bumi Lot,Penang,,3,0,0,0,0,0,0,0,1,1,2.0,0,0,0,0,1,0,0,1,0,0,1,0,0,0,412000.0
3,2,861.0,Leasehold,13.0,,Apartment,,Medium,Bumi Lot,Johor,14.0,4,0,0,0,0,0,0,0,0,0,2.0,0,0,0,1,0,1,0,0,1,0,1,0,0,0,230000.0000000002
3,2,1150.0,Leasehold,28.0,650.0,Condominium,,,Non Bumi Lot,Kuala Lumpur,6.0,7,1,0,1,1,1,0,0,1,0,,1,0,1,1,0,0,1,1,0,0,1,0,1,0,439999.9999999997
3,2,860.0,Freehold,27.0,,Condominium,1.0,,Non Bumi Lot,Penang,18.0,7,0,0,0,0,0,0,0,1,1,,1,0,1,0,1,0,0,1,1,0,1,0,1,0,450000.00000000035
3,2,900.0,Freehold,,,Apartment,2.0,Low,Non Bumi Lot,Johor,,2,0,0,0,0,0,0,0,1,1,1.0,0,0,0,0,0,0,0,1,0,0,1,0,0,0,200000.00000000006
1,1,538.0,Freehold,,316.0,Service Residence,1.0,High,Non Bumi Lot,Johor,,7,0,0,0,0,0,0,0,1,1,3.0,0,0,1,0,1,1,0,1,1,0,1,0,1,0,350000.0000000001
3,2,800.0,Freehold,22.0,246.0,Condominium,1.0,Medium,Non Bumi Lot,Kuala Lumpur,15.0,10,1,1,1,1,0,1,0,1,1,2.0,0,1,1,1,1,1,0,1,1,0,1,0,1,1,345000.00000000006
2,2,906.0,Freehold,21.0,460.0,Service Residence,2.0,Medium,Non Bumi Lot,Johor,9.0,8,0,0,0,0,0,0,0,1,1,2.0,1,0,1,0,0,1,1,0,1,0,1,0,1,1,388000.0
3,2,1200.0,Freehold,6.0,116.0,Condominium,1.0,Low,Non Bumi Lot,Kuala Lumpur,,7,1,1,1,1,0,0,1,1,1,1.0,1,0,0,1,0,0,1,1,1,0,1,0,1,0,554999.9999999998
2,1,494.0,Freehold,,,Apartment,,Low,Non Bumi Lot,Johor,,2,0,0,0,0,0,0,0,1,1,1.0,0,0,0,0,0,0,0,1,1,0,0,0,0,0,158000.00000000012
3,1,679.0,Freehold,,,Apartment,,Medium,Non Bumi Lot,Selangor,,1,0,0,0,0,0,0,0,1,1,2.0,0,0,0,0,0,1,0,0,0,0,0,0,0,0,179999.99999999997
3,2,1382.0,Leasehold,,396.0,Condominium,2.0,Medium,Bumi Lot,Kuala Lumpur,7.0,14,1,1,0,1,1,0,1,0,0,2.0,1,1,1,1,1,1,1,1,1,1,1,1,1,1,649999.9999999998
3,2,700.0,Freehold,23.0,2115.0,Flat,1.0,,Non Bumi Lot,Penang,20.0,3,0,0,0,0,0,0,0,1,1,,0,0,0,0,1,0,0,1,0,0,1,0,0,0,230000.0000000002
3,2,1100.0,Freehold,30.0,816.0,Condominium,4.0,High,Non Bumi Lot,Penang,7.0,9,0,0,0,0,0,0,0,1,1,3.0,1,0,1,1,1,0,1,1,1,0,1,0,1,0,620000.0
4,2,1500.0,Freehold,22.0,144.0,Condominium,2.0,High,Non Bumi Lot,Penang,,7,0,0,0,0,0,0,0,1,1,3.0,0,0,0,0,1,1,0,1,1,1,1,0,1,0,780000.0
3,2,830.0,Leasehold,21.0,,Condominium,1.0,Medium,Non Bumi Lot,Selangor,19.0,9,0,0,0,0,0,0,0,1,0,2.0,0,0,1,1,1,1,0,1,1,0,1,0,1,1,260000.00000000015
4,2,1465.0,Freehold,16.0,,Condominium,1.0,Low,Non Bumi Lot,Kuala Lumpur,27.0,11,0,0,1,1,0,1,1,1,1,1.0,0,0,1,1,1,1,0,1,1,1,1,1,1,1,439999.9999999997
3,2,557.0,Freehold,33.0,553.0,Service Residence,2.0,Low,Bumi Lot,Selangor,5.0,8,1,0,0,1,0,0,0,0,1,1.0,0,0,1,0,1,1,1,1,1,0,1,0,1,0,340000.00000000006
3,1,624.0,Freehold,5.0,,Apartment,1.0,High,Non Bumi Lot,Penang,,0,0,0,0,0,0,0,0,1,1,3.0,0,0,0,0,0,0,0,0,0,0,0,0,0,0,179999.99999999997
3,2,650.0,Leasehold,,,Apartment,,,Non Bumi Lot,,,1,0,0,0,0,0,0,0,1,0,,0,0,0,0,0,0,0,1,0,0,0,0,0,0,130000.00000000006
3,2,990.0,Freehold,,,Apartment,1.0,Medium,Non Bumi Lot,Johor,,14,0,0,0,0,0,0,0,1,1,2.0,1,1,1,1,1,1,1,1,1,1,1,1,1,1,359000.0000000001
3,2,750.0,Freehold,20.0,480.0,Condominium,1.0,Low,Non Bumi Lot,Penang,20.0,11,0,0,0,0,0,0,0,1,1,1.0,0,1,1,0,1,1,0,1,1,1,1,1,1,1,439999.9999999997
2,1,750.0,Freehold,,,Apartment,1.0,Medium,Non Bumi Lot,Kuala Lumpur,,4,1,1,1,1,0,1,0,1,1,2.0,0,0,0,0,1,0,0,1,1,0,1,0,0,0,278999.9999999999
3,2,1100.0,Freehold,14.0,480.0,Condominium,1.0,Medium,Non Bumi Lot,Selangor,15.0,11,0,0,0,0,0,0,0,1,1,2.0,1,1,1,1,1,1,0,1,1,0,1,1,1,0,389999.99999999994
3,2,800.0,Freehold,23.0,433.0,Apartment,1.0,Medium,Non Bumi Lot,Penang,24.0,10,0,0,0,0,0,0,0,1,1,2.0,1,0,1,1,1,1,0,1,1,0,1,0,1,1,350000.0000000001
3,2,858.0,Leasehold,24.0,299.0,Apartment,,Medium,Non Bumi Lot,Selangor,16.0,6,0,1,1,1,1,0,1,1,0,2.0,0,0,0,1,0,1,0,1,1,0,1,0,1,0,370000.0000000001
3,2,810.0,Freehold,5.0,,Apartment,1.0,,Non Bumi Lot,Selangor,,2,1,0,1,1,0,0,0,1,1,,0,0,0,0,0,0,0,1,0,0,1,0,0,0,230000.0000000002
3,2,949.0,Freehold,,635.0,Apartment,2.0,Medium,Non Bumi Lot,Selangor,4.0,10,0,0,0,0,0,0,0,1,1,2.0,0,1,1,1,1,1,1,1,1,0,1,0,1,0,275000.00000000006
3,2,1288.0,Leasehold,,,Apartment,,Medium,Non Bumi Lot,Sarawak,,0,0,0,0,0,0,0,0,1,0,2.0,0,0,0,0,0,0,0,0,0,0,0,0,0,0,350000.0000000001
4,5,2872.0,Freehold,,,Duplex,3.0,Low,Bumi Lot,Kuala Lumpur,,6,0,0,0,0,0,0,0,0,1,1.0,0,1,0,0,1,0,0,1,1,0,1,0,1,0,2250000.0
3,2,915.0,Leasehold,,704.0,Apartment,1.0,Medium,Non Bumi Lot,Selangor,13.0,10,1,0,0,1,0,0,0,1,0,2.0,1,1,1,0,1,1,1,1,1,0,1,0,1,0,389000.0000000001
3,2,900.0,Freehold,,723.0,Apartment,2.0,Medium,Bumi Lot,Selangor,3.0,10,0,0,1,1,0,0,0,0,1,2.0,0,0,1,1,1,1,1,1,1,0,1,0,1,1,310000.0
2,1,500.0,Leasehold,,,Flat,,Medium,Non Bumi Lot,Penang,,0,0,0,0,0,0,0,0,1,0,2.0,0,0,0,0,0,0,0,0,0,0,0,0,0,0,105000.00000000004
3,2,939.0,Freehold,25.0,636.0,Apartment,,Medium,Non Bumi Lot,Selangor,8.0,0,0,0,0,0,0,0,0,1,1,2.0,0,0,0,0,0,0,0,0,0,0,0,0,0,0,334999.9999999998
4,2,1353.0,Freehold,,,Apartment,2.0,Medium,Bumi Lot,Johor,,13,0,0,0,0,0,0,0,0,1,2.0,1,1,1,1,1,1,1,1,1,1,1,1,1,0,330000.0000000001
3,2,1100.0,Leasehold,,240.0,Condominium,1.0,,Non Bumi Lot,Penang,,3,0,0,0,0,0,0,0,1,0,,0,0,1,0,0,0,0,0,0,0,1,0,1,0,797999.9999999994
3,2,750.0,Leasehold,,,Apartment,,Low,Bumi Lot,Selangor,,3,0,0,0,1,0,0,0,0,0,1.0,0,0,0,0,0,1,0,0,1,0,1,0,0,0,199990.00000000006
3,1,615.0,Leasehold,12.0,,Apartment,,Medium,Bumi Lot,Kuala Lumpur,,4,0,0,0,0,0,0,0,0,0,2.0,0,0,0,0,1,0,1,1,1,0,0,0,0,0,210000.0000000001
3,2,1200.0,Leasehold,,698.0,Apartment,2.0,Medium,Non Bumi Lot,Johor,18.0,10,0,0,0,0,0,0,0,1,0,2.0,1,0,1,1,1,1,0,1,1,1,1,0,1,0,357999.99999999994
4,3,1570.0,Leasehold,40.0,580.0,Condominium,3.0,,Non Bumi Lot,Kuala Lumpur,4.0,9,0,0,0,0,0,0,0,1,0,,1,0,1,1,1,0,1,1,1,0,1,0,1,0,680000.0000000001
3,2,1600.0,Leasehold,,,Apartment,1.0,Medium,Non Bumi Lot,Sarawak,,4,0,0,0,0,0,0,0,1,0,2.0,0,0,1,0,0,1,0,1,0,0,1,0,0,0,480000.0000000003
3,1,721.0,Freehold,,,Apartment,,Medium,Bumi Lot,Negeri Sembilan,,4,0,0,0,0,0,0,0,0,1,2.0,0,0,0,0,1,1,0,1,1,0,0,0,0,0,200000.00000000006
4,2,1650.0,Freehold,,,Condominium,2.0,High,Non Bumi Lot,,,5,0,0,0,0,0,0,0,1,1,3.0,0,0,0,0,1,0,0,1,1,0,1,0,1,0,534999.9999999998
3,2,650.0,Freehold,,,Apartment,,Low,Non Bumi Lot,Selangor,,0,0,0,0,1,0,0,0,1,1,1.0,0,0,0,0,0,0,0,0,0,0,0,0,0,0,100000.00000000001
3,2,786.0,Freehold,5.0,,Apartment,,,Bumi Lot,Selangor,,2,0,0,0,0,0,0,0,0,1,,0,0,0,0,0,0,0,1,0,0,1,0,0,0,149999.99999999994
4,3,1661.0,Freehold,41.0,192.0,Condominium,2.0,Medium,Non Bumi Lot,Kuala Lumpur,12.0,5,1,1,1,1,1,1,0,1,1,2.0,0,0,1,0,0,0,0,0,1,0,0,1,1,1,1150000.0
5,5,5000.0,Leasehold,,391.0,Condominium,3.0,,Bumi Lot,Kuala Lumpur,11.0,13,1,1,0,1,1,0,1,0,0,,1,0,1,1,1,1,1,1,1,1,1,1,1,1,2500000.000000001
4,3,1238.0,Freehold,35.0,849.0,Service Residence,2.0,Medium,Bumi Lot,Johor,5.0,11,0,0,0,0,0,0,0,0,1,2.0,1,1,1,1,1,0,1,1,1,1,1,0,1,0,381000.00000000035
3,2,1036.0,Freehold,33.0,550.0,Condominium,2.0,High,Non Bumi Lot,Penang,2.0,11,0,0,0,0,0,0,0,1,1,3.0,1,1,1,1,1,0,1,1,1,1,1,0,1,0,780000.0
3,2,750.0,Freehold,29.0,,Apartment,1.0,,Non Bumi Lot,Penang,15.0,7,0,0,0,0,0,0,0,1,1,,0,0,1,1,0,1,0,1,1,1,1,0,0,0,345000.00000000006
2,2,668.0,Leasehold,44.0,2136.0,Service Residence,1.0,,Non Bumi Lot,Kuala Lumpur,2.0,11,0,1,0,1,0,0,1,1,0,,1,0,1,1,1,1,1,1,1,1,1,0,1,0,379888.00000000023
3,2,956.0,Freehold,19.0,392.0,Condominium,1.0,High,Bumi Lot,Selangor,,14,0,0,0,0,0,0,0,0,1,3.0,1,1,1,1,1,1,1,1,1,1,1,1,1,1,380000.0000000003
3,2,878.0,Freehold,,,Service Residence,2.0,,Non Bumi Lot,Kuala Lumpur,,0,0,0,0,0,0,0,0,1,1,,0,0,0,0,0,0,0,0,0,0,0,0,0,0,450000.00000000035
1,1,450.0,Leasehold,,,Service Residence,,Medium,Non Bumi Lot,Kuala Lumpur,,4,1,1,1,1,1,0,1,1,0,2.0,0,0,1,0,1,0,0,0,0,0,1,0,1,0,800000.0000000003
2,2,762.0,Leasehold,,512.0,Apartment,1.0,Low,Non Bumi Lot,Sabah,,3,0,0,0,0,0,0,0,1,0,1.0,0,0,0,0,0,1,0,1,0,0,1,0,0,0,338000.00000000023
3,2,1165.0,Freehold,,406.0,Condominium,2.0,,Non Bumi Lot,Penang,2.0,11,0,0,0,0,0,0,0,1,1,,1,0,1,1,1,1,1,1,1,1,1,0,1,0,499999.9999999997
3,2,650.0,Leasehold,,,Apartment,1.0,High,Non Bumi Lot,Selangor,,2,0,1,1,1,0,0,1,1,0,3.0,0,0,0,0,0,1,0,0,1,0,0,0,0,0,128000.00000000004
2,2,950.0,Freehold,4.0,,Condominium,1.0,High,Non Bumi Lot,Kuala Lumpur,,14,1,1,1,1,1,0,1,1,1,3.0,1,1,1,1,1,1,1,1,1,1,1,1,1,1,507999.99999999994
3,3,1091.0,Freehold,30.0,808.0,Condominium,1.0,,Non Bumi Lot,Penang,10.0,10,0,0,0,0,0,0,0,1,1,,0,0,1,0,1,1,0,1,1,1,1,1,1,1,529999.9999999998
1,1,450.0,Freehold,38.0,1424.0,Service Residence,1.0,Medium,Non Bumi Lot,Selangor,6.0,14,0,0,0,0,0,0,0,1,1,2.0,1,1,1,1,1,1,1,1,1,1,1,1,1,1,200000.00000000006
2,2,875.0,Leasehold,,,Apartment,,Medium,Non Bumi Lot,Sarawak,,9,0,0,0,0,0,0,0,1,0,2.0,0,0,0,1,1,1,0,1,1,1,1,1,0,1,428000.0000000002
3,2,850.0,Leasehold,16.0,196.0,Apartment,,Medium,Bumi Lot,Johor,15.0,0,0,0,0,0,0,0,0,0,0,2.0,0,0,0,0,0,0,0,0,0,0,0,0,0,0,275000.00000000006
3,2,900.0,Freehold,,,Apartment,2.0,,Non Bumi Lot,Selangor,,13,0,0,0,0,0,0,0,1,1,,1,1,1,1,1,1,1,1,1,0,1,1,1,1,345000.00000000006
4,3,1202.0,Freehold,,363.0,Condominium,2.0,Low,Non Bumi Lot,Putrajaya,2.0,9,0,0,0,0,0,0,0,1,1,1.0,1,0,1,1,1,0,1,1,1,0,1,0,1,0,649999.9999999998
3,2,700.0,Freehold,18.0,182.0,Apartment,1.0,Medium,Non Bumi Lot,Penang,17.0,7,0,0,0,0,0,0,0,1,1,2.0,0,0,0,0,1,0,0,1,1,0,1,1,1,1,420000.00000000023
4,3,1442.0,Freehold,,,Condominium,1.0,,Non Bumi Lot,Perak,,0,0,0,0,0,0,0,0,1,1,,0,0,0,0,0,0,0,0,0,0,0,0,0,0,327999.99999999977
3,2,1200.0,Freehold,,450.0,Condominium,2.0,High,Non Bumi Lot,Penang,1.0,12,0,0,0,0,0,0,0,1,1,3.0,1,1,1,1,1,1,1,1,1,1,1,0,1,0,1480000.0000000007
2,2,550.0,Freehold,26.0,,Apartment,,Medium,Non Bumi Lot,Penang,,6,0,0,0,0,0,0,0,1,1,2.0,0,0,0,0,1,1,0,1,1,0,1,0,1,0,132999.99999999997
3,2,800.0,Leasehold,6.0,672.0,Apartment,2.0,,Non Bumi Lot,Penang,29.0,5,0,0,0,0,0,0,0,1,0,,0,0,0,0,1,0,0,1,1,0,1,0,1,0,299999.9999999999
3,2,1182.0,Freehold,25.0,300.0,Condominium,2.0,High,Non Bumi Lot,Penang,8.0,9,0,0,0,0,0,0,0,1,1,3.0,1,0,1,0,0,1,1,1,1,1,1,0,1,0,499999.9999999997
3,3,1251.0,Freehold,26.0,1326.0,Service Residence,2.0,Medium,Non Bumi Lot,Putrajaya,5.0,11,0,0,0,0,0,0,0,1,1,2.0,0,0,1,1,1,1,1,1,1,1,1,1,1,0,788000.0000000006
2,2,800.0,Freehold,43.0,956.0,Apartment,,Medium,Non Bumi Lot,Selangor,,8,1,1,1,1,1,0,0,1,1,2.0,1,0,1,1,1,0,1,0,1,0,1,0,1,0,459999.9999999996
3,2,1169.0,Freehold,24.0,576.0,Condominium,1.0,High,Non Bumi Lot,Kuala Lumpur,29.0,11,1,0,1,1,1,0,0,1,1,3.0,1,0,1,0,1,1,0,1,1,1,1,1,1,1,334999.9999999998
3,2,906.0,Leasehold,21.0,565.0,Apartment,,Medium,Non Bumi Lot,Johor,17.0,8,0,0,0,0,0,0,0,1,0,2.0,1,0,1,1,0,0,0,1,1,0,1,0,1,1,268000.0000000001
3,2,1054.0,Freehold,20.0,,Apartment,,Medium,Bumi Lot,Putrajaya,,8,0,0,0,0,0,0,0,0,1,2.0,1,0,1,1,1,0,0,1,1,0,1,0,1,0,365000.00000000023
3,2,800.0,Freehold,,,Apartment,1.0,Low,Non Bumi Lot,Selangor,,2,0,0,0,0,0,0,0,1,1,1.0,0,0,0,0,0,0,0,1,0,0,1,0,0,0,269999.99999999977
2,2,810.0,Freehold,25.0,2003.0,Service Residence,,Medium,Non Bumi Lot,Johor,4.0,0,0,0,0,0,0,0,0,1,1,2.0,0,0,0,0,0,0,0,0,0,0,0,0,0,0,298000.00000000023
2,2,720.0,Freehold,,,Service Residence,,Medium,Non Bumi Lot,Negeri Sembilan,7.0,10,0,0,0,0,0,0,0,1,1,2.0,1,0,1,0,1,1,1,1,1,1,1,0,1,0,410000.00000000006
3,2,1238.0,Leasehold,18.0,715.0,Condominium,,,Non Bumi Lot,Kuala Lumpur,16.0,14,1,1,1,1,0,0,0,1,0,,1,1,1,1,1,1,1,1,1,1,1,1,1,1,410000.00000000006
3,2,650.0,Leasehold,,,Apartment,,Low,Non Bumi Lot,Selangor,,5,0,0,0,0,0,0,0,1,0,1.0,0,0,0,1,0,1,0,1,1,0,1,0,0,0,120000.00000000006
3,2,850.0,Freehold,,,Apartment,1.0,High,Non Bumi Lot,Selangor,,5,0,0,1,1,1,0,0,1,1,3.0,1,0,0,0,1,0,1,1,1,0,0,0,0,0,295000.00000000006
3,1,1349.0,Freehold,,,Condominium,1.0,,Non Bumi Lot,,,8,0,0,0,0,0,0,0,1,1,,1,0,1,1,1,0,0,1,1,0,1,0,1,0,579999.9999999999
2,3,950.0,Freehold,25.0,452.0,Condominium,2.0,,Non Bumi Lot,Putrajaya,6.0,5,0,0,0,0,0,0,0,1,1,,0,0,1,0,1,0,0,1,1,0,0,0,1,0,410000.00000000006
3,2,833.0,Freehold,20.0,,Apartment,,Medium,Non Bumi Lot,Johor,6.0,7,0,0,0,0,0,0,0,1,1,2.0,1,1,0,0,0,1,0,1,1,0,1,0,1,0,237999.9999999998
3,2,1250.0,Freehold,30.0,410.0,Condominium,2.0,High,Non Bumi Lot,Penang,6.0,0,0,0,0,0,0,0,0,1,1,3.0,0,0,0,0,0,0,0,0,0,0,0,0,0,0,599999.9999999999
3,2,776.0,Leasehold,18.0,,Apartment,1.0,Low,Non Bumi Lot,Selangor,,6,0,0,0,0,0,0,0,1,0,1.0,0,0,0,0,1,1,0,1,1,1,1,0,0,0,177999.99999999994
3,2,860.0,Freehold,5.0,,Condominium,,High,Non Bumi Lot,Selangor,,3,1,0,1,0,0,0,0,1,1,3.0,0,0,0,0,0,0,0,1,1,0,1,0,0,0,249999.99999999983
1,1,715.0,Freehold,12.0,392.0,Apartment,1.0,Low,Non Bumi Lot,Johor,4.0,12,0,0,0,0,0,0,0,1,1,1.0,1,1,1,1,1,1,1,1,1,1,1,0,1,0,308000.00000000006
3,2,1475.0,Freehold,5.0,,Condominium,2.0,,Non Bumi Lot,Penang,31.0,2,0,0,0,0,0,0,0,1,1,,0,0,0,0,0,0,0,1,0,0,1,0,0,0,860000.0000000003
3,2,800.0,Freehold,21.0,406.0,Condominium,1.0,,Non Bumi Lot,Penang,25.0,5,0,0,0,0,0,0,0,1,1,,0,0,0,0,1,1,0,1,0,0,1,0,1,0,380000.0000000003
3,2,711.0,Leasehold,,,Flat,,,Bumi Lot,Selangor,,2,0,0,0,0,0,0,0,0,0,,0,0,0,0,1,0,0,1,0,0,0,0,0,0,210000.0000000001
3,2,950.0,Freehold,25.0,452.0,Condominium,2.0,,Bumi Lot,Putrajaya,6.0,5,0,0,0,0,0,0,0,0,1,,0,0,1,0,1,0,0,1,1,0,0,0,1,0,410000.00000000006
2,2,950.0,Leasehold,,,Condominium,1.0,Medium,Non Bumi Lot,Sabah,,4,0,0,0,0,0,0,0,1,0,2.0,0,0,0,0,0,0,0,1,1,0,1,0,1,0,559999.9999999998
3,2,1000.0,Freehold,45.0,938.0,Condominium,2.0,,Non Bumi Lot,Penang,2.0,4,0,0,0,0,0,0,0,1,1,,1,0,0,0,0,0,1,0,1,0,0,0,1,0,570000.0
3,2,950.0,Freehold,,,Condominium,2.0,,Non Bumi Lot,Selangor,,9,0,0,0,0,1,0,0,1,1,,1,0,1,1,1,1,0,1,1,1,1,0,0,0,342000.0000000001
3,2,1036.0,Freehold,33.0,550.0,Condominium,2.0,,Non Bumi Lot,Penang,2.0,9,0,0,0,0,0,0,0,1,1,,1,1,1,1,0,0,1,0,1,1,1,0,1,0,700000.0000000002
1,1,727.0,Freehold,44.0,477.0,Service Residence,1.0,,Non Bumi Lot,Kuala Lumpur,3.0,9,0,1,1,1,0,0,0,1,1,,0,0,1,0,1,0,1,1,1,1,1,1,1,0,849999.9999999994
2,1,540.0,Freehold,,,Apartment,1.0,Low,Non Bumi Lot,Selangor,,5,0,0,0,0,0,0,0,1,1,1.0,0,0,0,0,1,1,0,1,1,0,1,0,0,0,196000.00000000006
3,2,800.0,Leasehold,6.0,,Apartment,1.0,,Bumi Lot,Selangor,,2,0,0,0,0,0,0,0,0,0,,0,0,0,0,0,0,0,1,1,0,0,0,0,0,314999.99999999994
3,2,1259.0,Leasehold,,,Condominium,1.0,Medium,Non Bumi Lot,Sarawak,,9,0,0,0,0,0,0,0,1,0,2.0,0,1,1,1,1,0,1,1,1,0,1,0,1,0,649999.9999999998
2,2,880.0,Leasehold,,,Condominium,,Medium,Bumi Lot,Sabah,,3,0,0,0,0,0,0,0,0,0,2.0,0,0,0,0,1,0,0,1,0,0,0,0,1,0,310000.0
2,1,788.0,Leasehold,,,Service Residence,,High,Non Bumi Lot,Sarawak,,0,0,0,0,0,0,0,0,1,0,3.0,0,0,0,0,0,0,0,0,0,0,0,0,0,0,550000.0000000001
3,2,926.0,Leasehold,14.0,340.0,Apartment,,,Non Bumi Lot,Selangor,,8,0,0,0,0,0,0,0,1,0,,0,0,1,1,0,1,0,1,1,0,1,1,1,0,249999.99999999983
3,1,646.0,Leasehold,23.0,2208.0,Apartment,,Low,Bumi Lot,Penang,14.0,6,0,0,0,0,0,0,0,0,0,1.0,0,0,0,1,1,1,0,1,1,0,1,0,0,0,240000.00000000015
3,2,1313.0,Freehold,13.0,666.0,Service Residence,4.0,Low,Bumi Lot,Selangor,9.0,8,0,0,0,0,0,0,0,0,1,1.0,0,0,1,0,1,1,0,1,1,0,1,1,1,0,564999.9999999995
3,2,1097.0,Freehold,22.0,188.0,Apartment,1.0,High,Non Bumi Lot,Johor,15.0,0,0,0,0,0,0,0,0,1,1,3.0,0,0,0,0,0,0,0,0,0,0,0,0,0,0,489999.9999999997
3,2,850.0,Freehold,8.0,,Apartment,1.0,Medium,Non Bumi Lot,Selangor,23.0,4,0,1,1,1,0,1,1,1,1,2.0,0,0,0,0,0,0,0,1,1,0,1,0,1,0,338799.99999999977
3,2,1100.0,Leasehold,19.0,,Condominium,1.0,,Non Bumi Lot,Kuala Lumpur,27.0,7,1,0,1,1,0,0,0,1,0,,1,0,1,0,0,0,0,1,1,1,1,0,1,0,340000.00000000006
3,2,815.0,Freehold,35.0,912.0,Service Residence,2.0,Low,Non Bumi Lot,Selangor,3.0,14,1,0,0,1,0,0,0,1,1,1.0,1,1,1,1,1,1,1,1,1,1,1,1,1,1,485000.00000000035
3,2,850.0,Freehold,22.0,816.0,Condominium,1.0,Medium,Non Bumi Lot,Penang,16.0,9,0,0,0,0,0,0,0,1,1,2.0,1,0,1,1,1,0,0,1,1,0,1,1,1,0,388000.0
2,1,657.0,Leasehold,15.0,438.0,Apartment,1.0,Medium,Bumi Lot,Kuala Lumpur,27.0,3,0,0,0,0,0,0,0,0,0,2.0,0,0,0,0,0,0,0,1,1,0,1,0,0,0,198999.9999999999
3,2,1300.0,Freehold,8.0,68.0,Apartment,1.0,Medium,Non Bumi Lot,Penang,26.0,3,0,0,0,0,0,0,0,1,1,2.0,0,0,0,0,1,0,0,1,0,0,1,0,0,0,400000.0000000002
1,1,450.0,Freehold,26.0,319.0,Service Residence,1.0,Medium,Non Bumi Lot,Selangor,1.0,10,1,0,1,1,0,0,0,1,1,2.0,1,0,1,1,1,0,1,1,1,1,1,0,1,0,368000.00000000006
3,2,1020.0,Leasehold,16.0,1120.0,Condominium,2.0,,Non Bumi Lot,Selangor,10.0,9,1,0,1,1,0,0,0,1,0,,1,0,0,1,1,1,1,1,1,0,1,0,1,0,430000.0000000002
4,3,1300.0,Freehold,,52.0,Condominium,2.0,Medium,Non Bumi Lot,Selangor,,14,0,1,0,0,0,0,0,1,1,2.0,1,1,1,1,1,1,1,1,1,1,1,1,1,1,298999.99999999977
4,3,1000.0,Leasehold,50.0,3600.0,Condominium,2.0,,Non Bumi Lot,Kuala Lumpur,0.0,6,1,1,1,1,0,1,1,1,0,,0,0,1,0,1,0,0,1,1,0,1,0,1,0,529999.9999999998
2,1,600.0,Leasehold,22.0,800.0,Studio,1.0,Medium,Non Bumi Lot,Kuala Lumpur,14.0,14,1,0,1,1,0,0,0,1,0,2.0,1,1,1,1,1,1,1,1,1,1,1,1,1,1,477099.99999999977
3,2,700.0,Freehold,,,Flat,1.0,High,Non Bumi Lot,Johor,,0,0,0,0,0,0,0,0,1,1,3.0,0,0,0,0,0,0,0,0,0,0,0,0,0,0,79000.00000000006
3,2,1182.0,Freehold,25.0,300.0,Condominium,2.0,Medium,Non Bumi Lot,Penang,8.0,10,0,0,0,0,0,0,0,1,1,2.0,1,0,1,0,1,1,1,1,1,1,1,0,1,0,489999.9999999997
3,2,1050.0,Leasehold,34.0,542.0,Service Residence,2.0,Medium,Non Bumi Lot,Kuala Lumpur,6.0,7,0,1,1,1,0,0,1,1,0,2.0,0,0,1,1,1,0,0,1,1,0,1,0,1,0,529999.9999999998
3,2,720.0,Leasehold,,160.0,Condominium,1.0,Medium,Non Bumi Lot,Melaka,5.0,7,0,0,0,0,0,0,0,1,0,2.0,1,0,1,1,0,0,0,1,0,1,1,0,1,0,319999.9999999998
4,3,1800.0,Freehold,23.0,91.0,Condominium,2.0,Medium,Non Bumi Lot,Penang,30.0,11,0,0,0,0,0,0,0,1,1,2.0,1,1,1,1,1,1,1,1,1,0,1,0,1,0,1299999.9999999998
3,2,1183.0,Freehold,,,Condominium,2.0,Medium,Non Bumi Lot,Penang,,1,0,0,0,0,0,0,0,1,1,2.0,0,0,0,0,0,0,1,0,0,0,0,0,0,0,448000.0000000002
2,2,1480.0,Leasehold,,,Condominium,,Medium,Non Bumi Lot,Melaka,,8,0,0,0,0,0,0,0,1,0,2.0,1,0,0,1,1,0,0,1,1,0,1,0,1,1,78000.00000000004
4,2,1590.0,Freehold,,654.0,Condominium,2.0,High,Non Bumi Lot,Kuala Lumpur,10.0,13,1,0,1,1,0,0,0,1,1,3.0,1,1,1,1,1,1,1,1,1,1,1,0,1,1,728999.9999999999
3,3,1483.0,Freehold,37.0,299.0,Condominium,2.0,Medium,Non Bumi Lot,Penang,6.0,9,0,0,0,0,0,0,0,1,1,2.0,1,0,1,0,1,0,1,1,1,1,1,0,1,0,760000.0000000007
2,2,876.0,Leasehold,,,Condominium,,,Non Bumi Lot,Johor,,0,0,0,0,0,0,0,0,1,0,,0,0,0,0,0,0,0,0,0,0,0,0,0,0,350000.0000000001
3,2,893.0,Leasehold,,,Apartment,1.0,,Non Bumi Lot,Sarawak,,3,0,0,0,0,0,0,0,1,0,,0,0,0,0,1,0,0,1,0,0,1,0,0,0,370000.0000000001
3,2,1113.0,Leasehold,38.0,,Condominium,2.0,,Non Bumi Lot,Penang,13.0,7,0,0,0,0,0,0,0,1,0,,1,0,1,0,1,0,0,1,0,0,1,1,1,0,610000.0
3,2,700.0,Leasehold,25.0,,Apartment,1.0,,Non Bumi Lot,Penang,,3,0,0,0,0,0,0,0,1,0,,0,0,0,0,1,0,0,1,0,0,1,0,0,0,247999.9999999998
3,2,1049.0,Leasehold,,,Condominium,1.0,High,Bumi Lot,Selangor,,0,1,0,1,1,0,0,0,0,0,3.0,0,0,0,0,0,0,0,0,0,0,0,0,0,0,359999.99999999994
3,2,800.0,Freehold,,,Apartment,1.0,Medium,Non Bumi Lot,Selangor,,4,0,0,0,1,0,0,0,1,1,2.0,0,0,0,1,0,0,0,1,0,0,1,0,1,0,190000.00000000012
3,2,750.0,Freehold,32.0,988.0,Condominium,1.0,High,Non Bumi Lot,Penang,26.0,10,0,0,0,0,0,0,0,1,1,3.0,0,1,1,1,1,0,1,1,1,0,1,0,1,1,350000.0000000001
3,3,1288.0,Freehold,30.0,808.0,Condominium,1.0,High,Non Bumi Lot,Penang,10.0,10,0,0,0,0,0,0,0,1,1,3.0,0,0,1,0,1,1,0,1,1,1,1,1,1,1,700000.0000000002
3,2,1254.0,Freehold,44.0,378.0,Condominium,2.0,High,Non Bumi Lot,Penang,5.0,9,0,0,0,0,0,0,0,1,1,3.0,1,0,1,0,1,0,1,1,1,1,1,0,1,0,760000.0000000007
3,3,1338.0,Freehold,,803.0,Condominium,2.0,High,Non Bumi Lot,Penang,3.0,7,0,0,0,0,0,0,0,1,1,3.0,0,0,1,0,1,0,0,1,1,1,1,0,1,0,849999.9999999994
3,2,1195.0,Freehold,,406.0,Condominium,1.0,High,Non Bumi Lot,Penang,2.0,8,0,0,0,0,0,0,0,1,1,3.0,1,0,1,1,1,0,0,1,1,0,1,0,1,0,497999.9999999998
4,2,1300.0,Freehold,19.0,114.0,Condominium,2.0,,Non Bumi Lot,Penang,8.0,14,0,0,0,0,0,0,0,1,1,,1,1,1,1,1,1,1,1,1,1,1,1,1,1,730000.0000000005
2,2,614.0,Freehold,,382.0,Apartment,,,Non Bumi Lot,Johor,5.0,0,0,0,0,0,0,0,0,1,1,,0,0,0,0,0,0,0,0,0,0,0,0,0,0,289999.9999999999
4,2,844.0,Leasehold,,,Apartment,1.0,Medium,Bumi Lot,Selangor,,5,0,0,0,0,0,0,0,0,0,2.0,0,0,0,0,0,0,1,1,1,0,1,0,1,0,228999.99999999983
3,2,650.0,Leasehold,,,Flat,,,Non Bumi Lot,Kuala Lumpur,,0,1,0,0,1,1,0,0,1,0,,0,0,0,0,0,0,0,0,0,0,0,0,0,0,170000.0
2,2,810.0,Freehold,25.0,2003.0,Service Residence,1.0,Medium,Non Bumi Lot,Johor,4.0,10,0,0,0,0,0,0,0,1,1,2.0,0,1,1,0,1,1,1,1,1,1,1,0,1,0,289999.9999999999
4,2,1270.0,Freehold,31.0,476.0,Condominium,2.0,High,Non Bumi Lot,Penang,6.0,8,0,0,0,0,0,0,0,1,1,3.0,1,0,1,1,0,0,1,0,1,1,1,0,1,0,579999.9999999999
3,2,1750.0,Freehold,33.0,550.0,Condominium,4.0,High,Non Bumi Lot,Penang,2.0,11,0,0,0,0,0,0,0,1,1,3.0,1,1,1,1,1,0,1,1,1,1,1,0,1,0,1299999.9999999998
4,3,2400.0,Freehold,35.0,195.0,Condominium,2.0,Medium,Non Bumi Lot,Penang,12.0,0,0,0,0,0,0,0,0,1,1,2.0,0,0,0,0,0,0,0,0,0,0,0,0,0,0,1580000.0
3,2,1010.0,Leasehold,,397.0,Apartment,1.0,Medium,Non Bumi Lot,Kuala Lumpur,16.0,7,0,1,1,1,1,0,1,1,0,2.0,1,0,1,0,0,1,0,1,1,0,1,0,1,0,399999.0
3,1,650.0,Freehold,,,Apartment,1.0,,Non Bumi Lot,Selangor,,0,0,0,0,0,0,0,0,1,1,,0,0,0,0,0,0,0,0,0,0,0,0,0,0,230000.0000000002
4,4,1710.0,Freehold,,670.0,Condominium,2.0,Low,Non Bumi Lot,Kuala Lumpur,9.0,12,1,0,1,1,0,0,0,1,1,1.0,1,1,1,1,1,0,1,1,1,1,1,1,1,0,929999.9999999994
3,2,907.0,Freehold,,256.0,Condominium,1.0,,Non Bumi Lot,Selangor,14.0,8,1,0,1,1,0,0,0,1,1,,1,1,1,0,0,0,1,1,1,0,1,0,1,0,350000.0000000001
3,2,900.0,Freehold,,,Apartment,2.0,High,Non Bumi Lot,Selangor,4.0,6,0,0,0,0,0,0,0,1,1,3.0,0,0,0,0,1,1,0,1,1,0,1,0,1,0,264999.9999999999
3,2,1150.0,Freehold,,428.0,Condominium,1.0,Low,Non Bumi Lot,Penang,25.0,12,0,0,0,0,0,0,0,1,1,1.0,1,1,1,0,1,1,0,1,1,1,1,1,1,1,430000.0000000002
3,2,982.0,Freehold,16.0,,Condominium,,,Non Bumi Lot,Kuala Lumpur,,5,0,0,1,1,0,0,1,1,1,,0,0,0,0,0,0,0,1,1,0,1,0,1,1,388000.0
3,2,950.0,Leasehold,38.0,900.0,Apartment,2.0,Medium,Non Bumi Lot,Kuala Lumpur,0.0,12,1,0,1,1,0,0,0,1,0,2.0,1,1,1,1,1,1,1,1,1,1,1,0,1,0,450000.00000000035
2,1,520.0,Leasehold,,,Flat,,Medium,Bumi Lot,Johor,,2,0,0,0,0,0,0,0,0,0,2.0,0,0,0,0,0,1,0,0,1,0,0,0,0,0,175000.00000000003
3,2,960.0,Freehold,31.0,4225.0,Service Residence,,,Non Bumi Lot,Kuala Lumpur,8.0,4,1,1,1,1,0,0,1,1,1,,0,0,0,0,0,0,0,1,1,0,1,0,1,0,420000.00000000023
3,2,800.0,Freehold,23.0,433.0,Apartment,1.0,,Non Bumi Lot,Penang,24.0,8,0,0,0,0,0,0,0,1,1,,0,0,1,0,1,1,1,1,1,0,1,0,1,0,330000.0000000001
3,2,850.0,Freehold,8.0,,Apartment,1.0,Medium,Non Bumi Lot,Selangor,23.0,4,0,1,1,1,0,1,1,1,1,2.0,0,0,0,0,0,0,0,1,1,0,1,0,1,0,338799.99999999977
3,2,1432.0,Leasehold,,684.0,Condominium,2.0,High,Non Bumi Lot,Sarawak,,7,0,0,0,0,0,0,0,1,0,3.0,0,0,1,0,1,0,1,1,1,0,1,0,1,0,750000.0000000005
3,2,850.0,Freehold,,435.0,Apartment,1.0,,Non Bumi Lot,Selangor,13.0,5,1,0,1,0,1,0,0,1,1,,0,0,0,0,1,0,1,1,0,0,1,0,1,0,295000.00000000006
3,2,753.0,Freehold,14.0,336.0,Condominium,1.0,Low,Non Bumi Lot,Kuala Lumpur,13.0,6,0,0,0,0,0,0,0,1,1,1.0,0,0,0,0,1,1,0,1,1,0,1,0,1,0,279999.9999999998
3,2,1680.0,Leasehold,,,Apartment,1.0,,Non Bumi Lot,Sarawak,,1,0,0,0,0,0,0,0,1,0,,0,0,0,0,0,0,0,0,0,0,1,0,0,0,430000.0000000002
3,1,654.0,Freehold,7.0,36.0,Apartment,1.0,High,Non Bumi Lot,Penang,,4,0,0,0,0,0,0,0,1,1,3.0,0,0,0,0,1,0,1,1,0,0,1,0,0,0,279999.9999999998
3,2,1110.0,Freehold,,,Condominium,2.0,Medium,Non Bumi Lot,,,0,0,0,0,0,0,0,0,1,1,2.0,0,0,0,0,0,0,0,0,0,0,0,0,0,0,445299.99999999977
3,2,710.0,Leasehold,5.0,40.0,Apartment,1.0,,Non Bumi Lot,Selangor,,0,0,0,0,0,0,0,0,1,0,,0,0,0,0,0,0,0,0,0,0,0,0,0,0,279999.9999999998
3,2,700.0,Leasehold,,,Apartment,,,Non Bumi Lot,,,0,0,0,0,0,0,0,0,1,0,,0,0,0,0,0,0,0,0,0,0,0,0,0,0,74999.99999999996
3,2,800.0,Leasehold,22.0,,Apartment,1.0,,Non Bumi Lot,Penang,18.0,4,0,0,0,0,0,0,0,1,0,,0,0,0,0,1,0,0,1,1,0,1,0,0,0,279999.9999999998
3,1,764.0,Leasehold,14.0,,Apartment,,Medium,Bumi Lot,Kuala Lumpur,22.0,5,0,0,0,0,0,0,0,0,0,2.0,0,0,0,0,0,1,0,1,1,0,1,0,1,0,159999.9999999999
3,2,750.0,Leasehold,,,Apartment,1.0,Medium,Non Bumi Lot,Selangor,,8,0,0,0,0,0,0,0,1,0,2.0,1,0,0,1,0,1,1,1,1,0,1,0,1,0,269999.99999999977
3,2,890.0,Leasehold,16.0,196.0,Apartment,1.0,Medium,Non Bumi Lot,Johor,15.0,10,0,0,0,0,0,0,0,1,0,2.0,1,1,0,1,1,1,1,1,1,0,1,0,1,0,314999.99999999994
3,2,887.0,Freehold,,808.0,Condominium,1.0,Medium,Non Bumi Lot,Penang,,5,0,0,0,0,0,0,0,1,1,2.0,0,0,1,0,1,0,0,1,0,0,1,0,1,0,464999.9999999997
4,3,1399.0,Freehold,17.0,676.0,Condominium,2.0,Medium,Non Bumi Lot,Putrajaya,3.0,5,0,0,0,0,0,0,0,1,1,2.0,0,0,1,1,0,0,0,1,0,0,1,0,1,0,433093.9999999999
3,2,807.0,Freehold,,,Apartment,1.0,Medium,Non Bumi Lot,Penang,,2,0,0,0,0,0,0,0,1,1,2.0,0,0,0,0,1,0,0,1,0,0,0,0,0,0,210000.0000000001
3,2,1458.0,Freehold,26.0,220.0,Condominium,2.0,High,Non Bumi Lot,Penang,4.0,8,0,0,0,0,0,0,0,1,1,3.0,0,0,1,0,1,1,0,1,1,0,1,1,1,0,1400000.0000000007
3,2,850.0,Freehold,5.0,,Flat,1.0,High,Non Bumi Lot,Johor,13.0,0,0,0,0,0,0,0,0,1,1,3.0,0,0,0,0,0,0,0,0,0,0,0,0,0,0,198000.00000000012
4,3,1557.0,Leasehold,,,Condominium,2.0,High,Non Bumi Lot,Sabah,,14,0,0,0,0,0,0,0,1,0,3.0,1,1,1,1,1,1,1,1,1,1,1,1,1,1,1059887.9999999995
3,3,1082.0,Freehold,,552.0,Condominium,1.0,Low,Non Bumi Lot,Selangor,1.0,10,0,0,0,0,0,0,0,1,1,1.0,1,0,1,0,1,1,0,1,1,1,1,1,1,0,329000.00000000023
2,2,855.0,Freehold,,403.0,Service Residence,1.0,Medium,Non Bumi Lot,Selangor,5.0,9,0,0,1,1,0,0,0,1,1,2.0,0,0,1,0,1,1,0,1,1,1,1,1,1,0,529999.9999999998
3,2,750.0,Freehold,20.0,608.0,Apartment,1.0,Low,Non Bumi Lot,Penang,,4,0,0,0,0,0,0,0,1,1,1.0,0,0,0,0,1,0,0,1,1,0,1,0,0,0,359999.99999999994
3,1,750.0,Freehold,,,Apartment,,,Non Bumi Lot,Selangor,,0,0,0,0,0,0,0,0,1,1,,0,0,0,0,0,0,0,0,0,0,0,0,0,0,74999.99999999996
3,2,1008.0,Freehold,12.0,306.0,Condominium,,,Non Bumi Lot,Selangor,8.0,5,0,0,0,0,0,0,0,1,1,,0,0,0,0,1,0,0,1,1,0,1,0,1,0,243999.9999999998
3,2,829.0,Freehold,,,Apartment,1.0,Medium,Non Bumi Lot,Kuala Lumpur,,6,0,0,0,0,0,0,0,1,1,2.0,1,0,1,0,0,0,0,1,1,0,1,0,1,0,299999.9999999999
3,1,592.0,Leasehold,,,Flat,1.0,,Non Bumi Lot,Selangor,,4,0,0,0,0,0,0,0,1,0,,0,0,0,1,0,1,0,1,1,0,0,0,0,0,158000.00000000012
3,2,850.0,Freehold,22.0,816.0,Condominium,1.0,High,Non Bumi Lot,Penang,16.0,9,0,0,0,0,0,0,0,1,1,3.0,1,0,1,1,1,0,0,1,1,0,1,1,1,0,370000.0000000001
4,3,1513.0,Freehold,35.0,881.0,Condominium,2.0,Low,Non Bumi Lot,Kuala Lumpur,8.0,9,0,0,1,1,0,1,1,1,1,1.0,1,0,1,1,1,0,1,1,1,0,1,0,1,0,879999.9999999995
3,2,800.0,Freehold,45.0,1168.0,Condominium,2.0,High,Non Bumi Lot,Penang,5.0,9,0,0,0,0,0,0,0,1,1,3.0,1,0,1,0,1,1,0,1,1,1,1,0,1,0,520000.0000000003
3,2,710.0,Leasehold,,,Apartment,1.0,,Non Bumi Lot,,,0,0,0,0,0,0,0,0,1,0,,0,0,0,0,0,0,0,0,0,0,0,0,0,0,184000.0
2,2,701.0,Leasehold,26.0,324.0,Service Residence,,Medium,Non Bumi Lot,Sabah,3.0,5,0,0,0,0,0,0,0,1,0,2.0,0,0,0,0,1,1,0,1,0,0,1,0,1,0,867999.9999999993
3,1,734.0,Freehold,,,Apartment,,Low,Non Bumi Lot,Kuala Lumpur,,1,0,0,1,1,0,0,0,1,1,1.0,0,0,0,0,0,0,0,1,0,0,0,0,0,0,120000.00000000006
1,1,579.0,Freehold,,,Condominium,,Low,Non Bumi Lot,Kedah,,0,0,0,0,0,0,0,0,1,1,1.0,0,0,0,0,0,0,0,0,0,0,0,0,0,0,100000.00000000001
3,2,1197.0,Freehold,,300.0,Apartment,,Medium,Non Bumi Lot,Johor,,7,0,0,0,0,0,0,0,1,1,2.0,1,0,1,1,0,0,0,1,1,0,1,0,1,0,350000.0000000001
3,2,929.0,Leasehold,,,Apartment,2.0,,Bumi Lot,Negeri Sembilan,,7,0,0,0,0,0,0,0,0,0,,0,0,1,1,1,0,0,1,1,0,1,0,1,0,289999.9999999999
3,3,4500.0,Freehold,13.0,104.0,Condominium,2.0,Medium,Non Bumi Lot,Kuala Lumpur,16.0,0,0,0,0,0,0,0,0,1,1,2.0,0,0,0,0,0,0,0,0,0,0,0,0,0,0,3499998.999999997
3,2,950.0,Leasehold,43.0,639.0,Service Residence,1.0,High,Bumi Lot,Kuala Lumpur,3.0,11,0,0,0,0,0,0,0,0,0,3.0,1,0,1,1,1,1,1,1,1,1,1,0,1,0,848999.9999999994
3,2,700.0,Leasehold,17.0,1296.0,Apartment,1.0,Medium,Non Bumi Lot,Penang,38.0,3,0,0,0,0,0,0,0,1,0,2.0,0,0,0,0,0,1,0,1,1,0,0,0,0,0,198000.00000000012
3,2,800.0,Freehold,29.0,,Apartment,1.0,,Non Bumi Lot,Penang,15.0,7,0,0,0,0,0,0,0,1,1,,0,0,1,1,0,1,0,1,1,1,1,0,0,0,319999.9999999998
4,2,965.0,Freehold,14.0,336.0,Condominium,,,Non Bumi Lot,Kuala Lumpur,13.0,0,0,0,0,0,0,0,0,1,1,,0,0,0,0,0,0,0,0,0,0,0,0,0,0,285000.0
2,2,1005.0,Freehold,,1050.0,Condominium,1.0,Medium,Non Bumi Lot,Johor,5.0,11,0,0,0,0,0,0,0,1,1,2.0,1,0,1,1,0,0,1,1,1,1,1,1,1,1,559999.9999999998
3,2,950.0,Freehold,,635.0,Apartment,,Medium,Bumi Lot,Selangor,4.0,6,0,0,0,0,0,0,0,0,1,2.0,0,0,0,0,1,1,1,1,0,0,1,0,1,0,298999.99999999977
1,1,500.0,Freehold,30.0,551.0,Service Residence,2.0,High,Non Bumi Lot,Selangor,7.0,11,0,0,0,0,0,0,1,1,1,3.0,1,0,1,1,1,1,1,1,1,1,1,0,1,0,308000.00000000006
4,5,1968.0,Freehold,,803.0,Condominium,2.0,High,Non Bumi Lot,Penang,3.0,11,0,0,0,0,0,0,0,1,1,3.0,1,0,1,1,1,0,1,1,1,1,1,1,1,0,1100000.0000000005
2,1,657.0,Leasehold,,596.0,Service Residence,,,Non Bumi Lot,Selangor,1.0,6,0,1,1,0,0,0,0,1,0,,1,0,0,1,0,0,0,1,1,1,1,0,0,0,430000.0000000002
2,2,800.0,Freehold,,,Service Residence,1.0,Medium,Non Bumi Lot,Kuala Lumpur,,10,1,0,0,1,0,0,1,1,1,2.0,1,0,1,0,1,1,1,1,1,1,1,0,1,0,394999.99999999994
3,2,1050.0,Freehold,,428.0,Condominium,1.0,Medium,Non Bumi Lot,Penang,25.0,5,0,0,0,0,0,0,0,1,1,2.0,0,0,0,0,1,0,0,1,1,0,1,0,1,0,509999.99999999977
2,2,936.0,Freehold,38.0,420.0,Condominium,2.0,Medium,Non Bumi Lot,Penang,12.0,14,0,0,0,0,0,0,0,1,1,2.0,1,1,1,1,1,1,1,1,1,1,1,1,1,1,554999.9999999998
3,2,1367.0,Freehold,43.0,352.0,Service Residence,2.0,High,Non Bumi Lot,Selangor,4.0,12,0,0,0,0,0,0,0,1,1,3.0,1,1,1,1,1,1,1,1,1,1,1,0,1,0,649999.9999999998
3,2,1100.0,Freehold,14.0,96.0,Condominium,,,Non Bumi Lot,Penang,26.0,4,0,0,0,0,0,0,0,1,1,,0,0,0,0,1,0,0,1,0,0,1,0,1,0,590000.0000000001
3,2,1103.0,Leasehold,40.0,684.0,Service Residence,2.0,Medium,Non Bumi Lot,Selangor,,8,0,0,0,0,0,0,0,1,0,2.0,0,0,1,0,1,0,1,1,1,1,1,0,1,0,432999.9999999998
4,2,1066.0,Freehold,12.0,136.0,Condominium,2.0,High,Non Bumi Lot,Selangor,3.0,6,1,1,0,1,0,0,0,1,1,3.0,0,0,1,0,1,0,0,1,1,0,1,0,1,0,680000.0000000001
4,3,1450.0,Freehold,16.0,470.0,Condominium,2.0,Low,Non Bumi Lot,Penang,9.0,9,0,0,0,0,0,0,0,1,1,1.0,1,0,1,0,1,0,1,1,1,1,1,0,1,0,700000.0000000002
3,2,1155.0,Freehold,,998.0,Service Residence,,Medium,Non Bumi Lot,Selangor,2.0,8,0,0,0,0,0,0,0,1,1,2.0,1,0,1,1,1,0,0,1,1,0,1,0,1,0,780000.0
3,2,939.0,Freehold,38.0,420.0,Condominium,3.0,High,Non Bumi Lot,Penang,12.0,14,0,0,0,0,0,0,0,1,1,3.0,1,1,1,1,1,1,1,1,1,1,1,1,1,1,497999.9999999998
4,2,1143.0,Leasehold,,664.0,Condominium,2.0,Low,Non Bumi Lot,Selangor,12.0,13,0,0,0,0,0,0,0,1,0,1.0,1,1,1,1,1,1,1,1,1,1,1,0,1,1,487999.99999999965
3,2,830.0,Freehold,,635.0,Apartment,2.0,Low,Non Bumi Lot,Selangor,4.0,9,0,1,0,0,0,0,0,1,1,1.0,0,0,1,1,1,1,0,1,1,1,1,0,1,0,230000.0000000002
3,2,850.0,Freehold,,,Apartment,,Low,Non Bumi Lot,Johor,,6,0,0,0,0,0,0,0,1,1,1.0,0,0,0,1,1,0,0,1,1,0,1,0,1,0,217999.9999999999
3,2,1128.0,Leasehold,9.0,631.0,Condominium,2.0,High,Non Bumi Lot,Sabah,9.0,9,0,0,0,0,0,0,0,1,0,3.0,1,0,1,1,1,0,0,1,1,1,1,0,1,0,1399000.0000000002
3,2,650.0,Freehold,16.0,,Apartment,,,Non Bumi Lot,Kuala Lumpur,,4,0,0,1,0,0,0,0,1,1,,0,0,0,1,0,0,0,1,0,1,0,0,1,0,130000.00000000006
3,2,1000.0,Freehold,,,Apartment,,Medium,Non Bumi Lot,Johor,,2,0,0,0,0,0,0,0,1,1,2.0,0,0,0,0,0,0,0,1,0,0,1,0,0,0,298000.00000000023
3,2,1150.0,Freehold,,,Condominium,1.0,,Non Bumi Lot,Kuala Lumpur,18.0,7,0,1,0,1,1,0,1,1,1,,1,0,1,0,0,1,0,1,1,0,1,0,1,0,380000.0000000003
3,2,903.0,Freehold,5.0,469.0,Apartment,1.0,Low,Non Bumi Lot,Selangor,7.0,6,0,0,0,0,0,0,0,1,1,1.0,0,0,0,1,1,1,0,1,1,0,1,0,0,0,350000.0000000001
3,2,770.0,Freehold,,,Flat,,High,Non Bumi Lot,Johor,,4,0,0,0,0,0,0,0,1,1,3.0,0,0,0,0,0,0,0,1,1,0,1,0,1,0,190000.00000000012
3,2,700.0,Freehold,24.0,234.0,Apartment,1.0,High,Non Bumi Lot,Penang,,3,0,0,0,0,0,0,0,1,1,3.0,0,0,0,0,1,0,0,1,0,0,1,0,0,0,317999.99999999994
3,2,1100.0,Freehold,,,Condominium,2.0,High,Non Bumi Lot,Penang,,2,0,0,0,0,0,0,0,1,1,3.0,0,0,0,0,1,0,1,0,0,0,0,0,0,0,700000.0000000002
2,2,841.0,Freehold,4.0,99.0,Apartment,1.0,,Non Bumi Lot,Sarawak,,2,0,0,0,0,0,0,0,1,1,,1,0,0,0,0,0,0,0,0,0,1,0,0,0,340000.00000000006
3,2,1288.0,Freehold,21.0,455.0,Condominium,2.0,Medium,Non Bumi Lot,Selangor,8.0,9,0,0,0,0,0,0,0,1,1,2.0,1,0,1,1,1,1,1,0,1,0,1,0,1,0,305000.0
3,2,925.0,Leasehold,22.0,396.0,Condominium,2.0,,Non Bumi Lot,Penang,6.0,9,0,0,0,0,0,0,0,1,0,,1,1,1,1,0,0,0,1,1,1,1,0,0,1,501999.9999999997
4,3,2750.0,Freehold,35.0,195.0,Condominium,2.0,Low,Non Bumi Lot,Penang,12.0,7,0,0,0,0,0,0,0,1,1,1.0,0,0,1,0,1,0,1,1,1,0,1,0,1,0,1400000.0000000007
3,2,838.0,Freehold,22.0,816.0,Condominium,2.0,,Non Bumi Lot,Penang,16.0,9,0,0,0,0,0,0,0,1,1,,1,0,1,1,1,0,0,1,1,0,1,1,1,0,384999.9999999997
3,2,700.0,Leasehold,22.0,,Apartment,1.0,Medium,Non Bumi Lot,Penang,18.0,3,0,0,0,0,0,0,0,1,0,2.0,0,0,0,0,0,0,0,1,1,0,1,0,0,0,269999.99999999977
3,2,1097.0,Leasehold,,,Apartment,,Low,Non Bumi Lot,Sarawak,,4,0,0,0,0,0,0,0,1,0,1.0,1,0,0,0,0,0,0,1,1,0,1,0,0,0,319999.9999999998
3,2,1000.0,Leasehold,,,Condominium,1.0,Medium,Non Bumi Lot,Sabah,8.0,8,0,0,0,0,0,0,0,1,0,2.0,0,0,1,1,1,1,0,1,1,0,1,0,1,0,489998.99999999994
3,2,969.0,Leasehold,12.0,260.0,Condominium,1.0,Medium,Bumi Lot,Selangor,17.0,5,0,0,0,0,0,0,0,0,0,2.0,0,0,0,1,0,1,0,1,0,0,1,0,1,0,370000.0000000001
3,2,953.0,Freehold,,280.0,Condominium,,,Non Bumi Lot,Selangor,3.0,11,0,0,1,1,0,0,0,1,1,,1,1,1,1,1,0,1,1,1,1,1,0,1,0,505000.00000000006
4,2,1419.0,Freehold,24.0,1235.0,Condominium,2.0,High,Non Bumi Lot,Penang,2.0,8,0,0,0,0,0,0,0,1,1,3.0,0,0,1,1,1,0,0,1,1,1,1,0,1,0,979999.9999999995
3,2,710.0,Leasehold,3.0,,Apartment,,Low,Bumi Lot,Johor,,3,0,0,0,0,0,0,0,0,0,1.0,0,0,0,0,0,1,0,1,1,0,0,0,0,0,206000.0
3,2,811.0,Freehold,4.0,368.0,Condominium,1.0,Medium,Non Bumi Lot,Selangor,27.0,5,1,0,0,0,1,0,0,1,1,2.0,1,0,0,0,0,1,0,1,1,0,1,0,0,0,285000.0
3,2,750.0,Freehold,5.0,,Apartment,1.0,Low,Non Bumi Lot,Selangor,,0,0,0,0,0,0,0,0,1,1,1.0,0,0,0,0,0,0,0,0,0,0,0,0,0,0,260000.00000000015
3,2,908.0,Leasehold,28.0,650.0,Condominium,,,Non Bumi Lot,Kuala Lumpur,6.0,7,1,0,1,1,1,0,0,1,0,,1,0,1,1,0,0,1,1,0,0,1,0,1,0,420000.00000000023
3,2,880.0,Freehold,6.0,,Apartment,1.0,Medium,Non Bumi Lot,Selangor,,3,0,1,0,0,0,0,0,1,1,2.0,0,0,0,0,1,0,0,1,1,0,0,0,0,0,279999.9999999998
3,2,650.0,Freehold,,,Flat,1.0,High,Bumi Lot,Johor,,0,0,0,0,0,0,0,0,0,1,3.0,0,0,0,0,0,0,0,0,0,0,0,0,0,0,144999.99999999994
3,2,614.0,Leasehold,,,Apartment,,Medium,Non Bumi Lot,Selangor,,3,0,0,0,1,1,0,1,1,0,2.0,0,0,0,1,0,1,0,0,1,0,0,0,0,0,200000.00000000006
3,2,800.0,Freehold,,,Condominium,1.0,Medium,Non Bumi Lot,Selangor,,4,0,1,1,1,0,0,1,1,1,2.0,0,0,1,0,1,0,0,0,0,0,1,0,1,0,299999.9999999999
4,3,1216.0,Freehold,,,Apartment,2.0,Medium,Non Bumi Lot,Johor,,12,0,0,0,0,0,0,0,1,1,2.0,1,0,1,1,0,1,1,1,1,1,1,1,1,1,299999.9999999999
4,2,1270.0,Freehold,27.0,,Condominium,2.0,,Non Bumi Lot,Penang,18.0,7,0,0,0,0,0,0,0,1,1,,1,0,1,0,1,0,0,1,1,0,1,0,1,0,597999.9999999997
3,2,1054.0,Freehold,,300.0,Condominium,2.0,Medium,Non Bumi Lot,Selangor,10.0,12,0,0,0,0,0,0,0,1,1,2.0,1,1,1,1,1,1,1,1,1,1,1,0,1,0,295000.00000000006
3,2,700.0,Freehold,,,Apartment,1.0,,Non Bumi Lot,Penang,,4,0,0,0,0,0,0,0,1,1,,0,0,0,0,1,0,1,1,0,0,1,0,0,0,327999.99999999977
3,2,720.0,Leasehold,,,Apartment,,High,Bumi Lot,Selangor,,3,1,0,0,1,0,0,0,0,0,3.0,0,0,0,0,0,0,0,1,1,0,1,0,0,0,149999.99999999994
4,2,1550.0,Freehold,,600.0,Condominium,2.0,High,Bumi Lot,Kuala Lumpur,13.0,7,0,1,0,1,0,0,1,0,1,3.0,0,0,1,1,0,1,0,1,1,0,1,0,1,0,635000.0000000005
4,2,1300.0,Leasehold,,,Apartment,2.0,Medium,Bumi Lot,Johor,,13,0,0,0,0,0,0,0,0,0,2.0,1,1,1,1,1,1,1,1,1,1,1,0,1,1,299999.9999999999
4,3,1600.0,Leasehold,58.0,1300.0,Service Residence,2.0,,Non Bumi Lot,Kuala Lumpur,,8,1,1,0,1,1,0,1,1,0,,1,0,1,1,0,0,1,0,1,1,1,0,1,0,919999.9999999993
3,2,850.0,Leasehold,49.0,2155.0,Condominium,2.0,,Non Bumi Lot,Penang,7.0,0,0,0,0,0,0,0,0,1,0,,0,0,0,0,0,0,0,0,0,0,0,0,0,0,599999.9999999999
3,2,600.0,Leasehold,,,Flat,,Medium,Non Bumi Lot,Sabah,,0,0,0,0,0,0,0,0,1,0,2.0,0,0,0,0,0,0,0,0,0,0,0,0,0,0,175000.00000000003
4,2,864.0,Leasehold,5.0,,Apartment,1.0,Medium,Bumi Lot,Selangor,,3,1,1,1,0,0,0,0,0,0,2.0,0,0,0,0,0,0,0,1,1,0,1,0,0,0,210000.0000000001
3,3,999.0,Leasehold,,,Condominium,1.0,Low,Non Bumi Lot,Perak,,5,0,0,0,0,0,0,0,1,0,1.0,0,0,1,1,0,0,0,1,1,0,1,0,0,0,244999.99999999983
2,3,1050.0,Freehold,40.0,811.0,Condominium,1.0,High,Non Bumi Lot,Kuala Lumpur,12.0,8,1,0,1,1,1,0,1,1,1,3.0,1,1,1,0,0,1,0,1,1,0,1,0,1,0,910000.0000000005
3,2,1000.0,Freehold,,,Condominium,2.0,Medium,Non Bumi Lot,Putrajaya,,14,0,0,0,0,0,0,0,1,1,2.0,1,1,1,1,1,1,1,1,1,1,1,1,1,1,398999.99999999965
3,2,750.0,Leasehold,5.0,40.0,Apartment,,Medium,Non Bumi Lot,Selangor,,5,0,0,0,0,0,0,0,1,0,2.0,0,0,0,0,0,0,1,1,1,0,1,0,1,0,279999.9999999998
3,2,1144.0,Leasehold,,243.0,Service Residence,1.0,High,Non Bumi Lot,Johor,,7,0,0,0,0,0,0,0,1,0,3.0,0,0,0,0,0,1,1,1,1,1,1,0,1,0,489000.00000000006
3,2,800.0,Leasehold,6.0,672.0,Apartment,1.0,,Non Bumi Lot,Penang,29.0,7,0,0,0,0,0,0,0,1,0,,0,0,1,1,1,0,0,1,1,0,1,0,1,0,288000.00000000023
2,2,520.0,Leasehold,,,Flat,,Low,Non Bumi Lot,Penang,,2,0,0,0,0,0,0,0,1,0,1.0,0,0,0,0,1,0,1,0,0,0,0,0,0,0,149999.99999999994
1,1,720.0,Freehold,12.0,,Condominium,,,Non Bumi Lot,Kuala Lumpur,,7,1,1,1,1,1,0,1,1,1,,0,0,1,0,0,1,0,1,0,1,1,0,1,1,397999.9999999999
3,2,950.0,Freehold,5.0,,Apartment,1.0,,Non Bumi Lot,Selangor,,4,0,0,0,0,0,0,0,1,1,,1,0,0,0,0,0,0,1,1,0,1,0,0,0,167999.99999999994
3,2,954.0,Freehold,,512.0,Service Residence,1.0,Medium,Non Bumi Lot,Johor,10.0,9,0,0,0,0,0,0,0,1,1,2.0,1,0,1,1,1,1,0,1,1,0,1,0,1,0,368000.00000000006
3,3,1213.0,Leasehold,21.0,482.0,Condominium,2.0,,Non Bumi Lot,Selangor,7.0,9,0,0,0,0,0,0,0,1,0,,1,0,1,0,1,1,1,1,1,0,1,0,1,0,400000.0000000002
3,2,850.0,Freehold,19.0,448.0,Condominium,1.0,Medium,Non Bumi Lot,Penang,10.0,9,0,0,0,0,0,0,0,1,1,2.0,0,0,1,1,0,0,1,1,1,1,1,0,1,1,365000.00000000023
3,2,1450.0,Leasehold,19.0,436.0,Condominium,1.0,Low,Bumi Lot,Kuala Lumpur,16.0,10,1,1,0,1,1,0,1,0,0,1.0,1,0,1,1,1,1,1,1,1,0,1,0,1,0,620000.0
3,2,800.0,Leasehold,6.0,672.0,Apartment,2.0,,Non Bumi Lot,Penang,29.0,5,0,0,0,0,0,0,0,1,0,,1,0,0,0,1,0,0,1,0,0,1,0,1,0,295000.00000000006
3,2,1018.0,Leasehold,,,Condominium,2.0,High,Non Bumi Lot,Kuala Lumpur,,6,1,0,1,1,1,0,0,1,0,3.0,0,0,1,0,1,0,0,1,1,0,1,0,1,0,469999.99999999994
3,2,613.0,Leasehold,,,Apartment,,Low,Bumi Lot,Johor,,0,0,0,0,0,0,0,0,0,0,1.0,0,0,0,0,0,0,0,0,0,0,0,0,0,0,139999.9999999999
4,3,1257.0,Leasehold,12.0,200.0,Apartment,2.0,,Non Bumi Lot,Sarawak,,12,0,0,0,0,0,0,0,1,0,,1,1,1,1,1,1,1,1,1,1,1,0,1,0,599999.9999999999
3,2,1155.0,Freehold,,,Condominium,2.0,Medium,Non Bumi Lot,Penang,,5,0,0,0,0,0,0,0,1,1,2.0,0,0,0,0,1,0,0,1,1,0,1,0,1,0,690000.0000000002
3,2,974.0,Leasehold,10.0,243.0,Condominium,,Medium,Bumi Lot,Selangor,13.0,3,0,0,0,0,0,0,0,0,0,2.0,0,0,0,0,0,0,0,1,1,0,1,0,0,0,244999.99999999983
3,2,818.0,Leasehold,,,Apartment,1.0,,Non Bumi Lot,Sarawak,,0,0,0,0,0,0,0,0,1,0,,0,0,0,0,0,0,0,0,0,0,0,0,0,0,275000.00000000006
4,2,1487.0,Freehold,18.0,107.0,Condominium,,Medium,Non Bumi Lot,Penang,8.0,6,0,0,0,0,0,0,0,1,1,2.0,1,0,1,0,0,0,1,1,0,0,1,0,1,0,879999.9999999995
3,2,871.0,Freehold,5.0,,Apartment,1.0,Low,Non Bumi Lot,Selangor,,5,1,0,1,1,1,0,0,1,1,1.0,0,0,0,0,0,1,0,1,1,0,1,0,1,0,388000.0
3,1,700.0,Freehold,18.0,701.0,Apartment,1.0,High,Non Bumi Lot,Penang,15.0,3,0,0,0,0,0,0,0,1,1,3.0,0,0,0,0,0,0,0,1,1,0,1,0,0,0,285000.0
3,2,946.0,Leasehold,18.0,752.0,Condominium,1.0,Medium,Bumi Lot,Kuala Lumpur,23.0,9,0,0,0,0,0,0,0,0,0,2.0,0,0,0,0,1,1,1,1,1,0,1,1,1,1,385999.99999999994
3,2,914.0,Freehold,,,Apartment,,Low,Non Bumi Lot,Melaka,,0,0,0,0,0,0,0,0,1,1,1.0,0,0,0,0,0,0,0,0,0,0,0,0,0,0,244999.99999999983
3,2,800.0,Leasehold,,,Apartment,,,Bumi Lot,Selangor,26.0,4,0,0,0,0,0,0,0,0,0,,0,0,0,1,0,0,0,1,1,0,1,0,0,0,165000.00000000006
4,2,1000.0,Freehold,,1000.0,Apartment,,High,Non Bumi Lot,Penang,,5,0,0,0,0,0,0,0,1,1,3.0,0,0,0,0,1,0,0,1,1,0,1,0,1,0,359999.99999999994
3,2,1000.0,Freehold,,,Condominium,2.0,Medium,Non Bumi Lot,Penang,,9,0,0,0,0,0,0,0,1,1,2.0,1,1,1,1,1,0,0,1,1,0,1,0,1,0,410000.00000000006
4,2,1200.0,Freehold,,,Condominium,2.0,,Non Bumi Lot,Selangor,,12,0,0,0,0,0,0,0,1,1,,1,1,1,1,1,0,0,1,1,1,1,1,1,1,289999.9999999999
1,1,1000.0,Freehold,,,Flat,,Medium,Non Bumi Lot,Penang,,0,0,0,0,0,0,0,0,1,1,2.0,0,0,0,0,0,0,0,0,0,0,0,0,0,0,109999.99999999991
1,1,678.0,Leasehold,27.0,303.0,Condominium,1.0,Low,Non Bumi Lot,Johor,,4,0,0,0,0,0,0,0,1,0,1.0,0,0,0,1,0,1,0,1,1,0,0,0,0,0,244999.99999999983
5,4,2729.0,Freehold,42.0,670.0,Condominium,3.0,High,Non Bumi Lot,Penang,6.0,5,0,0,0,0,0,0,0,1,1,3.0,0,0,1,0,1,0,0,1,0,0,1,0,1,0,1049999.9999999998
3,2,950.0,Freehold,5.0,,Apartment,1.0,Low,Non Bumi Lot,Selangor,,8,0,0,0,0,0,0,0,1,1,1.0,1,0,0,1,0,1,1,1,1,0,1,0,1,0,260000.00000000015
2,2,865.0,Freehold,,,Condominium,1.0,Medium,Non Bumi Lot,Johor,,10,0,0,0,0,0,0,0,1,1,2.0,1,0,1,1,1,0,1,1,1,1,1,0,1,0,298999.99999999977
3,1,660.0,Leasehold,,,Flat,,Low,Non Bumi Lot,Melaka,,0,0,0,0,0,0,0,0,1,0,1.0,0,0,0,0,0,0,0,0,0,0,0,0,0,0,147999.9999999999
3,2,955.0,Freehold,9.0,,Apartment,,Low,Non Bumi Lot,Selangor,,0,0,0,1,1,1,0,0,1,1,1.0,0,0,0,0,0,0,0,0,0,0,0,0,0,0,310000.0
3,2,1212.0,Freehold,,538.0,Apartment,2.0,Medium,Non Bumi Lot,Selangor,,7,0,0,0,0,0,0,0,1,1,2.0,0,0,0,1,1,1,1,1,1,0,1,0,0,0,335999.9999999999
3,2,1141.0,Leasehold,18.0,240.0,Condominium,1.0,High,Non Bumi Lot,Kuala Lumpur,,9,0,0,0,0,0,0,0,1,0,3.0,0,1,0,1,1,1,1,1,1,0,1,0,1,0,298000.00000000023
3,2,1076.0,Freehold,,,Apartment,,,Non Bumi Lot,Penang,,6,0,0,0,0,0,0,0,1,1,,1,0,1,1,0,0,1,0,1,0,0,0,1,0,380000.0000000003
3,1,657.0,Freehold,5.0,,Apartment,,Low,Bumi Lot,Selangor,,0,0,0,0,0,0,0,0,0,1,1.0,0,0,0,0,0,0,0,0,0,0,0,0,0,0,225000.00000000015
3,2,1023.0,Freehold,63.0,956.0,Service Residence,2.0,,Non Bumi Lot,Kuala Lumpur,2.0,9,1,1,1,1,0,0,0,1,1,,1,0,1,1,1,0,0,1,1,1,1,0,1,0,649999.9999999998
3,2,1076.0,Freehold,,,Apartment,,Medium,Non Bumi Lot,Penang,,6,0,0,0,0,0,0,0,1,1,2.0,1,0,1,1,0,0,1,0,1,0,0,0,1,0,380000.0000000003
3,2,890.0,Leasehold,,,Apartment,1.0,Medium,Non Bumi Lot,Selangor,,7,0,0,0,0,0,0,0,1,0,2.0,0,0,0,0,1,1,1,1,1,0,1,0,1,0,247999.9999999998
2,2,650.0,Leasehold,44.0,2136.0,Service Residence,1.0,High,Non Bumi Lot,Kuala Lumpur,2.0,7,0,1,0,1,0,0,1,1,0,3.0,1,0,1,0,1,0,0,1,1,0,1,0,1,0,380000.0000000003
3,2,893.0,Leasehold,49.0,2155.0,Condominium,,Medium,Non Bumi Lot,Penang,7.0,7,0,0,0,0,0,0,0,1,0,2.0,0,0,1,0,1,0,1,1,1,0,1,0,1,0,343999.9999999998
3,2,872.0,Leasehold,,,Condominium,1.0,High,Bumi Lot,Selangor,,6,1,0,0,0,0,0,1,0,0,3.0,0,1,0,0,0,0,1,1,1,0,1,0,1,0,269999.99999999977
3,2,1288.0,Freehold,21.0,455.0,Condominium,2.0,,Non Bumi Lot,Selangor,8.0,9,0,0,0,0,0,0,0,1,1,,1,0,1,1,1,0,1,1,1,0,1,0,1,0,355000.0
3,2,750.0,Leasehold,,,Apartment,1.0,High,Non Bumi Lot,Penang,,0,0,0,0,0,0,0,0,1,0,3.0,0,0,0,0,0,0,0,0,0,0,0,0,0,0,190000.00000000012
2,1,560.0,Freehold,,,Studio,1.0,Medium,Non Bumi Lot,Selangor,,0,0,0,0,0,0,0,0,1,1,2.0,0,0,0,0,0,0,0,0,0,0,0,0,0,0,249999.99999999983
3,2,700.0,Leasehold,,,Apartment,1.0,Medium,Non Bumi Lot,Selangor,,4,0,0,0,0,0,0,0,1,0,2.0,0,0,0,1,0,0,0,1,0,0,1,0,1,0,159999.9999999999
3,2,650.0,Freehold,,,Flat,,High,Bumi Lot,Selangor,12.0,7,0,0,0,0,0,0,0,0,1,3.0,0,1,1,1,0,0,0,0,1,1,1,0,1,0,139999.9999999999
4,3,1433.0,Freehold,20.0,300.0,Condominium,2.0,,Non Bumi Lot,Selangor,13.0,8,0,0,0,0,0,0,0,1,1,,1,0,1,1,0,1,0,1,1,0,1,0,1,0,350000.0000000001
3,2,850.0,Freehold,50.0,3600.0,Condominium,2.0,Low,Non Bumi Lot,Kuala Lumpur,0.0,14,1,1,1,1,0,1,1,1,1,1.0,1,1,1,1,1,1,1,1,1,1,1,1,1,1,489999.9999999997
2,1,455.0,Freehold,,,Apartment,,Medium,Bumi Lot,Sabah,,0,0,0,0,0,0,0,0,0,1,2.0,0,0,0,0,0,0,0,0,0,0,0,0,0,0,144000.00000000012
3,2,750.0,Freehold,,460.0,Apartment,2.0,High,Non Bumi Lot,Selangor,,14,0,0,1,0,0,0,0,1,1,3.0,1,1,1,1,1,1,1,1,1,1,1,1,1,1,289999.9999999999
3,2,613.0,Leasehold,12.0,,Apartment,,Low,Bumi Lot,Kuala Lumpur,,5,0,0,0,0,0,0,0,0,0,1.0,0,0,0,0,1,1,1,1,1,0,0,0,0,0,200000.00000000006
3,2,1104.0,Leasehold,43.0,493.0,Condominium,2.0,High,Non Bumi Lot,Kuala Lumpur,2.0,8,1,0,1,1,0,0,1,1,0,3.0,1,0,1,0,1,0,0,1,1,1,1,0,1,0,509999.99999999977
3,2,650.0,Leasehold,,,Apartment,,High,Bumi Lot,Selangor,,3,0,0,0,0,0,1,0,0,0,3.0,0,0,0,0,1,0,0,1,0,0,1,0,0,0,139999.9999999999
3,2,1055.0,Leasehold,,,Apartment,,High,Bumi Lot,Selangor,12.0,2,1,0,0,1,0,0,0,0,0,3.0,0,0,0,0,0,1,0,0,0,0,1,0,0,0,215000.00000000006
3,2,838.0,Freehold,22.0,816.0,Condominium,1.0,,Non Bumi Lot,Penang,16.0,9,0,0,0,0,0,0,0,1,1,,1,0,1,1,1,0,0,1,1,0,1,1,1,0,380000.0000000003
3,2,900.0,Freehold,5.0,,Apartment,1.0,Low,Non Bumi Lot,Penang,,4,0,0,0,0,0,0,0,1,1,1.0,0,0,0,0,1,1,0,1,0,0,1,0,0,0,330000.0000000001
3,2,800.0,Freehold,29.0,,Apartment,1.0,,Non Bumi Lot,Penang,15.0,7,0,0,0,0,0,0,0,1,1,,0,0,1,1,0,1,0,1,1,1,1,0,0,0,345000.00000000006
3,2,819.0,Leasehold,44.0,2136.0,Service Residence,1.0,,Non Bumi Lot,Kuala Lumpur,2.0,7,0,1,0,1,0,0,1,1,0,,1,0,1,0,1,0,0,1,1,0,1,0,1,0,428000.0000000002
3,2,1690.0,Freehold,10.0,117.0,Apartment,1.0,Low,Non Bumi Lot,Selangor,9.0,5,0,0,0,0,0,0,0,1,1,1.0,0,0,0,0,1,0,0,1,1,0,1,0,0,1,515000.00000000047
3,2,650.0,Leasehold,,,Flat,,Low,Bumi Lot,Selangor,,3,1,0,1,1,0,1,1,0,0,1.0,0,0,0,0,1,1,0,0,1,0,0,0,0,0,163999.99999999985
5,2,956.0,Freehold,,258.0,Service Residence,1.0,High,Non Bumi Lot,Kuala Lumpur,4.0,6,0,1,0,1,0,0,1,1,1,3.0,0,0,1,0,1,0,0,1,1,0,1,0,1,0,480000.0000000003
3,2,770.0,Leasehold,,,Apartment,1.0,Medium,Bumi Lot,Johor,,0,0,0,0,0,0,0,0,0,0,2.0,0,0,0,0,0,0,0,0,0,0,0,0,0,0,159999.9999999999
3,2,750.0,Freehold,,,Apartment,,Medium,Non Bumi Lot,Selangor,,0,0,0,0,0,0,0,0,1,1,2.0,0,0,0,0,0,0,0,0,0,0,0,0,0,0,260000.00000000015
3,2,850.0,Leasehold,5.0,,Apartment,1.0,Low,Bumi Lot,Selangor,,3,0,0,0,0,0,0,0,0,0,1.0,0,0,0,0,0,0,0,1,1,0,1,0,0,0,319999.9999999998
2,1,500.0,Freehold,15.0,932.0,Apartment,,Medium,Non Bumi Lot,Penang,21.0,2,0,0,0,0,0,0,0,1,1,2.0,0,0,0,0,0,0,0,1,0,0,1,0,0,0,185000.00000000006
3,2,1195.0,Freehold,38.0,420.0,Condominium,2.0,,Non Bumi Lot,Penang,12.0,14,0,0,0,0,0,0,0,1,1,,1,1,1,1,1,1,1,1,1,1,1,1,1,1,700000.0000000002
4,3,1357.0,Leasehold,16.0,94.0,Condominium,2.0,,Bumi Lot,Selangor,8.0,7,0,0,0,0,0,0,0,0,0,,0,0,1,0,0,1,0,1,1,0,1,1,1,0,590000.0000000001
3,2,678.0,Freehold,,,Apartment,,Low,Bumi Lot,Selangor,,3,0,0,1,0,0,0,0,0,1,1.0,0,0,0,0,0,0,0,1,1,0,1,0,0,0,185000.00000000006
3,2,800.0,Leasehold,18.0,200.0,Apartment,1.0,High,Bumi Lot,Selangor,17.0,6,1,0,1,1,0,0,1,0,0,3.0,0,0,0,1,0,0,1,1,1,0,1,0,1,0,260000.00000000015
3,2,826.0,Freehold,,,Apartment,1.0,Low,Non Bumi Lot,Penang,,5,0,0,0,0,0,0,0,1,1,1.0,0,0,1,0,1,0,0,1,0,0,1,0,1,0,389999.99999999994
3,2,1400.0,Freehold,,,Condominium,1.0,Medium,Non Bumi Lot,Johor,,10,0,0,0,0,0,0,0,1,1,2.0,0,0,0,1,1,1,0,1,1,1,1,1,1,1,310000.0
3,2,786.0,Freehold,18.0,,Apartment,1.0,,Non Bumi Lot,Selangor,,4,1,0,1,1,0,1,0,1,1,,0,0,0,0,0,0,0,1,1,1,1,0,0,0,234999.99999999994
3,2,990.0,Leasehold,23.0,241.0,Service Residence,2.0,Low,Non Bumi Lot,Selangor,3.0,9,0,0,0,0,0,0,0,1,0,1.0,1,0,1,0,1,1,1,1,1,0,1,0,1,0,459999.9999999996
3,2,1365.0,Leasehold,19.0,306.0,Service Residence,,,Bumi Lot,Selangor,,0,0,0,0,0,0,0,0,0,0,,0,0,0,0,0,0,0,0,0,0,0,0,0,0,489998.99999999994
3,2,1288.0,Freehold,21.0,455.0,Condominium,2.0,Low,Non Bumi Lot,Selangor,8.0,9,0,0,0,0,0,0,0,1,1,1.0,1,0,1,1,1,0,1,1,1,0,1,0,1,0,334999.9999999998
3,2,887.0,Freehold,30.0,808.0,Condominium,1.0,High,Non Bumi Lot,Penang,10.0,10,0,0,0,0,0,0,0,1,1,3.0,0,0,1,0,1,1,0,1,1,1,1,1,1,1,499999.9999999997
3,2,1200.0,Freehold,,,Condominium,1.0,High,Non Bumi Lot,Johor,,5,0,0,0,0,0,0,0,1,1,3.0,0,0,0,0,1,0,0,1,1,0,1,0,1,0,380000.0000000003
3,2,700.0,Freehold,21.0,520.0,Apartment,1.0,Medium,Non Bumi Lot,Penang,24.0,2,0,0,0,0,0,0,0,1,1,2.0,0,0,0,0,1,0,0,1,0,0,0,0,0,0,350000.0000000001
3,2,657.0,Freehold,,,Service Residence,,,Non Bumi Lot,,,4,0,0,0,0,0,0,0,1,1,,0,0,1,0,0,0,1,0,1,0,1,0,0,0,400000.0000000002
3,2,1007.0,Leasehold,,,Apartment,1.0,Low,Bumi Lot,Sabah,,5,0,0,0,0,0,0,0,0,0,1.0,0,0,1,0,0,0,1,1,1,0,1,0,0,0,249999.99999999983
3,3,1300.0,Freehold,26.0,548.0,Condominium,2.0,Low,Non Bumi Lot,Penang,7.0,14,0,0,0,0,0,0,0,1,1,1.0,1,1,1,1,1,1,1,1,1,1,1,1,1,1,660000.0000000003
3,3,1518.0,Leasehold,,,Service Residence,,Medium,Bumi Lot,Kuala Lumpur,,12,1,1,0,1,0,0,1,0,0,2.0,1,1,1,0,1,1,1,1,1,1,1,0,1,1,849999.9999999994
3,2,1087.0,Freehold,38.0,420.0,Condominium,2.0,High,Non Bumi Lot,Penang,12.0,14,0,0,0,0,0,0,0,1,1,3.0,1,1,1,1,1,1,1,1,1,1,1,1,1,1,597999.9999999997
5,4,1830.0,Freehold,31.0,621.0,Condominium,2.0,High,Non Bumi Lot,Kuala Lumpur,6.0,14,0,0,0,0,0,0,0,1,1,3.0,1,1,1,1,1,1,1,1,1,1,1,1,1,1,1749999.999999999
3,2,1050.0,Freehold,,,Flat,1.0,High,Bumi Lot,Selangor,,12,0,0,0,0,0,0,0,0,1,3.0,1,1,1,1,0,1,1,1,1,1,1,1,0,1,269999.99999999977
3,2,850.0,Leasehold,10.0,65.0,Service Residence,,Low,Non Bumi Lot,Johor,,3,0,0,0,0,0,0,0,1,0,1.0,0,0,0,0,0,0,1,0,0,0,1,0,1,0,334999.9999999998
2,1,620.0,Freehold,,,Flat,,Medium,Non Bumi Lot,Selangor,,0,0,0,0,0,0,0,0,1,1,2.0,0,0,0,0,0,0,0,0,0,0,0,0,0,0,85000.0
1,1,689.0,Leasehold,,,Service Residence,,Medium,Non Bumi Lot,Perak,,5,0,0,0,0,0,0,0,1,0,2.0,0,0,0,0,1,0,1,1,0,0,1,0,1,0,37999.999999999985
3,2,1424.0,Freehold,33.0,550.0,Condominium,3.0,High,Non Bumi Lot,Penang,2.0,11,0,0,0,0,0,0,0,1,1,3.0,1,1,1,1,1,0,1,1,1,1,1,0,1,0,1100000.0000000005
3,3,1200.0,Freehold,,,Condominium,2.0,Medium,Non Bumi Lot,Kuala Lumpur,,14,0,0,0,0,0,0,0,1,1,2.0,1,1,1,1,1,1,1,1,1,1,1,1,1,1,529999.9999999998
3,2,1150.0,Freehold,,,Condominium,1.0,High,Non Bumi Lot,Kuala Lumpur,18.0,8,0,1,0,1,1,0,1,1,1,3.0,1,0,1,0,1,1,0,1,1,0,1,0,1,0,365000.00000000023
3,2,950.0,Freehold,,1188.0,Condominium,1.0,Medium,Non Bumi Lot,Selangor,21.0,14,1,1,1,1,0,0,0,1,1,2.0,1,1,1,1,1,1,1,1,1,1,1,1,1,1,213000.00000000003
3,2,850.0,Leasehold,,,Apartment,1.0,Low,Bumi Lot,Selangor,,5,0,0,0,0,0,0,0,0,0,1.0,0,0,0,0,1,1,0,1,1,0,1,0,0,0,240000.00000000015
1,1,548.0,Leasehold,,,Service Residence,1.0,,Non Bumi Lot,Sarawak,,0,0,0,0,0,0,0,0,1,0,,0,0,0,0,0,0,0,0,0,0,0,0,0,0,165000.00000000006
3,1,680.0,Freehold,,,Apartment,,High,Non Bumi Lot,Penang,,1,0,0,0,0,0,0,0,1,1,3.0,0,0,0,0,1,0,0,0,0,0,0,0,0,0,230000.0000000002
3,2,1000.0,Freehold,20.0,224.0,Condominium,,,Non Bumi Lot,Penang,16.0,0,0,0,0,0,0,0,0,1,1,,0,0,0,0,0,0,0,0,0,0,0,0,0,0,529999.9999999998
3,2,650.0,Leasehold,,,Apartment,,High,Non Bumi Lot,Selangor,,3,1,0,0,1,0,0,1,1,0,3.0,0,0,0,1,1,1,0,0,0,0,0,0,0,0,155000.0
3,2,1161.0,Freehold,10.0,396.0,Condominium,1.0,Low,Non Bumi Lot,Selangor,16.0,5,1,1,1,1,0,0,0,1,1,1.0,0,0,1,0,0,0,0,1,1,0,1,0,1,0,394999.99999999994
3,2,1001.0,Leasehold,,,Condominium,1.0,Medium,Bumi Lot,,,6,0,0,0,0,0,0,0,0,0,2.0,0,0,0,1,0,0,1,1,1,0,1,0,1,0,400000.0000000002
3,2,650.0,Leasehold,5.0,,Flat,,Medium,Bumi Lot,Selangor,,2,0,0,0,0,0,0,0,0,0,2.0,0,0,0,0,0,0,0,1,1,0,0,0,0,0,100000.00000000001
3,2,860.0,Freehold,11.0,,Apartment,1.0,Low,Non Bumi Lot,Kuala Lumpur,,7,0,0,1,1,0,0,0,1,1,1.0,1,0,0,0,1,0,1,1,1,0,1,0,1,0,314999.99999999994
3,2,1508.0,Leasehold,,,Condominium,1.0,Low,Non Bumi Lot,Sabah,,0,0,0,0,0,0,0,0,1,0,1.0,0,0,0,0,0,0,0,0,0,0,0,0,0,0,527999.9999999998
3,2,1140.0,Freehold,,,Apartment,,Medium,Non Bumi Lot,Selangor,,7,0,0,0,0,0,0,0,1,1,2.0,0,0,0,1,1,1,0,1,1,1,1,0,0,0,298999.99999999977
3,2,800.0,Freehold,22.0,1343.0,Condominium,2.0,,Non Bumi Lot,Penang,6.0,13,0,0,0,0,0,0,0,1,1,,0,1,1,1,1,1,1,1,1,1,1,1,1,1,622000.0000000003
3,3,1277.0,Leasehold,15.0,138.0,Condominium,3.0,Medium,Bumi Lot,Selangor,7.0,7,0,0,0,0,0,0,0,0,0,2.0,0,0,1,0,1,0,1,1,1,0,1,0,1,0,660000.0000000003
4,2,1126.0,Freehold,,226.0,Condominium,1.0,Medium,Non Bumi Lot,Putrajaya,,9,0,0,0,0,0,0,0,1,1,2.0,1,0,1,0,1,1,1,1,1,0,1,0,1,0,380000.0000000003
3,2,800.0,Leasehold,,,Apartment,,,Non Bumi Lot,Johor,,2,0,0,0,0,0,0,0,1,0,,0,0,0,0,0,0,0,1,1,0,0,0,0,0,128000.00000000004
3,3,1200.0,Freehold,5.0,,Condominium,3.0,High,Non Bumi Lot,Kuala Lumpur,,2,1,0,1,1,0,0,1,1,1,3.0,0,0,0,0,0,0,0,1,0,0,1,0,0,0,531999.9999999999
3,2,775.0,Leasehold,18.0,200.0,Apartment,1.0,Medium,Bumi Lot,Selangor,17.0,6,1,0,1,1,0,0,1,0,0,2.0,0,0,0,0,1,0,1,1,1,0,1,0,1,0,299999.9999999999
3,2,689.0,Freehold,11.0,,Apartment,,Medium,Non Bumi Lot,Selangor,,3,0,0,0,0,0,0,0,1,1,2.0,0,0,0,0,1,0,0,1,0,0,1,0,0,0,185000.00000000006
3,2,1000.0,Leasehold,,,Condominium,1.0,Medium,Non Bumi Lot,Sabah,8.0,5,0,0,0,0,0,0,0,1,0,2.0,0,0,1,0,0,0,0,1,1,0,1,0,1,0,489999.9999999997
3,2,1100.0,Leasehold,28.0,650.0,Condominium,,,Non Bumi Lot,Kuala Lumpur,6.0,7,1,0,1,1,1,0,0,1,0,,1,0,1,1,0,0,1,1,0,0,1,0,1,0,509999.99999999977
3,2,700.0,Freehold,23.0,,Apartment,1.0,Medium,Non Bumi Lot,Penang,14.0,8,0,0,0,0,0,0,0,1,1,2.0,1,0,1,1,1,0,1,1,1,0,1,0,0,0,380000.0000000003
2,1,712.0,Leasehold,,,Apartment,,Medium,Non Bumi Lot,Sabah,,4,0,0,0,0,0,0,0,1,0,2.0,0,0,0,0,0,0,0,1,1,0,1,0,1,0,249999.99999999983
3,2,850.0,Freehold,,,Apartment,,,Non Bumi Lot,Selangor,,2,1,0,1,1,0,0,0,1,1,,0,0,0,0,1,0,1,0,0,0,0,0,0,0,275000.00000000006
3,2,1300.0,Leasehold,17.0,400.0,Condominium,1.0,Medium,Non Bumi Lot,Selangor,,10,0,1,1,1,1,0,1,1,0,2.0,1,0,1,1,1,1,1,1,1,0,1,0,1,0,420000.00000000023
3,2,950.0,Leasehold,,,Apartment,2.0,,Non Bumi Lot,Kuala Lumpur,,11,0,0,0,0,0,0,0,1,0,,0,0,1,1,1,1,0,1,1,1,1,1,1,1,450000.00000000035
1,1,495.0,Leasehold,27.0,303.0,Condominium,,Medium,Non Bumi Lot,Johor,,9,0,0,0,0,0,0,0,1,0,2.0,1,0,1,0,1,1,1,1,1,0,1,0,1,0,234999.99999999994
3,2,1128.0,Freehold,8.0,,Apartment,1.0,Medium,Non Bumi Lot,Selangor,,3,0,0,0,0,0,1,0,1,1,2.0,0,0,0,0,1,0,0,1,0,0,1,0,0,0,275000.00000000006
4,2,1650.0,Freehold,,,Condominium,1.0,Medium,Non Bumi Lot,,,5,0,0,0,0,0,0,0,1,1,2.0,0,0,0,0,1,0,0,1,1,0,1,0,1,0,550000.0000000001
3,2,1249.0,Freehold,33.0,256.0,Condominium,2.0,,Non Bumi Lot,Penang,3.0,7,0,0,0,0,0,0,0,1,1,,0,0,1,0,0,1,0,1,1,1,1,0,1,0,1100000.0000000005
4,2,1650.0,Freehold,24.0,234.0,Condominium,1.0,High,Non Bumi Lot,Penang,,6,0,0,0,0,0,0,0,1,1,3.0,0,0,1,0,1,0,0,1,1,0,1,0,1,0,550000.0000000001
3,1,789.0,Leasehold,10.0,320.0,Apartment,,Medium,Bumi Lot,Kuala Lumpur,,4,1,1,0,1,0,1,1,0,0,2.0,0,0,0,0,1,0,0,1,1,0,1,0,0,0,260000.00000000015
3,2,800.0,Freehold,22.0,1343.0,Condominium,2.0,,Non Bumi Lot,Penang,6.0,13,0,0,0,0,0,0,0,1,1,,0,1,1,1,1,1,1,1,1,1,1,1,1,1,620000.0
2,1,530.0,Leasehold,,,Flat,1.0,High,Bumi Lot,Kuala Lumpur,,3,0,1,0,1,1,0,1,0,0,3.0,0,0,0,0,0,1,0,1,1,0,0,0,0,0,185000.00000000006
3,2,1171.0,Leasehold,,180.0,Condominium,1.0,Low,Non Bumi Lot,Kuala Lumpur,7.0,11,0,0,1,0,1,0,0,1,0,1.0,1,0,1,1,1,1,1,1,1,1,1,0,1,0,531999.9999999999
3,2,700.0,Leasehold,,,Apartment,,Medium,Bumi Lot,Selangor,,1,1,1,1,1,1,0,1,0,0,2.0,0,0,0,0,0,0,0,1,0,0,0,0,0,0,190000.00000000012
3,2,1100.0,Freehold,14.0,96.0,Condominium,1.0,,Non Bumi Lot,Penang,26.0,4,0,0,0,0,0,0,0,1,1,,0,0,0,0,1,0,0,1,0,0,1,0,1,0,620000.0
1,1,460.0,Freehold,12.0,136.0,Service Residence,,,Non Bumi Lot,Selangor,3.0,3,1,1,0,1,0,0,0,1,1,,0,0,1,0,0,0,0,0,0,0,1,0,1,0,288000.00000000023
3,2,736.0,Freehold,,596.0,Apartment,1.0,Medium,Non Bumi Lot,Selangor,13.0,6,1,0,0,0,0,1,0,1,1,2.0,0,0,0,1,1,1,1,1,0,0,1,0,0,0,249999.99999999983
3,2,818.0,Freehold,5.0,480.0,Apartment,1.0,High,Bumi Lot,Selangor,,6,0,0,0,0,0,0,0,0,1,3.0,1,0,0,1,0,1,0,1,1,0,1,0,0,0,230000.0000000002
2,2,1005.0,Freehold,,1050.0,Condominium,1.0,,Non Bumi Lot,Johor,5.0,12,0,0,0,0,0,0,0,1,1,,1,0,1,1,1,0,1,1,1,1,1,1,1,1,539999.9999999995
4,3,1421.0,Freehold,,376.0,Condominium,2.0,High,Non Bumi Lot,Selangor,16.0,14,0,1,1,1,0,0,1,1,1,3.0,1,1,1,1,1,1,1,1,1,1,1,1,1,1,860000.0000000003
3,2,1100.0,Leasehold,,,Condominium,2.0,High,Non Bumi Lot,,,14,0,0,0,0,0,0,0,1,0,3.0,1,1,1,1,1,1,1,1,1,1,1,1,1,1,480000.0000000003
4,2,1349.0,Freehold,28.0,134.0,Condominium,1.0,Low,Non Bumi Lot,Penang,15.0,8,0,0,0,0,0,0,0,1,1,1.0,1,0,1,0,1,0,1,1,1,0,1,0,1,0,638000.0000000003
2,3,950.0,Freehold,,450.0,Condominium,2.0,,Non Bumi Lot,Penang,1.0,0,0,0,0,0,0,0,0,1,1,,0,0,0,0,0,0,0,0,0,0,0,0,0,0,929999.9999999994
6,5,6800.0,Freehold,5.0,20.0,Condominium,3.0,Low,Non Bumi Lot,Penang,,7,0,0,0,0,0,0,0,1,1,1.0,1,0,1,0,0,0,0,1,1,0,1,1,1,0,5000000.000000003
3,2,951.0,Freehold,42.0,1675.0,Service Residence,,High,Non Bumi Lot,Selangor,5.0,10,0,1,0,0,0,0,0,1,1,3.0,1,0,1,1,1,0,1,1,1,1,1,0,1,0,420000.00000000023
4,3,1661.0,Freehold,41.0,192.0,Condominium,2.0,Medium,Non Bumi Lot,Kuala Lumpur,12.0,7,1,1,1,1,1,1,0,1,1,2.0,0,0,1,0,1,0,0,0,1,0,1,1,1,1,1150000.0
3,3,1162.0,Freehold,22.0,616.0,Service Residence,,Medium,Non Bumi Lot,Selangor,7.0,6,1,1,1,0,1,0,1,1,1,2.0,0,0,1,0,0,0,1,1,1,0,1,0,1,0,414999.9999999997
3,2,1400.0,Freehold,5.0,,Apartment,,Low,Non Bumi Lot,Johor,,7,0,0,0,0,0,0,0,1,1,1.0,1,0,1,1,0,0,0,1,1,1,1,0,0,0,388000.0
3,2,700.0,Freehold,22.0,1008.0,Apartment,1.0,,Non Bumi Lot,Penang,26.0,3,0,0,0,0,0,0,0,1,1,,0,0,0,0,1,1,0,1,0,0,0,0,0,0,298000.00000000023
3,2,1276.0,Freehold,35.0,,Service Residence,2.0,Medium,Non Bumi Lot,Selangor,7.0,14,0,0,0,0,0,0,0,1,1,2.0,1,1,1,1,1,1,1,1,1,1,1,1,1,1,529999.9999999998
3,2,853.0,Freehold,5.0,,Apartment,1.0,,Non Bumi Lot,Selangor,,1,0,0,0,0,1,0,0,1,1,,0,0,0,0,0,0,0,0,0,0,1,0,0,0,159999.9999999999
3,2,980.0,Leasehold,,,Apartment,1.0,Low,Non Bumi Lot,Selangor,,3,0,0,0,1,0,0,1,1,0,1.0,0,0,0,0,1,0,0,1,0,0,1,0,0,0,170000.0
3,2,850.0,Leasehold,10.0,65.0,Service Residence,,Medium,Non Bumi Lot,Johor,,3,0,0,0,0,0,0,0,1,0,2.0,0,0,0,0,0,0,1,0,0,0,1,0,1,0,340000.00000000006
3,2,1105.0,Freehold,5.0,,Apartment,1.0,Low,Non Bumi Lot,Selangor,,4,1,0,1,1,0,0,1,1,1,1.0,0,0,0,0,0,0,0,1,1,0,1,0,1,0,408000.0000000002
3,2,938.0,Freehold,22.0,659.0,Condominium,1.0,Low,Bumi Lot,Kuala Lumpur,23.0,9,1,1,1,1,1,0,0,0,1,1.0,0,0,1,0,0,1,0,1,1,1,1,1,1,1,380000.0000000003
3,2,700.0,Freehold,5.0,360.0,Condominium,1.0,Low,Non Bumi Lot,Penang,29.0,4,0,0,0,0,0,0,0,1,1,1.0,0,0,0,0,1,0,0,1,0,0,1,0,1,0,299999.9999999999
2,2,1213.0,Leasehold,24.0,403.0,Condominium,2.0,Medium,Non Bumi Lot,Kuala Lumpur,7.0,9,1,1,1,1,0,0,1,1,0,2.0,1,0,1,0,1,0,1,1,1,1,1,0,1,0,700000.0000000002
3,1,657.0,Freehold,,,Apartment,1.0,Low,Bumi Lot,Kuala Lumpur,,3,0,0,0,0,0,0,0,0,1,1.0,0,0,0,0,1,0,0,1,1,0,0,0,0,0,219999.99999999985
3,2,650.0,Leasehold,5.0,,Apartment,1.0,Medium,Non Bumi Lot,Selangor,,4,0,0,0,0,0,0,0,1,0,2.0,0,0,0,0,0,1,1,1,1,0,0,0,0,0,128000.00000000004
3,2,750.0,Freehold,,,Flat,,Medium,Non Bumi Lot,Johor,,1,0,0,0,0,0,0,0,1,1,2.0,0,0,0,0,0,0,0,1,0,0,0,0,0,0,185000.00000000006
3,2,900.0,Leasehold,,,Service Residence,2.0,,Non Bumi Lot,Selangor,,14,0,0,0,0,0,0,0,1,0,,1,1,1,1,1,1,1,1,1,1,1,1,1,1,380299.99999999977
2,1,590.0,Freehold,,,Flat,1.0,,Non Bumi Lot,Penang,,3,0,0,0,0,0,0,0,1,1,,0,0,0,0,0,1,1,1,0,0,0,0,0,0,219999.99999999985
3,2,950.0,Freehold,,,Apartment,,,Non Bumi Lot,,,4,0,0,0,0,0,0,0,1,1,,0,0,0,1,0,0,0,1,1,0,1,0,0,0,317999.99999999994
2,1,825.0,Leasehold,21.0,613.0,Condominium,2.0,Low,Non Bumi Lot,Johor,2.0,6,0,0,0,0,0,0,0,1,0,1.0,0,0,1,0,1,0,0,1,1,0,1,0,1,0,330000.0000000001
3,2,1442.0,Freehold,,800.0,Condominium,2.0,Medium,Non Bumi Lot,Selangor,7.0,12,0,0,0,0,0,0,0,1,1,2.0,1,1,1,1,1,1,1,1,1,1,1,0,1,0,620000.0
5,5,6000.0,Leasehold,,,Condominium,3.0,High,Non Bumi Lot,Sabah,,3,0,0,0,0,0,0,0,1,0,3.0,0,0,0,0,1,0,1,1,0,0,0,0,0,0,2700000.0000000005
1,1,737.0,Leasehold,16.0,239.0,Service Residence,1.0,Medium,Bumi Lot,Selangor,25.0,10,0,0,1,1,0,0,0,0,0,2.0,1,1,1,0,1,1,1,1,1,0,1,0,1,0,370000.0000000001
3,2,1120.0,Leasehold,,,Apartment,1.0,Medium,Non Bumi Lot,Sarawak,,5,0,0,0,0,0,0,0,1,0,2.0,0,0,1,0,1,0,0,1,0,0,1,0,1,0,529999.9999999998
3,2,650.0,Freehold,,,Apartment,,,Non Bumi Lot,Kuala Lumpur,,2,0,0,0,0,0,0,0,1,1,,0,0,0,0,0,0,0,1,0,0,0,0,1,0,139999.9999999999
3,2,1115.0,Leasehold,38.0,,Condominium,1.0,,Non Bumi Lot,Penang,13.0,7,0,0,0,0,0,0,0,1,0,,1,0,1,0,1,0,0,1,0,0,1,1,1,0,494999.9999999999
2,1,409.0,Leasehold,,,Service Residence,,High,Non Bumi Lot,Sabah,,5,0,0,0,0,0,0,0,1,0,3.0,0,0,0,0,1,0,0,1,1,0,1,0,1,0,599999.9999999999
1,1,400.0,Leasehold,,,Studio,1.0,,Non Bumi Lot,Selangor,,14,0,0,0,0,0,0,0,1,0,,1,1,1,1,1,1,1,1,1,1,1,1,1,1,200200.00000000006
2,2,750.0,Freehold,,,Condominium,1.0,,Non Bumi Lot,Penang,,0,0,0,0,0,0,0,0,1,1,,0,0,0,0,0,0,0,0,0,0,0,0,0,0,295000.00000000006
3,2,750.0,Freehold,,224.0,Apartment,1.0,Medium,Non Bumi Lot,Penang,24.0,4,0,0,0,0,0,0,0,1,1,2.0,0,0,1,0,1,0,0,1,0,0,0,0,1,0,317999.99999999994
4,3,2400.0,Freehold,,,Condominium,2.0,High,Non Bumi Lot,Penang,,2,0,0,0,0,0,0,0,1,1,3.0,0,0,0,0,1,0,0,1,0,0,0,0,0,0,1049999.9999999998
3,2,1216.0,Freehold,,,Service Residence,2.0,Medium,Non Bumi Lot,Putrajaya,,14,0,0,0,0,0,0,0,1,1,2.0,1,1,1,1,1,1,1,1,1,1,1,1,1,1,499999.9999999997
3,3,1313.0,Freehold,,396.0,Condominium,3.0,Medium,Non Bumi Lot,Penang,16.0,5,0,0,0,0,0,0,0,1,1,2.0,0,0,0,0,1,0,0,1,1,0,1,0,1,0,910000.0000000005
2,1,657.0,Leasehold,,,Studio,1.0,High,Non Bumi Lot,Selangor,,9,0,0,1,0,1,0,0,1,0,3.0,1,0,1,0,1,1,1,1,1,0,1,0,1,0,334999.9999999998
4,2,1059.0,Freehold,38.0,2647.0,Service Residence,1.0,Low,Non Bumi Lot,Kuala Lumpur,4.0,10,0,0,0,0,0,0,0,1,1,1.0,1,0,1,1,1,1,1,1,1,0,1,0,1,0,499999.9999999997
1,1,578.0,Freehold,35.0,1200.0,Condominium,,High,Non Bumi Lot,Kuala Lumpur,20.0,5,1,1,1,1,1,0,1,1,1,3.0,0,0,1,0,1,0,0,1,0,0,1,0,1,0,494999.9999999999
3,2,960.0,Freehold,31.0,4225.0,Service Residence,,,Non Bumi Lot,Kuala Lumpur,8.0,4,1,1,1,1,0,0,1,1,1,,0,0,0,0,0,0,0,1,1,0,1,0,1,0,438000.0000000004
3,2,800.0,Leasehold,29.0,525.0,Apartment,1.0,High,Non Bumi Lot,Penang,18.0,7,0,0,0,0,0,0,0,1,0,3.0,0,0,1,1,0,1,0,1,1,0,1,0,1,0,327999.99999999977
3,2,1254.0,Freehold,44.0,378.0,Condominium,2.0,High,Non Bumi Lot,Penang,5.0,9,0,0,0,0,0,0,0,1,1,3.0,1,0,1,0,1,0,1,1,1,1,1,0,1,0,760000.0000000007
3,2,1005.0,Leasehold,23.0,,Condominium,1.0,Low,Bumi Lot,Kuala Lumpur,,5,1,0,0,1,1,0,1,0,0,1.0,0,0,0,0,1,1,0,1,1,0,1,0,0,0,359999.99999999994
3,2,860.0,Leasehold,,,Flat,,,Non Bumi Lot,Melaka,,0,0,0,0,0,0,0,0,1,0,,0,0,0,0,0,0,0,0,0,0,0,0,0,0,120000.00000000006
3,2,1050.0,Freehold,,428.0,Condominium,1.0,High,Non Bumi Lot,Penang,25.0,11,0,0,0,0,0,0,0,1,1,3.0,1,0,1,0,0,1,1,1,1,1,1,1,1,1,420000.00000000023
2,2,650.0,Freehold,35.0,1843.0,Service Residence,,High,Non Bumi Lot,Johor,4.0,13,0,0,0,0,0,0,0,1,1,3.0,1,1,1,1,0,1,1,1,1,1,1,1,1,1,308000.00000000006
3,2,1232.0,Leasehold,22.0,768.0,Condominium,1.0,Medium,Non Bumi Lot,Kuala Lumpur,,10,0,0,0,0,0,0,0,1,0,2.0,1,0,1,0,1,1,1,1,1,0,1,1,1,0,459999.9999999996
3,2,880.0,Freehold,,,Apartment,,Low,Non Bumi Lot,Selangor,,0,0,0,0,0,0,0,0,1,1,1.0,0,0,0,0,0,0,0,0,0,0,0,0,0,0,130000.00000000006
3,2,1080.0,Leasehold,17.0,444.0,Service Residence,2.0,,Non Bumi Lot,Selangor,,7,1,1,1,0,1,0,0,1,0,,0,0,1,0,1,0,1,1,1,0,1,0,1,0,581999.9999999995
2,2,915.0,Freehold,4.0,,Condominium,1.0,High,Non Bumi Lot,Selangor,32.0,2,1,1,1,1,0,0,1,1,1,3.0,0,0,0,0,0,0,0,1,0,0,1,0,0,0,400000.0000000002
3,3,1646.0,Freehold,44.0,378.0,Condominium,2.0,High,Non Bumi Lot,Penang,5.0,9,0,0,0,0,0,0,0,1,1,3.0,1,0,1,0,1,0,1,1,1,1,1,0,1,0,949999.9999999999
3,2,753.0,Freehold,,,Apartment,,High,Non Bumi Lot,Selangor,,3,0,1,0,0,0,0,0,1,1,3.0,0,0,0,0,1,0,0,1,0,0,1,0,0,0,240000.00000000015
4,2,1467.0,Freehold,18.0,107.0,Condominium,2.0,Medium,Non Bumi Lot,Penang,8.0,6,0,0,0,0,0,0,0,1,1,2.0,1,0,1,0,0,0,1,1,0,0,1,0,1,0,849999.9999999994
4,3,1200.0,Freehold,,,Condominium,2.0,,Non Bumi Lot,Selangor,,0,0,0,0,0,0,0,0,1,1,,0,0,0,0,0,0,0,0,0,0,0,0,0,0,289999.9999999999
3,2,874.0,Leasehold,13.0,,Condominium,1.0,Low,Bumi Lot,Kuala Lumpur,14.0,0,1,0,1,1,0,0,0,0,0,1.0,0,0,0,0,0,0,0,0,0,0,0,0,0,0,354000.0000000002
3,2,983.0,Freehold,23.0,,Condominium,1.0,Medium,Bumi Lot,Selangor,,8,0,0,0,0,0,0,0,0,1,2.0,1,0,1,0,0,1,0,1,1,0,1,0,1,1,319999.9999999998
3,2,1024.0,Leasehold,,698.0,Apartment,1.0,Medium,Non Bumi Lot,Johor,18.0,10,0,0,0,0,0,0,0,1,0,2.0,1,0,1,1,1,1,0,1,1,1,1,0,1,0,314999.99999999994
3,2,887.0,Freehold,30.0,808.0,Condominium,2.0,,Non Bumi Lot,Penang,10.0,10,0,0,0,0,0,0,0,1,1,,0,0,1,0,1,1,0,1,1,1,1,1,1,1,494999.9999999999
3,2,1008.0,Freehold,12.0,306.0,Condominium,1.0,Medium,Non Bumi Lot,Selangor,8.0,6,0,0,0,0,0,0,0,1,1,2.0,0,0,0,0,1,0,1,1,1,0,1,0,1,0,239000.00000000003
3,2,800.0,Freehold,,309.0,Apartment,1.0,Medium,Non Bumi Lot,Selangor,,2,0,1,0,0,0,1,1,1,1,2.0,0,0,0,0,0,0,0,1,0,0,1,0,0,0,244999.99999999983
4,4,2304.0,Freehold,,,Condominium,2.0,High,Non Bumi Lot,,,10,0,0,0,0,0,0,0,1,1,3.0,0,0,1,0,1,1,0,1,1,1,1,1,1,1,1258000.0000000005
3,3,1701.0,Freehold,7.0,297.0,Condominium,3.0,Medium,Non Bumi Lot,Penang,9.0,13,0,0,0,0,0,0,0,1,1,2.0,1,1,1,1,1,0,1,1,1,1,1,1,1,1,1849999.9999999993
1,1,557.0,Leasehold,,296.0,Condominium,,,Non Bumi Lot,Selangor,6.0,9,0,0,0,0,0,0,0,1,0,,0,0,1,1,1,1,0,1,1,0,1,1,1,0,225000.00000000015
3,2,700.0,Leasehold,,,Apartment,1.0,,Non Bumi Lot,,,4,0,0,0,0,0,0,0,1,0,,0,0,0,0,0,0,0,1,1,0,1,0,1,0,210000.0000000001
3,1,720.0,Freehold,,,Apartment,,High,Non Bumi Lot,Selangor,,0,0,0,0,1,1,0,1,1,1,3.0,0,0,0,0,0,0,0,0,0,0,0,0,0,0,68999.99999999994
3,2,764.0,Leasehold,,,Apartment,1.0,,Non Bumi Lot,Kuala Lumpur,,0,1,1,1,1,0,0,0,1,0,,0,0,0,0,0,0,0,0,0,0,0,0,0,0,289999.9999999999
2,2,1016.0,Freehold,44.0,378.0,Condominium,2.0,,Non Bumi Lot,Penang,5.0,7,0,0,0,0,0,0,0,1,1,,1,0,1,0,0,0,1,0,1,1,1,0,1,0,620000.0
3,2,1002.0,Freehold,31.0,718.0,Service Residence,2.0,Medium,Non Bumi Lot,Kuala Lumpur,4.0,10,0,0,0,0,0,0,0,1,1,2.0,0,1,1,0,1,1,0,1,1,0,1,1,1,1,550000.0000000001
3,2,854.0,Leasehold,9.0,8.0,Apartment,1.0,Low,Non Bumi Lot,Selangor,,3,1,0,1,1,0,0,1,1,0,1.0,0,0,0,0,1,0,0,1,0,0,1,0,0,0,288888.0000000001
3,2,990.0,Leasehold,35.0,284.0,Condominium,,High,Non Bumi Lot,Kuala Lumpur,2.0,7,1,0,0,1,0,0,1,1,0,3.0,1,0,0,1,0,0,1,1,1,0,1,0,1,0,559999.9999999998
3,2,688.0,Leasehold,,,Flat,1.0,Low,Bumi Lot,Selangor,,1,1,0,0,0,0,0,0,0,0,1.0,0,0,0,0,0,0,0,1,0,0,0,0,0,0,149999.99999999994
3,2,861.0,Leasehold,5.0,,Apartment,,,Non Bumi Lot,Kuala Lumpur,,3,0,0,1,0,1,0,1,1,0,,0,0,0,0,0,0,0,1,1,0,1,0,0,0,279998.99999999994
3,2,753.0,Freehold,,,Apartment,,High,Bumi Lot,Selangor,,5,0,1,0,0,0,0,0,0,1,3.0,1,0,0,1,0,1,0,1,1,0,0,0,0,0,240000.00000000015
3,2,852.0,Leasehold,12.0,,Apartment,1.0,,Non Bumi Lot,Selangor,23.0,11,1,0,1,1,0,0,0,1,0,,1,1,1,1,1,1,1,1,1,0,1,0,1,0,200000.00000000006
2,2,578.0,Freehold,,,Service Residence,,High,Non Bumi Lot,Kuala Lumpur,,9,1,1,1,1,1,0,1,1,1,3.0,1,1,1,1,1,0,0,0,1,1,1,0,1,0,879999.9999999995
3,2,1300.0,Leasehold,12.0,,Condominium,1.0,,Non Bumi Lot,Kuala Lumpur,,3,1,1,1,1,0,0,0,1,0,,0,0,0,0,0,0,0,1,1,0,1,0,0,0,579999.9999999999
3,2,1254.0,Freehold,44.0,378.0,Condominium,2.0,Medium,Non Bumi Lot,Penang,5.0,9,0,0,0,0,0,0,0,1,1,2.0,1,0,1,0,1,0,1,1,1,1,1,0,1,0,824999.9999999997
3,2,1224.0,Freehold,18.0,,Condominium,1.0,,Non Bumi Lot,Kuala Lumpur,,5,0,0,0,0,0,0,0,1,1,,0,0,1,0,1,0,0,1,0,0,1,0,1,0,464999.9999999997
3,2,860.0,Leasehold,,,Apartment,1.0,Medium,Non Bumi Lot,Kuala Lumpur,,3,1,0,0,1,0,0,1,1,0,2.0,0,0,0,0,1,0,0,1,0,0,1,0,0,0,308000.00000000006
3,2,1021.0,Freehold,10.0,280.0,Apartment,1.0,Medium,Non Bumi Lot,Selangor,14.0,12,0,0,0,0,0,0,0,1,1,2.0,1,1,1,0,1,1,1,1,1,1,1,1,1,0,522500.00000000035
3,3,1093.0,Freehold,,,Service Residence,1.0,,Non Bumi Lot,Johor,,0,0,0,0,0,0,0,0,1,1,,0,0,0,0,0,0,0,0,0,0,0,0,0,0,428000.0000000002
3,3,1450.0,Freehold,16.0,470.0,Condominium,2.0,Low,Non Bumi Lot,Penang,9.0,9,0,0,0,0,0,0,0,1,1,1.0,1,0,1,0,1,0,1,1,1,1,1,0,1,0,800000.0000000003
4,2,1062.0,Freehold,25.0,588.0,Service Residence,,,Non Bumi Lot,Selangor,18.0,8,1,1,1,1,0,0,1,1,1,,0,0,0,0,1,1,1,1,1,0,1,0,1,1,369998.9999999999
3,2,650.0,Freehold,,,Apartment,,Low,Non Bumi Lot,Selangor,,0,0,0,0,1,0,0,0,1,1,1.0,0,0,0,0,0,0,0,0,0,0,0,0,0,0,50000.00000000001
3,2,850.0,Leasehold,13.0,,Apartment,,Low,Non Bumi Lot,Johor,14.0,4,0,0,0,0,0,0,0,1,0,1.0,0,0,0,1,0,1,0,0,1,0,1,0,0,0,227999.9999999998
3,2,805.0,Leasehold,6.0,,Condominium,1.0,Low,Bumi Lot,Selangor,18.0,4,0,0,0,0,0,0,0,0,0,1.0,0,0,0,0,1,1,0,1,0,0,1,0,0,0,316999.9999999998
3,2,743.0,Leasehold,,,Apartment,,High,Non Bumi Lot,Melaka,,0,0,0,0,0,0,0,0,1,0,3.0,0,0,0,0,0,0,0,0,0,0,0,0,0,0,85000.0
4,2,1207.0,Leasehold,18.0,250.0,Service Residence,1.0,Low,Non Bumi Lot,Kuala Lumpur,10.0,6,1,0,1,1,0,0,0,1,0,1.0,0,1,0,0,0,1,1,0,1,0,1,0,1,0,534999.9999999998
4,2,1142.0,Leasehold,24.0,900.0,Condominium,2.0,Low,Non Bumi Lot,Kuala Lumpur,8.0,8,0,0,0,0,0,0,0,1,0,1.0,0,0,1,0,1,1,0,1,1,1,1,0,1,0,489999.9999999997
3,2,700.0,Freehold,20.0,,Apartment,1.0,,Non Bumi Lot,Penang,17.0,6,0,0,0,0,0,0,0,1,1,,1,0,1,1,0,0,0,1,1,0,1,0,0,0,350000.0000000001
3,2,961.0,Freehold,,561.0,Apartment,,Medium,Non Bumi Lot,Johor,9.0,9,0,0,0,0,0,0,0,1,1,2.0,0,0,1,1,0,1,1,1,1,0,1,0,1,1,384999.9999999997
3,2,650.0,Freehold,2.0,,Apartment,1.0,,Non Bumi Lot,Selangor,,0,0,0,1,1,0,0,0,1,1,,0,0,0,0,0,0,0,0,0,0,0,0,0,0,200000.00000000006
3,2,800.0,Leasehold,,,Apartment,,Medium,Bumi Lot,Selangor,,0,0,0,0,0,0,0,0,0,0,2.0,0,0,0,0,0,0,0,0,0,0,0,0,0,0,260000.00000000015
2,2,800.0,Leasehold,,,Service Residence,1.0,Medium,Non Bumi Lot,Kuala Lumpur,,10,0,0,0,0,0,0,0,1,0,2.0,1,0,1,0,1,1,1,1,1,1,1,0,1,0,405000.0000000001
3,2,854.0,Freehold,,,Apartment,1.0,Medium,Bumi Lot,Selangor,,3,0,0,0,0,0,0,0,0,1,2.0,0,0,0,0,0,0,0,1,0,0,1,0,1,0,179999.99999999997
3,2,1021.0,Leasehold,,,Service Residence,1.0,High,Non Bumi Lot,Kuala Lumpur,,14,1,1,1,1,1,0,0,1,0,3.0,1,1,1,1,1,1,1,1,1,1,1,1,1,1,499000.0000000004
3,2,845.0,Freehold,21.0,744.0,Condominium,,,Non Bumi Lot,Kuala Lumpur,21.0,10,0,0,1,1,0,0,0,1,1,,1,0,1,1,0,1,0,1,1,1,1,0,1,1,240000.00000000015
3,2,850.0,Freehold,4.0,,Apartment,1.0,Medium,Non Bumi Lot,Selangor,,3,0,0,0,0,0,0,0,1,1,2.0,0,0,0,0,0,0,0,1,1,0,1,0,0,0,219998.99999999994
3,2,800.0,Freehold,4.0,75.0,Apartment,,High,Non Bumi Lot,Selangor,9.0,7,0,0,0,0,0,0,0,1,1,3.0,0,0,1,0,0,1,0,1,1,1,1,0,1,0,244999.99999999983
3,2,1254.0,Freehold,44.0,378.0,Condominium,2.0,Medium,Non Bumi Lot,Penang,5.0,7,0,0,0,0,0,0,0,1,1,2.0,1,0,1,0,0,0,1,0,1,1,1,0,1,0,824999.9999999997
3,2,700.0,Freehold,18.0,182.0,Apartment,1.0,Medium,Non Bumi Lot,Penang,17.0,4,0,0,0,0,0,0,0,1,1,2.0,0,0,0,0,1,0,0,1,1,0,1,0,0,0,420000.00000000023
3,2,990.0,Leasehold,14.0,454.0,Condominium,,Medium,Non Bumi Lot,Johor,16.0,14,0,0,0,0,0,0,0,1,0,2.0,1,1,1,1,1,1,1,1,1,1,1,1,1,1,249999.99999999983
2,2,904.0,Freehold,,,Service Residence,1.0,Low,Non Bumi Lot,,,6,0,0,0,0,0,0,0,1,1,1.0,0,1,1,0,0,0,0,1,1,0,1,0,1,0,644999.9999999998
3,2,1050.0,Freehold,14.0,,Apartment,,,Non Bumi Lot,Kuala Lumpur,30.0,0,0,0,0,0,0,0,0,1,1,,0,0,0,0,0,0,0,0,0,0,0,0,0,0,298000.00000000023
4,3,1849.0,Leasehold,7.0,,Condominium,2.0,High,Non Bumi Lot,Selangor,,6,0,0,0,0,0,0,0,1,0,3.0,0,0,0,0,1,1,0,1,1,0,1,0,1,0,499999.9999999997
3,1,705.0,Leasehold,,,Flat,,,Bumi Lot,Selangor,,2,1,0,1,1,0,0,0,0,0,,0,0,0,0,0,0,0,1,0,0,1,0,0,0,269999.99999999977
3,2,1130.0,Freehold,,,Service Residence,,,Non Bumi Lot,Sarawak,,0,0,0,0,0,0,0,0,1,1,,0,0,0,0,0,0,0,0,0,0,0,0,0,0,620000.0
3,2,700.0,Freehold,12.0,,Apartment,1.0,Medium,Non Bumi Lot,Penang,23.0,5,0,0,0,0,0,0,0,1,1,2.0,0,0,0,0,1,0,1,1,1,0,1,0,0,0,420000.00000000023
3,2,980.0,Leasehold,21.0,358.0,Condominium,1.0,High,Non Bumi Lot,Selangor,10.0,10,0,1,1,1,1,1,1,1,0,3.0,1,1,1,0,0,1,1,1,1,1,1,0,1,0,459999.9999999996
3,2,1000.0,Leasehold,,,Apartment,1.0,Medium,Non Bumi Lot,Sabah,,1,0,0,0,0,0,0,0,1,0,2.0,0,0,0,0,0,0,0,1,0,0,0,0,0,0,299999.9999999999
3,3,1642.0,Freehold,,222.0,Condominium,2.0,High,Non Bumi Lot,Penang,8.0,9,0,0,0,0,0,0,0,1,1,3.0,1,0,1,0,1,0,1,1,1,1,1,0,1,0,680000.0000000001
3,2,1206.0,Freehold,28.0,585.0,Apartment,2.0,High,Non Bumi Lot,Johor,5.0,12,0,0,0,0,0,0,0,1,1,3.0,1,0,1,1,1,1,1,1,1,1,1,0,1,1,660000.0000000003
3,2,1250.0,Freehold,,,Condominium,2.0,Medium,Non Bumi Lot,Selangor,,14,0,0,0,0,0,0,0,1,1,2.0,1,1,1,1,1,1,1,1,1,1,1,1,1,1,384999.9999999997
4,2,1722.0,Freehold,,,Condominium,,Low,Non Bumi Lot,Johor,,9,0,0,0,0,0,0,0,1,1,1.0,0,0,1,1,1,0,0,1,1,0,1,1,1,1,487999.99999999965
3,2,1100.0,Freehold,20.0,424.0,Condominium,2.0,Medium,Non Bumi Lot,Selangor,6.0,11,0,0,0,0,0,1,0,1,1,2.0,1,1,1,1,1,0,1,1,1,1,1,0,1,0,480000.0000000003
3,2,750.0,Freehold,,,Flat,,Low,Non Bumi Lot,Johor,,0,0,0,0,0,0,0,0,1,1,1.0,0,0,0,0,0,0,0,0,0,0,0,0,0,0,144999.99999999994
3,2,899.0,Freehold,,,Apartment,1.0,Medium,Bumi Lot,Perak,,4,0,0,0,0,0,0,0,0,1,2.0,0,0,0,1,0,0,0,1,1,0,1,0,0,0,186000.00000000003
3,2,700.0,Leasehold,,,Apartment,1.0,,Non Bumi Lot,,,4,0,0,0,0,0,0,0,1,0,,0,0,0,1,0,0,0,1,0,0,1,0,1,0,234999.99999999994
3,2,835.0,Freehold,22.0,816.0,Condominium,1.0,,Non Bumi Lot,Penang,16.0,8,0,0,0,0,0,0,0,1,1,,1,0,1,1,0,0,0,1,1,0,1,1,1,0,380000.0000000003
4,4,1986.0,Leasehold,,82.0,Condominium,,Low,Non Bumi Lot,Sabah,,6,0,0,0,0,0,0,0,1,0,1.0,0,0,1,0,0,1,0,1,1,0,1,0,1,0,1500000.000000001
3,2,1043.0,Freehold,,326.0,Condominium,1.0,Medium,Bumi Lot,Selangor,14.0,6,0,0,1,0,0,0,0,0,1,2.0,1,0,1,1,0,0,1,0,0,0,1,0,1,0,368999.9999999999
3,3,1200.0,Freehold,,,Condominium,2.0,High,Non Bumi Lot,Selangor,,14,0,0,0,0,0,0,0,1,1,3.0,1,1,1,1,1,1,1,1,1,1,1,1,1,1,499000.0000000004
3,2,904.0,Freehold,36.0,310.0,Condominium,2.0,,Non Bumi Lot,Melaka,2.0,2,0,0,0,0,0,0,0,1,1,,0,0,0,0,0,0,0,1,0,0,1,0,0,0,438000.0000000004
5,5,6000.0,Leasehold,,391.0,Condominium,3.0,High,Non Bumi Lot,Kuala Lumpur,11.0,10,1,1,0,1,1,0,1,1,0,3.0,1,0,1,0,0,0,1,1,1,1,1,1,1,1,1680000.0000000012
3,2,950.0,Freehold,,,Apartment,,Low,Non Bumi Lot,Selangor,,3,0,0,0,0,0,0,0,1,1,1.0,0,0,0,0,0,0,0,1,0,1,1,0,0,0,198999.9999999999
3,2,650.0,Freehold,3.0,,Apartment,,High,Non Bumi Lot,Selangor,8.0,0,0,0,1,1,0,0,0,1,1,3.0,0,0,0,0,0,0,0,0,0,0,0,0,0,0,149999.99999999994
3,2,1055.0,Freehold,,,Apartment,,,Non Bumi Lot,Selangor,,0,0,0,0,0,0,0,0,1,1,,0,0,0,0,0,0,0,0,0,0,0,0,0,0,269000.0000000002
3,2,1050.0,Leasehold,,,Apartment,2.0,Medium,Non Bumi Lot,Sarawak,,5,0,0,0,0,0,0,0,1,0,2.0,0,0,1,0,0,0,0,1,1,0,1,0,1,0,620000.0
3,2,791.0,Freehold,,,Apartment,1.0,High,Bumi Lot,Selangor,,4,0,0,0,0,0,1,0,0,1,3.0,0,0,0,0,0,0,0,1,1,0,1,0,0,1,219999.99999999985
3,2,700.0,Leasehold,,,Apartment,1.0,,Non Bumi Lot,Selangor,,4,0,0,0,0,0,0,0,1,0,,0,0,0,1,0,0,0,1,0,0,1,0,1,0,190000.00000000012
3,3,1003.0,Leasehold,38.0,980.0,Condominium,2.0,Medium,Bumi Lot,Kuala Lumpur,4.0,11,0,0,1,1,0,1,1,0,0,2.0,1,0,1,1,1,1,1,1,1,0,1,1,1,0,450000.00000000035
3,2,833.0,Leasehold,24.0,299.0,Apartment,1.0,High,Bumi Lot,Selangor,16.0,11,0,1,1,1,1,0,1,0,0,3.0,1,1,1,0,1,1,1,1,1,0,1,0,1,1,289999.9999999999
4,2,918.0,Freehold,38.0,2647.0,Service Residence,2.0,High,Non Bumi Lot,Kuala Lumpur,4.0,11,0,0,0,0,0,0,0,1,1,3.0,1,0,1,1,1,1,1,1,1,0,1,0,1,1,520000.0000000003
3,2,1044.0,Leasehold,11.0,628.0,Condominium,2.0,Medium,Non Bumi Lot,Kuala Lumpur,,12,1,0,1,1,0,0,0,1,0,2.0,1,1,1,1,1,1,1,1,1,1,1,0,1,0,570000.0
3,2,895.0,Leasehold,,,Apartment,1.0,Low,Non Bumi Lot,Selangor,,7,0,0,1,0,1,0,0,1,0,1.0,0,0,0,1,0,1,1,1,1,0,1,0,1,0,247999.9999999998
4,2,1001.0,Leasehold,4.0,,Apartment,1.0,Low,Non Bumi Lot,Johor,,0,0,0,0,0,0,0,0,1,0,1.0,0,0,0,0,0,0,0,0,0,0,0,0,0,0,249999.99999999983
2,2,836.0,Freehold,,510.0,Condominium,1.0,,Non Bumi Lot,Kuala Lumpur,3.0,7,0,0,0,0,0,0,0,1,1,,0,0,1,0,1,1,0,1,1,0,1,0,1,0,890000.0000000006
3,2,1000.0,Leasehold,18.0,348.0,Service Residence,2.0,Medium,Non Bumi Lot,Selangor,11.0,0,0,0,0,0,0,0,0,1,0,2.0,0,0,0,0,0,0,0,0,0,0,0,0,0,0,590000.0000000001
4,3,1800.0,Leasehold,,,Duplex,3.0,Medium,Non Bumi Lot,Kuala Lumpur,,14,0,0,0,0,0,0,0,1,0,2.0,1,1,1,1,1,1,1,1,1,1,1,1,1,1,790000.0
3,2,1130.0,Freehold,,,Condominium,2.0,Low,Non Bumi Lot,Penang,,9,0,0,0,0,0,0,0,1,1,1.0,0,0,1,0,1,1,0,1,1,1,1,1,1,0,820000.0000000002
3,2,819.0,Leasehold,44.0,2136.0,Service Residence,1.0,,Non Bumi Lot,Kuala Lumpur,2.0,6,0,1,0,1,0,0,1,1,0,,0,0,1,0,1,0,0,1,1,0,1,0,1,0,420000.00000000023
2,2,810.0,Freehold,27.0,,Condominium,1.0,,Non Bumi Lot,Penang,19.0,10,0,0,0,0,0,0,0,1,1,,1,1,1,1,1,0,1,1,1,0,1,0,1,0,394999.99999999994
3,2,950.0,Leasehold,29.0,1709.0,Condominium,1.0,Medium,Non Bumi Lot,Selangor,12.0,7,0,0,0,1,0,0,1,1,0,2.0,0,0,0,1,1,1,0,1,1,0,1,0,1,0,310000.0
3,2,1055.0,Freehold,16.0,122.0,Condominium,2.0,High,Non Bumi Lot,Penang,16.0,8,0,0,0,0,0,0,0,1,1,3.0,0,0,1,0,0,1,0,1,1,1,1,1,1,0,570000.0
3,2,820.0,Freehold,,,Apartment,1.0,High,Bumi Lot,Selangor,,1,0,0,0,0,0,0,0,0,1,3.0,0,0,0,0,0,0,0,1,0,0,0,0,0,0,225000.00000000015
3,2,851.0,Leasehold,,478.0,Condominium,2.0,Medium,Non Bumi Lot,Penang,1.0,5,0,0,0,0,0,0,0,1,0,2.0,0,0,0,0,1,0,0,1,1,0,1,0,1,0,738999.9999999995
3,2,700.0,Leasehold,17.0,3.0,Apartment,1.0,,Non Bumi Lot,Penang,31.0,0,0,0,0,0,0,0,0,1,0,,0,0,0,0,0,0,0,0,0,0,0,0,0,0,285000.0
3,2,842.0,Leasehold,19.0,408.0,Service Residence,1.0,Medium,Bumi Lot,Selangor,5.0,8,1,0,0,1,0,0,0,0,0,2.0,0,0,1,0,1,1,1,1,1,0,1,0,1,0,269999.99999999977
3,2,680.0,Freehold,,,Apartment,1.0,High,Non Bumi Lot,Penang,3.0,9,0,0,0,0,0,0,0,1,1,3.0,0,0,1,0,1,1,0,1,1,1,1,0,1,1,345000.00000000006
3,2,870.0,Leasehold,29.0,391.0,Service Residence,2.0,Medium,Non Bumi Lot,Sabah,7.0,9,0,0,0,0,0,0,0,1,0,2.0,0,0,1,1,1,1,0,1,1,1,1,0,1,0,450000.00000000035
3,2,700.0,Freehold,12.0,,Apartment,2.0,,Non Bumi Lot,Penang,23.0,0,0,0,0,0,0,0,0,1,1,,0,0,0,0,0,0,0,0,0,0,0,0,0,0,355000.0
3,3,1210.0,Leasehold,21.0,482.0,Condominium,2.0,,Non Bumi Lot,Selangor,7.0,9,0,0,0,0,0,0,0,1,0,,1,0,1,0,1,1,1,1,1,0,1,0,1,0,397999.9999999999
3,1,700.0,Freehold,5.0,7810.0,Apartment,,Low,Non Bumi Lot,Selangor,,2,0,1,0,0,0,0,0,1,1,1.0,0,0,0,0,0,0,0,1,1,0,0,0,0,0,149999.99999999994
2,2,527.0,Leasehold,,,Flat,,High,Bumi Lot,Selangor,,0,0,0,0,0,0,0,0,0,0,3.0,0,0,0,0,0,0,0,0,0,0,0,0,0,0,135000.00000000012
3,2,715.0,Freehold,5.0,,Apartment,,Low,Non Bumi Lot,Selangor,,0,0,0,0,0,0,0,0,1,1,1.0,0,0,0,0,0,0,0,0,0,0,0,0,0,0,295000.00000000006
3,2,750.0,Freehold,,,Apartment,1.0,,Non Bumi Lot,Penang,,3,0,0,0,0,0,0,0,1,1,,0,0,0,0,1,1,0,1,0,0,0,0,0,0,355000.0
3,1,614.0,Freehold,,,Flat,,High,Non Bumi Lot,Penang,,0,0,0,0,0,0,0,0,1,1,3.0,0,0,0,0,0,0,0,0,0,0,0,0,0,0,130000.00000000006
3,2,1272.0,Freehold,,572.0,Condominium,,,Non Bumi Lot,Kuala Lumpur,,0,1,0,1,1,0,0,1,1,1,,0,0,0,0,0,0,0,0,0,0,0,0,0,0,422999.9999999997
4,2,850.0,Freehold,5.0,400.0,Apartment,1.0,Low,Non Bumi Lot,Selangor,6.0,5,0,0,1,1,0,0,0,1,1,1.0,0,0,0,0,1,0,1,1,1,0,1,0,0,0,298999.99999999977
3,2,689.0,Freehold,,,Flat,,Medium,Non Bumi Lot,Penang,,0,0,0,0,0,0,0,0,1,1,2.0,0,0,0,0,0,0,0,0,0,0,0,0,0,0,100000.00000000001
3,2,795.0,Freehold,,,Apartment,1.0,Low,Bumi Lot,Sabah,,5,0,0,0,0,0,0,0,0,1,1.0,0,0,0,0,0,0,1,1,1,0,1,0,1,0,279999.9999999998
3,2,900.0,Freehold,5.0,,Apartment,,High,Non Bumi Lot,Selangor,16.0,0,0,0,0,0,0,0,0,1,1,3.0,0,0,0,0,0,0,0,0,0,0,0,0,0,0,249999.99999999983
1,1,622.0,Leasehold,38.0,1163.0,Service Residence,1.0,High,Non Bumi Lot,Kuala Lumpur,5.0,5,1,0,1,1,1,0,0,1,0,3.0,0,0,1,1,0,0,0,1,0,0,1,0,1,0,570000.0
3,2,891.0,Freehold,,280.0,Service Residence,2.0,,Non Bumi Lot,Selangor,5.0,5,0,0,1,0,0,0,0,1,1,,0,0,1,0,0,0,1,1,1,0,0,0,1,0,487999.99999999965
3,2,1023.0,Freehold,63.0,956.0,Service Residence,,Medium,Non Bumi Lot,Kuala Lumpur,2.0,8,1,1,1,1,0,0,0,1,1,2.0,1,0,1,1,0,0,0,1,1,1,1,0,1,0,635000.0000000005
3,2,1023.0,Freehold,,1205.0,Condominium,2.0,Medium,Non Bumi Lot,Selangor,4.0,6,0,0,0,0,0,0,0,1,1,2.0,0,0,1,0,1,0,0,1,1,0,1,0,1,0,299999.9999999999
1,1,450.0,Leasehold,32.0,704.0,Service Residence,1.0,High,Non Bumi Lot,Selangor,7.0,10,0,1,0,0,1,0,0,1,0,3.0,1,0,1,1,1,0,1,1,1,1,1,0,1,0,316999.9999999998
3,2,1055.0,Leasehold,,,Condominium,2.0,,Non Bumi Lot,Selangor,,12,1,0,1,1,0,0,0,1,0,,1,1,1,1,1,1,1,1,1,1,1,0,1,0,319999.9999999998
2,2,783.0,Freehold,,,Service Residence,1.0,High,Non Bumi Lot,Pahang,,6,0,0,0,0,0,0,0,1,1,3.0,0,0,1,0,1,1,0,1,0,0,1,0,1,0,649999.9999999998
3,2,905.0,Freehold,5.0,20.0,Apartment,1.0,Medium,Non Bumi Lot,Penang,24.0,2,0,0,0,0,0,0,0,1,1,2.0,0,0,0,0,1,0,0,1,0,0,0,0,0,0,389999.99999999994
3,2,1300.0,Freehold,21.0,455.0,Condominium,2.0,High,Non Bumi Lot,Selangor,8.0,9,0,0,0,0,0,0,0,1,1,3.0,1,0,1,1,1,0,1,1,1,0,1,0,1,0,350000.0000000001
3,2,580.0,Leasehold,23.0,2208.0,Apartment,,High,Non Bumi Lot,Penang,14.0,4,0,0,0,0,0,0,0,1,0,3.0,0,0,0,1,1,1,0,1,0,0,0,0,0,0,200000.00000000006
3,2,1219.0,Freehold,24.0,1235.0,Condominium,2.0,High,Non Bumi Lot,Penang,2.0,10,0,0,0,0,0,0,0,1,1,3.0,1,0,1,1,1,0,1,1,1,1,1,0,1,0,800000.0000000003
2,2,850.0,Freehold,36.0,498.0,Service Residence,,Medium,Non Bumi Lot,Selangor,6.0,4,1,1,1,1,1,0,0,1,1,2.0,1,0,0,0,0,0,1,0,1,0,0,0,1,0,599999.9999999999
4,2,1650.0,Freehold,,,Condominium,2.0,High,Non Bumi Lot,,,5,0,0,0,0,0,0,0,1,1,3.0,0,0,0,0,1,0,0,1,1,0,1,0,1,0,599999.9999999999
3,2,1100.0,Freehold,11.0,60.0,Condominium,1.0,Medium,Non Bumi Lot,Selangor,,5,1,1,1,1,1,0,0,1,1,2.0,0,0,0,0,1,0,0,1,1,0,1,0,1,0,380000.0000000003
3,3,1177.0,Leasehold,15.0,,Condominium,,Low,Bumi Lot,Selangor,,5,1,1,1,1,0,0,0,0,0,1.0,0,0,0,0,0,1,0,1,1,0,1,0,1,0,450000.00000000035
4,3,1300.0,Freehold,29.0,550.0,Condominium,2.0,Medium,Non Bumi Lot,Selangor,2.0,12,1,1,1,1,1,0,0,1,1,2.0,1,1,1,1,1,0,1,1,1,0,1,1,1,1,298999.99999999977
3,2,834.0,Leasehold,26.0,832.0,Service Residence,,High,Non Bumi Lot,Selangor,0.0,0,0,0,0,0,0,0,0,1,0,3.0,0,0,0,0,0,0,0,0,0,0,0,0,0,0,269999.99999999977
3,2,700.0,Freehold,,,Flat,,Low,Non Bumi Lot,Penang,,0,0,0,0,0,0,0,0,1,1,1.0,0,0,0,0,0,0,0,0,0,0,0,0,0,0,120000.00000000006
3,2,1250.0,Freehold,,428.0,Condominium,2.0,,Non Bumi Lot,Selangor,7.0,11,0,0,0,0,0,0,0,1,1,,1,1,1,1,1,1,1,1,1,0,1,0,1,0,340000.00000000006
2,1,657.0,Leasehold,,596.0,Service Residence,,,Non Bumi Lot,Selangor,1.0,6,0,1,1,0,0,0,0,1,0,,1,0,0,1,0,0,0,1,1,1,1,0,0,0,468000.00000000006
3,2,850.0,Leasehold,15.0,,Apartment,2.0,Medium,Non Bumi Lot,Selangor,,5,1,0,0,1,0,0,0,1,0,2.0,0,0,0,1,1,0,0,1,1,0,1,0,0,0,340000.00000000006
2,2,860.0,Leasehold,48.0,1332.0,Condominium,2.0,Medium,Non Bumi Lot,Kuala Lumpur,,9,0,0,0,0,0,0,0,1,0,2.0,1,0,1,0,1,0,1,1,1,1,1,0,1,0,567999.9999999995
2,1,660.0,Leasehold,,,Apartment,,High,Non Bumi Lot,Sarawak,,0,0,0,0,0,0,0,0,1,0,3.0,0,0,0,0,0,0,0,0,0,0,0,0,0,0,167999.99999999994
3,2,950.0,Leasehold,15.0,,Apartment,1.0,Low,Bumi Lot,Kuala Lumpur,,6,0,1,0,1,0,0,0,0,0,1.0,0,0,0,0,1,1,1,1,1,0,1,0,0,0,355000.0
3,2,1200.0,Freehold,23.0,744.0,Service Residence,2.0,Low,Non Bumi Lot,Selangor,9.0,10,0,0,0,1,0,0,1,1,1,1.0,1,0,1,0,1,1,1,1,1,1,1,0,1,0,330000.0000000001
3,2,850.0,Leasehold,12.0,1012.0,Apartment,1.0,Low,Non Bumi Lot,Sabah,,8,0,0,0,0,0,0,0,1,0,1.0,0,0,1,1,1,0,0,1,1,0,1,0,1,1,254999.99999999985
3,2,1102.0,Freehold,,,Apartment,2.0,Medium,Non Bumi Lot,Selangor,,7,0,0,0,1,1,0,0,1,1,2.0,1,0,0,1,1,0,0,1,1,0,1,0,1,0,248999.99999999988
3,2,650.0,Leasehold,11.0,792.0,Apartment,,Medium,Bumi Lot,Kuala Lumpur,21.0,4,1,0,1,1,0,0,1,0,0,2.0,0,0,0,0,0,1,0,1,0,0,1,0,1,0,177000.00000000006
3,2,850.0,Leasehold,9.0,344.0,Apartment,,Low,Bumi Lot,Selangor,11.0,6,0,0,1,0,0,0,0,0,0,1.0,1,0,0,1,0,1,0,1,1,0,1,0,0,0,240000.00000000015
3,3,1515.0,Freehold,15.0,198.0,Condominium,1.0,High,Non Bumi Lot,Putrajaya,25.0,13,0,0,0,0,0,0,0,1,1,3.0,1,0,1,1,1,1,1,1,1,1,1,1,1,1,550000.0000000001
3,2,1173.0,Leasehold,15.0,,Condominium,1.0,Medium,Bumi Lot,Selangor,,8,1,1,1,1,0,0,0,0,0,2.0,0,0,1,0,1,1,1,1,1,0,1,0,1,0,355000.0
3,2,1566.0,Leasehold,,17.0,Condominium,2.0,Medium,Non Bumi Lot,Penang,,8,0,0,0,0,0,0,0,1,0,2.0,0,0,1,0,1,0,1,1,1,1,1,0,1,0,800000.0000000003
3,2,800.0,Freehold,,,Apartment,1.0,High,Bumi Lot,Selangor,,1,0,0,0,0,0,0,0,0,1,3.0,0,0,0,0,0,0,0,1,0,0,0,0,0,0,185000.00000000006
3,2,700.0,Freehold,30.0,500.0,Apartment,1.0,,Non Bumi Lot,Penang,11.0,8,0,0,0,0,0,0,0,1,1,,1,0,1,1,0,0,1,1,1,0,1,0,1,0,380000.0000000003
4,3,1600.0,Freehold,22.0,816.0,Condominium,2.0,Medium,Non Bumi Lot,Penang,16.0,9,0,0,0,0,0,0,0,1,1,2.0,1,0,1,1,1,0,0,1,1,0,1,1,1,0,660000.0000000003
2,2,650.0,Leasehold,44.0,2136.0,Service Residence,1.0,Low,Non Bumi Lot,Kuala Lumpur,2.0,11,0,1,0,1,0,0,1,1,0,1.0,1,0,1,1,1,1,1,1,1,1,1,0,1,0,340000.00000000006
3,2,872.0,Leasehold,11.0,708.0,Apartment,1.0,Low,Non Bumi Lot,Johor,,7,0,0,0,0,0,0,0,1,0,1.0,1,1,1,0,0,0,0,0,1,0,1,0,1,1,249999.99999999983
3,2,1000.0,Leasehold,,,Condominium,,Medium,Non Bumi Lot,Sabah,,4,0,0,0,0,0,0,0,1,0,2.0,0,0,0,0,1,0,0,1,1,0,1,0,0,0,397999.9999999999
3,2,1141.0,Leasehold,19.0,486.0,Condominium,1.0,Low,Bumi Lot,Kuala Lumpur,28.0,12,0,1,0,0,0,0,1,0,0,1.0,1,1,1,1,1,1,0,1,1,1,1,0,1,1,299999.9999999999
3,2,650.0,Freehold,,405.0,Apartment,1.0,,Non Bumi Lot,Penang,,3,0,0,0,0,0,0,0,1,1,,0,0,0,0,0,1,0,1,0,0,1,0,0,0,260000.00000000015
3,2,1000.0,Freehold,38.0,203.0,Condominium,2.0,Low,Non Bumi Lot,Penang,10.0,11,0,0,0,0,0,0,0,1,1,1.0,1,1,1,1,1,0,1,1,1,1,1,0,1,0,507999.99999999994
2,1,650.0,Leasehold,,,Apartment,,,Non Bumi Lot,Penang,,0,0,0,0,0,0,0,0,1,0,,0,0,0,0,0,0,0,0,0,0,0,0,0,0,165000.00000000006
4,2,1050.0,Leasehold,5.0,,Condominium,1.0,,Non Bumi Lot,Kuala Lumpur,,6,0,1,0,1,1,0,0,1,0,,1,0,0,0,0,1,0,1,1,0,1,0,1,0,389999.99999999994
3,2,1063.0,Freehold,,,Apartment,,Medium,Non Bumi Lot,Selangor,,5,0,0,0,0,0,0,0,1,1,2.0,0,0,1,0,0,0,1,1,1,0,1,0,0,0,219999.99999999985
3,2,1052.0,Freehold,14.0,244.0,Condominium,2.0,Medium,Non Bumi Lot,Selangor,3.0,10,0,0,0,0,0,0,0,1,1,2.0,1,0,1,1,1,1,1,1,1,0,1,0,1,0,394999.99999999994
2,2,650.0,Freehold,,,Service Residence,1.0,,Non Bumi Lot,Kuala Lumpur,,11,1,1,1,1,1,0,0,1,1,,1,0,1,1,1,1,1,1,1,0,1,0,1,1,420000.00000000023
3,2,1100.0,Freehold,30.0,816.0,Condominium,4.0,High,Non Bumi Lot,Penang,7.0,9,0,0,0,0,0,0,0,1,1,3.0,1,0,1,1,1,0,1,1,1,0,1,0,1,0,629999.9999999999
2,2,721.0,Freehold,24.0,,Service Residence,1.0,Medium,Non Bumi Lot,Johor,,7,0,0,0,0,0,0,0,1,1,2.0,0,1,1,1,0,0,1,1,0,0,1,0,1,0,330000.0000000001
2,2,1191.0,Leasehold,20.0,973.0,Apartment,,Medium,Non Bumi Lot,Johor,7.0,7,0,0,0,0,0,0,0,1,0,2.0,0,0,1,0,0,1,1,1,0,1,1,0,1,0,420000.00000000023
3,2,850.0,Freehold,22.0,816.0,Condominium,1.0,Medium,Non Bumi Lot,Penang,16.0,9,0,0,0,0,0,0,0,1,1,2.0,1,0,1,1,1,0,0,1,1,0,1,1,1,0,420000.00000000023
3,2,1068.0,Freehold,30.0,311.0,Condominium,2.0,Medium,Non Bumi Lot,Johor,7.0,11,0,0,0,0,0,0,0,1,1,2.0,1,0,1,1,0,1,1,1,1,1,1,0,1,1,450000.00000000035
2,2,1010.0,Freehold,25.0,2003.0,Service Residence,1.0,Medium,Non Bumi Lot,Johor,4.0,14,0,0,0,0,0,0,0,1,1,2.0,1,1,1,1,1,1,1,1,1,1,1,1,1,1,396000.0000000003
3,2,800.0,Freehold,8.0,95.0,Condominium,1.0,Medium,Non Bumi Lot,Penang,,0,0,0,0,0,0,0,0,1,1,2.0,0,0,0,0,0,0,0,0,0,0,0,0,0,0,378000.0
3,2,1160.0,Freehold,18.0,68.0,Apartment,2.0,Medium,Non Bumi Lot,Penang,27.0,7,0,0,0,0,0,0,0,1,1,2.0,0,0,1,1,1,0,0,1,0,0,1,0,1,1,890000.0000000006
3,2,850.0,Leasehold,16.0,488.0,Condominium,1.0,,Non Bumi Lot,Penang,25.0,13,0,0,0,0,0,0,0,1,0,,1,1,1,1,1,1,0,1,1,1,1,1,1,1,447000.00000000006
3,2,960.0,Leasehold,8.0,,Apartment,1.0,High,Non Bumi Lot,Selangor,,3,1,0,1,0,0,1,0,1,0,3.0,0,0,0,0,0,0,0,1,1,0,1,0,0,0,295000.00000000006
5,4,2293.0,Freehold,16.0,520.0,Condominium,2.0,High,Non Bumi Lot,Selangor,24.0,14,0,0,0,0,0,0,0,1,1,3.0,1,1,1,1,1,1,1,1,1,1,1,1,1,1,547000.0000000003
3,2,1000.0,Leasehold,,109.0,Condominium,,Medium,Non Bumi Lot,Sabah,,7,0,0,0,0,0,0,0,1,0,2.0,1,1,1,0,0,0,0,1,1,0,1,0,1,0,450000.00000000035
3,2,973.0,Leasehold,,352.0,Condominium,,Medium,Non Bumi Lot,Johor,8.0,9,0,0,0,0,0,0,0,1,0,2.0,1,0,1,1,1,1,0,1,1,0,1,0,1,0,317999.99999999994
3,2,915.0,Freehold,4.0,,Condominium,1.0,Low,Non Bumi Lot,Selangor,32.0,3,1,1,1,1,0,0,1,1,1,1.0,0,0,0,0,0,0,0,1,1,0,1,0,0,0,420000.00000000023
3,2,802.0,Leasehold,14.0,1008.0,Condominium,2.0,,Non Bumi Lot,Kuala Lumpur,28.0,1,1,0,1,1,1,0,0,1,0,,0,0,0,0,0,1,0,0,0,0,0,0,0,0,210000.0000000001
3,2,947.0,Leasehold,22.0,396.0,Condominium,2.0,Low,Non Bumi Lot,Penang,6.0,10,0,0,0,0,0,0,0,1,0,1.0,1,1,1,1,1,0,0,1,1,1,1,0,0,1,520000.0000000003
3,2,916.0,Leasehold,22.0,328.0,Apartment,2.0,Medium,Non Bumi Lot,Johor,7.0,7,0,0,0,0,0,0,0,1,0,2.0,0,0,1,0,1,1,0,1,1,0,1,0,1,0,378000.0
1,1,717.0,Freehold,11.0,,Condominium,1.0,,Non Bumi Lot,Kuala Lumpur,,9,1,0,1,1,1,0,1,1,1,,1,0,1,0,0,0,0,1,1,1,1,1,1,1,279999.9999999998
3,2,800.0,Leasehold,,3600.0,Service Residence,1.0,Medium,Non Bumi Lot,Kuala Lumpur,,11,1,1,1,1,1,0,0,1,0,2.0,1,1,1,1,1,1,1,1,1,0,1,0,1,0,299999.9999999999
2,2,565.0,Freehold,27.0,526.0,Apartment,2.0,High,Non Bumi Lot,Kuala Lumpur,8.0,7,1,1,0,1,0,0,0,1,1,3.0,1,0,1,0,0,0,1,0,1,1,1,0,1,0,319999.9999999998
4,2,1400.0,Leasehold,,,Condominium,1.0,,Non Bumi Lot,Sarawak,,0,0,0,0,0,0,0,0,1,0,,0,0,0,0,0,0,0,0,0,0,0,0,0,0,520000.0000000003
3,2,1009.0,Leasehold,36.0,1338.0,Service Residence,2.0,Low,Non Bumi Lot,Kuala Lumpur,6.0,11,1,0,1,1,0,0,0,1,0,1.0,1,0,1,1,1,1,1,1,1,1,1,0,1,0,355000.0
4,2,1350.0,Leasehold,4.0,96.0,Apartment,1.0,High,Non Bumi Lot,Sabah,8.0,4,0,0,0,0,0,0,0,1,0,3.0,0,0,0,0,0,0,0,1,1,0,1,0,1,0,414999.9999999997
1,1,618.0,Leasehold,28.0,467.0,Service Residence,,,Non Bumi Lot,Kuala Lumpur,8.0,9,0,0,1,0,0,0,0,1,0,,1,1,1,1,0,0,1,1,1,1,1,0,0,0,330000.0000000001
3,2,700.0,Freehold,24.0,234.0,Apartment,1.0,,Non Bumi Lot,Penang,,4,0,0,0,0,0,0,0,1,1,,0,0,0,0,1,0,0,1,1,0,1,0,0,0,260000.00000000015
1,1,649.0,Leasehold,56.0,819.0,Service Residence,1.0,Medium,Non Bumi Lot,Sabah,1.0,5,0,0,0,0,0,0,0,1,0,2.0,0,0,1,0,0,0,1,0,0,1,1,0,1,0,738238.0000000001
2,1,550.0,Leasehold,,,Flat,,Medium,Non Bumi Lot,Penang,,2,0,0,0,0,0,0,0,1,0,2.0,0,0,0,0,0,1,0,1,0,0,0,0,0,0,137999.99999999988
3,2,933.0,Leasehold,,,Service Residence,1.0,High,Non Bumi Lot,Sarawak,,5,0,0,0,0,0,0,0,1,0,3.0,0,0,1,0,1,0,1,1,0,0,0,0,1,0,599999.9999999999
3,2,750.0,Freehold,,,Apartment,,Medium,Bumi Lot,Selangor,,0,0,0,0,0,0,0,0,0,1,2.0,0,0,0,0,0,0,0,0,0,0,0,0,0,0,149999.99999999994
3,2,700.0,Freehold,19.0,322.0,Apartment,1.0,Low,Non Bumi Lot,Penang,24.0,7,0,0,0,0,0,0,0,1,1,1.0,0,0,1,0,1,1,0,1,1,0,1,0,1,0,368000.00000000006
5,4,2600.0,Freehold,25.0,,Condominium,3.0,,Non Bumi Lot,Penang,13.0,8,0,0,0,0,0,0,0,1,1,,1,0,1,0,0,0,1,1,1,1,1,0,1,0,1450000.000000001
4,2,1600.0,Freehold,24.0,234.0,Condominium,2.0,,Non Bumi Lot,Penang,,1,0,0,0,0,0,0,0,1,1,,0,0,0,0,0,0,0,1,0,0,0,0,0,0,529999.9999999998
3,2,650.0,Freehold,,,Flat,,,Non Bumi Lot,Selangor,,1,0,0,0,0,0,0,0,1,1,,0,0,0,0,0,0,0,1,0,0,0,0,0,0,109999.99999999991
3,2,614.0,Leasehold,22.0,900.0,Apartment,1.0,,Non Bumi Lot,Penang,14.0,6,0,0,0,0,0,0,0,1,0,,0,0,0,0,1,1,1,1,1,0,1,0,0,0,269999.99999999977
3,2,774.0,Leasehold,36.0,630.0,Service Residence,1.0,Medium,Non Bumi Lot,Kuala Lumpur,7.0,14,0,0,1,0,0,0,1,1,0,2.0,1,1,1,1,1,1,1,1,1,1,1,1,1,1,529999.9999999998
4,2,9376.0,Leasehold,17.0,416.0,Condominium,1.0,Medium,Bumi Lot,Selangor,,8,0,0,0,1,0,0,1,0,0,2.0,0,1,0,1,1,1,0,1,1,0,1,0,1,0,249999.99999999983
3,1,678.0,Freehold,,,Flat,,Low,Non Bumi Lot,Johor,,0,0,0,0,0,0,0,0,1,1,1.0,0,0,0,0,0,0,0,0,0,0,0,0,0,0,188000.00000000012
2,1,689.0,Freehold,11.0,1240.0,Condominium,1.0,High,Non Bumi Lot,Kuala Lumpur,23.0,4,0,1,1,1,0,0,1,1,1,3.0,0,0,0,0,0,1,0,1,1,0,1,0,0,0,269999.99999999977
3,2,1000.0,Leasehold,,109.0,Condominium,1.0,Medium,Non Bumi Lot,Sabah,,6,0,0,0,0,0,0,0,1,0,2.0,1,1,0,0,1,0,0,1,0,0,1,0,1,0,448000.0000000002
3,2,650.0,Freehold,,,Apartment,1.0,Low,Bumi Lot,Selangor,16.0,2,1,0,1,1,0,1,1,0,1,1.0,0,0,0,0,1,0,0,1,0,0,0,0,0,0,159999.9999999999
2,1,660.0,Leasehold,,,Apartment,1.0,,Non Bumi Lot,Sarawak,,0,0,0,0,0,0,0,0,1,0,,0,0,0,0,0,0,0,0,0,0,0,0,0,0,167999.99999999994
3,2,600.0,Leasehold,,,Apartment,,High,Bumi Lot,Selangor,,4,0,0,0,1,1,0,1,0,0,3.0,0,0,0,1,0,1,0,1,1,0,0,0,0,0,165000.00000000006
3,2,753.0,Leasehold,,,Condominium,1.0,Low,Bumi Lot,Kuala Lumpur,,6,1,1,0,1,0,1,1,0,0,1.0,0,0,1,1,0,1,0,1,0,0,1,0,1,0,299999.9999999999
3,2,1100.0,Freehold,,,Condominium,1.0,Medium,Non Bumi Lot,Melaka,,3,0,0,0,0,0,0,0,1,1,2.0,0,0,0,0,0,0,0,1,0,0,1,0,1,0,350000.0000000001
3,2,1300.0,Freehold,27.0,299.0,Condominium,,High,Non Bumi Lot,Kuala Lumpur,29.0,14,1,1,1,1,1,1,0,1,1,3.0,1,1,1,1,1,1,1,1,1,1,1,1,1,1,708000.0000000003
3,2,1100.0,Freehold,5.0,,Apartment,,,Non Bumi Lot,Kuala Lumpur,,2,1,0,1,1,0,0,1,1,1,,0,0,0,0,0,0,0,1,0,0,1,0,0,0,289999.9999999999
3,2,914.0,Freehold,15.0,464.0,Apartment,1.0,Low,Non Bumi Lot,Selangor,17.0,9,1,1,1,1,1,0,1,1,1,1.0,0,0,1,0,1,1,1,1,1,0,1,0,1,1,314999.99999999994
3,2,1000.0,Freehold,5.0,,Condominium,1.0,Medium,Non Bumi Lot,Kuala Lumpur,,9,1,0,1,1,0,0,0,1,1,2.0,1,0,0,0,0,1,0,1,1,1,1,1,1,1,340000.00000000006
3,2,628.0,Leasehold,14.0,90.0,Apartment,,Medium,Bumi Lot,Selangor,,4,0,0,1,1,0,0,0,0,0,2.0,0,0,0,0,0,1,0,1,1,0,1,0,0,0,139999.9999999999
1,1,484.0,Freehold,,1160.0,Service Residence,1.0,Medium,Non Bumi Lot,Johor,10.0,9,0,0,0,0,0,0,0,1,1,2.0,0,0,1,1,0,1,1,0,1,1,1,0,1,1,249999.99999999983
2,2,1010.0,Freehold,25.0,2003.0,Service Residence,2.0,High,Non Bumi Lot,Johor,4.0,14,0,0,0,0,0,0,0,1,1,3.0,1,1,1,1,1,1,1,1,1,1,1,1,1,1,396000.0000000003
2,2,1016.0,Freehold,44.0,378.0,Condominium,2.0,Medium,Non Bumi Lot,Penang,5.0,8,0,0,0,0,0,0,0,1,1,2.0,1,0,1,0,0,0,1,1,1,1,1,0,1,0,620000.0
3,2,800.0,Freehold,4.0,75.0,Apartment,2.0,,Non Bumi Lot,Selangor,9.0,6,0,0,0,0,0,0,0,1,1,,0,0,0,1,1,0,1,1,1,0,0,0,1,0,249999.99999999983
3,2,1230.0,Freehold,39.0,202.0,Condominium,,High,Non Bumi Lot,Penang,6.0,10,0,0,0,0,0,0,0,1,1,3.0,0,0,1,1,1,1,0,1,1,0,1,1,1,1,949999.9999999999
3,2,1044.0,Leasehold,5.0,200.0,Apartment,1.0,Medium,Non Bumi Lot,Selangor,19.0,6,1,1,1,1,0,0,1,1,0,2.0,0,0,0,0,1,1,0,1,1,0,1,0,1,0,324999.9999999999
2,1,517.0,Freehold,,,Apartment,,Medium,Non Bumi Lot,Selangor,,1,0,0,0,0,0,0,0,1,1,2.0,0,0,0,0,1,0,0,0,0,0,0,0,0,0,179999.99999999997
3,2,750.0,Leasehold,,,Apartment,1.0,Medium,Bumi Lot,Selangor,,5,0,0,0,0,0,0,0,0,0,2.0,0,0,0,1,0,0,1,1,1,0,1,0,0,0,254999.99999999985
2,1,635.0,Freehold,,280.0,Service Residence,,High,Non Bumi Lot,Selangor,5.0,9,0,0,1,0,0,0,0,1,1,3.0,0,0,1,1,1,1,1,1,1,0,1,0,1,0,380000.0000000003
3,2,1112.0,Freehold,,,Condominium,2.0,Medium,Non Bumi Lot,Penang,,0,0,0,0,0,0,0,0,1,1,2.0,0,0,0,0,0,0,0,0,0,0,0,0,0,0,447500.0000000003
3,2,800.0,Leasehold,,,Apartment,,High,Non Bumi Lot,Sarawak,,2,0,0,0,0,0,0,0,1,0,3.0,0,0,0,0,0,0,0,1,0,0,1,0,0,0,275000.00000000006
3,2,750.0,Freehold,,,Apartment,1.0,High,Bumi Lot,Selangor,,14,0,0,1,1,0,0,0,0,1,3.0,1,1,1,1,1,1,1,1,1,1,1,1,1,1,275000.00000000006
3,2,850.0,Leasehold,,,Apartment,1.0,Low,Bumi Lot,Selangor,,4,0,0,0,1,0,0,0,0,0,1.0,0,0,0,0,1,0,0,1,1,0,1,0,0,0,275000.00000000006
3,2,925.0,Leasehold,16.0,412.0,Service Residence,1.0,High,Bumi Lot,Kuala Lumpur,6.0,9,0,0,0,0,0,0,0,0,0,3.0,0,0,1,0,1,1,1,1,1,1,1,0,1,0,365000.00000000023
2,2,797.0,Leasehold,,,Condominium,1.0,High,Non Bumi Lot,Johor,,6,0,0,0,0,0,0,0,1,0,3.0,0,0,1,0,1,0,0,1,1,0,1,0,1,0,380789.9999999999
3,1,625.0,Freehold,,,Flat,,High,Non Bumi Lot,Penang,,5,0,0,0,0,0,0,0,1,1,3.0,0,0,0,0,1,1,0,1,1,0,1,0,0,0,230000.0000000002
2,1,698.0,Leasehold,,,Condominium,1.0,Medium,Non Bumi Lot,Kuala Lumpur,7.0,5,1,0,1,1,0,0,1,1,0,2.0,0,0,1,1,0,0,1,1,1,0,0,0,0,0,410000.00000000006
3,2,800.0,Freehold,4.0,,Flat,1.0,High,Non Bumi Lot,Selangor,,0,0,0,0,0,1,0,0,1,1,3.0,0,0,0,0,0,0,0,0,0,0,0,0,0,0,85000.0
3,2,773.0,Freehold,,400.0,Apartment,1.0,,Non Bumi Lot,Selangor,,3,0,0,1,1,0,1,0,1,1,,0,0,0,0,0,0,1,0,1,0,1,0,0,0,234999.99999999994
3,2,1010.0,Freehold,23.0,375.0,Condominium,1.0,Medium,Non Bumi Lot,Selangor,15.0,8,0,1,0,0,1,0,0,1,1,2.0,0,0,1,0,1,1,1,1,1,0,1,0,1,0,380000.0000000003
3,2,720.0,Leasehold,,,Apartment,,Medium,Bumi Lot,Selangor,,1,1,0,0,0,0,0,0,0,0,2.0,0,0,0,0,0,0,0,0,0,0,1,0,0,0,190000.00000000012
3,2,1299.0,Freehold,16.0,320.0,Condominium,1.0,,Non Bumi Lot,Kuala Lumpur,24.0,5,1,1,1,1,0,0,1,1,1,,0,0,0,0,0,0,0,1,1,0,1,0,1,1,400000.0000000002
3,2,1011.0,Freehold,23.0,744.0,Service Residence,2.0,High,Non Bumi Lot,Selangor,9.0,10,0,0,0,1,0,0,1,1,1,3.0,1,0,1,0,1,1,1,1,1,1,1,0,1,0,299999.9999999999
3,2,700.0,Freehold,31.0,780.0,Apartment,1.0,High,Non Bumi Lot,Penang,10.0,5,0,0,0,0,0,0,0,1,1,3.0,0,0,0,0,1,1,0,1,0,0,1,0,1,0,350000.0000000001
2,1,494.0,Freehold,,,Flat,,High,Non Bumi Lot,Johor,,0,0,0,0,0,0,0,0,1,1,3.0,0,0,0,0,0,0,0,0,0,0,0,0,0,0,124999.99999999991
3,2,860.0,Freehold,27.0,,Condominium,1.0,,Non Bumi Lot,Penang,18.0,7,0,0,0,0,0,0,0,1,1,,1,0,1,0,1,0,0,1,1,0,1,0,1,0,420000.00000000023
5,2,928.0,Freehold,,,Service Residence,2.0,High,Non Bumi Lot,Kuala Lumpur,,0,1,0,1,1,1,0,0,1,1,3.0,0,0,0,0,0,0,0,0,0,0,0,0,0,0,410000.00000000006
3,3,1389.0,Freehold,,300.0,Service Residence,,High,Non Bumi Lot,Selangor,6.0,5,1,0,1,1,0,0,0,1,1,3.0,0,0,1,0,0,0,1,0,1,0,1,0,1,0,232000.00000000015
2,1,712.0,Leasehold,,,Apartment,,Medium,Non Bumi Lot,Sabah,,4,0,0,0,0,0,0,0,1,0,2.0,0,0,0,0,0,0,0,1,1,0,1,0,1,0,249999.99999999983
3,2,1300.0,Freehold,6.0,225.0,Condominium,2.0,,Non Bumi Lot,Penang,8.0,13,0,0,0,0,0,0,0,1,1,,1,1,1,1,1,1,0,1,1,1,1,1,1,1,538000.0000000003
3,2,1142.0,Freehold,,,Condominium,1.0,,Non Bumi Lot,,,7,0,0,0,0,0,0,0,1,1,,1,0,1,0,0,1,0,1,1,0,0,0,1,1,350000.0000000001
3,2,883.0,Leasehold,33.0,746.0,Service Residence,2.0,Medium,Non Bumi Lot,Selangor,2.0,9,1,0,0,1,0,0,0,1,0,2.0,1,0,1,1,1,0,1,0,1,1,1,0,1,0,489999.9999999997
3,2,1159.0,Leasehold,5.0,414.0,Apartment,1.0,,Non Bumi Lot,Selangor,17.0,7,0,0,0,0,0,0,0,1,0,,1,0,1,0,1,0,0,1,1,0,1,0,1,0,289000.0
3,2,991.0,Freehold,,,Condominium,,High,Non Bumi Lot,Melaka,,6,0,0,0,0,0,0,0,1,1,3.0,0,0,1,0,1,0,0,1,1,0,1,0,1,0,338000.00000000023
3,2,870.0,Leasehold,5.0,,Apartment,,High,Bumi Lot,Selangor,,4,0,0,0,0,0,0,0,0,0,3.0,1,0,0,0,0,0,0,1,1,0,1,0,0,0,234999.99999999994
3,2,750.0,Freehold,5.0,,Apartment,1.0,High,Non Bumi Lot,Selangor,,6,0,0,1,0,0,0,0,1,1,3.0,0,0,0,1,0,1,1,1,1,0,1,0,0,0,219999.99999999985
3,2,800.0,Leasehold,6.0,672.0,Apartment,1.0,,Non Bumi Lot,Penang,29.0,7,0,0,0,0,0,0,0,1,0,,1,0,0,1,1,0,0,1,1,0,1,0,1,0,289999.9999999999
3,2,700.0,Freehold,30.0,,Apartment,,,Non Bumi Lot,Penang,,6,0,0,0,0,0,0,0,1,1,,0,0,1,0,1,1,0,1,0,0,1,0,1,0,359999.99999999994
1,1,880.0,Freehold,36.0,670.0,Studio,2.0,Medium,Non Bumi Lot,Selangor,7.0,14,1,1,1,1,1,0,0,1,1,2.0,1,1,1,1,1,1,1,1,1,1,1,1,1,1,543000.0000000002
3,2,1152.0,Leasehold,19.0,292.0,Apartment,1.0,Medium,Non Bumi Lot,Kuala Lumpur,18.0,6,1,1,1,1,0,0,1,1,0,2.0,0,0,0,1,0,1,0,1,1,0,1,0,1,0,365000.00000000023
3,1,650.0,Leasehold,,,Apartment,,Medium,Bumi Lot,Selangor,,1,0,0,0,0,0,0,0,0,0,2.0,0,0,0,0,0,0,0,0,1,0,0,0,0,0,58999.99999999995
3,2,1068.0,Freehold,14.0,702.0,Apartment,,,Non Bumi Lot,Selangor,16.0,7,0,0,0,0,0,0,0,1,1,,1,0,1,0,0,1,0,1,1,0,1,0,1,0,319999.9999999998
3,2,550.0,Leasehold,,,Flat,,High,Non Bumi Lot,Kuala Lumpur,,0,0,0,0,0,0,0,0,1,0,3.0,0,0,0,0,0,0,0,0,0,0,0,0,0,0,175000.00000000003
3,2,1165.0,Freehold,,406.0,Condominium,2.0,,Non Bumi Lot,Penang,2.0,10,0,0,0,0,0,0,0,1,1,,1,0,1,1,1,1,1,1,1,0,1,0,1,0,520000.0000000003
2,2,697.0,Leasehold,,,Flat,,,Bumi Lot,Kuala Lumpur,,1,1,1,1,1,0,0,1,0,0,,0,0,0,0,0,0,0,0,1,0,0,0,0,0,246000.0000000001
3,2,860.0,Freehold,27.0,,Condominium,1.0,,Non Bumi Lot,Penang,18.0,7,0,0,0,0,0,0,0,1,1,,1,0,1,0,1,0,0,1,1,0,1,0,1,0,420000.00000000023
3,2,850.0,Freehold,17.0,,Flat,1.0,Medium,Bumi Lot,Putrajaya,,3,0,0,0,0,0,0,0,0,1,2.0,0,0,0,1,0,0,0,1,0,0,0,0,1,0,269999.99999999977
3,2,1200.0,Freehold,,,Condominium,2.0,,Non Bumi Lot,Putrajaya,7.0,2,0,0,0,0,0,0,0,1,1,,0,0,0,0,0,0,0,1,0,0,1,0,0,0,599999.9999999999
3,2,650.0,Leasehold,5.0,,Flat,,High,Bumi Lot,Selangor,,12,0,0,0,1,1,0,1,0,0,3.0,1,1,1,1,1,1,1,0,0,1,1,1,1,1,159999.9999999999
3,2,700.0,Freehold,24.0,234.0,Apartment,1.0,Medium,Non Bumi Lot,Penang,,3,0,0,0,0,0,0,0,1,1,2.0,0,0,0,0,1,0,0,1,0,0,1,0,0,0,310000.0
3,2,700.0,Freehold,12.0,240.0,Apartment,1.0,Low,Non Bumi Lot,Penang,28.0,2,0,0,0,0,0,0,0,1,1,1.0,0,0,0,0,0,0,0,1,0,0,1,0,0,0,279999.9999999998
3,2,650.0,Leasehold,5.0,1100.0,Apartment,1.0,Low,Bumi Lot,Selangor,,10,1,0,0,0,0,1,1,0,0,1.0,1,0,1,1,1,1,1,1,1,0,1,0,1,0,98000.00000000001
2,1,530.0,Freehold,,,Flat,,High,Non Bumi Lot,Penang,,2,0,0,0,0,0,0,0,1,1,3.0,0,0,0,0,1,1,0,0,0,0,0,0,0,0,200000.00000000006
2,1,825.0,Leasehold,21.0,613.0,Condominium,2.0,Medium,Non Bumi Lot,Johor,2.0,0,0,0,0,0,0,0,0,1,0,2.0,0,0,0,0,0,0,0,0,0,0,0,0,0,0,330000.0000000001
3,1,700.0,Leasehold,,,Apartment,1.0,,Bumi Lot,Kuala Lumpur,,0,1,0,1,1,1,0,0,0,0,,0,0,0,0,0,0,0,0,0,0,0,0,0,0,179999.99999999997
3,2,1040.0,Freehold,15.0,900.0,Apartment,,,Non Bumi Lot,Kuala Lumpur,25.0,7,0,1,1,1,0,0,1,1,1,,0,0,1,0,0,1,0,1,1,0,1,1,1,0,410000.00000000006
3,2,1668.0,Freehold,14.0,224.0,Condominium,2.0,High,Non Bumi Lot,Selangor,,13,1,0,0,1,0,0,1,1,1,3.0,1,0,1,1,1,1,1,1,1,1,1,1,1,1,735000.0000000003
3,3,1097.0,Freehold,,,Service Residence,,,Non Bumi Lot,Johor,,10,0,0,0,0,0,0,0,1,1,,1,0,1,1,1,0,1,1,1,1,1,0,1,0,398999.99999999965
3,2,870.0,Leasehold,20.0,1101.0,Apartment,1.0,,Bumi Lot,Selangor,4.0,6,0,0,0,0,0,0,0,0,0,,0,0,0,0,1,1,0,1,1,0,1,0,1,0,244999.99999999983
3,2,1110.0,Freehold,,410.0,Condominium,2.0,Medium,Non Bumi Lot,Kuala Lumpur,15.0,9,0,0,0,0,0,0,0,1,1,2.0,1,0,1,0,0,1,1,1,1,1,1,0,1,0,570000.0
3,2,900.0,Freehold,5.0,,Apartment,,Low,Bumi Lot,Selangor,26.0,5,1,1,1,1,0,0,1,0,1,1.0,1,0,0,0,0,1,0,1,1,0,1,0,0,0,379000.00000000023
3,2,1200.0,Freehold,,450.0,Condominium,2.0,Medium,Non Bumi Lot,Penang,1.0,10,0,0,0,0,0,0,0,1,1,2.0,1,0,1,1,1,0,1,1,1,1,1,0,1,0,1450000.000000001
3,3,1463.0,Leasehold,,,Condominium,1.0,Low,Bumi Lot,Selangor,,8,0,1,1,1,0,1,1,0,0,1.0,0,1,0,1,0,0,1,1,1,0,1,0,1,1,710000.0
3,2,1200.0,Freehold,38.0,473.0,Condominium,2.0,Low,Non Bumi Lot,Penang,5.0,8,0,0,0,0,0,0,0,1,1,1.0,0,0,1,0,0,1,0,1,1,1,1,1,1,0,708000.0000000003
3,2,1249.0,Freehold,33.0,256.0,Condominium,3.0,,Non Bumi Lot,Penang,3.0,7,0,0,0,0,0,0,0,1,1,,0,0,1,0,0,1,0,1,1,1,1,0,1,0,1450000.000000001
2,2,947.0,Freehold,34.0,462.0,Service Residence,2.0,,Non Bumi Lot,Penang,3.0,10,0,0,0,0,0,0,0,1,1,,1,0,1,1,1,0,1,1,1,1,1,0,1,0,480000.0000000003
2,2,852.0,Freehold,52.0,1633.0,Service Residence,2.0,Low,Non Bumi Lot,Kuala Lumpur,4.0,8,1,1,1,1,0,0,1,1,1,1.0,1,0,1,0,1,0,0,1,1,1,1,0,1,0,660000.0000000003
3,2,1039.0,Freehold,5.0,,Apartment,,Low,Non Bumi Lot,Selangor,,4,1,1,1,1,0,0,1,1,1,1.0,1,0,0,0,0,0,0,1,1,0,1,0,0,0,430000.0000000002
3,2,883.0,Freehold,10.0,,Apartment,1.0,Medium,Non Bumi Lot,Selangor,,8,1,0,1,1,0,0,1,1,1,2.0,1,0,1,0,1,1,0,1,1,0,1,0,1,0,349999.0000000002
3,2,1000.0,Leasehold,18.0,,Condominium,1.0,High,Non Bumi Lot,Kuala Lumpur,,6,0,1,0,1,1,0,1,1,0,3.0,0,0,1,0,0,1,0,1,1,0,1,0,1,0,350000.0000000001
3,2,1309.0,Leasehold,26.0,286.0,Condominium,,High,Non Bumi Lot,Sabah,,8,0,0,0,0,0,0,0,1,0,3.0,0,0,1,1,1,1,0,1,1,0,1,0,1,0,1150000.0
4,5,5619.0,Freehold,6.0,98.0,Condominium,4.0,High,Non Bumi Lot,Penang,6.0,13,0,0,0,0,0,0,0,1,1,3.0,1,1,1,1,1,0,1,1,1,1,1,1,1,1,3999999.9999999986
2,2,800.0,Freehold,,,Service Residence,,,Non Bumi Lot,Kuala Lumpur,,0,1,0,0,1,0,0,1,1,1,,0,0,0,0,0,0,0,0,0,0,0,0,0,0,405000.0000000001
3,3,1557.0,Leasehold,,,Condominium,2.0,Medium,Non Bumi Lot,Sabah,,7,0,0,0,0,0,0,0,1,0,2.0,1,0,1,0,1,0,0,1,1,0,1,0,1,0,1059887.9999999995
1,1,592.0,Freehold,18.0,,Condominium,1.0,Medium,Non Bumi Lot,Pahang,,6,0,0,0,0,0,0,0,1,1,2.0,0,0,0,1,1,0,1,1,1,0,1,0,0,0,430000.0000000002
3,3,1045.0,Freehold,,,Condominium,2.0,High,Non Bumi Lot,Selangor,,8,0,0,0,0,0,0,0,1,1,3.0,0,1,0,0,1,1,1,1,1,0,1,0,1,0,261999.99999999985
2,2,1002.0,Freehold,,363.0,Service Residence,2.0,Medium,Non Bumi Lot,Kuala Lumpur,5.0,5,1,1,1,1,0,1,1,1,1,2.0,1,0,1,0,0,0,1,0,1,0,1,0,0,0,823628.0000000002
4,2,1343.0,Freehold,22.0,144.0,Condominium,2.0,High,Non Bumi Lot,Penang,,7,0,0,0,0,0,0,0,1,1,3.0,0,0,0,0,1,1,0,1,1,1,1,0,1,0,655000.0000000002
3,2,1144.0,Leasehold,29.0,1709.0,Condominium,1.0,Medium,Non Bumi Lot,Selangor,12.0,8,0,0,0,1,0,0,1,1,0,2.0,0,1,1,1,1,0,0,1,1,0,1,0,1,0,379000.00000000023
3,3,1300.0,Freehold,55.0,360.0,Condominium,2.0,High,Non Bumi Lot,Johor,3.0,4,0,0,0,0,0,0,0,1,1,3.0,0,0,0,0,0,1,0,1,1,0,1,0,0,0,398999.99999999965
3,2,700.0,Freehold,,,Flat,,High,Bumi Lot,Selangor,,0,0,0,0,0,0,0,0,0,1,3.0,0,0,0,0,0,0,0,0,0,0,0,0,0,0,100000.00000000001
3,2,1000.0,Leasehold,,109.0,Condominium,1.0,Medium,Non Bumi Lot,Sabah,,6,0,0,0,0,0,0,0,1,0,2.0,1,1,0,0,0,0,0,1,1,0,1,0,1,0,450000.00000000035
3,2,1160.0,Freehold,38.0,,Condominium,1.0,,Non Bumi Lot,Kuala Lumpur,12.0,9,1,1,1,1,1,0,1,1,1,,1,0,1,0,1,0,0,1,1,0,1,1,1,1,515000.00000000047
3,2,700.0,Freehold,5.0,7810.0,Apartment,,Low,Non Bumi Lot,Selangor,,2,0,1,0,0,0,0,0,1,1,1.0,0,0,0,0,0,0,0,1,1,0,0,0,0,0,109999.99999999991
3,2,675.0,Leasehold,,,Flat,,Medium,Non Bumi Lot,Selangor,,4,0,0,0,0,0,0,0,1,0,2.0,0,0,0,0,1,1,0,1,1,0,0,0,0,0,217999.9999999999
4,4,2233.0,Leasehold,,,Condominium,,High,Non Bumi Lot,Sarawak,,0,0,0,0,0,0,0,0,1,0,3.0,0,0,0,0,0,0,0,0,0,0,0,0,0,0,649999.9999999998
2,2,733.0,Leasehold,12.0,,Condominium,1.0,Medium,Bumi Lot,Selangor,,8,0,0,0,0,0,0,0,0,0,2.0,0,0,0,1,1,1,1,1,1,0,1,0,1,0,260000.00000000015
3,2,850.0,Freehold,,,Apartment,1.0,Medium,Non Bumi Lot,Penang,,2,0,0,0,0,0,0,0,1,1,2.0,0,0,0,0,1,0,0,1,0,0,0,0,0,0,430000.0000000002
3,2,1069.0,Freehold,22.0,246.0,Apartment,,,Non Bumi Lot,Selangor,17.0,5,0,0,0,0,0,0,0,1,1,,0,0,0,0,1,1,0,1,1,0,1,0,0,0,252000.00000000017
2,2,950.0,Freehold,,450.0,Condominium,2.0,,Non Bumi Lot,Penang,1.0,0,0,0,0,0,0,0,0,1,1,,0,0,0,0,0,0,0,0,0,0,0,0,0,0,1199999.9999999998
3,2,1053.0,Freehold,5.0,469.0,Apartment,2.0,,Non Bumi Lot,Selangor,7.0,5,0,0,0,0,0,0,0,1,1,,0,0,0,1,0,0,1,1,1,0,1,0,0,0,225500.00000000017
3,2,907.0,Leasehold,,156.0,Service Residence,1.0,Medium,Non Bumi Lot,Selangor,8.0,4,0,0,1,0,0,0,0,1,0,2.0,0,0,0,0,1,0,0,1,1,0,1,0,0,0,264999.9999999999
3,2,1250.0,Freehold,30.0,410.0,Condominium,2.0,Medium,Non Bumi Lot,Penang,6.0,9,0,0,0,0,0,0,0,1,1,2.0,1,0,1,1,1,0,1,1,1,0,1,0,1,0,665000.0000000005
3,2,720.0,Leasehold,9.0,900.0,Apartment,,High,Bumi Lot,Kuala Lumpur,,9,0,0,1,1,0,0,0,0,0,3.0,1,0,0,1,1,1,0,1,1,1,1,0,1,0,179999.99999999997
2,1,700.0,Freehold,,,Apartment,,Low,Non Bumi Lot,Kuala Lumpur,,0,0,0,1,1,0,0,0,1,1,1.0,0,0,0,0,0,0,0,0,0,0,0,0,0,0,167999.99999999994
3,2,1091.0,Freehold,18.0,569.0,Condominium,1.0,High,Non Bumi Lot,Kuala Lumpur,13.0,8,0,0,1,0,0,0,1,1,1,3.0,0,0,1,0,1,1,0,1,1,1,1,0,1,0,340000.00000000006
3,2,883.0,Freehold,42.0,670.0,Condominium,2.0,High,Non Bumi Lot,Penang,6.0,5,0,0,0,0,0,0,0,1,1,3.0,0,0,1,0,1,0,0,1,0,0,1,0,1,0,494999.9999999999
3,2,800.0,Freehold,18.0,112.0,Apartment,1.0,High,Non Bumi Lot,Penang,,3,0,0,0,0,0,0,0,1,1,3.0,0,0,0,0,1,0,0,1,0,0,1,0,0,0,378000.0
3,2,900.0,Freehold,29.0,274.0,Condominium,1.0,High,Non Bumi Lot,Penang,19.0,5,0,0,0,0,0,0,0,1,1,3.0,0,0,0,0,1,0,0,1,1,0,1,0,1,0,499999.9999999997
3,2,750.0,Leasehold,5.0,,Flat,,High,Bumi Lot,Selangor,,1,1,1,1,1,1,0,0,0,0,3.0,0,0,0,0,0,0,0,1,0,0,0,0,0,0,225000.00000000015
3,3,1285.0,Freehold,30.0,808.0,Condominium,1.0,,Non Bumi Lot,Penang,10.0,10,0,0,0,0,0,0,0,1,1,,0,0,1,0,1,1,0,1,1,1,1,1,1,1,599999.9999999999
3,2,1110.0,Leasehold,38.0,,Condominium,2.0,,Non Bumi Lot,Penang,13.0,7,0,0,0,0,0,0,0,1,0,,1,0,1,0,1,0,0,1,0,0,1,1,1,0,590000.0000000001
3,2,1180.0,Leasehold,,,Apartment,,Low,Non Bumi Lot,Johor,20.0,0,0,0,0,0,0,0,0,1,0,1.0,0,0,0,0,0,0,0,0,0,0,0,0,0,0,424999.99999999965
3,2,1250.0,Freehold,30.0,410.0,Condominium,2.0,High,Non Bumi Lot,Penang,6.0,9,0,0,0,0,0,0,0,1,1,3.0,0,0,1,1,1,0,1,1,1,1,1,0,1,0,599999.9999999999
3,2,1130.0,Freehold,,,Condominium,2.0,High,Non Bumi Lot,Penang,,10,0,0,0,0,0,0,0,1,1,3.0,1,0,1,1,1,0,1,1,1,0,1,1,1,0,810000.0000000002
3,2,1018.0,Leasehold,,,Condominium,2.0,High,Non Bumi Lot,Kuala Lumpur,,6,1,0,1,1,1,0,0,1,0,3.0,0,0,1,0,1,0,0,1,1,0,1,0,1,0,538000.0000000003
4,2,1179.0,Freehold,,300.0,Apartment,1.0,,Non Bumi Lot,Johor,,8,0,0,0,0,0,0,0,1,1,,1,0,1,1,1,0,0,1,1,0,1,0,1,0,350000.0000000001
3,2,1228.0,Leasehold,,,Condominium,2.0,High,Non Bumi Lot,Sabah,,6,0,0,0,0,0,0,0,1,0,3.0,0,0,1,0,1,0,0,1,1,1,1,0,0,0,688887.9999999995
2,1,1226.0,Leasehold,,,Service Residence,1.0,Medium,Non Bumi Lot,Sarawak,,0,0,0,0,0,0,0,0,1,0,2.0,0,0,0,0,0,0,0,0,0,0,0,0,0,0,389999.99999999994
3,2,950.0,Leasehold,29.0,1709.0,Condominium,1.0,Medium,Non Bumi Lot,Selangor,12.0,3,0,0,0,1,0,0,1,1,0,2.0,0,0,0,1,0,0,0,1,0,0,0,0,1,0,299999.0
3,2,845.0,Freehold,21.0,744.0,Condominium,1.0,,Non Bumi Lot,Kuala Lumpur,21.0,10,0,0,1,1,0,0,0,1,1,,1,0,1,1,0,1,0,1,1,1,1,0,1,1,260000.00000000015
3,2,1100.0,Freehold,,,Condominium,1.0,Medium,Non Bumi Lot,Negeri Sembilan,,0,0,0,0,0,0,0,0,1,1,2.0,0,0,0,0,0,0,0,0,0,0,0,0,0,0,269999.99999999977
3,2,800.0,Leasehold,6.0,672.0,Apartment,1.0,Low,Non Bumi Lot,Penang,29.0,2,0,0,0,0,0,0,0,1,0,1.0,0,0,0,0,0,0,0,1,0,0,1,0,0,0,330000.0000000001
3,1,861.0,Leasehold,,,Apartment,1.0,,Non Bumi Lot,Sarawak,,0,0,0,0,0,0,0,0,1,0,,0,0,0,0,0,0,0,0,0,0,0,0,0,0,188000.00000000012
3,2,650.0,Leasehold,5.0,720.0,Flat,,,Non Bumi Lot,Selangor,,3,0,0,1,0,0,0,0,1,0,,0,0,0,0,0,1,0,1,1,0,0,0,0,0,89999.99999999997
3,2,700.0,Freehold,30.0,,Apartment,1.0,High,Non Bumi Lot,Penang,,6,0,0,0,0,0,0,0,1,1,3.0,0,0,1,0,1,1,0,1,1,0,1,0,0,0,355000.0
2,1,495.0,Leasehold,,,Flat,,Low,Non Bumi Lot,Sarawak,,0,0,0,0,0,0,0,0,1,0,1.0,0,0,0,0,0,0,0,0,0,0,0,0,0,0,78000.00000000004
3,2,650.0,Leasehold,,,Apartment,1.0,Medium,Non Bumi Lot,Selangor,,3,0,0,0,0,0,0,0,1,0,2.0,0,0,0,0,0,1,0,1,1,0,0,0,0,0,99999.0
3,2,1250.0,Freehold,23.0,208.0,Condominium,1.0,,Non Bumi Lot,Penang,25.0,6,0,0,0,0,0,0,0,1,1,,0,0,0,1,1,1,0,1,0,0,1,0,1,0,638000.0000000003
3,2,614.0,Leasehold,,,Apartment,,Low,Non Bumi Lot,Penang,,3,0,0,0,0,0,0,0,1,0,1.0,0,0,0,0,1,0,0,1,0,0,1,0,0,0,185000.00000000006
3,2,700.0,Freehold,31.0,360.0,Apartment,1.0,Low,Non Bumi Lot,Penang,22.0,3,0,0,0,0,0,0,0,1,1,1.0,0,0,0,0,1,0,0,1,0,0,1,0,0,0,314999.99999999994
5,4,2400.0,Freehold,,,Condominium,3.0,High,Non Bumi Lot,,,10,0,0,0,0,0,0,0,1,1,3.0,0,0,1,0,1,1,0,1,1,1,1,1,1,1,1100000.0000000005
1,1,549.0,Leasehold,25.0,528.0,Apartment,1.0,High,Non Bumi Lot,Johor,7.0,12,0,0,0,0,0,0,0,1,0,3.0,1,1,1,1,1,1,1,1,1,1,1,0,1,0,355000.0
2,2,1270.0,Leasehold,56.0,819.0,Service Residence,2.0,Medium,Bumi Lot,Sabah,1.0,5,0,0,0,0,0,0,0,0,0,2.0,0,0,1,0,0,0,1,0,0,1,1,0,1,0,804011.0000000001
4,3,1300.0,Freehold,,,Condominium,2.0,Medium,Non Bumi Lot,Putrajaya,,14,0,0,0,0,0,0,0,1,1,2.0,1,1,1,1,1,1,1,1,1,1,1,1,1,1,298999.99999999977
3,2,1273.0,Freehold,,,Condominium,2.0,,Non Bumi Lot,Penang,,6,0,0,0,0,0,0,0,1,1,,0,0,1,0,1,0,0,1,1,0,1,0,1,0,489999.9999999997
3,2,829.0,Freehold,,,Service Residence,2.0,Medium,Non Bumi Lot,Putrajaya,,14,0,0,0,0,0,0,0,1,1,2.0,1,1,1,1,1,1,1,1,1,1,1,1,1,1,469999.99999999994
3,2,1100.0,Leasehold,,109.0,Condominium,1.0,,Non Bumi Lot,Sabah,,7,0,0,0,0,0,0,0,1,0,,1,0,1,0,1,0,0,1,1,0,1,0,1,0,489999.9999999997
3,2,750.0,Leasehold,,,Condominium,1.0,Low,Bumi Lot,Kuala Lumpur,,6,1,1,0,1,0,1,1,0,0,1.0,0,0,1,1,0,1,0,1,0,0,1,0,1,0,299999.9999999999
4,2,1453.0,Freehold,,,Service Residence,,High,Non Bumi Lot,Johor,,4,0,0,0,0,0,0,0,1,1,3.0,0,0,1,0,1,0,0,1,0,0,0,0,1,0,375000.0000000002
4,3,1500.0,Freehold,,,Condominium,2.0,Low,Non Bumi Lot,Kuala Lumpur,,12,0,0,0,0,0,0,0,1,1,1.0,1,0,1,1,1,1,1,1,1,1,1,0,1,1,849999.9999999994
3,2,680.0,Freehold,20.0,,Apartment,1.0,Medium,Non Bumi Lot,Penang,17.0,3,0,0,0,0,0,0,0,1,1,2.0,0,0,0,0,1,0,0,1,0,0,1,0,0,0,334999.9999999998
3,2,700.0,Freehold,19.0,180.0,Condominium,1.0,Medium,Non Bumi Lot,Penang,,7,0,0,0,0,0,0,0,1,1,2.0,0,0,0,1,1,0,1,1,1,0,1,0,1,0,244999.99999999983
4,2,1207.0,Leasehold,18.0,250.0,Service Residence,1.0,Low,Non Bumi Lot,Kuala Lumpur,10.0,6,1,0,1,1,0,0,0,1,0,1.0,0,1,0,0,0,1,1,0,1,0,1,0,1,0,534999.9999999998
3,2,850.0,Freehold,,,Apartment,1.0,Low,Bumi Lot,Selangor,,7,0,0,0,0,0,0,0,0,1,1.0,0,0,0,1,1,1,1,1,1,0,1,0,0,0,269999.99999999977
3,2,1034.0,Freehold,,505.0,Apartment,2.0,,Non Bumi Lot,Selangor,,8,0,0,0,0,0,0,0,1,1,,1,1,1,0,1,0,0,1,1,0,1,0,1,0,424999.99999999965
3,2,1116.0,Leasehold,38.0,,Condominium,1.0,,Non Bumi Lot,Penang,13.0,7,0,0,0,0,0,0,0,1,0,,1,0,1,0,1,0,0,1,0,0,1,1,1,0,550000.0000000001
3,2,850.0,Freehold,22.0,816.0,Condominium,2.0,Low,Non Bumi Lot,Penang,16.0,9,0,0,0,0,0,0,0,1,1,1.0,1,0,1,1,1,0,0,1,1,0,1,1,1,0,380000.0000000003
3,2,944.0,Freehold,,,Apartment,1.0,Medium,Non Bumi Lot,Selangor,,4,0,0,1,1,0,0,1,1,1,2.0,0,0,0,1,0,0,0,1,1,0,1,0,0,0,389999.99999999994
3,2,750.0,Freehold,,,Apartment,,Low,Bumi Lot,Johor,,0,0,0,0,0,0,0,0,0,1,1.0,0,0,0,0,0,0,0,0,0,0,0,0,0,0,124999.99999999991
3,2,1270.0,Freehold,,,Condominium,2.0,Medium,Non Bumi Lot,Penang,,5,0,0,0,0,0,0,0,1,1,2.0,0,0,0,0,1,0,0,1,1,0,1,0,1,0,740000.0000000003
2,2,700.0,Leasehold,,,Apartment,,Low,Non Bumi Lot,Penang,,0,0,0,0,0,0,0,0,1,0,1.0,0,0,0,0,0,0,0,0,0,0,0,0,0,0,254999.99999999985
3,2,700.0,Freehold,,,Apartment,1.0,High,Non Bumi Lot,,,3,0,0,0,0,0,0,0,1,1,3.0,0,0,0,0,1,0,0,1,0,0,1,0,0,0,275000.00000000006
3,2,895.0,Freehold,5.0,240.0,Apartment,1.0,Low,Non Bumi Lot,Selangor,,3,0,0,0,0,0,0,0,1,1,1.0,0,0,0,0,0,0,1,0,1,0,1,0,0,0,289999.9999999999
3,2,1088.0,Freehold,,809.0,Service Residence,,,Non Bumi Lot,Melaka,3.0,4,0,0,0,0,0,0,0,1,1,,0,0,1,0,0,0,0,0,1,1,0,0,1,0,448000.0000000002
4,2,1340.0,Leasehold,19.0,436.0,Condominium,1.0,Low,Bumi Lot,Kuala Lumpur,16.0,7,1,1,0,1,1,0,1,0,0,1.0,0,0,1,0,1,1,0,1,1,0,1,0,1,0,629999.9999999999
3,2,700.0,Leasehold,5.0,,Apartment,,,Bumi Lot,Kuala Lumpur,,3,0,0,1,1,0,0,0,0,0,,0,0,0,0,0,1,0,1,1,0,0,0,0,0,230000.0000000002
3,3,1598.0,Freehold,42.0,670.0,Condominium,2.0,,Non Bumi Lot,Penang,6.0,9,0,0,0,0,0,0,0,1,1,,1,0,1,1,1,0,1,1,1,0,1,0,1,0,610000.0
4,4,2883.0,Freehold,,,Apartment,2.0,,Non Bumi Lot,Kelantan,,1,0,0,0,0,0,0,0,1,1,,0,0,0,0,0,0,0,1,0,0,0,0,0,0,1199999.9999999998
4,2,1650.0,Freehold,24.0,234.0,Condominium,2.0,High,Non Bumi Lot,Penang,,5,0,0,0,0,0,0,0,1,1,3.0,0,0,0,0,1,0,0,1,1,0,1,0,1,0,529999.9999999998
4,2,1333.0,Freehold,15.0,139.0,Condominium,2.0,,Non Bumi Lot,Penang,7.0,7,0,0,0,0,0,0,0,1,1,,1,0,1,1,0,0,1,1,0,0,1,0,1,0,430000.0000000002
3,2,800.0,Leasehold,,,Flat,,Low,Non Bumi Lot,Selangor,,3,0,0,0,0,0,0,0,1,0,1.0,0,0,0,1,1,0,0,0,0,0,1,0,0,0,244999.99999999983
4,2,1050.0,Leasehold,5.0,,Condominium,,,Bumi Lot,Kuala Lumpur,,6,0,1,0,1,1,0,0,0,0,,1,0,0,0,0,1,0,1,1,0,1,0,1,0,420000.00000000023
1,1,450.0,Freehold,41.0,417.0,Condominium,,,Non Bumi Lot,Kuala Lumpur,17.0,9,0,0,0,0,0,0,0,1,1,,0,0,1,1,0,1,0,1,1,0,1,1,1,1,430000.0000000002
2,2,1329.0,Leasehold,9.0,631.0,Service Residence,1.0,,Non Bumi Lot,Sabah,9.0,6,0,0,0,0,0,0,0,1,0,,1,0,1,1,0,0,0,0,1,0,1,0,1,0,998000.0000000008
3,2,806.0,Leasehold,,,Apartment,1.0,,Non Bumi Lot,Sarawak,,0,0,0,0,0,0,0,0,1,0,,0,0,0,0,0,0,0,0,0,0,0,0,0,0,269999.99999999977
4,3,1646.0,Freehold,44.0,378.0,Condominium,,Medium,Non Bumi Lot,Penang,5.0,10,0,0,0,0,0,0,0,1,1,2.0,1,0,1,1,1,0,1,1,1,1,1,0,1,0,879999.9999999995
3,2,902.0,Leasehold,4.0,,Apartment,,High,Non Bumi Lot,Sabah,,3,0,0,0,0,0,0,0,1,0,3.0,0,0,0,0,0,0,0,1,1,0,1,0,0,0,359999.99999999994
1,1,661.0,Freehold,13.0,420.0,Service Residence,1.0,High,Non Bumi Lot,Johor,8.0,8,0,0,0,0,0,0,0,1,1,3.0,1,0,1,0,1,0,1,1,1,0,1,0,1,0,308000.00000000006
3,2,650.0,Leasehold,5.0,720.0,Flat,,Medium,Bumi Lot,Selangor,,3,0,0,1,0,0,0,0,0,0,2.0,0,0,0,0,0,1,0,1,1,0,0,0,0,0,108999.99999999994
3,2,1184.0,Freehold,17.0,676.0,Condominium,2.0,Medium,Non Bumi Lot,Putrajaya,3.0,10,0,0,0,0,0,0,0,1,1,2.0,1,0,1,1,1,0,1,1,1,0,1,0,1,1,433093.9999999999
3,2,1862.0,Freehold,,,Condominium,,Low,Non Bumi Lot,Johor,,0,0,0,0,0,0,0,0,1,1,1.0,0,0,0,0,0,0,0,0,0,0,0,0,0,0,359999.99999999994
3,2,950.0,Freehold,,635.0,Apartment,,,Non Bumi Lot,Selangor,4.0,0,0,0,0,0,0,0,0,1,1,,0,0,0,0,0,0,0,0,0,0,0,0,0,0,264999.9999999999
3,2,732.0,Leasehold,,,Apartment,,Medium,Non Bumi Lot,Sabah,,4,0,0,0,0,0,0,0,1,0,2.0,0,0,0,1,0,0,0,1,1,0,1,0,0,0,299999.9999999999
3,2,1000.0,Freehold,16.0,,Apartment,2.0,Medium,Bumi Lot,Selangor,,4,0,0,0,1,0,0,0,0,1,2.0,1,0,0,0,0,0,0,1,0,0,1,0,1,0,350000.0000000001
3,2,1066.0,Freehold,,414.0,Condominium,2.0,,Non Bumi Lot,Selangor,,7,0,0,0,1,0,0,0,1,1,,1,0,0,1,0,0,1,1,1,0,1,0,1,0,559999.9999999998
3,2,947.0,Leasehold,5.0,,Apartment,1.0,Low,Non Bumi Lot,Kuala Lumpur,,3,1,0,1,1,0,0,0,1,0,1.0,0,0,0,0,0,0,0,1,1,0,1,0,0,0,389999.99999999994
3,3,1406.0,Leasehold,27.0,271.0,Service Residence,2.0,,Non Bumi Lot,Selangor,6.0,9,0,1,0,1,0,1,1,1,0,,1,0,1,1,0,0,1,1,1,1,1,0,1,0,2300000.0000000005
3,2,700.0,Freehold,20.0,205.0,Condominium,,,Non Bumi Lot,Penang,26.0,4,0,0,0,0,0,0,0,1,1,,0,0,0,1,0,1,0,1,0,0,1,0,0,0,298999.99999999977
3,2,915.0,Freehold,4.0,,Condominium,1.0,,Non Bumi Lot,Selangor,32.0,4,1,1,1,1,0,0,1,1,1,,0,0,1,0,0,0,0,1,1,0,1,0,0,0,400000.0000000002
2,1,550.0,Leasehold,,,Flat,,Low,Non Bumi Lot,Penang,,0,0,0,0,0,0,0,0,1,0,1.0,0,0,0,0,0,0,0,0,0,0,0,0,0,0,185000.00000000006
3,2,1108.0,Leasehold,,,Condominium,1.0,High,Non Bumi Lot,Sarawak,,9,0,0,0,0,0,0,0,1,0,3.0,0,1,1,1,1,1,0,1,1,0,1,0,1,0,492999.99999999977
2,2,1001.0,Leasehold,22.0,1074.0,Condominium,1.0,Low,Non Bumi Lot,Selangor,13.0,13,0,1,0,0,1,0,0,1,0,1.0,1,1,1,1,1,1,1,1,1,1,1,0,1,1,279999.9999999998
2,1,560.0,Leasehold,,,Flat,,,Non Bumi Lot,Kuala Lumpur,,0,1,0,1,1,1,0,0,1,0,,0,0,0,0,0,0,0,0,0,0,0,0,0,0,175000.00000000003
3,3,1087.0,Freehold,,552.0,Condominium,2.0,,Non Bumi Lot,Selangor,1.0,10,0,0,0,0,0,0,0,1,1,,1,0,1,0,1,1,0,1,1,1,1,1,1,0,310000.0
3,2,1029.0,Leasehold,,,Apartment,1.0,Medium,Bumi Lot,Sabah,,4,0,0,0,0,0,0,0,0,0,2.0,0,0,0,0,1,0,0,1,1,0,1,0,0,0,326499.9999999999
3,2,1100.0,Freehold,17.0,,Condominium,1.0,Medium,Non Bumi Lot,Kuala Lumpur,,6,1,1,0,1,1,0,1,1,1,2.0,0,0,1,0,1,0,0,1,1,0,1,0,1,0,310000.0
2,2,994.0,Freehold,18.0,600.0,Condominium,1.0,Low,Non Bumi Lot,Kuala Lumpur,,6,0,1,1,1,0,0,1,1,1,1.0,1,0,0,1,0,1,0,1,1,0,1,0,0,0,450000.00000000035
3,2,1093.0,Leasehold,,634.0,Condominium,,Medium,Bumi Lot,Selangor,,8,1,1,1,0,0,0,0,0,0,2.0,1,0,1,0,0,0,0,1,1,1,1,0,1,1,350000.0000000001
3,3,1200.0,Freehold,5.0,,Condominium,,Medium,Non Bumi Lot,Kuala Lumpur,,3,1,0,1,1,0,0,1,1,1,2.0,0,0,0,0,1,0,0,0,1,0,0,0,1,0,530999.9999999999
3,2,700.0,Leasehold,,,Apartment,1.0,,Non Bumi Lot,,,4,0,0,0,0,0,0,0,1,0,,0,0,0,1,0,0,0,1,0,0,1,0,1,0,239000.00000000003
2,2,776.0,Freehold,42.0,670.0,Condominium,2.0,,Non Bumi Lot,Penang,6.0,5,0,0,0,0,0,0,0,1,1,,0,0,1,0,1,0,0,1,0,0,1,0,1,0,438000.0000000004
2,1,873.0,Leasehold,,,Condominium,,High,Non Bumi Lot,Johor,,0,0,0,0,0,0,0,0,1,0,3.0,0,0,0,0,0,0,0,0,0,0,0,0,0,0,330000.0000000001
3,3,1400.0,Freehold,29.0,260.0,Condominium,2.0,,Non Bumi Lot,Penang,8.0,0,0,0,0,0,0,0,0,1,1,,0,0,0,0,0,0,0,0,0,0,0,0,0,0,1029999.9999999992
4,2,900.0,Freehold,5.0,,Apartment,2.0,Low,Bumi Lot,Selangor,,4,0,0,0,1,0,0,0,0,1,1.0,1,0,0,0,0,0,0,1,1,0,1,0,0,0,310000.0
3,2,650.0,Freehold,,,Flat,,Medium,Non Bumi Lot,Selangor,,0,0,0,1,1,0,0,0,1,1,2.0,0,0,0,0,0,0,0,0,0,0,0,0,0,0,135000.00000000012
3,2,1184.0,Freehold,,,Apartment,,,Non Bumi Lot,Johor,,0,0,0,0,0,0,0,0,1,1,,0,0,0,0,0,0,0,0,0,0,0,0,0,0,338000.00000000023
2,2,900.0,Freehold,38.0,473.0,Condominium,2.0,Low,Non Bumi Lot,Penang,5.0,8,0,0,0,0,0,0,0,1,1,1.0,0,0,1,0,0,1,0,1,1,1,1,1,1,0,499999.9999999997
3,2,936.0,Freehold,38.0,420.0,Condominium,2.0,Medium,Non Bumi Lot,Penang,12.0,14,0,0,0,0,0,0,0,1,1,2.0,1,1,1,1,1,1,1,1,1,1,1,1,1,1,570000.0
3,2,956.0,Freehold,19.0,392.0,Condominium,1.0,,Non Bumi Lot,Selangor,,12,0,0,0,0,0,0,0,1,1,,1,1,1,1,0,1,1,1,1,1,1,0,1,1,295000.00000000006
2,2,818.0,Freehold,,,Condominium,,High,Non Bumi Lot,Johor,6.0,8,0,0,0,0,0,0,0,1,1,3.0,1,0,1,0,1,0,1,1,1,0,1,0,1,0,487999.99999999965
3,2,1035.0,Freehold,25.0,1255.0,Apartment,1.0,Medium,Non Bumi Lot,Johor,5.0,14,0,0,0,0,0,0,0,1,1,2.0,1,1,1,1,1,1,1,1,1,1,1,1,1,1,485000.00000000035
3,1,650.0,Leasehold,,,Flat,,Medium,Bumi Lot,Selangor,,0,0,0,1,0,1,0,0,0,0,2.0,0,0,0,0,0,0,0,0,0,0,0,0,0,0,178999.99999999994
4,5,2266.0,Leasehold,28.0,,Condominium,,High,Non Bumi Lot,Sabah,,8,0,0,0,0,0,0,0,1,0,3.0,0,0,1,0,0,1,0,1,1,1,1,0,1,1,2099999.9999999995
3,2,850.0,Leasehold,,359.0,Apartment,1.0,,Non Bumi Lot,Selangor,2.0,9,1,1,1,0,1,1,0,1,0,,1,0,1,0,1,1,1,1,1,0,1,0,1,0,200000.00000000006
3,2,800.0,Freehold,18.0,182.0,Apartment,1.0,,Non Bumi Lot,Penang,17.0,6,0,0,0,0,0,0,0,1,1,,0,0,0,0,0,0,0,1,1,0,1,1,1,1,420000.00000000023
3,2,887.0,Freehold,30.0,808.0,Condominium,1.0,Medium,Non Bumi Lot,Penang,10.0,10,0,0,0,0,0,0,0,1,1,2.0,0,0,1,0,1,1,0,1,1,1,1,1,1,1,450000.00000000035
3,2,820.0,Freehold,5.0,480.0,Apartment,,Low,Non Bumi Lot,Selangor,,6,0,0,0,0,0,0,0,1,1,1.0,1,0,0,1,0,1,0,1,1,0,1,0,0,0,225000.00000000015
2,1,514.0,Freehold,,,Flat,,Medium,Non Bumi Lot,Johor,,0,0,0,0,0,0,0,0,1,1,2.0,0,0,0,0,0,0,0,0,0,0,0,0,0,0,108000.0
3,2,1392.0,Leasehold,,,Flat,1.0,,Non Bumi Lot,Sarawak,,3,0,0,0,0,0,0,0,1,0,,0,0,0,0,1,0,0,1,0,0,1,0,0,0,279999.9999999998
3,1,750.0,Freehold,,,Apartment,,,Non Bumi Lot,Melaka,,0,0,0,0,0,0,0,0,1,1,,0,0,0,0,0,0,0,0,0,0,0,0,0,0,89999.99999999997
3,2,1300.0,Freehold,15.0,368.0,Condominium,1.0,Medium,Bumi Lot,Kuala Lumpur,6.0,5,0,0,0,0,0,0,0,0,1,2.0,0,0,0,0,1,0,0,1,1,0,1,0,1,0,370000.0000000001
3,2,1173.0,Leasehold,26.0,727.0,Condominium,2.0,Medium,Non Bumi Lot,Selangor,1.0,9,0,1,1,1,0,0,1,1,0,2.0,1,0,1,1,1,0,1,1,1,0,1,0,1,0,750000.0000000005
3,2,915.0,Freehold,,226.0,Condominium,,High,Non Bumi Lot,Putrajaya,,8,0,0,0,0,0,0,0,1,1,3.0,1,0,1,0,1,0,1,1,1,0,1,0,1,0,380000.0000000003
2,2,800.0,Freehold,,,Service Residence,1.0,Medium,Non Bumi Lot,Kuala Lumpur,,13,1,0,0,1,0,0,1,1,1,2.0,1,1,1,1,1,1,1,1,1,1,1,1,1,0,397999.9999999999
3,3,1186.0,Freehold,38.0,916.0,Condominium,,Medium,Non Bumi Lot,Kuala Lumpur,6.0,10,0,0,0,0,0,0,0,1,1,2.0,1,0,1,0,1,1,1,1,1,1,1,0,1,0,720000.0
2,2,750.0,Leasehold,,,Apartment,1.0,Medium,Non Bumi Lot,Sabah,,12,0,0,0,0,0,0,0,1,0,2.0,0,1,1,1,0,1,1,1,1,1,1,1,1,1,285000.0
3,2,936.0,Freehold,38.0,420.0,Condominium,2.0,Medium,Non Bumi Lot,Penang,12.0,14,0,0,0,0,0,0,0,1,1,2.0,1,1,1,1,1,1,1,1,1,1,1,1,1,1,529999.9999999998
2,1,513.0,Leasehold,,,Flat,,Medium,Non Bumi Lot,Penang,,3,0,0,0,0,0,0,0,1,0,2.0,0,0,0,0,1,0,0,1,0,0,1,0,0,0,170000.0
1,2,893.0,Freehold,7.0,160.0,Service Residence,1.0,High,Non Bumi Lot,Penang,13.0,10,0,0,0,0,0,0,0,1,1,3.0,1,0,1,1,1,0,1,1,1,1,1,0,1,0,780000.0
2,1,580.0,Leasehold,,,Apartment,1.0,,Bumi Lot,Selangor,,0,1,0,1,1,0,0,0,0,0,,0,0,0,0,0,0,0,0,0,0,0,0,0,0,135000.00000000012
3,2,820.0,Freehold,14.0,,Apartment,1.0,Medium,Non Bumi Lot,Selangor,,7,1,0,1,1,0,0,0,1,1,2.0,1,0,0,1,1,1,0,1,1,0,1,0,0,0,260000.00000000015
3,2,838.0,Freehold,22.0,816.0,Condominium,,,Non Bumi Lot,Penang,16.0,9,0,0,0,0,0,0,0,1,1,,1,0,1,1,1,0,0,1,1,0,1,1,1,0,380000.0000000003
3,2,850.0,Freehold,,,Flat,1.0,Low,Non Bumi Lot,Johor,,13,0,0,0,0,0,0,0,1,1,1.0,1,1,1,1,0,1,1,1,1,1,1,1,1,1,179999.99999999997
3,1,657.0,Leasehold,,,Apartment,,High,Non Bumi Lot,Kuala Lumpur,,6,1,0,1,1,0,0,1,1,0,3.0,0,0,0,0,1,1,1,1,1,0,1,0,0,0,179999.99999999997
4,3,1281.0,Leasehold,22.0,396.0,Condominium,2.0,High,Non Bumi Lot,Penang,6.0,10,0,0,0,0,0,0,0,1,0,3.0,1,1,1,1,1,0,0,1,1,1,1,0,0,1,737999.9999999998
3,2,450.0,Freehold,,1149.0,Service Residence,2.0,,Non Bumi Lot,Selangor,8.0,11,0,0,0,0,0,0,0,1,1,,1,0,1,1,1,1,1,1,1,1,1,0,1,0,188000.00000000012
2,2,950.0,Freehold,,450.0,Condominium,2.0,,Non Bumi Lot,Penang,1.0,0,0,0,0,0,0,0,0,1,1,,0,0,0,0,0,0,0,0,0,0,0,0,0,0,979999.9999999995
3,2,1100.0,Leasehold,38.0,787.0,Condominium,2.0,,Non Bumi Lot,Selangor,7.0,8,1,1,1,1,1,0,1,1,0,,1,1,1,1,0,0,1,0,1,0,1,0,1,0,289999.9999999999
3,2,850.0,Freehold,21.0,,Apartment,,Medium,Non Bumi Lot,Johor,,9,0,0,0,0,0,0,0,1,1,2.0,1,1,1,1,0,1,0,1,1,0,1,0,1,0,268000.0000000001
3,2,815.0,Leasehold,21.0,,Apartment,,,Non Bumi Lot,Selangor,,6,1,0,1,0,0,1,0,1,0,,0,0,1,0,1,1,0,1,0,0,1,0,1,0,188000.00000000012
3,2,650.0,Freehold,2.0,,Apartment,,Medium,Non Bumi Lot,Selangor,,0,0,0,1,1,0,0,0,1,1,2.0,0,0,0,0,0,0,0,0,0,0,0,0,0,0,144999.99999999994
4,3,1646.0,Freehold,44.0,378.0,Condominium,2.0,Medium,Non Bumi Lot,Penang,5.0,9,0,0,0,0,0,0,0,1,1,2.0,1,0,1,0,1,0,1,1,1,1,1,0,1,0,835000.0000000002
3,2,850.0,Leasehold,,,Apartment,2.0,Medium,Non Bumi Lot,Sabah,,5,0,0,0,0,0,0,0,1,0,2.0,0,0,0,1,0,0,0,1,1,0,1,0,1,0,279999.9999999998
4,3,3070.0,Freehold,,222.0,Condominium,4.0,High,Non Bumi Lot,Penang,8.0,0,0,0,0,0,0,0,0,1,1,3.0,0,0,0,0,0,0,0,0,0,0,0,0,0,0,1190000.0000000002
3,2,850.0,Freehold,,,Apartment,1.0,Medium,Non Bumi Lot,,,0,0,0,0,0,0,0,0,1,1,2.0,0,0,0,0,0,0,0,0,0,0,0,0,0,0,289000.0
3,2,700.0,Freehold,18.0,182.0,Apartment,1.0,Medium,Non Bumi Lot,Penang,17.0,7,0,0,0,0,0,0,0,1,1,2.0,0,0,0,0,1,0,0,1,1,0,1,1,1,1,414999.9999999997
3,2,893.0,Freehold,23.0,763.0,Service Residence,2.0,High,Non Bumi Lot,Selangor,6.0,8,0,0,0,0,0,0,0,1,1,3.0,1,0,1,1,0,0,1,1,1,0,1,0,1,0,338999.9999999998
2,2,1272.0,Leasehold,,,Condominium,2.0,Medium,Non Bumi Lot,Melaka,,7,0,0,0,0,0,0,0,1,0,2.0,0,0,0,0,1,1,1,1,1,0,1,0,1,0,159999.9999999999
3,2,863.0,Leasehold,,,Apartment,1.0,,Bumi Lot,Selangor,,5,1,0,0,1,0,0,0,0,0,,0,0,0,0,1,0,0,1,1,0,1,0,1,0,275000.00000000006
3,2,1151.0,Freehold,,,Townhouse Condo,2.0,Low,Non Bumi Lot,Penang,,0,0,0,0,0,0,0,0,1,1,1.0,0,0,0,0,0,0,0,0,0,0,0,0,0,0,330000.0000000001
3,2,900.0,Freehold,25.0,1168.0,Apartment,2.0,Medium,Bumi Lot,Selangor,0.0,7,0,0,0,1,0,0,0,0,1,2.0,0,1,1,0,0,0,0,1,1,0,1,0,1,1,345000.00000000006
3,2,850.0,Leasehold,,1900.0,Apartment,1.0,High,Non Bumi Lot,Penang,7.0,5,0,0,0,0,0,0,0,1,0,3.0,0,0,0,0,1,0,0,1,1,0,1,0,1,0,355000.0
3,2,700.0,Freehold,11.0,100.0,Apartment,1.0,High,Non Bumi Lot,Penang,28.0,2,0,0,0,0,0,0,0,1,1,3.0,0,0,0,0,0,0,0,1,0,0,1,0,0,0,269999.99999999977
3,2,950.0,Freehold,,,Condominium,2.0,Medium,Non Bumi Lot,Kuala Lumpur,,12,0,0,0,0,0,0,0,1,1,2.0,1,1,1,1,1,1,1,1,1,1,1,0,1,0,450000.00000000035
3,2,800.0,Freehold,,,Apartment,,High,Non Bumi Lot,Selangor,,2,0,0,0,0,0,0,0,1,1,3.0,0,0,0,0,0,0,0,0,1,0,1,0,0,0,115000.00000000009
3,3,1450.0,Freehold,40.0,486.0,Condominium,2.0,Medium,Non Bumi Lot,Penang,4.0,10,0,0,0,0,0,0,0,1,1,2.0,1,0,1,1,1,0,1,1,1,1,1,0,1,0,740000.0000000003
3,2,754.0,Leasehold,12.0,1000.0,Service Residence,1.0,High,Bumi Lot,Selangor,12.0,5,0,0,0,0,0,0,0,0,0,3.0,0,0,1,0,0,1,0,1,1,0,1,0,0,0,230000.0000000002
3,2,1490.0,Leasehold,,,Condominium,2.0,Low,Non Bumi Lot,Kuala Lumpur,,14,0,0,0,0,0,0,0,1,0,1.0,1,1,1,1,1,1,1,1,1,1,1,1,1,1,599899.9999999999
1,1,450.0,Leasehold,,196.0,Condominium,,,Non Bumi Lot,Selangor,11.0,0,1,1,1,1,1,0,0,1,0,,0,0,0,0,0,0,0,0,0,0,0,0,0,0,240000.00000000015
4,2,1271.0,Freehold,30.0,410.0,Condominium,2.0,High,Non Bumi Lot,Penang,6.0,5,0,0,0,0,0,0,0,1,1,3.0,0,0,0,0,1,0,0,1,1,0,1,0,1,0,697999.9999999998
3,2,1200.0,Freehold,20.0,771.0,Condominium,2.0,,Non Bumi Lot,Penang,7.0,6,0,0,0,0,0,0,0,1,1,,0,0,1,1,0,0,0,1,1,0,1,0,1,0,550000.0000000001
3,2,815.0,Freehold,5.0,,Apartment,,,Non Bumi Lot,Selangor,,0,0,0,0,0,0,0,0,1,1,,0,0,0,0,0,0,0,0,0,0,0,0,0,0,244999.99999999983
3,2,1006.0,Freehold,,,Apartment,2.0,Medium,Non Bumi Lot,Putrajaya,,0,0,0,0,0,0,0,0,1,1,2.0,0,0,0,0,0,0,0,0,0,0,0,0,0,0,417999.9999999999
3,2,830.0,Leasehold,,,Apartment,1.0,High,Bumi Lot,Kuala Lumpur,,6,1,0,1,1,1,0,0,0,0,3.0,0,0,0,0,1,1,0,1,1,0,1,0,1,0,330000.0000000001
3,3,1690.0,Freehold,18.0,156.0,Condominium,2.0,Low,Bumi Lot,Kuala Lumpur,9.0,10,0,0,0,0,0,0,0,0,1,1.0,1,0,1,0,1,1,1,1,1,1,1,0,1,0,737999.9999999998
3,2,1405.0,Leasehold,18.0,304.0,Condominium,1.0,Medium,Bumi Lot,Selangor,19.0,8,0,0,0,0,0,0,0,0,0,2.0,1,0,0,0,1,1,1,1,1,0,1,0,1,0,394999.99999999994
3,2,920.0,Freehold,,,Apartment,2.0,Medium,Non Bumi Lot,Johor,,10,0,0,0,0,0,0,0,1,1,2.0,1,0,1,1,1,0,1,1,1,1,1,0,1,0,359999.99999999994
3,2,1400.0,Leasehold,18.0,288.0,Condominium,2.0,Medium,Non Bumi Lot,Kuala Lumpur,,10,1,0,0,1,0,1,1,1,0,2.0,1,0,1,1,1,1,0,1,1,0,1,0,1,1,384999.9999999997
2,3,1162.0,Freehold,40.0,811.0,Condominium,,High,Non Bumi Lot,Kuala Lumpur,12.0,9,1,0,1,1,1,0,1,1,1,3.0,1,1,1,0,1,1,0,1,1,0,1,0,1,0,1199999.9999999998
3,2,941.0,Leasehold,8.0,,Apartment,1.0,Low,Bumi Lot,Kuala Lumpur,,5,0,0,0,0,0,0,0,0,0,1.0,0,0,0,0,0,0,0,1,1,1,1,0,1,0,249999.99999999983
2,1,650.0,Freehold,,,Condominium,1.0,Medium,Non Bumi Lot,Penang,,5,0,0,0,0,0,0,0,1,1,2.0,0,0,0,0,1,0,0,1,1,0,1,0,1,0,468000.00000000006
1,1,614.0,Freehold,11.0,488.0,Condominium,,High,Non Bumi Lot,Johor,8.0,0,0,0,0,0,0,0,0,1,1,3.0,0,0,0,0,0,0,0,0,0,0,0,0,0,0,310000.0
3,2,1091.0,Freehold,18.0,569.0,Condominium,1.0,,Non Bumi Lot,Kuala Lumpur,13.0,8,0,0,1,0,0,0,1,1,1,,0,0,1,0,1,1,0,1,1,1,1,0,1,0,350000.0000000001
3,3,1539.0,Freehold,17.0,328.0,Condominium,2.0,,Non Bumi Lot,Penang,11.0,0,0,0,0,0,0,0,0,1,1,,0,0,0,0,0,0,0,0,0,0,0,0,0,0,1350000.0000000002
3,2,1100.0,Freehold,19.0,706.0,Condominium,1.0,Low,Non Bumi Lot,Penang,13.0,11,0,0,0,0,0,0,0,1,1,1.0,1,0,1,0,1,1,1,1,1,1,1,0,1,1,424999.99999999965
3,2,1237.0,Freehold,13.0,666.0,Service Residence,4.0,High,Non Bumi Lot,Selangor,9.0,8,0,0,0,0,0,0,0,1,1,3.0,0,0,1,0,1,1,0,1,1,0,1,1,1,0,534999.9999999998
1,1,849.0,Leasehold,,,Condominium,,Medium,Non Bumi Lot,,,6,0,0,0,0,0,0,0,1,0,2.0,1,0,1,0,0,0,0,1,0,0,1,1,1,0,380000.0000000003
3,2,1082.0,Leasehold,17.0,444.0,Service Residence,2.0,Medium,Bumi Lot,Selangor,,7,1,1,1,0,1,0,0,0,0,2.0,0,0,0,0,1,1,1,1,1,0,1,0,1,0,438999.99999999994
3,2,950.0,Leasehold,5.0,,Apartment,1.0,Low,Non Bumi Lot,Selangor,,4,1,0,1,1,0,0,0,1,0,1.0,0,0,0,0,0,1,0,1,1,0,1,0,0,0,230000.0000000002
3,2,1012.0,Freehold,23.0,744.0,Service Residence,2.0,Medium,Non Bumi Lot,Selangor,9.0,8,0,0,0,1,0,0,1,1,1,2.0,1,0,1,1,0,1,0,0,1,1,1,0,1,0,375000.0000000002
4,3,1238.0,Freehold,18.0,181.0,Condominium,2.0,,Non Bumi Lot,Kuala Lumpur,14.0,5,1,1,1,1,0,0,1,1,1,,0,0,1,0,0,0,0,0,1,1,1,0,1,0,570000.0
2,2,857.0,Freehold,27.0,608.0,Service Residence,2.0,,Non Bumi Lot,Selangor,6.0,2,0,1,0,0,0,0,0,1,1,,0,0,0,0,1,0,0,0,0,0,1,0,0,0,370000.0000000001
3,2,890.0,Leasehold,16.0,196.0,Apartment,1.0,Medium,Non Bumi Lot,Johor,15.0,0,0,0,0,0,0,0,0,1,0,2.0,0,0,0,0,0,0,0,0,0,0,0,0,0,0,314999.99999999994
3,2,875.0,Freehold,10.0,,Apartment,2.0,,Non Bumi Lot,Selangor,,5,1,0,1,1,0,0,0,1,1,,0,0,0,0,1,0,0,1,1,0,1,0,1,0,279999.9999999998
4,3,1500.0,Freehold,43.0,218.0,Condominium,2.0,,Non Bumi Lot,Penang,8.0,11,0,0,0,0,0,0,0,1,1,,1,0,1,1,1,1,1,1,1,1,1,0,1,0,750000.0000000005
3,3,830.0,Leasehold,10.0,,Condominium,,,Non Bumi Lot,Kuala Lumpur,29.0,8,1,1,1,1,0,0,0,1,0,,0,0,1,0,0,1,0,1,1,0,1,1,1,1,244999.99999999983
3,2,1270.0,Leasehold,10.0,120.0,Condominium,2.0,,Non Bumi Lot,Sabah,1.0,9,0,0,0,0,0,0,0,1,0,,1,0,1,0,1,1,0,1,1,1,1,1,0,0,480760.0
3,2,1018.0,Freehold,11.0,228.0,Condominium,1.0,Medium,Non Bumi Lot,Penang,19.0,9,0,0,0,0,0,0,0,1,1,2.0,1,0,1,1,1,1,0,1,1,0,1,0,1,0,420000.00000000023
3,2,936.0,Freehold,38.0,420.0,Condominium,2.0,Medium,Non Bumi Lot,Penang,12.0,14,0,0,0,0,0,0,0,1,1,2.0,1,1,1,1,1,1,1,1,1,1,1,1,1,1,529999.9999999998
3,2,1288.0,Leasehold,,,Apartment,,Medium,Non Bumi Lot,Sarawak,,0,0,0,0,0,0,0,0,1,0,2.0,0,0,0,0,0,0,0,0,0,0,0,0,0,0,310000.0
3,2,650.0,Leasehold,5.0,90.0,Apartment,1.0,Low,Non Bumi Lot,Selangor,,3,0,0,0,0,0,0,0,1,0,1.0,0,0,0,0,0,0,0,1,1,0,1,0,0,0,159999.9999999999
3,2,963.0,Freehold,4.0,1.0,Apartment,,,Non Bumi Lot,Johor,10.0,0,0,0,0,0,0,0,0,1,1,,0,0,0,0,0,0,0,0,0,0,0,0,0,0,240000.00000000015
3,2,987.0,Leasehold,5.0,80.0,Apartment,1.0,High,Non Bumi Lot,Sabah,6.0,7,0,0,0,0,0,0,0,1,0,3.0,1,0,0,1,1,0,0,1,1,0,1,0,1,0,420000.00000000023
4,2,1062.0,Freehold,25.0,588.0,Service Residence,1.0,,Non Bumi Lot,Selangor,18.0,8,1,1,1,1,0,0,1,1,1,,0,0,0,0,1,1,1,1,1,0,1,0,1,1,420000.00000000023
3,2,812.0,Leasehold,33.0,1002.0,Service Residence,2.0,Medium,Non Bumi Lot,Selangor,9.0,9,0,0,1,1,0,0,0,1,0,2.0,0,0,1,1,1,1,1,1,1,0,1,0,1,0,389000.0000000001
1,1,550.0,Leasehold,,,Apartment,,Medium,Non Bumi Lot,Johor,,8,0,0,0,0,0,0,0,1,0,2.0,1,0,1,1,0,1,0,1,1,0,1,0,1,0,249999.99999999983
3,2,650.0,Leasehold,,,Apartment,,Medium,Bumi Lot,Kuala Lumpur,,0,0,0,0,0,0,0,0,0,0,2.0,0,0,0,0,0,0,0,0,0,0,0,0,0,0,139999.9999999999
3,2,606.0,Leasehold,,,Apartment,1.0,Low,Non Bumi Lot,Selangor,,3,0,0,0,0,0,0,0,1,0,1.0,0,0,0,0,0,0,0,1,1,0,1,0,0,0,115000.00000000009
3,2,1120.0,Freehold,31.0,476.0,Condominium,2.0,Medium,Non Bumi Lot,Penang,6.0,8,0,0,0,0,0,0,0,1,1,2.0,1,0,1,1,0,0,1,0,1,1,1,0,1,0,529999.9999999998
3,1,707.0,Freehold,,,Flat,,Medium,Bumi Lot,Selangor,,2,0,0,0,0,0,1,0,0,1,2.0,0,0,0,1,0,0,0,0,1,0,0,0,0,0,149999.99999999994
1,1,476.0,Freehold,,561.0,Apartment,,Medium,Non Bumi Lot,Johor,9.0,9,0,0,0,0,0,0,0,1,1,2.0,0,0,1,1,0,1,1,1,1,0,1,0,1,1,230000.0000000002
3,2,700.0,Freehold,,,Flat,,Low,Non Bumi Lot,Penang,,1,0,0,0,0,0,0,0,1,1,1.0,0,0,0,0,0,0,0,1,0,0,0,0,0,0,149999.99999999994
3,2,1135.0,Leasehold,,,Condominium,2.0,,Non Bumi Lot,,,1,0,0,0,0,0,0,0,1,0,,0,0,0,0,0,0,0,0,0,0,1,0,0,0,468000.00000000006
3,2,1200.0,Leasehold,,698.0,Apartment,2.0,Medium,Non Bumi Lot,Johor,18.0,10,0,0,0,0,0,0,0,1,0,2.0,1,0,1,1,1,1,0,1,1,1,1,0,1,0,357999.99999999994
3,2,811.0,Freehold,11.0,220.0,Apartment,1.0,Medium,Bumi Lot,Selangor,,3,0,0,1,0,0,0,0,0,1,2.0,0,0,0,0,1,0,0,1,0,0,1,0,0,0,275000.00000000006
3,2,850.0,Freehold,,,Apartment,2.0,Medium,Non Bumi Lot,Negeri Sembilan,,13,0,0,0,0,0,0,0,1,1,2.0,1,1,1,1,1,1,1,1,1,1,1,0,1,1,330000.0000000001
3,2,900.0,Freehold,43.0,474.0,Condominium,,,Non Bumi Lot,Selangor,7.0,4,0,0,0,0,0,0,0,1,1,,0,0,0,0,0,0,0,1,1,0,1,0,1,0,375000.0000000002
3,2,950.0,Leasehold,17.0,,Apartment,1.0,Low,Bumi Lot,Johor,,6,0,0,0,0,0,0,0,0,0,1.0,1,0,0,0,0,1,0,1,1,0,1,0,1,0,249999.99999999983
2,1,480.0,Freehold,,,Flat,,Low,Non Bumi Lot,Selangor,,2,0,0,0,0,0,1,0,1,1,1.0,0,0,0,0,0,0,0,1,1,0,0,0,0,0,120000.00000000006
3,2,900.0,Freehold,42.0,2685.0,Condominium,2.0,,Non Bumi Lot,Penang,4.0,0,0,0,0,0,0,0,0,1,1,,0,0,0,0,0,0,0,0,0,0,0,0,0,0,400000.0000000002
3,2,838.0,Freehold,22.0,816.0,Condominium,2.0,,Non Bumi Lot,Penang,16.0,9,0,0,0,0,0,0,0,1,1,,1,0,1,1,1,0,0,1,1,0,1,1,1,0,380000.0000000003
2,1,560.0,Freehold,,,Condominium,1.0,Medium,Non Bumi Lot,Selangor,,3,0,0,0,0,0,0,0,1,1,2.0,0,1,0,0,0,0,0,0,1,0,1,0,0,0,223880.00000000003
3,2,810.0,Leasehold,,,Flat,1.0,Low,Bumi Lot,Selangor,,3,0,0,0,0,0,0,0,0,0,1.0,0,0,0,0,0,1,0,1,1,0,0,0,0,0,179999.99999999997
3,2,610.0,Leasehold,,,Flat,,Low,Non Bumi Lot,Johor,,0,0,0,0,0,0,0,0,1,0,1.0,0,0,0,0,0,0,0,0,0,0,0,0,0,0,128000.00000000004
2,2,816.0,Freehold,22.0,616.0,Service Residence,,Medium,Bumi Lot,Selangor,7.0,6,1,1,1,0,1,0,1,0,1,2.0,0,0,1,0,0,0,1,1,1,0,1,0,1,0,359999.99999999994
3,2,1828.0,Freehold,28.0,238.0,Condominium,2.0,,Non Bumi Lot,Kuala Lumpur,13.0,8,1,1,1,1,1,1,0,1,1,,1,0,1,0,0,0,0,0,1,1,1,1,1,1,1079999.9999999993
4,5,3735.0,Freehold,11.0,190.0,Condominium,3.0,,Non Bumi Lot,Penang,8.0,13,0,0,0,0,0,0,0,1,1,,1,1,1,0,1,1,1,1,1,1,1,1,1,1,3099999.999999998
3,2,950.0,Leasehold,17.0,592.0,Apartment,1.0,,Non Bumi Lot,Penang,34.0,6,0,0,0,0,0,0,0,1,0,,1,0,0,0,1,0,1,1,1,0,1,0,0,0,295000.00000000006
3,2,860.0,Freehold,27.0,,Condominium,2.0,,Non Bumi Lot,Penang,18.0,7,0,0,0,0,0,0,0,1,1,,1,0,1,0,1,0,0,1,1,0,1,0,1,0,450000.00000000035
2,1,660.0,Leasehold,,,Apartment,1.0,,Non Bumi Lot,Sarawak,,0,0,0,0,0,0,0,0,1,0,,0,0,0,0,0,0,0,0,0,0,0,0,0,0,158000.00000000012
2,1,765.0,Freehold,22.0,1343.0,Condominium,2.0,,Non Bumi Lot,Penang,6.0,13,0,0,0,0,0,0,0,1,1,,0,1,1,1,1,1,1,1,1,1,1,1,1,1,529999.9999999998
4,5,2476.0,Freehold,,228.0,Condominium,2.0,,Non Bumi Lot,Penang,13.0,9,0,0,0,0,0,0,0,1,1,,0,0,1,0,1,0,1,1,1,1,1,0,1,1,1600000.000000001
2,2,867.0,Freehold,20.0,,Condominium,1.0,High,Non Bumi Lot,Selangor,,11,0,1,1,1,1,1,1,1,1,3.0,1,0,1,1,1,1,1,1,1,1,1,0,1,0,370000.0000000001
3,2,1150.0,Leasehold,23.0,173.0,Condominium,1.0,Medium,Non Bumi Lot,Penang,19.0,11,0,0,0,0,0,0,0,1,0,2.0,1,1,1,1,1,1,1,1,1,0,1,0,1,0,450000.00000000035
3,2,1150.0,Leasehold,,,Apartment,,High,Non Bumi Lot,Melaka,,3,0,0,0,0,0,0,0,1,0,3.0,0,0,0,0,1,0,0,1,0,0,1,0,0,0,480000.0000000003
3,2,1117.0,Freehold,,,Apartment,,,Bumi Lot,Perak,,6,0,0,0,0,0,0,0,0,1,,0,0,1,0,1,0,0,1,1,0,1,0,1,0,319999.9999999998
3,2,1520.0,Freehold,,,Apartment,2.0,Medium,Non Bumi Lot,Sarawak,,0,0,0,0,0,0,0,0,1,1,2.0,0,0,0,0,0,0,0,0,0,0,0,0,0,0,595000.0000000001
3,2,850.0,Freehold,5.0,400.0,Apartment,,Low,Non Bumi Lot,Selangor,6.0,0,0,0,1,1,0,0,0,1,1,1.0,0,0,0,0,0,0,0,0,0,0,0,0,0,0,317999.99999999994
3,2,1148.0,Freehold,12.0,,Apartment,1.0,Low,Non Bumi Lot,Selangor,,5,0,0,0,0,0,0,0,1,1,1.0,0,0,0,0,1,0,1,1,1,0,1,0,0,0,319999.9999999998
3,2,800.0,Freehold,29.0,,Condominium,1.0,Low,Non Bumi Lot,Penang,15.0,9,0,0,0,0,0,0,0,1,1,1.0,1,0,1,1,1,0,1,1,1,0,1,0,1,0,319999.9999999998
3,2,850.0,Freehold,42.0,1311.0,Condominium,2.0,High,Bumi Lot,Selangor,2.0,14,0,0,0,0,0,0,0,0,1,3.0,1,1,1,1,1,1,1,1,1,1,1,1,1,1,311000.0000000001
3,2,1200.0,Freehold,10.0,,Condominium,1.0,Medium,Non Bumi Lot,Penang,,3,0,0,0,0,0,0,0,1,1,2.0,0,0,0,0,1,0,0,1,0,0,1,0,0,0,380000.0000000003
3,2,700.0,Leasehold,22.0,,Apartment,1.0,,Non Bumi Lot,Penang,18.0,3,0,0,0,0,0,0,0,1,0,,0,0,0,0,0,0,0,1,1,0,1,0,0,0,249999.99999999983
2,2,913.0,Freehold,35.0,302.0,Condominium,2.0,,Non Bumi Lot,Kuala Lumpur,15.0,8,1,1,1,1,1,0,0,1,1,,1,0,1,0,0,0,0,1,1,1,1,1,1,0,629999.9999999999
1,1,500.0,Freehold,20.0,259.0,Condominium,,High,Bumi Lot,Selangor,9.0,14,0,0,0,0,0,0,0,0,1,3.0,1,1,1,1,1,1,1,1,1,1,1,1,1,1,185000.00000000006
2,2,650.0,Leasehold,19.0,1632.0,Apartment,,High,Bumi Lot,Penang,24.0,6,0,0,0,0,0,0,0,0,0,3.0,0,0,0,0,1,1,1,1,1,0,1,0,0,0,155000.0
3,2,982.0,Leasehold,,,Condominium,2.0,High,Non Bumi Lot,Sabah,6.0,7,0,0,0,0,0,0,0,1,0,3.0,0,0,1,0,1,1,0,1,1,0,1,0,1,0,550000.0000000001
3,4,1991.0,Freehold,6.0,98.0,Condominium,3.0,,Non Bumi Lot,Penang,6.0,7,0,0,0,0,0,0,0,1,1,,0,0,1,0,0,0,1,1,1,1,0,1,1,0,1699999.999999999
3,2,1334.0,Freehold,,803.0,Condominium,2.0,,Non Bumi Lot,Penang,3.0,11,0,0,0,0,0,0,0,1,1,,1,1,1,1,1,0,1,1,1,1,1,0,1,0,788000.0000000006
3,2,850.0,Freehold,31.0,836.0,Service Residence,2.0,,Non Bumi Lot,Selangor,0.0,3,1,0,1,1,0,0,1,1,1,,1,0,0,1,0,0,0,0,1,0,0,0,0,0,599999.9999999999
2,2,750.0,Freehold,40.0,420.0,Service Residence,1.0,Medium,Non Bumi Lot,Penang,6.0,12,0,0,0,0,0,0,0,1,1,2.0,1,0,1,1,1,1,0,1,1,1,1,1,1,1,400000.0000000002
3,2,1098.0,Leasehold,,684.0,Condominium,1.0,Medium,Non Bumi Lot,Selangor,,7,0,0,0,1,0,0,1,1,0,2.0,1,0,1,1,0,0,1,0,1,1,0,0,1,0,359999.0000000003
1,1,548.0,Leasehold,,,Service Residence,,Medium,Non Bumi Lot,Sarawak,,0,0,0,0,0,0,0,0,1,0,2.0,0,0,0,0,0,0,0,0,0,0,0,0,0,0,165000.00000000006
3,2,1017.0,Freehold,,,Service Residence,2.0,,Non Bumi Lot,Selangor,,12,0,0,0,0,0,0,0,1,1,,1,1,1,1,1,1,1,1,1,1,1,0,1,0,279999.9999999998
3,2,818.0,Leasehold,,,Apartment,1.0,High,Bumi Lot,Selangor,,4,0,0,0,0,0,1,0,0,0,3.0,0,0,0,0,1,0,0,1,1,0,1,0,0,0,240000.00000000015
3,2,840.0,Freehold,,635.0,Apartment,2.0,Medium,Non Bumi Lot,Selangor,4.0,9,0,1,0,0,0,0,0,1,1,2.0,0,0,1,1,1,1,0,1,1,1,1,0,1,0,240000.00000000015
3,2,1257.0,Leasehold,,,Service Residence,2.0,High,Non Bumi Lot,Kuala Lumpur,,10,0,1,0,1,0,0,0,1,0,3.0,1,1,1,0,1,1,1,1,1,0,1,0,1,0,687999.9999999998
3,2,753.0,Freehold,,,Apartment,2.0,Low,Non Bumi Lot,Selangor,,6,0,0,0,0,0,0,0,1,1,1.0,0,0,0,1,1,1,0,1,1,0,1,0,0,0,167999.99999999994
3,2,845.0,Leasehold,,478.0,Condominium,2.0,,Non Bumi Lot,Penang,1.0,2,0,0,0,0,0,0,0,1,0,,0,0,0,0,0,0,0,1,1,0,0,0,0,0,700000.0000000002
3,2,887.0,Freehold,30.0,808.0,Condominium,2.0,Medium,Non Bumi Lot,Penang,10.0,10,0,0,0,0,0,0,0,1,1,2.0,0,0,1,0,1,1,0,1,1,1,1,1,1,1,494999.9999999999
3,2,1288.0,Freehold,,428.0,Condominium,2.0,Medium,Non Bumi Lot,Selangor,7.0,11,0,0,0,0,0,0,0,1,1,2.0,1,0,1,1,1,1,1,1,1,1,1,0,1,0,350000.0000000001
3,2,800.0,Freehold,24.0,342.0,Condominium,1.0,Low,Non Bumi Lot,Penang,25.0,4,0,0,0,0,0,0,0,1,1,1.0,0,0,0,0,0,1,0,1,0,0,1,0,1,0,392000.0000000001
2,2,700.0,Freehold,49.0,480.0,Service Residence,1.0,High,Non Bumi Lot,Penang,5.0,9,0,0,0,0,0,0,0,1,1,3.0,1,0,1,0,1,0,1,1,1,1,1,0,1,0,499999.9999999997
3,2,897.0,Leasehold,,704.0,Condominium,,Medium,Bumi Lot,Selangor,13.0,8,1,0,0,1,0,0,0,0,0,2.0,1,1,1,0,0,1,0,1,1,0,1,0,1,0,384999.9999999997
2,2,855.0,Leasehold,9.0,672.0,Condominium,,Medium,Non Bumi Lot,Kuala Lumpur,18.0,8,0,0,0,0,0,0,0,1,0,2.0,0,1,1,0,1,0,0,1,1,0,1,0,1,1,254999.99999999985
4,2,1000.0,Leasehold,,1443.0,Service Residence,2.0,Medium,Non Bumi Lot,Kuala Lumpur,,11,1,1,1,1,1,0,0,1,0,2.0,1,1,1,1,1,1,1,1,1,0,1,0,1,0,350000.0000000001
3,2,920.0,Leasehold,15.0,690.0,Condominium,1.0,,Bumi Lot,Kuala Lumpur,24.0,7,1,0,1,1,0,0,1,0,0,,1,0,1,0,0,1,0,1,1,0,1,0,1,0,340000.00000000006
3,2,884.0,Freehold,,,Apartment,1.0,Medium,Bumi Lot,Kuala Lumpur,,3,0,0,0,0,0,0,0,0,1,2.0,0,0,0,0,0,0,0,1,1,0,1,0,0,0,334999.9999999998
4,3,1507.0,Leasehold,31.0,660.0,Service Residence,3.0,Medium,Non Bumi Lot,Selangor,3.0,12,0,0,0,1,0,0,1,1,0,2.0,1,0,1,1,1,1,1,1,1,1,1,0,1,1,1079999.9999999993
4,3,1991.0,Leasehold,8.0,825.0,Condominium,2.0,High,Non Bumi Lot,Kuala Lumpur,,9,0,1,1,1,1,0,1,1,0,3.0,1,1,1,0,1,1,0,1,1,0,1,0,1,0,690000.0000000002
3,2,755.0,Freehold,14.0,336.0,Condominium,1.0,High,Bumi Lot,Kuala Lumpur,13.0,5,0,0,0,0,0,0,0,0,1,3.0,0,0,0,0,1,0,0,1,1,0,1,0,1,0,249999.99999999983
3,2,1227.0,Freehold,17.0,676.0,Condominium,2.0,High,Non Bumi Lot,Putrajaya,3.0,7,0,0,0,0,0,0,0,1,1,3.0,0,0,1,1,1,0,0,1,1,0,1,0,1,0,596956.9999999997
3,2,1399.0,Leasehold,,,Condominium,1.0,Medium,Non Bumi Lot,Sarawak,,4,0,0,0,0,0,0,0,1,0,2.0,0,0,0,1,0,0,0,1,1,0,1,0,0,0,480000.0000000003
3,2,860.0,Leasehold,,,Apartment,,,Bumi Lot,Selangor,,4,0,0,0,0,0,0,0,0,0,,0,0,0,0,0,0,0,1,1,0,1,0,1,0,194999.99999999994
2,1,550.0,Freehold,22.0,1343.0,Condominium,,,Non Bumi Lot,Penang,6.0,13,0,0,0,0,0,0,0,1,1,,0,1,1,1,1,1,1,1,1,1,1,1,1,1,550000.0000000001
3,2,1006.0,Freehold,,,Apartment,2.0,Medium,Bumi Lot,Putrajaya,,7,0,0,0,0,0,0,0,0,1,2.0,0,0,0,1,1,1,1,1,1,0,1,0,0,0,450000.00000000035
3,2,700.0,Freehold,35.0,,Condominium,1.0,High,Non Bumi Lot,Penang,25.0,5,0,0,0,0,0,0,0,1,1,3.0,0,0,0,1,0,1,0,1,1,0,1,0,0,0,244999.99999999983
4,2,920.0,Freehold,10.0,372.0,Apartment,1.0,Medium,Bumi Lot,Selangor,,2,0,0,0,1,0,0,1,0,1,2.0,0,0,0,0,0,0,0,1,1,0,0,0,0,0,324999.9999999999
1,1,465.0,Leasehold,21.0,,Apartment,1.0,High,Non Bumi Lot,Selangor,19.0,8,0,0,0,0,0,0,0,1,0,3.0,0,0,1,0,1,1,0,1,1,1,1,0,1,0,167999.99999999994
2,1,550.0,Freehold,,,Flat,,High,Bumi Lot,Selangor,,0,0,0,0,0,0,0,0,0,1,3.0,0,0,0,0,0,0,0,0,0,0,0,0,0,0,69998.99999999997
4,3,1300.0,Freehold,,,Condominium,2.0,High,Bumi Lot,Negeri Sembilan,,14,0,0,0,0,0,0,0,0,1,3.0,1,1,1,1,1,1,1,1,1,1,1,1,1,1,289999.9999999999
3,2,1091.0,Freehold,18.0,569.0,Condominium,1.0,,Non Bumi Lot,Kuala Lumpur,13.0,8,0,0,1,0,0,0,1,1,1,,0,0,1,0,1,1,0,1,1,1,1,0,1,0,350000.0000000001
1,1,680.0,Freehold,,,Service Residence,1.0,Medium,Non Bumi Lot,Johor,,14,0,0,0,0,0,0,0,1,1,2.0,1,1,1,1,1,1,1,1,1,1,1,1,1,1,258999.99999999983
3,1,650.0,Leasehold,,,Apartment,,,Non Bumi Lot,Kuala Lumpur,,0,0,0,0,0,0,0,0,1,0,,0,0,0,0,0,0,0,0,0,0,0,0,0,0,144999.99999999994
3,2,650.0,Freehold,,,Apartment,1.0,Low,Non Bumi Lot,Penang,,6,0,0,0,0,0,0,0,1,1,1.0,0,0,0,1,1,1,0,1,1,0,1,0,0,0,310000.0
3,2,760.0,Freehold,3.0,,Apartment,,Low,Non Bumi Lot,Kuala Lumpur,,1,1,1,1,1,1,1,1,1,1,1.0,0,0,0,0,0,0,0,1,0,0,0,0,0,0,237999.9999999998
3,2,1519.0,Freehold,,,Condominium,1.0,,Non Bumi Lot,,,9,0,0,0,0,0,0,0,1,1,,1,0,1,0,0,0,0,1,1,1,1,1,1,1,620000.0
2,1,600.0,Leasehold,,,Condominium,1.0,Medium,Non Bumi Lot,Sabah,,7,0,0,0,0,0,0,0,1,0,2.0,0,0,0,1,1,1,0,1,1,0,1,0,1,0,222000.00000000012
2,2,620.0,Freehold,43.0,956.0,Condominium,1.0,,Non Bumi Lot,Selangor,,4,1,1,1,1,1,0,0,1,1,,0,0,1,0,0,1,0,1,0,0,1,0,0,0,420000.00000000023
3,2,1043.0,Leasehold,12.0,260.0,Condominium,,,Bumi Lot,Selangor,17.0,5,0,0,0,0,0,0,0,0,0,,0,0,0,1,0,1,0,1,0,0,1,0,1,0,350000.0000000001
3,3,1598.0,Freehold,42.0,670.0,Condominium,2.0,,Non Bumi Lot,Penang,6.0,5,0,0,0,0,0,0,0,1,1,,0,0,1,0,1,0,0,1,0,0,1,0,1,0,610000.0
3,2,1050.0,Freehold,,,Condominium,2.0,Medium,Non Bumi Lot,Selangor,,14,0,0,0,0,0,0,0,1,1,2.0,1,1,1,1,1,1,1,1,1,1,1,1,1,1,389999.99999999994
1,1,416.0,Leasehold,22.0,176.0,Service Residence,,Medium,Non Bumi Lot,Kuala Lumpur,,4,1,1,1,1,0,1,1,1,0,2.0,0,0,1,0,0,0,0,0,0,1,1,0,1,0,227999.9999999998
3,2,883.0,Leasehold,14.0,704.0,Condominium,1.0,High,Non Bumi Lot,Selangor,22.0,8,0,0,0,0,0,0,0,1,0,3.0,0,0,1,0,1,1,0,1,1,1,1,0,1,0,249999.99999999983
3,2,650.0,Freehold,10.0,,Apartment,,Medium,Bumi Lot,Selangor,16.0,5,1,0,1,1,0,0,0,0,1,2.0,0,0,0,1,0,1,0,1,1,0,1,0,0,0,194999.99999999994
3,2,872.0,Leasehold,11.0,,Apartment,1.0,Medium,Non Bumi Lot,Penang,,7,0,0,0,0,0,0,0,1,0,2.0,1,0,1,0,1,0,0,1,1,0,1,0,1,0,480000.0000000003
4,2,1200.0,Leasehold,13.0,,Apartment,1.0,,Non Bumi Lot,Selangor,,5,1,0,1,0,0,1,0,1,0,,0,0,1,0,0,0,0,1,1,0,1,0,1,0,327999.99999999977
3,2,1100.0,Freehold,30.0,816.0,Condominium,2.0,,Non Bumi Lot,Penang,7.0,8,0,0,0,0,0,0,0,1,1,,1,0,1,1,0,0,1,1,1,0,1,0,1,0,550000.0000000001
3,2,1000.0,Leasehold,,,Apartment,,Medium,Bumi Lot,Johor,,3,0,0,0,0,0,0,0,0,0,2.0,0,0,0,0,1,0,0,0,1,0,0,0,1,0,229998.9999999998
3,2,1399.0,Leasehold,,,Condominium,1.0,,Non Bumi Lot,Sarawak,,7,0,0,0,0,0,0,0,1,0,,0,0,0,0,0,1,0,1,1,1,1,1,1,0,480000.0000000003
3,2,800.0,Leasehold,5.0,,Apartment,,,Bumi Lot,Selangor,,4,0,0,0,0,0,0,0,0,0,,1,0,0,0,0,0,0,1,1,0,1,0,0,0,264999.9999999999
3,2,700.0,Freehold,23.0,433.0,Apartment,1.0,Medium,Non Bumi Lot,Penang,24.0,10,0,0,0,0,0,0,0,1,1,2.0,1,0,1,1,1,1,0,1,1,0,1,0,1,1,319999.9999999998
3,2,1050.0,Freehold,22.0,504.0,Condominium,2.0,Low,Non Bumi Lot,Penang,29.0,0,0,0,0,0,0,0,0,1,1,1.0,0,0,0,0,0,0,0,0,0,0,0,0,0,0,398999.99999999965
3,2,866.0,Leasehold,,,Condominium,,Low,Bumi Lot,Sabah,,0,0,0,0,0,0,0,0,0,0,1.0,0,0,0,0,0,0,0,0,0,0,0,0,0,0,380000.0000000003
3,2,700.0,Freehold,16.0,256.0,Apartment,1.0,Medium,Non Bumi Lot,Penang,,5,0,0,0,0,0,0,0,1,1,2.0,1,0,0,1,0,0,0,1,1,0,1,0,0,0,330000.0000000001
2,1,520.0,Leasehold,13.0,1020.0,Apartment,,High,Non Bumi Lot,Penang,,0,0,0,0,0,0,0,0,1,0,3.0,0,0,0,0,0,0,0,0,0,0,0,0,0,0,124999.99999999991
3,2,850.0,Freehold,,,Flat,,High,Non Bumi Lot,Johor,,4,0,0,0,0,0,0,0,1,1,3.0,0,0,0,0,0,0,0,1,1,0,1,0,1,0,198000.00000000012
3,2,1742.0,Freehold,30.0,600.0,Condominium,2.0,Medium,Non Bumi Lot,Selangor,9.0,9,0,0,0,0,0,0,0,1,1,2.0,1,0,1,1,1,1,0,1,1,0,1,0,1,0,482999.99999999965
3,2,850.0,Leasehold,20.0,1440.0,Condominium,1.0,Low,Non Bumi Lot,Selangor,8.0,5,0,0,0,0,0,0,0,1,0,1.0,0,0,0,0,1,1,0,1,1,0,1,0,0,0,244999.99999999983
3,2,571.0,Freehold,,,Flat,,High,Non Bumi Lot,Johor,,1,0,0,0,0,0,0,0,1,1,3.0,0,0,0,0,0,0,0,1,0,0,0,0,0,0,85000.0
3,2,1000.0,Freehold,,,Condominium,1.0,,Non Bumi Lot,,,6,0,0,0,0,0,0,0,1,1,,0,0,1,0,0,0,0,0,1,1,1,1,1,0,298999.99999999977
3,2,1100.0,Freehold,19.0,,Condominium,2.0,High,Non Bumi Lot,Kuala Lumpur,,10,1,1,1,1,0,0,1,1,1,3.0,1,0,1,1,1,1,0,1,1,0,1,0,1,1,550000.0000000001
3,2,1100.0,Freehold,,,Condominium,2.0,High,Non Bumi Lot,Penang,,10,0,0,0,0,0,0,0,1,1,3.0,1,0,1,1,1,0,1,1,1,1,1,0,1,0,660000.0000000003
3,2,936.0,Freehold,38.0,420.0,Condominium,2.0,High,Non Bumi Lot,Penang,12.0,14,0,0,0,0,0,0,0,1,1,3.0,1,1,1,1,1,1,1,1,1,1,1,1,1,1,529999.9999999998
3,2,850.0,Freehold,21.0,406.0,Condominium,1.0,Low,Non Bumi Lot,Penang,25.0,0,0,0,0,0,0,0,0,1,1,1.0,0,0,0,0,0,0,0,0,0,0,0,0,0,0,340000.00000000006
3,2,1670.0,Freehold,14.0,539.0,Condominium,3.0,Low,Non Bumi Lot,Selangor,8.0,11,0,1,1,0,0,1,1,1,1,1.0,1,1,1,1,0,0,1,1,1,1,1,0,1,1,849999.9999999994
2,2,997.0,Leasehold,,,Service Residence,1.0,,Non Bumi Lot,Kuala Lumpur,17.0,7,1,1,0,1,0,0,1,1,0,,1,0,1,0,0,1,0,1,0,1,1,0,1,0,468000.00000000006
3,2,700.0,Freehold,10.0,360.0,Apartment,2.0,Medium,Non Bumi Lot,Selangor,,7,0,0,1,1,1,1,0,1,1,2.0,0,0,0,1,1,0,1,1,1,0,1,0,1,0,269000.0000000002
3,2,949.0,Freehold,,635.0,Apartment,2.0,Medium,Non Bumi Lot,Selangor,4.0,7,0,0,0,0,0,0,0,1,1,2.0,0,0,0,1,1,1,0,1,1,0,1,0,1,0,264999.9999999999
3,2,1091.0,Freehold,14.0,480.0,Condominium,1.0,Medium,Non Bumi Lot,Selangor,15.0,10,0,0,0,0,0,0,0,1,1,2.0,1,1,1,1,0,1,0,1,1,0,1,1,1,0,365000.00000000023
3,2,1024.0,Leasehold,4.0,,Apartment,,Low,Non Bumi Lot,Johor,,0,0,0,0,0,0,0,0,1,0,1.0,0,0,0,0,0,0,0,0,0,0,0,0,0,0,298999.99999999977
3,2,850.0,Freehold,,,Apartment,1.0,,Non Bumi Lot,Selangor,,0,0,0,0,0,0,0,0,1,1,,0,0,0,0,0,0,0,0,0,0,0,0,0,0,198999.9999999999
3,2,1382.0,Freehold,,224.0,Duplex,3.0,,Non Bumi Lot,Selangor,5.0,8,0,0,0,0,0,0,0,1,1,,0,0,1,0,1,1,0,1,1,0,1,1,1,0,662999.9999999998
4,4,2368.0,Freehold,,77.0,Condominium,3.0,Medium,Non Bumi Lot,Kuala Lumpur,14.0,14,1,1,0,1,1,0,1,1,1,2.0,1,1,1,1,1,1,1,1,1,1,1,1,1,1,2367999.9999999995
3,2,1598.0,Freehold,42.0,670.0,Condominium,2.0,Medium,Non Bumi Lot,Penang,6.0,7,0,0,0,0,0,0,0,1,1,2.0,0,0,1,0,1,0,1,1,1,0,1,0,1,0,620000.0
2,1,494.0,Freehold,,,Flat,,Medium,Non Bumi Lot,Johor,,0,0,0,0,0,0,0,0,1,1,2.0,0,0,0,0,0,0,0,0,0,0,0,0,0,0,155000.0
3,2,925.0,Freehold,5.0,,Apartment,1.0,Low,Non Bumi Lot,Selangor,,2,1,0,1,1,0,0,0,1,1,1.0,0,0,0,0,0,0,0,1,0,0,1,0,0,0,368000.00000000006
3,2,720.0,Leasehold,17.0,3.0,Apartment,1.0,,Non Bumi Lot,Penang,31.0,2,0,0,0,0,0,0,0,1,0,,0,0,0,0,1,0,0,1,0,0,0,0,0,0,219999.99999999985
3,2,963.0,Freehold,,,Apartment,1.0,Medium,Bumi Lot,Melaka,,2,0,0,0,0,0,0,0,0,1,2.0,0,0,0,0,0,0,0,1,0,0,1,0,0,0,165000.00000000006
3,2,1200.0,Freehold,30.0,816.0,Condominium,4.0,Medium,Non Bumi Lot,Penang,7.0,9,0,0,0,0,0,0,0,1,1,2.0,1,0,1,1,1,0,1,1,1,0,1,0,1,0,614999.9999999997
3,2,1010.0,Freehold,25.0,2003.0,Service Residence,,,Non Bumi Lot,Johor,4.0,0,0,0,0,0,0,0,0,1,1,,0,0,0,0,0,0,0,0,0,0,0,0,0,0,396000.0000000003
3,2,907.0,Leasehold,20.0,606.0,Condominium,1.0,Medium,Non Bumi Lot,Selangor,18.0,7,0,0,1,1,0,0,0,1,0,2.0,0,0,1,0,0,1,0,1,1,0,1,0,1,1,240000.00000000015
3,2,835.0,Leasehold,15.0,,Apartment,,,Bumi Lot,Selangor,,2,1,0,0,1,0,0,0,0,0,,0,0,0,0,0,0,0,1,0,0,1,0,0,0,319999.9999999998
3,2,850.0,Leasehold,13.0,,Apartment,,Medium,Non Bumi Lot,Johor,14.0,4,0,0,0,0,0,0,0,1,0,2.0,0,0,0,1,0,1,0,0,1,0,1,0,0,0,237999.9999999998
3,2,853.0,Freehold,,,Apartment,2.0,Medium,Bumi Lot,Selangor,7.0,6,0,0,0,0,0,0,0,0,1,2.0,0,0,0,1,1,1,0,1,1,0,1,0,0,0,275000.00000000006
3,2,1096.0,Leasehold,19.0,256.0,Condominium,1.0,,Non Bumi Lot,Selangor,4.0,7,0,0,0,0,0,0,0,1,0,,0,0,1,0,1,0,1,1,1,0,1,0,1,0,389000.0000000001
3,2,1000.0,Freehold,13.0,445.0,Apartment,1.0,Low,Non Bumi Lot,Selangor,16.0,6,0,0,0,0,0,1,0,1,1,1.0,1,0,0,1,0,1,0,1,1,0,1,0,0,0,230000.0000000002
3,2,1010.0,Freehold,5.0,,Apartment,1.0,High,Non Bumi Lot,Selangor,,5,0,0,0,0,0,0,0,1,1,3.0,1,0,0,0,0,0,0,1,1,0,1,0,1,0,343999.00000000006
1,1,609.0,Freehold,,363.0,Service Residence,1.0,Medium,Non Bumi Lot,Kuala Lumpur,5.0,5,1,1,1,1,0,1,1,1,1,2.0,1,0,1,0,0,0,1,0,1,0,1,0,0,0,562880.0000000002
1,1,454.0,Leasehold,15.0,766.0,Service Residence,,,Non Bumi Lot,Selangor,,8,1,1,1,1,0,0,0,1,0,,1,1,1,1,0,0,0,1,0,1,1,0,1,0,234999.99999999994
3,2,838.0,Freehold,22.0,816.0,Condominium,1.0,,Non Bumi Lot,Penang,16.0,9,0,0,0,0,0,0,0,1,1,,1,0,1,1,1,0,0,1,1,0,1,1,1,0,355000.0
3,2,671.0,Leasehold,,,Apartment,2.0,Medium,Non Bumi Lot,Selangor,,0,1,0,0,1,0,0,0,1,0,2.0,0,0,0,0,0,0,0,0,0,0,0,0,0,0,105000.00000000004
3,3,1539.0,Freehold,17.0,328.0,Condominium,2.0,,Non Bumi Lot,Penang,11.0,0,0,0,0,0,0,0,0,1,1,,0,0,0,0,0,0,0,0,0,0,0,0,0,0,1350000.0000000002
2,1,581.0,Leasehold,36.0,816.0,Service Residence,1.0,High,Non Bumi Lot,Selangor,2.0,8,1,1,1,1,0,0,1,1,0,3.0,0,0,1,1,1,0,1,1,1,0,1,0,1,0,520000.0000000003
3,2,1000.0,Freehold,,,Condominium,2.0,Medium,Non Bumi Lot,Penang,,5,0,0,0,0,0,0,0,1,1,2.0,0,0,0,0,1,0,0,1,1,0,1,0,1,0,494999.9999999999
3,2,1020.0,Freehold,22.0,1343.0,Condominium,1.0,Medium,Non Bumi Lot,Penang,6.0,13,0,0,0,0,0,0,0,1,1,2.0,0,1,1,1,1,1,1,1,1,1,1,1,1,1,697999.9999999998
3,2,838.0,Freehold,22.0,816.0,Condominium,1.0,,Non Bumi Lot,Penang,16.0,9,0,0,0,0,0,0,0,1,1,,1,0,1,1,1,0,0,1,1,0,1,1,1,0,420000.00000000023
3,2,973.0,Leasehold,,352.0,Condominium,,Medium,Non Bumi Lot,Johor,8.0,0,0,0,0,0,0,0,0,1,0,2.0,0,0,0,0,0,0,0,0,0,0,0,0,0,0,319999.9999999998
3,2,891.0,Freehold,,,Apartment,,,Non Bumi Lot,Selangor,,0,1,0,1,1,0,0,0,1,1,,0,0,0,0,0,0,0,0,0,0,0,0,0,0,269999.99999999977
3,2,738.0,Leasehold,,,Apartment,1.0,Low,Non Bumi Lot,Sabah,,5,0,0,0,0,0,0,0,1,0,1.0,0,0,0,1,0,0,0,1,1,0,1,0,1,0,295000.00000000006
3,2,1410.0,Leasehold,27.0,569.0,Condominium,2.0,Medium,Non Bumi Lot,Selangor,10.0,9,0,0,0,0,0,0,0,1,0,2.0,0,0,1,1,1,1,0,1,1,0,1,1,1,0,275000.00000000006
2,2,708.0,Freehold,,177.0,Condominium,1.0,Medium,Non Bumi Lot,Pahang,9.0,7,0,0,0,0,0,0,0,1,1,2.0,0,0,1,0,0,0,1,1,1,1,1,0,1,0,398999.99999999965
3,2,900.0,Freehold,4.0,,Apartment,1.0,High,Non Bumi Lot,Kuala Lumpur,,2,0,0,0,0,0,0,0,1,1,3.0,0,0,0,0,0,0,0,1,0,0,1,0,0,0,295000.00000000006
3,2,1085.0,Leasehold,,,Apartment,1.0,,Non Bumi Lot,Sarawak,,2,0,0,0,0,0,0,0,1,0,,0,0,0,0,0,0,0,1,0,0,1,0,0,0,219999.99999999985
3,2,700.0,Freehold,18.0,136.0,Condominium,1.0,Medium,Non Bumi Lot,Penang,29.0,6,0,0,0,0,0,0,0,1,1,2.0,0,0,0,0,1,1,0,1,1,0,1,0,1,0,330000.0000000001
1,1,687.0,Leasehold,,,Apartment,1.0,Medium,Non Bumi Lot,Sarawak,,0,0,0,0,0,0,0,0,1,0,2.0,0,0,0,0,0,0,0,0,0,0,0,0,0,0,397999.9999999999
4,2,847.0,Leasehold,,,Apartment,,Medium,Bumi Lot,Selangor,,7,0,0,0,0,0,0,0,0,0,2.0,0,1,0,0,1,0,1,1,1,0,1,0,1,0,269999.99999999977
3,3,1400.0,Freehold,,,Condominium,2.0,Low,Non Bumi Lot,Kuala Lumpur,10.0,9,0,1,1,1,0,0,1,1,1,1.0,1,0,1,1,0,1,1,1,1,0,1,0,1,0,960000.0000000007
3,2,1081.0,Freehold,23.0,284.0,Condominium,2.0,,Non Bumi Lot,Kuala Lumpur,12.0,10,1,0,1,1,0,0,0,1,1,,1,0,1,0,1,1,1,1,1,1,1,0,1,0,465499.9999999999
3,2,1023.0,Freehold,,1200.0,Condominium,2.0,,Non Bumi Lot,Selangor,4.0,14,0,0,0,0,0,0,0,1,1,,1,1,1,1,1,1,1,1,1,1,1,1,1,1,299999.9999999999
4,3,1600.0,Freehold,22.0,816.0,Condominium,2.0,,Non Bumi Lot,Penang,16.0,9,0,0,0,0,0,0,0,1,1,,1,0,1,1,1,0,0,1,1,0,1,1,1,0,660000.0000000003
3,2,882.0,Freehold,,,Apartment,1.0,Medium,Non Bumi Lot,Penang,,3,0,0,0,0,0,0,0,1,1,2.0,0,0,0,0,1,0,0,1,0,0,1,0,0,0,230000.0000000002
4,3,1695.0,Freehold,11.0,1240.0,Condominium,3.0,High,Non Bumi Lot,Kuala Lumpur,23.0,7,0,1,1,1,0,0,1,1,1,3.0,0,0,0,1,1,1,1,1,1,0,1,0,0,0,579999.9999999999
2,2,751.0,Leasehold,19.0,,Condominium,,,Non Bumi Lot,Selangor,32.0,9,0,0,0,0,1,0,0,1,0,,1,0,0,1,0,1,0,1,1,0,1,1,1,1,319999.9999999998
3,2,1084.0,Freehold,10.0,160.0,Condominium,1.0,Medium,Non Bumi Lot,Kuala Lumpur,,9,1,0,1,1,0,0,0,1,1,2.0,0,0,1,0,1,1,0,1,1,0,1,1,1,1,289998.9999999998
3,2,700.0,Freehold,30.0,500.0,Apartment,1.0,,Non Bumi Lot,Penang,11.0,9,0,0,0,0,0,0,0,1,1,,1,0,1,1,1,0,1,1,1,0,1,0,1,0,310000.0
3,2,1050.0,Freehold,,226.0,Condominium,1.0,Medium,Non Bumi Lot,Putrajaya,,5,0,0,0,0,0,0,0,1,1,2.0,1,0,0,0,0,0,1,0,1,0,1,0,1,0,430000.0000000002
3,3,1598.0,Freehold,42.0,670.0,Condominium,2.0,High,Non Bumi Lot,Penang,6.0,5,0,0,0,0,0,0,0,1,1,3.0,0,0,1,0,1,0,0,1,0,0,1,0,1,0,700000.0000000002
3,2,654.0,Freehold,38.0,554.0,Apartment,1.0,,Non Bumi Lot,Penang,9.0,3,0,0,0,0,0,0,0,1,1,,0,0,0,0,1,0,0,1,0,0,1,0,0,0,285000.0
3,2,1463.0,Leasehold,,1929.0,Condominium,2.0,,Non Bumi Lot,Selangor,10.0,6,0,0,0,0,0,0,0,1,0,,0,0,1,0,0,1,0,1,1,0,1,0,1,0,579999.9999999999
2,2,853.0,Leasehold,,,Service Residence,1.0,Low,Non Bumi Lot,Johor,,11,0,0,0,0,0,0,0,1,0,1.0,1,1,1,0,1,1,1,1,1,1,1,0,1,0,338000.00000000023
3,2,650.0,Leasehold,,,Apartment,1.0,Medium,Non Bumi Lot,Selangor,,4,1,0,1,1,0,0,0,1,0,2.0,0,0,0,0,1,1,0,1,1,0,0,0,0,0,169998.99999999997
3,2,850.0,Leasehold,,,Condominium,,Medium,Non Bumi Lot,Kuala Lumpur,,7,1,1,1,1,0,0,0,1,0,2.0,0,0,0,0,1,1,1,1,1,0,1,0,1,0,260000.00000000015
3,2,853.0,Freehold,,,Apartment,1.0,Medium,Bumi Lot,Selangor,7.0,3,0,0,0,0,0,0,0,0,1,2.0,0,0,0,0,0,0,0,1,1,0,1,0,0,0,299999.9999999999
3,2,1345.0,Freehold,17.0,91.0,Condominium,3.0,Medium,Non Bumi Lot,Penang,7.0,10,0,0,0,0,0,0,0,1,1,2.0,0,0,1,1,1,1,0,1,1,1,1,1,1,0,820000.0000000002
3,2,850.0,Freehold,,,Apartment,1.0,Low,Non Bumi Lot,Johor,,0,0,0,0,0,0,0,0,1,1,1.0,0,0,0,0,0,0,0,0,0,0,0,0,0,0,230000.0000000002
3,2,743.0,Leasehold,13.0,,Apartment,,Medium,Bumi Lot,Johor,14.0,3,0,0,0,0,0,0,0,0,0,2.0,0,0,0,0,0,1,0,0,1,0,1,0,0,0,198000.00000000012
2,1,845.0,Freehold,,,Service Residence,1.0,High,Non Bumi Lot,Selangor,,7,1,1,1,1,1,0,1,1,1,3.0,1,0,1,0,0,0,1,0,1,1,1,0,1,0,428000.0000000002
3,2,650.0,Freehold,14.0,90.0,Apartment,,High,Bumi Lot,Kuala Lumpur,,4,0,0,0,0,0,0,0,0,1,3.0,0,0,0,0,0,1,0,1,1,0,1,0,0,0,179999.99999999997
3,2,660.0,Leasehold,,,Apartment,,,Bumi Lot,Selangor,,0,0,0,0,0,0,0,0,0,0,,0,0,0,0,0,0,0,0,0,0,0,0,0,0,105000.00000000004
3,2,1048.0,Leasehold,,,Apartment,2.0,Low,Bumi Lot,Kuala Lumpur,,10,0,0,1,1,0,0,0,0,0,1.0,1,0,1,1,1,1,1,1,1,0,1,0,0,1,450000.00000000035
2,2,820.0,Freehold,,561.0,Apartment,,Medium,Non Bumi Lot,Johor,9.0,9,0,0,0,0,0,0,0,1,1,2.0,0,0,1,1,0,1,1,1,1,0,1,0,1,1,380000.0000000003
4,2,1010.0,Freehold,,,Service Residence,2.0,Medium,Non Bumi Lot,Kuala Lumpur,,10,1,1,1,1,1,0,0,1,1,2.0,1,0,1,1,1,1,1,1,1,0,1,0,1,0,649999.9999999998
3,2,1115.0,Freehold,25.0,419.0,Condominium,2.0,Medium,Non Bumi Lot,Penang,6.0,8,0,0,0,0,0,0,0,1,1,2.0,0,0,1,0,1,1,0,1,1,1,1,0,1,0,599999.9999999999
1,1,434.0,Freehold,,,Apartment,,Medium,Non Bumi Lot,Johor,,5,0,0,0,0,0,0,0,1,1,2.0,0,0,0,0,1,1,0,0,1,0,1,0,1,0,249999.99999999983
3,1,581.0,Freehold,,,Flat,,Medium,Bumi Lot,Selangor,,0,0,0,0,0,0,0,0,0,1,2.0,0,0,0,0,0,0,0,0,0,0,0,0,0,0,65000.00000000002
4,3,1346.0,Leasehold,19.0,448.0,Condominium,2.0,,Bumi Lot,Selangor,15.0,6,1,0,1,1,0,0,0,0,0,,0,0,1,0,1,0,0,1,1,0,1,0,1,0,520000.0000000003
3,2,1068.0,Leasehold,,944.0,Condominium,1.0,High,Non Bumi Lot,Johor,7.0,1,0,0,0,0,0,0,0,1,0,3.0,0,0,0,0,0,0,0,0,0,0,0,1,0,0,450000.00000000035
3,2,926.0,Freehold,,,Service Residence,2.0,Low,Non Bumi Lot,Selangor,,9,0,0,0,0,0,0,0,1,1,1.0,1,1,1,1,1,0,0,1,1,0,1,0,1,0,455999.99999999965
2,2,550.0,Leasehold,19.0,1632.0,Apartment,,Low,Non Bumi Lot,Penang,24.0,0,0,0,0,0,0,0,0,1,0,1.0,0,0,0,0,0,0,0,0,0,0,0,0,0,0,219999.99999999985
3,2,980.0,Freehold,,,Condominium,1.0,Medium,Non Bumi Lot,Selangor,,14,0,0,0,0,0,0,0,1,1,2.0,1,1,1,1,1,1,1,1,1,1,1,1,1,1,298999.99999999977
3,2,969.0,Freehold,,,Service Residence,2.0,Medium,Non Bumi Lot,Putrajaya,,14,0,0,0,0,0,0,0,1,1,2.0,1,1,1,1,1,1,1,1,1,1,1,1,1,1,481999.9999999998
2,2,1019.0,Leasehold,,644.0,Condominium,1.0,Medium,Non Bumi Lot,Johor,8.0,8,0,0,0,0,0,0,0,1,0,2.0,1,0,1,1,0,0,0,0,1,1,1,0,1,1,400000.0000000002
3,2,850.0,Leasehold,,,Apartment,1.0,Medium,Non Bumi Lot,Sabah,,4,0,0,0,0,0,0,0,1,0,2.0,0,0,0,0,0,0,1,0,1,0,1,0,1,0,310000.0
3,2,1055.0,Freehold,15.0,336.0,Condominium,1.0,,Non Bumi Lot,Penang,25.0,10,0,0,0,0,0,0,0,1,1,,1,0,1,0,0,1,0,1,1,1,1,1,1,1,420000.00000000023
3,2,815.0,Freehold,,,Service Residence,,Medium,Non Bumi Lot,Selangor,,1,1,1,0,0,0,0,0,1,1,2.0,0,0,0,0,0,0,1,0,0,0,0,0,0,0,599000.0000000003
3,2,865.0,Leasehold,15.0,,Apartment,1.0,High,Bumi Lot,Selangor,,6,0,0,1,1,0,0,0,0,0,3.0,1,1,0,1,0,0,0,1,1,0,1,0,0,0,219999.99999999985
3,2,1200.0,Freehold,60.0,1516.0,Service Residence,,Medium,Non Bumi Lot,Kuala Lumpur,6.0,11,1,1,1,1,0,0,1,1,1,2.0,1,0,1,1,1,1,0,1,1,1,1,0,1,1,660000.0000000003
3,1,650.0,Leasehold,,,Apartment,,,Non Bumi Lot,Penang,,4,0,0,0,0,0,0,0,1,0,,0,0,0,0,1,1,1,1,0,0,0,0,0,0,175000.00000000003
3,2,1936.0,Leasehold,,,Apartment,3.0,,Non Bumi Lot,Selangor,,1,0,0,0,1,0,0,1,1,0,,0,0,0,0,0,0,1,0,0,0,0,0,0,0,469999.99999999994
5,4,2293.0,Freehold,16.0,520.0,Condominium,2.0,,Non Bumi Lot,Selangor,24.0,14,0,0,0,0,0,0,0,1,1,,1,1,1,1,1,1,1,1,1,1,1,1,1,1,547000.0000000003
2,2,1000.0,Leasehold,22.0,500.0,Condominium,1.0,Medium,Non Bumi Lot,Kuala Lumpur,15.0,6,0,0,1,1,0,0,1,1,0,2.0,1,0,0,0,0,1,0,1,1,0,1,0,1,0,389999.99999999994
3,2,800.0,Freehold,22.0,1343.0,Condominium,1.0,,Non Bumi Lot,Penang,6.0,13,0,0,0,0,0,0,0,1,1,,0,1,1,1,1,1,1,1,1,1,1,1,1,1,599999.9999999999
3,2,731.0,Freehold,,,Apartment,,Medium,Non Bumi Lot,Selangor,,2,0,0,0,1,0,0,0,1,1,2.0,0,0,0,0,0,0,0,1,1,0,0,0,0,0,219999.99999999985
4,2,844.0,Leasehold,,,Apartment,1.0,Medium,Bumi Lot,Selangor,,5,0,0,0,0,0,0,0,0,0,2.0,0,0,0,0,0,0,1,1,1,0,1,0,1,0,228999.99999999983
3,2,802.0,Freehold,,760.0,Apartment,1.0,Medium,Non Bumi Lot,Selangor,,8,0,0,1,1,1,0,0,1,1,2.0,0,0,0,1,1,1,1,1,1,0,1,0,1,0,279999.9999999998
2,2,430.0,Freehold,,,Apartment,,High,Non Bumi Lot,Selangor,,5,1,1,0,1,0,0,1,1,1,3.0,0,0,0,0,1,1,0,0,1,0,1,0,1,0,225000.00000000015
3,1,654.0,Freehold,38.0,554.0,Apartment,1.0,High,Non Bumi Lot,Penang,9.0,0,0,0,0,0,0,0,0,1,1,3.0,0,0,0,0,0,0,0,0,0,0,0,0,0,0,288000.00000000023
3,2,1200.0,Freehold,,410.0,Condominium,2.0,High,Non Bumi Lot,Penang,2.0,7,0,0,0,0,0,0,0,1,1,3.0,1,1,0,0,0,0,1,1,1,1,0,0,1,0,680000.0000000001
3,2,650.0,Freehold,27.0,454.0,Apartment,,Medium,Non Bumi Lot,Penang,,3,0,0,0,0,0,0,0,1,1,2.0,0,0,0,0,1,0,0,1,0,0,1,0,0,0,249999.99999999983
3,2,1000.0,Freehold,,,Apartment,2.0,High,Non Bumi Lot,Penang,3.0,9,0,0,0,0,0,0,0,1,1,3.0,0,0,1,0,1,1,0,1,1,1,1,0,1,1,520000.0000000003
3,2,1060.0,Freehold,25.0,237.0,Condominium,2.0,Medium,Non Bumi Lot,Penang,27.0,4,0,0,0,0,0,0,0,1,1,2.0,0,0,0,0,1,0,0,1,0,0,1,0,1,0,480000.0000000003
2,1,550.0,Freehold,,,Apartment,,Medium,Bumi Lot,Sabah,,0,0,0,0,0,0,0,0,0,1,2.0,0,0,0,0,0,0,0,0,0,0,0,0,0,0,141749.99999999988
3,2,1100.0,Freehold,28.0,222.0,Condominium,1.0,Medium,Non Bumi Lot,Kuala Lumpur,10.0,11,1,0,1,1,0,0,0,1,1,2.0,1,1,1,1,0,1,1,1,1,1,1,0,1,0,455000.00000000023
3,2,850.0,Leasehold,,478.0,Condominium,2.0,,Non Bumi Lot,Penang,1.0,9,0,0,0,0,0,0,0,1,0,,1,0,1,1,1,0,0,1,1,1,1,0,1,0,690000.0000000002
2,1,500.0,Freehold,,,Flat,,Medium,Non Bumi Lot,Johor,,2,0,0,0,0,0,0,0,1,1,2.0,0,0,0,0,0,1,0,0,1,0,0,0,0,0,144999.99999999994
2,1,550.0,Leasehold,,,Flat,,,Non Bumi Lot,Penang,,0,0,0,0,0,0,0,0,1,0,,0,0,0,0,0,0,0,0,0,0,0,0,0,0,149999.99999999994
3,2,807.0,Freehold,,1255.0,Service Residence,2.0,Medium,Non Bumi Lot,Selangor,1.0,12,0,0,0,0,0,0,0,1,1,2.0,1,1,1,1,1,1,1,1,1,1,1,0,1,0,380000.0000000003
3,2,1195.0,Freehold,15.0,348.0,Condominium,,High,Non Bumi Lot,Kuala Lumpur,,14,1,1,1,1,0,0,1,1,1,3.0,1,1,1,1,1,1,1,1,1,1,1,1,1,1,515000.00000000047
3,2,1016.0,Leasehold,21.0,800.0,Apartment,,,Non Bumi Lot,Kuala Lumpur,17.0,3,1,0,0,1,1,0,1,1,0,,0,0,0,0,0,1,0,1,0,0,1,0,0,0,324999.9999999999
3,2,1539.0,Leasehold,,,Condominium,1.0,High,Non Bumi Lot,Sarawak,,5,0,0,0,0,0,0,0,1,0,3.0,0,0,0,0,1,0,0,1,1,0,1,0,1,0,680000.0000000001
3,2,1450.0,Leasehold,26.0,250.0,Condominium,2.0,,Non Bumi Lot,Penang,11.0,10,0,0,0,0,0,0,0,1,0,,1,0,1,0,1,1,0,1,1,1,1,1,1,0,564999.9999999995
5,6,2723.0,Freehold,28.0,182.0,Condominium,2.0,High,Non Bumi Lot,Kuala Lumpur,15.0,9,1,1,1,1,1,1,0,1,1,3.0,1,1,1,0,0,0,0,1,1,1,1,1,1,0,1519999.9999999986
3,2,816.0,Freehold,,,Apartment,1.0,Low,Bumi Lot,Negeri Sembilan,,3,0,0,0,0,0,0,0,0,1,1.0,0,0,0,0,1,0,0,0,1,0,1,0,0,0,200000.00000000006
2,1,506.0,Leasehold,,,Flat,,Medium,Non Bumi Lot,Johor,,0,0,0,0,0,0,0,0,1,0,2.0,0,0,0,0,0,0,0,0,0,0,0,0,0,0,79000.00000000006
3,2,925.0,Freehold,11.0,,Apartment,,,Non Bumi Lot,Selangor,,5,0,0,1,0,0,0,0,1,1,,0,0,1,0,0,0,0,1,1,0,1,0,1,0,330000.0000000001
1,1,391.0,Leasehold,,,Condominium,1.0,Low,Non Bumi Lot,Sabah,,6,0,0,0,0,0,0,0,1,0,1.0,0,0,1,1,0,1,0,0,1,0,1,0,1,0,179999.99999999997
3,2,700.0,Freehold,32.0,988.0,Condominium,2.0,Low,Non Bumi Lot,Penang,26.0,7,0,0,0,0,0,0,0,1,1,1.0,0,0,1,0,1,0,0,1,1,0,1,0,1,1,359999.99999999994
3,2,1250.0,Freehold,,428.0,Condominium,,,Non Bumi Lot,Selangor,7.0,0,0,0,0,0,0,0,0,1,1,,0,0,0,0,0,0,0,0,0,0,0,0,0,0,327999.99999999977
3,2,900.0,Freehold,,,Apartment,,Medium,Non Bumi Lot,Penang,,6,0,0,0,0,0,0,0,1,1,2.0,0,0,1,0,1,0,0,1,1,0,1,0,1,0,283499.9999999998
3,2,1483.0,Freehold,46.0,1134.0,Service Residence,2.0,High,Non Bumi Lot,Johor,6.0,11,0,0,0,0,0,0,0,1,1,3.0,1,1,1,0,1,1,1,1,1,1,1,0,1,0,558888.0000000001
3,2,900.0,Leasehold,,472.0,Condominium,1.0,High,Bumi Lot,Kuala Lumpur,7.0,8,1,1,1,1,1,0,1,0,0,3.0,0,0,0,1,1,1,1,1,1,0,1,0,1,0,489999.9999999997
3,2,811.0,Freehold,4.0,368.0,Condominium,,Low,Non Bumi Lot,Selangor,27.0,5,1,0,0,0,1,0,0,1,1,1.0,1,0,0,0,0,1,0,1,1,0,1,0,0,0,350000.0000000001
3,3,1598.0,Freehold,42.0,670.0,Condominium,2.0,,Non Bumi Lot,Penang,6.0,7,0,0,0,0,0,0,0,1,1,,1,0,1,0,1,0,0,1,1,0,1,0,1,0,614999.9999999997
3,2,1004.0,Leasehold,22.0,500.0,Condominium,1.0,High,Non Bumi Lot,Kuala Lumpur,15.0,6,0,0,1,1,0,0,1,1,0,3.0,1,0,0,0,0,1,0,1,1,0,1,0,1,0,365000.00000000023
3,2,710.0,Freehold,,,Condominium,1.0,,Non Bumi Lot,Penang,,1,0,0,0,0,0,0,0,1,1,,0,0,0,0,0,0,0,0,0,0,1,0,0,0,408000.0000000002
3,2,1085.0,Freehold,24.0,467.0,Service Residence,2.0,Medium,Non Bumi Lot,Kuala Lumpur,14.0,11,1,0,0,1,1,0,1,1,1,2.0,1,1,1,1,0,1,0,1,1,0,1,1,1,1,559999.9999999998
3,2,1000.0,Freehold,30.0,410.0,Condominium,2.0,Medium,Non Bumi Lot,Penang,6.0,0,0,0,0,0,0,0,0,1,1,2.0,0,0,0,0,0,0,0,0,0,0,0,0,0,0,570000.0
3,2,1050.0,Freehold,4.0,,Service Residence,,,Non Bumi Lot,Johor,,0,0,0,0,0,0,0,0,1,1,,0,0,0,0,0,0,0,0,0,0,0,0,0,0,298000.00000000023
3,3,1302.0,Freehold,,396.0,Condominium,2.0,High,Non Bumi Lot,Penang,16.0,5,0,0,0,0,0,0,0,1,1,3.0,0,0,0,0,1,0,0,1,1,0,1,0,1,0,949999.9999999999
3,2,728.0,Freehold,,,Condominium,,Medium,Non Bumi Lot,Negeri Sembilan,,4,0,0,0,0,0,0,0,1,1,2.0,0,0,0,0,1,0,0,1,1,0,1,0,0,0,155000.0
3,2,1000.0,Freehold,,1000.0,Service Residence,2.0,High,Non Bumi Lot,Penang,,3,0,0,0,0,0,0,0,1,1,3.0,0,0,0,0,1,0,0,1,0,0,1,0,0,0,450000.00000000035
3,2,850.0,Freehold,4.0,348.0,Flat,1.0,Medium,Non Bumi Lot,Johor,9.0,0,0,0,0,0,0,0,0,1,1,2.0,0,0,0,0,0,0,0,0,0,0,0,0,0,0,155000.0
2,1,500.0,Leasehold,,,Flat,,,Non Bumi Lot,Penang,,0,0,0,0,0,0,0,0,1,0,,0,0,0,0,0,0,0,0,0,0,0,0,0,0,124999.99999999991
3,2,870.0,Leasehold,,,Apartment,,,Non Bumi Lot,Kuala Lumpur,,3,1,1,0,1,1,0,1,1,0,,0,0,0,0,0,0,0,1,1,0,1,0,0,0,289999.9999999999
3,2,960.0,Leasehold,21.0,640.0,Condominium,1.0,High,Non Bumi Lot,Kuala Lumpur,25.0,6,1,0,0,1,0,0,1,1,0,3.0,0,0,1,0,1,0,0,1,1,0,1,0,1,0,389999.99999999994
3,2,927.0,Leasehold,5.0,208.0,Condominium,,,Bumi Lot,Kuala Lumpur,22.0,3,1,0,1,1,0,0,1,0,0,,0,0,0,0,0,0,0,1,1,0,1,0,0,0,350000.0000000001
3,2,800.0,Leasehold,,,Apartment,,Low,Bumi Lot,Selangor,,0,0,0,0,0,0,0,0,0,0,1.0,0,0,0,0,0,0,0,0,0,0,0,0,0,0,289999.9999999999
3,2,1200.0,Freehold,30.0,410.0,Condominium,2.0,High,Non Bumi Lot,Penang,6.0,5,0,0,0,0,0,0,0,1,1,3.0,0,0,0,0,1,0,0,1,1,0,1,0,1,0,629999.9999999999
1,1,658.0,Freehold,31.0,336.0,Condominium,1.0,,Non Bumi Lot,Penang,9.0,5,0,0,0,0,0,0,0,1,1,,0,0,1,0,0,0,1,0,1,0,1,0,1,0,509999.99999999977
2,2,850.0,Freehold,52.0,495.0,Service Residence,1.0,,Non Bumi Lot,Kuala Lumpur,4.0,8,1,0,1,1,1,0,0,1,1,,0,0,1,1,1,0,1,1,0,1,1,0,1,0,649999.9999999998
3,2,1017.0,Freehold,9.0,,Apartment,1.0,Medium,Non Bumi Lot,Selangor,,5,0,0,0,0,0,0,0,1,1,2.0,0,0,0,0,1,1,0,1,0,0,1,0,1,0,324999.9999999999
3,2,1036.0,Freehold,33.0,550.0,Condominium,2.0,,Non Bumi Lot,Penang,2.0,9,0,0,0,0,0,0,0,1,1,,1,1,1,1,0,0,1,0,1,1,1,0,1,0,687999.9999999998
3,2,950.0,Leasehold,29.0,1709.0,Condominium,1.0,Medium,Bumi Lot,Selangor,12.0,10,0,0,0,1,0,0,1,0,0,2.0,1,0,1,1,1,1,1,1,1,0,1,0,1,0,330000.0000000001
2,2,900.0,Leasehold,,,Condominium,1.0,Low,Non Bumi Lot,Sabah,,0,0,0,0,0,0,0,0,1,0,1.0,0,0,0,0,0,0,0,0,0,0,0,0,0,0,317999.99999999994
3,2,652.0,Freehold,5.0,,Apartment,,Low,Bumi Lot,Selangor,,0,0,0,0,0,0,0,0,0,1,1.0,0,0,0,0,0,0,0,0,0,0,0,0,0,0,139999.9999999999
3,2,1349.0,Leasehold,,128.0,Condominium,2.0,High,Non Bumi Lot,Sabah,8.0,7,0,0,0,0,0,0,0,1,0,3.0,0,0,1,0,1,0,0,1,1,1,1,0,1,0,547999.9999999995
3,2,954.0,Freehold,,512.0,Service Residence,,Medium,Non Bumi Lot,Johor,10.0,4,0,0,0,0,0,0,0,1,1,2.0,1,0,1,1,0,0,0,0,0,0,0,0,1,0,359999.99999999994
2,2,1411.0,Freehold,27.0,176.0,Condominium,1.0,Medium,Non Bumi Lot,Kuala Lumpur,10.0,9,1,1,1,1,0,0,1,1,1,2.0,1,0,1,0,1,0,0,1,1,1,1,1,1,0,888000.0000000006
3,2,750.0,Freehold,28.0,422.0,Condominium,1.0,Medium,Non Bumi Lot,Penang,26.0,11,0,0,0,0,0,0,0,1,1,2.0,1,0,1,0,1,1,1,1,1,1,1,0,1,1,340000.00000000006
1,1,438.0,Freehold,,,Service Residence,,High,Non Bumi Lot,Sabah,,6,0,0,0,0,0,0,0,1,1,3.0,0,1,1,0,1,1,0,1,0,0,1,0,0,0,405000.0000000001
3,2,929.0,Freehold,,,Apartment,2.0,Low,Non Bumi Lot,Negeri Sembilan,,10,0,0,0,0,0,0,0,1,1,1.0,1,0,1,1,1,1,1,1,1,0,1,0,1,0,314999.99999999994
2,1,678.0,Leasehold,,,Apartment,,Medium,Bumi Lot,Selangor,,5,0,0,0,0,0,0,0,0,0,2.0,0,0,0,0,0,1,0,1,1,0,1,0,1,0,165000.00000000006
3,3,1082.0,Freehold,,552.0,Condominium,2.0,Medium,Non Bumi Lot,Selangor,1.0,10,0,0,0,0,0,0,0,1,1,2.0,1,0,1,0,1,1,0,1,1,1,1,1,1,0,310000.0
3,2,982.0,Freehold,16.0,,Condominium,1.0,,Non Bumi Lot,Kuala Lumpur,,5,0,0,1,1,0,0,1,1,1,,0,0,0,0,0,0,0,1,1,0,1,0,1,1,389999.99999999994
2,2,775.0,Freehold,17.0,312.0,Service Residence,2.0,,Non Bumi Lot,Penang,,6,0,0,0,0,0,0,0,1,1,,0,0,1,0,0,0,0,1,1,1,1,0,1,0,350000.0000000001
3,2,1520.0,Freehold,,,Apartment,,,Non Bumi Lot,Sarawak,,0,0,0,0,0,0,0,0,1,1,,0,0,0,0,0,0,0,0,0,0,0,0,0,0,599999.9999999999
3,1,560.0,Freehold,20.0,,Flat,,High,Non Bumi Lot,Penang,18.0,1,0,0,0,0,0,0,0,1,1,3.0,0,0,0,0,1,0,0,0,0,0,0,0,0,0,120000.00000000006
2,2,792.0,Freehold,,280.0,Service Residence,,,Non Bumi Lot,Selangor,5.0,11,0,0,1,0,0,0,0,1,1,,1,0,1,1,1,1,1,1,1,1,1,0,1,0,400000.0000000002
3,2,990.0,Leasehold,21.0,358.0,Condominium,,,Non Bumi Lot,Selangor,10.0,10,0,1,1,1,1,1,1,1,0,,1,1,1,0,0,1,1,1,1,1,1,0,1,0,430000.0000000002
3,3,1222.0,Freehold,30.0,808.0,Condominium,2.0,,Non Bumi Lot,Penang,10.0,10,0,0,0,0,0,0,0,1,1,,0,0,1,0,1,1,0,1,1,1,1,1,1,1,629999.9999999999
3,2,850.0,Leasehold,20.0,,Apartment,1.0,Medium,Non Bumi Lot,Selangor,,5,0,0,0,0,0,0,0,1,0,2.0,0,0,0,0,1,1,0,1,1,0,1,0,0,0,244999.99999999983
3,2,1001.0,Leasehold,4.0,,Apartment,,High,Non Bumi Lot,Johor,,0,0,0,0,0,0,0,0,1,0,3.0,0,0,0,0,0,0,0,0,0,0,0,0,0,0,210000.0000000001
2,2,862.0,Freehold,,,Service Residence,1.0,,Non Bumi Lot,Johor,,0,0,0,0,0,0,0,0,1,1,,0,0,0,0,0,0,0,0,0,0,0,0,0,0,305000.0
3,2,1200.0,Freehold,,,Apartment,,Low,Non Bumi Lot,Johor,,12,0,0,0,0,0,0,0,1,1,1.0,1,0,1,1,0,1,1,1,1,1,1,1,1,1,310000.0
3,2,1421.0,Freehold,,256.0,Condominium,2.0,Medium,Non Bumi Lot,Penang,15.0,9,0,0,0,0,0,0,0,1,1,2.0,1,0,1,1,1,0,0,1,1,0,1,0,1,1,900000.0000000007
3,2,750.0,Leasehold,17.0,3.0,Apartment,1.0,Medium,Non Bumi Lot,Penang,31.0,2,0,0,0,0,0,0,0,1,0,2.0,0,0,0,0,0,0,0,1,0,0,1,0,0,0,234999.99999999994
3,2,1195.0,Freehold,38.0,420.0,Condominium,2.0,Medium,Non Bumi Lot,Penang,12.0,14,0,0,0,0,0,0,0,1,1,2.0,1,1,1,1,1,1,1,1,1,1,1,1,1,1,620000.0
3,2,700.0,Freehold,23.0,2115.0,Flat,,,Non Bumi Lot,Penang,20.0,3,0,0,0,0,0,0,0,1,1,,0,0,0,0,1,1,0,1,0,0,0,0,0,0,135000.00000000012
3,2,950.0,Leasehold,38.0,900.0,Apartment,2.0,Medium,Non Bumi Lot,Kuala Lumpur,0.0,12,1,0,1,1,0,0,0,1,0,2.0,1,1,1,1,1,1,1,1,1,1,1,0,1,0,450000.00000000035
3,2,1103.0,Leasehold,12.0,,Apartment,1.0,Medium,Non Bumi Lot,Selangor,,6,0,0,0,0,0,0,0,1,0,2.0,0,0,1,0,1,0,0,1,1,0,1,0,1,0,258999.99999999983
3,2,1200.0,Freehold,20.0,1400.0,Condominium,1.0,Low,Non Bumi Lot,Kuala Lumpur,15.0,10,1,0,1,1,0,0,1,1,1,1.0,1,0,1,1,1,0,1,1,1,1,1,0,1,0,559999.9999999998
3,2,838.0,Freehold,22.0,816.0,Condominium,2.0,,Non Bumi Lot,Penang,16.0,8,0,0,0,0,0,0,0,1,1,,1,0,1,1,1,0,0,1,1,0,1,0,1,0,389999.99999999994
3,2,1040.0,Freehold,,,Apartment,,Medium,Bumi Lot,Sabah,,0,0,0,0,0,0,0,0,0,1,2.0,0,0,0,0,0,0,0,0,0,0,0,0,0,0,269999.99999999977
3,2,820.0,Freehold,5.0,,Apartment,1.0,,Non Bumi Lot,Penang,,2,0,0,0,0,0,0,0,1,1,,0,0,0,0,0,0,0,1,0,0,1,0,0,0,330000.0000000001
3,2,890.0,Leasehold,16.0,196.0,Apartment,1.0,Medium,Non Bumi Lot,Johor,15.0,9,0,0,0,0,0,0,0,1,0,2.0,0,1,0,1,1,1,1,1,1,0,1,0,1,0,314999.99999999994
3,2,710.0,Freehold,,,Condominium,,Medium,Non Bumi Lot,Negeri Sembilan,,2,0,0,0,0,0,0,0,1,1,2.0,0,0,0,0,0,0,0,1,0,0,1,0,0,0,170000.0
3,2,650.0,Freehold,,,Apartment,1.0,Low,Non Bumi Lot,Penang,,6,0,0,0,0,0,0,0,1,1,1.0,0,0,0,1,1,1,0,1,1,0,1,0,0,0,313000.0000000001
3,2,1275.0,Freehold,30.0,410.0,Condominium,2.0,Low,Non Bumi Lot,Penang,6.0,5,0,0,0,0,0,0,0,1,1,1.0,0,0,0,0,1,0,0,1,1,0,1,0,1,0,620000.0
3,2,1190.0,Leasehold,,,Condominium,2.0,,Non Bumi Lot,Sarawak,,0,0,0,0,0,0,0,0,1,0,,0,0,0,0,0,0,0,0,0,0,0,0,0,0,459999.9999999996
2,1,542.0,Freehold,,,Apartment,,Medium,Non Bumi Lot,Selangor,,0,0,0,0,0,0,0,0,1,1,2.0,0,0,0,0,0,0,0,0,0,0,0,0,0,0,120000.00000000006
4,3,1350.0,Freehold,13.0,198.0,Condominium,1.0,Low,Non Bumi Lot,Penang,,2,0,0,0,0,0,0,0,1,1,1.0,1,0,0,0,0,0,1,0,0,0,0,0,0,0,429000.0000000003
3,2,732.0,Freehold,5.0,160.0,Apartment,1.0,Medium,Non Bumi Lot,Penang,26.0,3,0,0,0,0,0,0,0,1,1,2.0,0,0,0,0,0,0,0,1,1,0,1,0,0,0,299999.9999999999
3,2,1200.0,Freehold,20.0,771.0,Condominium,2.0,Low,Non Bumi Lot,Penang,7.0,6,0,0,0,0,0,0,0,1,1,1.0,0,0,1,1,0,0,0,1,1,0,1,0,1,0,554999.9999999998
3,2,753.0,Freehold,,,Flat,,High,Non Bumi Lot,Johor,,2,0,0,0,0,0,0,0,1,1,3.0,0,0,0,0,0,1,0,0,1,0,0,0,0,0,210000.0000000001
3,2,955.0,Freehold,,,Apartment,1.0,Low,Non Bumi Lot,Selangor,,10,0,0,1,1,0,0,1,1,1,1.0,1,1,1,1,0,1,1,1,1,0,1,0,1,0,450000.00000000035
4,3,2184.0,Freehold,6.0,98.0,Condominium,4.0,,Non Bumi Lot,Penang,6.0,14,0,0,0,0,0,0,0,1,1,,1,1,1,1,1,1,1,1,1,1,1,1,1,1,2099999.9999999995
3,2,850.0,Leasehold,12.0,1012.0,Apartment,1.0,Medium,Non Bumi Lot,Sabah,,5,0,0,0,0,0,0,0,1,0,2.0,0,0,0,0,1,0,0,1,1,0,1,0,1,0,260000.00000000015
3,2,872.0,Freehold,,,Condominium,1.0,,Non Bumi Lot,,,13,0,0,0,0,0,0,0,1,1,,0,1,1,1,1,1,1,1,1,1,1,1,1,1,660000.0000000003
3,2,735.0,Leasehold,14.0,560.0,Apartment,,Medium,Non Bumi Lot,Kuala Lumpur,6.0,1,1,1,1,1,0,0,1,1,0,2.0,0,0,0,0,0,0,0,0,1,0,0,0,0,0,234999.99999999994
3,2,755.0,Freehold,14.0,336.0,Condominium,1.0,,Non Bumi Lot,Kuala Lumpur,13.0,0,0,0,0,0,0,0,0,1,1,,0,0,0,0,0,0,0,0,0,0,0,0,0,0,254999.99999999985
3,2,1259.0,Freehold,5.0,,Apartment,1.0,High,Bumi Lot,Selangor,,6,0,0,0,0,0,1,0,0,1,3.0,0,0,0,0,1,0,1,1,1,0,1,0,1,0,424999.99999999965
3,2,800.0,Leasehold,,3600.0,Apartment,1.0,Medium,Bumi Lot,Kuala Lumpur,,9,1,1,1,1,1,0,0,0,0,2.0,0,0,1,1,1,1,1,1,1,0,1,0,1,0,299999.9999999999
2,2,818.0,Leasehold,33.0,1002.0,Service Residence,1.0,High,Non Bumi Lot,Selangor,9.0,14,0,0,1,1,0,0,0,1,0,3.0,1,1,1,1,1,1,1,1,1,1,1,1,1,1,269999.99999999977
3,2,753.0,Leasehold,,419.0,Service Residence,1.0,Low,Non Bumi Lot,Selangor,,12,1,1,1,0,0,0,0,1,0,1.0,1,0,1,1,1,1,1,1,1,0,1,1,1,1,219999.99999999985
3,1,665.0,Freehold,20.0,,Apartment,1.0,High,Non Bumi Lot,Penang,17.0,6,0,0,0,0,0,0,0,1,1,3.0,1,0,1,1,0,0,0,1,1,0,1,0,0,0,388000.0
3,2,770.0,Freehold,,,Flat,,Low,Non Bumi Lot,Johor,,0,0,0,0,0,0,0,0,1,1,1.0,0,0,0,0,0,0,0,0,0,0,0,0,0,0,190000.00000000012
3,2,890.0,Leasehold,22.0,398.0,Apartment,1.0,Low,Non Bumi Lot,Penang,14.0,4,0,0,0,0,0,0,0,1,0,1.0,0,0,0,0,1,0,0,1,0,0,1,0,1,0,389999.99999999994
3,3,1267.0,Freehold,20.0,1317.0,Condominium,1.0,Low,Bumi Lot,Kuala Lumpur,13.0,11,1,1,0,1,1,0,1,0,1,1.0,1,1,1,1,1,1,1,1,1,0,1,0,1,0,450000.00000000035
3,2,877.0,Leasehold,13.0,,Condominium,1.0,,Non Bumi Lot,Kuala Lumpur,14.0,14,1,0,1,1,0,0,0,1,0,,1,1,1,1,1,1,1,1,1,1,1,1,1,1,279999.9999999998
1,1,400.0,Leasehold,,,Studio,1.0,,Non Bumi Lot,Selangor,,14,0,0,0,0,0,0,0,1,0,,1,1,1,1,1,1,1,1,1,1,1,1,1,1,200000.00000000006
3,2,1100.0,Leasehold,,684.0,Condominium,,,Non Bumi Lot,Selangor,,7,0,0,0,1,0,0,1,1,0,,1,0,1,1,0,0,1,0,1,1,0,0,1,0,348999.9999999999
3,2,1200.0,Freehold,20.0,771.0,Condominium,2.0,,Non Bumi Lot,Penang,7.0,6,0,0,0,0,0,0,0,1,1,,0,0,1,1,0,0,0,1,1,0,1,0,1,0,550000.0000000001
2,2,1131.0,Freehold,,443.0,Condominium,2.0,Medium,Non Bumi Lot,Kuala Lumpur,2.0,14,0,0,0,1,0,0,1,1,1,2.0,1,1,1,1,1,1,1,1,1,1,1,1,1,1,330000.0000000001
3,2,730.0,Leasehold,17.0,3.0,Apartment,1.0,,Non Bumi Lot,Penang,31.0,3,0,0,0,0,0,0,0,1,0,,0,0,0,0,1,0,0,1,0,0,1,0,0,0,264999.9999999999
2,2,710.0,Leasehold,,,Service Residence,,High,Non Bumi Lot,Melaka,,9,0,0,0,0,0,0,0,1,0,3.0,1,1,1,1,1,0,0,1,1,0,1,0,1,0,459999.9999999996
4,1,1059.0,Freehold,,,Flat,,Medium,Non Bumi Lot,Melaka,,0,0,0,0,0,0,0,0,1,1,2.0,0,0,0,0,0,0,0,0,0,0,0,0,0,0,188000.00000000012
3,2,700.0,Freehold,23.0,,Apartment,1.0,High,Non Bumi Lot,Penang,14.0,8,0,0,0,0,0,0,0,1,1,3.0,1,0,1,1,1,0,1,1,1,0,1,0,0,0,393000.00000000023
3,2,800.0,Leasehold,30.0,249.0,Apartment,1.0,,Non Bumi Lot,Penang,11.0,10,0,0,0,0,0,0,0,1,0,,1,0,1,1,1,0,1,1,1,1,1,0,1,0,420000.00000000023
3,2,700.0,Leasehold,,,Flat,1.0,,Bumi Lot,Kuala Lumpur,,0,0,0,0,0,0,0,0,0,0,,0,0,0,0,0,0,0,0,0,0,0,0,0,0,190000.00000000012
3,2,1116.0,Leasehold,,,Condominium,1.0,,Non Bumi Lot,Sarawak,,8,0,0,0,0,0,0,0,1,0,,1,0,1,1,1,0,0,1,1,0,1,0,1,0,450000.00000000035
3,2,850.0,Leasehold,5.0,,Apartment,,,Non Bumi Lot,Selangor,,3,0,0,1,1,0,0,0,1,0,,0,0,0,0,0,0,0,1,1,0,1,0,0,0,170000.0
3,2,675.0,Leasehold,5.0,,Apartment,,High,Non Bumi Lot,Kuala Lumpur,,2,0,0,0,0,0,0,0,1,0,3.0,0,0,0,0,0,1,0,1,0,0,0,0,0,0,97999.00000000003
3,2,936.0,Freehold,23.0,,Condominium,1.0,,Bumi Lot,Selangor,,9,0,0,0,0,0,0,0,0,1,,1,0,1,0,1,1,0,1,1,0,1,0,1,1,269999.99999999977
4,3,2766.0,Leasehold,,,Duplex,,Low,Bumi Lot,Selangor,,1,0,0,0,0,0,0,0,0,0,1.0,0,0,0,0,0,0,0,0,1,0,0,0,0,0,1350000.0000000002
3,1,650.0,Freehold,,,Condominium,,High,Bumi Lot,Selangor,,0,1,0,0,0,0,0,0,0,1,3.0,0,0,0,0,0,0,0,0,0,0,0,0,0,0,144999.99999999994
4,2,1396.0,Freehold,8.0,414.0,Condominium,2.0,Medium,Non Bumi Lot,Selangor,,14,0,0,0,0,0,0,0,1,1,2.0,1,1,1,1,1,1,1,1,1,1,1,1,1,1,499999.9999999997
3,2,1300.0,Freehold,19.0,114.0,Condominium,2.0,High,Non Bumi Lot,Penang,8.0,14,0,0,0,0,0,0,0,1,1,3.0,1,1,1,1,1,1,1,1,1,1,1,1,1,1,730000.0000000005
3,2,700.0,Freehold,30.0,500.0,Apartment,1.0,,Non Bumi Lot,Penang,11.0,8,0,0,0,0,0,0,0,1,1,,1,0,1,1,0,0,1,1,1,0,1,0,1,0,340000.00000000006
3,2,833.0,Leasehold,24.0,299.0,Apartment,1.0,Medium,Non Bumi Lot,Selangor,16.0,8,0,1,1,1,1,0,1,1,0,2.0,0,0,0,1,1,1,1,1,1,0,1,0,1,0,254999.99999999985
3,2,650.0,Freehold,,,Apartment,,,Non Bumi Lot,Johor,,0,0,0,0,0,0,0,0,1,1,,0,0,0,0,0,0,0,0,0,0,0,0,0,0,135000.00000000012
3,2,960.0,Leasehold,9.0,,Condominium,,High,Non Bumi Lot,Kuala Lumpur,,5,0,0,1,0,1,0,1,1,0,3.0,1,0,0,0,0,0,0,1,1,0,1,0,1,0,370000.0000000001
3,2,778.0,Leasehold,7.0,1274.0,Apartment,,Low,Bumi Lot,Selangor,18.0,3,0,0,0,0,0,0,0,0,0,1.0,0,0,0,0,1,0,0,0,1,0,1,0,0,0,275000.00000000006
3,2,830.0,Leasehold,,,Apartment,,Medium,Non Bumi Lot,Kuala Lumpur,,3,0,1,1,1,1,0,1,1,0,2.0,0,0,0,1,0,1,0,0,1,0,0,0,0,0,167999.99999999994
3,2,1055.0,Freehold,,,Apartment,1.0,,Non Bumi Lot,Selangor,,14,0,0,0,0,0,0,0,1,1,,1,1,1,1,1,1,1,1,1,1,1,1,1,1,269999.99999999977
3,2,790.0,Freehold,,,Apartment,,High,Non Bumi Lot,Selangor,9.0,0,1,0,0,1,0,0,0,1,1,3.0,0,0,0,0,0,0,0,0,0,0,0,0,0,0,98000.00000000001
3,2,1100.0,Freehold,30.0,816.0,Condominium,2.0,High,Non Bumi Lot,Penang,7.0,9,0,0,0,0,0,0,0,1,1,3.0,1,0,1,1,1,0,1,1,1,0,1,0,1,0,599999.9999999999
3,2,779.0,Leasehold,7.0,1274.0,Apartment,,,Bumi Lot,Selangor,18.0,0,0,0,0,0,0,0,0,0,0,,0,0,0,0,0,0,0,0,0,0,0,0,0,0,260000.00000000015
4,2,1345.0,Freehold,17.0,91.0,Condominium,2.0,,Non Bumi Lot,Penang,7.0,12,0,0,0,0,0,0,0,1,1,,0,1,1,1,1,1,1,1,1,1,1,1,1,0,769999.9999999995
5,5,2415.0,Leasehold,24.0,670.0,Condominium,,Medium,Non Bumi Lot,Selangor,3.0,14,0,0,0,0,0,0,0,1,0,2.0,1,1,1,1,1,1,1,1,1,1,1,1,1,1,785000.0000000003
3,2,657.0,Leasehold,,,Flat,,Medium,Non Bumi Lot,Selangor,,0,1,0,1,1,0,0,0,1,0,2.0,0,0,0,0,0,0,0,0,0,0,0,0,0,0,175000.00000000003
3,2,850.0,Leasehold,20.0,632.0,Apartment,1.0,Medium,Non Bumi Lot,Penang,31.0,3,0,0,0,0,0,0,0,1,0,2.0,0,0,0,0,0,0,0,1,1,0,1,0,0,0,310000.0
3,2,800.0,Freehold,29.0,,Apartment,2.0,,Non Bumi Lot,Penang,15.0,7,0,0,0,0,0,0,0,1,1,,0,0,1,1,0,1,0,1,1,1,1,0,0,0,384999.9999999997
3,2,1224.0,Freehold,18.0,,Condominium,1.0,Low,Non Bumi Lot,Kuala Lumpur,,0,0,0,0,0,0,0,0,1,1,1.0,0,0,0,0,0,0,0,0,0,0,0,0,0,0,389999.99999999994
3,2,850.0,Freehold,19.0,180.0,Condominium,1.0,High,Non Bumi Lot,Penang,,6,0,0,0,0,0,0,0,1,1,3.0,0,0,0,0,1,1,1,1,0,0,1,0,1,0,254999.99999999985
3,2,1270.0,Freehold,30.0,410.0,Condominium,2.0,,Bumi Lot,Penang,6.0,0,0,0,0,0,0,0,0,0,1,,0,0,0,0,0,0,0,0,0,0,0,0,0,0,660000.0000000003
3,2,795.0,Leasehold,5.0,,Apartment,,High,Non Bumi Lot,Selangor,,4,1,0,0,1,0,0,0,1,0,3.0,1,0,0,0,0,0,0,1,1,0,1,0,0,0,170000.0
3,2,1006.0,Leasehold,13.0,,Apartment,,Medium,Non Bumi Lot,Johor,14.0,4,0,0,0,0,0,0,0,1,0,2.0,0,0,0,1,0,1,0,0,1,0,1,0,0,0,330000.0000000001
3,2,835.0,Leasehold,,,Apartment,,Low,Bumi Lot,Selangor,,0,1,0,0,0,1,0,1,0,0,1.0,0,0,0,0,0,0,0,0,0,0,0,0,0,0,230000.0000000002
2,2,1311.0,Freehold,13.0,,Condominium,2.0,Low,Non Bumi Lot,Kuala Lumpur,,14,0,0,1,1,0,0,1,1,1,1.0,1,1,1,1,1,1,1,1,1,1,1,1,1,1,350000.0000000001
3,2,700.0,Freehold,16.0,476.0,Condominium,1.0,Medium,Non Bumi Lot,Penang,24.0,6,0,0,0,0,0,0,0,1,1,2.0,0,0,0,0,1,0,0,1,1,0,1,0,1,1,319999.9999999998
3,2,720.0,Leasehold,17.0,3.0,Apartment,1.0,,Non Bumi Lot,Penang,31.0,3,0,0,0,0,0,0,0,1,0,,0,0,0,0,1,0,0,1,0,0,1,0,0,0,240000.00000000015
3,2,1540.0,Leasehold,,,Condominium,,Medium,Non Bumi Lot,Melaka,,10,0,0,0,0,0,0,0,1,0,2.0,0,0,1,1,1,1,0,1,1,0,1,1,1,1,158000.00000000012
3,2,1239.0,Freehold,33.0,550.0,Condominium,2.0,,Non Bumi Lot,Penang,2.0,9,0,0,0,0,0,0,0,1,1,,1,1,1,1,0,0,1,0,1,1,1,0,1,0,870000.0000000007
3,2,852.0,Leasehold,12.0,,Apartment,1.0,High,Non Bumi Lot,Selangor,23.0,10,1,0,1,1,0,0,0,1,0,3.0,1,1,1,1,0,1,1,1,1,0,1,0,1,0,298999.99999999977
3,2,901.0,Leasehold,20.0,606.0,Condominium,1.0,Medium,Non Bumi Lot,Selangor,18.0,7,0,0,1,1,0,0,0,1,0,2.0,0,0,1,0,0,1,0,1,1,0,1,0,1,1,229998.9999999998
3,2,1100.0,Freehold,,,Condominium,2.0,Medium,Non Bumi Lot,Selangor,,14,0,0,0,0,0,0,0,1,1,2.0,1,1,1,1,1,1,1,1,1,1,1,1,1,1,392000.0000000001
3,2,856.0,Leasehold,5.0,,Apartment,1.0,Medium,Bumi Lot,Selangor,,9,1,0,0,0,0,0,0,0,0,2.0,1,0,0,1,1,0,1,1,1,0,1,0,1,1,264999.9999999999
3,2,1100.0,Freehold,30.0,816.0,Condominium,2.0,High,Non Bumi Lot,Penang,7.0,9,0,0,0,0,0,0,0,1,1,3.0,1,0,1,1,1,0,1,1,1,0,1,0,1,0,579999.9999999999
3,2,900.0,Freehold,25.0,1168.0,Apartment,2.0,,Non Bumi Lot,Selangor,0.0,9,0,0,0,1,0,0,0,1,1,,0,1,1,0,1,0,1,1,1,0,1,0,1,1,279999.9999999998
3,2,800.0,Freehold,21.0,406.0,Condominium,1.0,,Non Bumi Lot,Penang,25.0,7,0,0,0,0,0,0,0,1,1,,0,0,0,1,1,1,0,1,1,0,1,0,1,0,350000.0000000001
3,2,750.0,Freehold,,,Apartment,1.0,Medium,Non Bumi Lot,Penang,,0,0,0,0,0,0,0,0,1,1,2.0,0,0,0,0,0,0,0,0,0,0,0,0,0,0,247999.9999999998
3,2,936.0,Freehold,38.0,420.0,Condominium,3.0,Medium,Non Bumi Lot,Penang,12.0,14,0,0,0,0,0,0,0,1,1,2.0,1,1,1,1,1,1,1,1,1,1,1,1,1,1,497999.9999999998
3,2,650.0,Leasehold,17.0,,Apartment,1.0,Low,Bumi Lot,Kuala Lumpur,,5,0,0,0,0,0,0,0,0,0,1.0,0,0,0,0,1,1,0,1,1,0,1,0,0,0,240000.00000000015
3,2,1214.0,Freehold,,374.0,Service Residence,1.0,Medium,Non Bumi Lot,Johor,,12,0,0,0,0,0,0,0,1,1,2.0,1,0,1,1,1,1,0,1,1,1,1,1,1,1,520000.0000000003
3,2,850.0,Leasehold,,,Condominium,1.0,Low,Non Bumi Lot,Selangor,,2,1,0,0,0,0,0,1,1,0,1.0,0,0,0,0,0,0,0,0,1,0,1,0,0,0,254999.99999999985
3,2,926.0,Leasehold,22.0,1074.0,Condominium,1.0,Medium,Bumi Lot,Selangor,13.0,11,0,1,0,0,1,0,0,0,0,2.0,1,1,1,0,1,1,1,1,1,1,1,0,1,0,319999.9999999998
3,2,850.0,Leasehold,,,Apartment,,Medium,Bumi Lot,Selangor,,4,0,0,0,0,0,0,0,0,0,2.0,0,0,0,0,1,0,0,1,1,0,1,0,0,0,185000.00000000006
3,2,800.0,Freehold,24.0,342.0,Condominium,1.0,,Non Bumi Lot,Penang,25.0,6,0,0,0,0,0,0,0,1,1,,0,0,0,0,1,1,0,1,1,0,1,0,1,0,389999.99999999994
4,4,3200.0,Freehold,6.0,36.0,Condominium,3.0,,Non Bumi Lot,Penang,28.0,5,0,0,0,0,0,0,0,1,1,,0,0,1,0,0,0,0,1,1,0,1,0,1,0,1100000.0000000005
3,2,800.0,Freehold,22.0,246.0,Condominium,1.0,Medium,Non Bumi Lot,Kuala Lumpur,15.0,10,1,1,1,1,0,1,0,1,1,2.0,0,1,1,1,1,1,0,1,1,0,1,0,1,1,345000.00000000006
2,2,700.0,Freehold,,,Condominium,1.0,,Non Bumi Lot,Penang,,0,0,0,0,0,0,0,0,1,1,,0,0,0,0,0,0,0,0,0,0,0,0,0,0,529999.9999999998
3,2,1399.0,Leasehold,,,Apartment,,Medium,Non Bumi Lot,Sarawak,,0,0,0,0,0,0,0,0,1,0,2.0,0,0,0,0,0,0,0,0,0,0,0,0,0,0,480000.0000000003
4,3,1646.0,Freehold,44.0,378.0,Condominium,2.0,High,Non Bumi Lot,Penang,5.0,9,0,0,0,0,0,0,0,1,1,3.0,1,0,1,0,1,0,1,1,1,1,1,0,1,0,1177000.0000000005
1,1,650.0,Freehold,20.0,,Apartment,1.0,Medium,Non Bumi Lot,Pahang,,6,0,0,0,0,0,0,0,1,1,2.0,1,0,0,1,1,1,0,1,0,0,1,0,0,0,200000.00000000006
3,2,1069.0,Leasehold,16.0,,Condominium,,High,Non Bumi Lot,Sabah,,8,0,0,0,0,0,0,0,1,0,3.0,0,1,1,0,1,0,1,1,1,0,1,0,1,0,550000.0000000001
2,1,750.0,Freehold,,,Flat,,Low,Non Bumi Lot,Sabah,,1,0,0,0,0,0,0,0,1,1,1.0,0,0,0,0,0,1,0,0,0,0,0,0,0,0,62000.000000000044
3,3,1475.0,Freehold,17.0,328.0,Condominium,2.0,,Non Bumi Lot,Penang,11.0,11,0,0,0,0,0,0,0,1,1,,1,0,1,1,1,0,1,1,1,1,1,0,1,1,1199999.9999999998
3,2,1000.0,Freehold,,,Apartment,2.0,High,Non Bumi Lot,Penang,3.0,9,0,0,0,0,0,0,0,1,1,3.0,0,0,1,0,1,1,0,1,1,1,1,0,1,1,529999.9999999998
3,2,813.0,Freehold,,,Apartment,2.0,,Non Bumi Lot,Selangor,,10,0,0,0,0,0,0,0,1,1,,1,1,1,0,1,1,1,1,1,0,1,0,1,0,285000.0
2,2,886.0,Leasehold,,,Apartment,1.0,Low,Non Bumi Lot,Sabah,,0,0,0,0,0,0,0,0,1,0,1.0,0,0,0,0,0,0,0,0,0,0,0,0,0,0,359999.99999999994
3,2,775.0,Leasehold,7.0,,Apartment,1.0,Medium,Non Bumi Lot,Melaka,,4,0,0,0,0,0,0,0,1,0,2.0,0,0,0,0,1,0,0,1,0,0,1,0,1,0,179999.99999999997
3,2,960.0,Freehold,8.0,,Apartment,1.0,High,Non Bumi Lot,Selangor,,5,0,0,1,1,1,0,0,1,1,3.0,0,0,1,0,0,0,0,1,1,0,1,0,1,0,308999.99999999977
1,1,620.0,Freehold,38.0,1033.0,Service Residence,,Medium,Non Bumi Lot,Kuala Lumpur,11.0,5,1,1,1,1,1,0,1,1,1,2.0,0,0,1,0,0,0,0,1,1,0,0,1,1,0,368000.00000000006
3,3,1598.0,Freehold,42.0,670.0,Condominium,2.0,Medium,Non Bumi Lot,Penang,6.0,8,0,0,0,0,0,0,0,1,1,2.0,1,0,1,0,1,0,1,1,1,0,1,0,1,0,649999.9999999998
3,2,1238.0,Freehold,14.0,319.0,Apartment,1.0,Medium,Non Bumi Lot,Johor,,10,0,0,0,0,0,0,0,1,1,2.0,1,0,1,1,0,1,0,1,1,1,1,0,1,1,368000.00000000006
3,2,800.0,Leasehold,,3600.0,Service Residence,1.0,,Non Bumi Lot,Kuala Lumpur,,9,1,1,1,1,1,0,0,1,0,,0,0,1,1,1,1,1,1,1,0,1,0,1,0,299999.9999999999
3,2,850.0,Freehold,35.0,1843.0,Service Residence,,Medium,Non Bumi Lot,Johor,4.0,13,0,0,0,0,0,0,0,1,1,2.0,1,1,1,1,0,1,1,1,1,1,1,1,1,1,397999.9999999999
3,2,934.0,Freehold,,300.0,Condominium,,Low,Non Bumi Lot,Selangor,10.0,11,0,0,0,0,0,0,0,1,1,1.0,1,1,1,1,0,1,1,1,1,1,1,0,1,0,289999.9999999999
4,2,1300.0,Leasehold,15.0,675.0,Condominium,2.0,Low,Non Bumi Lot,Selangor,19.0,11,1,1,1,1,0,0,1,1,0,1.0,1,1,1,1,1,1,0,1,1,1,1,0,1,0,497999.9999999998
3,2,1550.0,Freehold,39.0,,Condominium,1.0,,Non Bumi Lot,Kuala Lumpur,25.0,11,1,1,0,1,0,0,0,1,1,,1,0,1,1,0,1,0,1,1,1,1,1,1,1,737999.9999999998
3,2,1295.0,Freehold,,,Condominium,,,Non Bumi Lot,Kuala Lumpur,,8,1,1,1,1,1,1,1,1,1,,1,0,0,1,0,1,0,1,1,0,1,0,1,1,330000.0000000001
3,3,1711.0,Leasehold,30.0,384.0,Condominium,2.0,High,Non Bumi Lot,Selangor,16.0,11,0,0,0,0,0,0,0,1,0,3.0,0,0,1,0,1,1,1,1,1,1,1,1,1,1,715000.0000000003
3,2,1250.0,Freehold,30.0,461.0,Condominium,,,Bumi Lot,Selangor,4.0,0,0,0,0,0,0,0,0,0,1,,0,0,0,0,0,0,0,0,0,0,0,0,0,0,469999.99999999994
5,3,1156.0,Freehold,21.0,536.0,Condominium,1.0,High,Bumi Lot,Selangor,18.0,5,0,0,0,0,0,0,0,0,1,3.0,0,0,0,1,0,1,0,1,0,0,1,0,1,0,314999.99999999994
3,2,800.0,Leasehold,,1900.0,Apartment,2.0,High,Non Bumi Lot,Penang,7.0,3,0,0,0,0,0,0,0,1,0,3.0,0,0,0,0,1,0,0,1,0,0,1,0,0,0,380000.0000000003
3,2,852.0,Freehold,17.0,403.0,Condominium,1.0,Medium,Non Bumi Lot,Kuala Lumpur,9.0,11,0,0,0,0,0,0,0,1,1,2.0,1,0,1,1,1,1,1,1,1,1,1,0,1,0,497999.9999999998
2,1,624.0,Leasehold,,,Apartment,,,Non Bumi Lot,Sarawak,,0,0,0,0,0,0,0,0,1,0,,0,0,0,0,0,0,0,0,0,0,0,0,0,0,137999.99999999988
3,2,1093.0,Leasehold,,634.0,Condominium,1.0,,Non Bumi Lot,Selangor,,8,1,1,1,0,0,0,0,1,0,,1,0,1,0,0,0,0,1,1,1,1,0,1,1,359999.99999999994
3,2,1080.0,Freehold,4.0,1.0,Apartment,,Medium,Non Bumi Lot,Selangor,,0,0,0,0,0,0,0,0,1,1,2.0,0,0,0,0,0,0,0,0,0,0,0,0,0,0,240000.00000000015
3,2,820.0,Leasehold,17.0,,Condominium,,,Bumi Lot,Selangor,,9,0,0,0,1,0,0,0,0,0,,0,0,0,1,1,1,0,1,1,1,1,1,1,0,249998.99999999997
3,2,916.0,Leasehold,22.0,328.0,Apartment,1.0,High,Non Bumi Lot,Johor,7.0,7,0,0,0,0,0,0,0,1,0,3.0,0,0,1,0,1,1,0,1,1,0,1,0,1,0,380000.0000000003
3,2,1073.0,Leasehold,40.0,1052.0,Condominium,2.0,,Non Bumi Lot,Kuala Lumpur,3.0,14,0,1,1,1,0,0,1,1,0,,1,1,1,1,1,1,1,1,1,1,1,1,1,1,520000.0000000003
3,2,700.0,Leasehold,,,Apartment,2.0,Low,Non Bumi Lot,Penang,,0,0,0,0,0,0,0,0,1,0,1.0,0,0,0,0,0,0,0,0,0,0,0,0,0,0,258000.00000000015
3,2,900.0,Freehold,,,Apartment,,Low,Bumi Lot,Melaka,,0,0,0,0,0,0,0,0,0,1,1.0,0,0,0,0,0,0,0,0,0,0,0,0,0,0,175000.00000000003
4,1,732.0,Leasehold,,,Apartment,,,Non Bumi Lot,Selangor,,1,0,0,1,1,0,0,0,1,0,,0,0,0,0,0,1,0,0,0,0,0,0,0,0,179999.99999999997
1,1,506.0,Leasehold,21.0,613.0,Condominium,,High,Non Bumi Lot,Johor,2.0,0,0,0,0,0,0,0,0,1,0,3.0,0,0,0,0,0,0,0,0,0,0,0,0,0,0,225000.00000000015
3,1,630.0,Leasehold,,,Apartment,,Medium,Non Bumi Lot,Kuala Lumpur,,0,0,0,0,0,0,0,0,1,0,2.0,0,0,0,0,0,0,0,0,0,0,0,0,0,0,170000.0
3,2,950.0,Leasehold,15.0,,Apartment,,,Non Bumi Lot,Kuala Lumpur,17.0,7,0,0,0,0,0,0,0,1,0,,1,0,0,0,0,1,0,1,1,1,1,0,1,0,305000.0
3,2,753.0,Freehold,,,Apartment,,High,Non Bumi Lot,Selangor,,2,0,1,0,0,0,0,0,1,1,3.0,0,0,0,0,1,0,0,0,1,0,0,0,0,0,230000.0000000002
8,3,1905.0,Freehold,18.0,160.0,Condominium,2.0,Medium,Non Bumi Lot,Selangor,23.0,11,0,0,0,0,1,0,0,1,1,2.0,1,1,1,1,0,1,0,1,1,1,1,0,1,1,750000.0000000005
3,2,1200.0,Leasehold,19.0,,Service Residence,,Medium,Non Bumi Lot,Johor,,4,0,0,0,0,0,0,0,1,0,2.0,0,0,0,1,0,0,0,0,0,1,1,1,0,0,384999.9999999997
3,2,904.0,Freehold,,,Condominium,2.0,High,Bumi Lot,Putrajaya,,13,0,0,0,0,0,0,0,0,1,3.0,1,1,1,1,1,1,1,1,1,1,1,1,1,0,478999.9999999997
3,2,656.0,Leasehold,,,Apartment,,Medium,Bumi Lot,Selangor,,0,0,0,0,1,0,0,1,0,0,2.0,0,0,0,0,0,0,0,0,0,0,0,0,0,0,155000.0
3,2,700.0,Freehold,28.0,422.0,Condominium,1.0,Medium,Non Bumi Lot,Penang,26.0,10,0,0,0,0,0,0,0,1,1,2.0,1,0,1,1,1,1,1,1,1,0,1,0,1,0,340000.00000000006
3,2,989.0,Freehold,2.0,669.0,Service Residence,,Medium,Non Bumi Lot,Selangor,6.0,2,0,0,0,0,0,0,0,1,1,2.0,0,0,0,1,0,0,0,1,0,0,0,0,0,0,340000.00000000006
3,3,1243.0,Leasehold,24.0,240.0,Service Residence,2.0,,Non Bumi Lot,Selangor,2.0,7,0,1,0,0,1,0,0,1,0,,0,0,1,0,1,0,0,1,1,1,1,0,1,0,439999.9999999997
3,2,670.0,Freehold,5.0,950.0,Flat,,,Non Bumi Lot,Selangor,,1,0,0,0,0,0,0,0,1,1,,0,0,0,0,0,0,0,0,0,0,1,0,0,0,159999.9999999999
3,2,736.0,Freehold,,596.0,Apartment,,,Non Bumi Lot,Selangor,13.0,0,1,0,0,0,0,1,0,1,1,,0,0,0,0,0,0,0,0,0,0,0,0,0,0,269999.99999999977
4,2,1335.0,Freehold,17.0,950.0,Condominium,1.0,High,Non Bumi Lot,Kuala Lumpur,17.0,9,0,0,0,0,0,0,0,1,1,3.0,0,0,1,1,1,1,1,1,1,0,1,0,1,0,394999.99999999994
3,2,711.0,Leasehold,,,Apartment,,Medium,Bumi Lot,Selangor,,0,0,0,0,0,0,0,0,0,0,2.0,0,0,0,0,0,0,0,0,0,0,0,0,0,0,210000.0000000001
3,2,680.0,Leasehold,,,Condominium,1.0,,Non Bumi Lot,Penang,,2,0,0,0,0,0,0,0,1,0,,0,0,0,0,0,0,0,1,1,0,0,0,0,0,244999.99999999983
3,2,687.0,Leasehold,,,Apartment,1.0,High,Bumi Lot,Selangor,,2,0,0,0,1,0,0,0,0,0,3.0,0,0,0,0,0,0,0,0,1,0,1,0,0,0,135000.00000000012
4,2,1000.0,Freehold,,,Apartment,1.0,Low,Non Bumi Lot,Johor,,6,0,0,0,0,0,0,0,1,1,1.0,0,0,0,0,1,1,0,1,1,0,1,0,1,0,295000.00000000006
3,2,1100.0,Freehold,14.0,96.0,Condominium,1.0,,Non Bumi Lot,Penang,26.0,4,0,0,0,0,0,0,0,1,1,,0,0,0,0,1,0,0,1,0,0,1,0,1,0,579999.9999999999
3,2,1153.0,Freehold,,1000.0,Condominium,1.0,High,Non Bumi Lot,Selangor,11.0,13,1,0,1,1,0,1,0,1,1,3.0,1,0,1,1,1,1,1,1,1,1,1,1,1,1,378000.0
3,2,850.0,Leasehold,,,Apartment,1.0,,Non Bumi Lot,Selangor,,4,0,0,0,0,0,0,0,1,0,,0,0,0,1,0,0,0,1,0,0,1,0,1,0,234000.0
3,2,650.0,Leasehold,,,Apartment,,High,Bumi Lot,Kuala Lumpur,,4,0,0,0,0,0,0,0,0,0,3.0,0,0,0,1,1,1,0,0,1,0,0,0,0,0,179999.99999999997
3,2,856.0,Freehold,9.0,,Condominium,1.0,,Non Bumi Lot,Selangor,,6,0,0,0,0,0,0,0,1,1,,1,0,0,0,0,1,0,1,1,0,1,0,1,0,219999.99999999985
3,2,1130.0,Freehold,24.0,384.0,Condominium,1.0,High,Non Bumi Lot,Kuala Lumpur,,0,1,1,0,1,0,0,1,1,1,3.0,0,0,0,0,0,0,0,0,0,0,0,0,0,0,327999.99999999977
2,2,708.0,Freehold,,177.0,Condominium,1.0,High,Bumi Lot,Pahang,9.0,7,0,0,0,0,0,0,0,0,1,3.0,0,0,1,0,1,0,0,1,1,0,1,0,1,1,468000.00000000006
3,2,1244.0,Freehold,36.0,1148.0,Apartment,2.0,Medium,Non Bumi Lot,Johor,4.0,10,0,0,0,0,0,0,0,1,1,2.0,1,0,1,1,1,1,0,1,1,1,1,0,1,0,599999.9999999999
3,2,750.0,Leasehold,,,Apartment,,Medium,Non Bumi Lot,Sabah,,4,0,0,0,0,0,0,0,1,0,2.0,0,0,0,0,0,1,0,1,1,0,1,0,0,0,133649.9999999999
3,2,1000.0,Freehold,,,Condominium,1.0,Low,Non Bumi Lot,Sabah,8.0,9,0,0,0,0,0,0,0,1,1,1.0,1,1,1,0,1,1,0,1,1,0,1,0,1,0,464999.9999999997
3,2,730.0,Freehold,,,Flat,,High,Non Bumi Lot,Johor,,0,0,0,0,0,0,0,0,1,1,3.0,0,0,0,0,0,0,0,0,0,0,0,0,0,0,131999.99999999994
3,2,700.0,Freehold,18.0,112.0,Apartment,1.0,,Non Bumi Lot,Penang,,2,0,0,0,0,0,0,0,1,1,,0,0,0,0,0,0,0,1,0,0,1,0,0,0,380000.0000000003
3,2,1069.0,Leasehold,38.0,,Condominium,1.0,,Non Bumi Lot,Penang,13.0,8,0,0,0,0,0,0,0,1,0,,1,0,1,0,1,0,0,1,1,0,1,1,1,0,559999.9999999998
3,2,650.0,Freehold,,,Apartment,1.0,,Non Bumi Lot,Selangor,,0,0,0,0,1,0,0,1,1,1,,0,0,0,0,0,0,0,0,0,0,0,0,0,0,130000.00000000006
3,2,850.0,Freehold,22.0,816.0,Condominium,2.0,Medium,Non Bumi Lot,Penang,16.0,9,0,0,0,0,0,0,0,1,1,2.0,1,0,1,1,1,0,0,1,1,0,1,1,1,0,430000.0000000002
3,2,1210.0,Leasehold,21.0,482.0,Condominium,2.0,Medium,Non Bumi Lot,Selangor,7.0,9,0,0,0,0,0,0,0,1,0,2.0,1,0,1,1,1,1,0,1,1,0,1,0,1,0,389999.99999999994
3,2,1000.0,Leasehold,21.0,,Apartment,2.0,Medium,Bumi Lot,Johor,,4,0,0,0,0,0,0,0,0,0,2.0,1,0,0,0,0,0,0,1,1,0,1,0,0,0,246000.0000000001
2,1,506.0,Freehold,,,Apartment,,High,Non Bumi Lot,Johor,,0,0,0,0,0,0,0,0,1,1,3.0,0,0,0,0,0,0,0,0,0,0,0,0,0,0,120000.00000000006
3,2,1080.0,Leasehold,17.0,444.0,Condominium,2.0,,Bumi Lot,Selangor,,3,1,1,1,0,1,0,0,0,0,,0,0,0,0,0,0,1,0,0,0,1,0,1,0,420000.00000000023
2,3,955.0,Freehold,,,Apartment,,Low,Bumi Lot,Selangor,,0,0,0,0,1,1,0,0,0,1,1.0,0,0,0,0,0,0,0,0,0,0,0,0,0,0,289999.9999999999
3,2,750.0,Freehold,,,Apartment,,Medium,Non Bumi Lot,Sarawak,,0,0,0,0,0,0,0,0,1,1,2.0,0,0,0,0,0,0,0,0,0,0,0,0,0,0,175000.00000000003
3,2,850.0,Freehold,15.0,,Apartment,,High,Non Bumi Lot,Johor,,0,0,0,0,0,0,0,0,1,1,3.0,0,0,0,0,0,0,0,0,0,0,0,0,0,0,299999.9999999999
1,1,500.0,Freehold,29.0,372.0,Condominium,,,Non Bumi Lot,Selangor,10.0,7,0,0,0,0,0,0,0,1,1,,0,0,1,1,0,1,0,1,1,0,1,0,1,0,200000.00000000006
4,2,1213.0,Freehold,40.0,500.0,Condominium,1.0,High,Non Bumi Lot,Johor,19.0,10,0,0,0,0,0,0,0,1,1,3.0,1,0,1,0,1,1,0,1,1,1,1,1,1,0,340000.00000000006
3,2,750.0,Freehold,,,Apartment,1.0,High,Non Bumi Lot,Selangor,,7,0,0,0,0,0,0,0,1,1,3.0,1,0,0,0,1,1,1,1,1,0,1,0,0,0,198000.00000000012
3,2,900.0,Freehold,,,Apartment,1.0,Medium,Non Bumi Lot,,,3,0,0,0,0,0,0,0,1,1,2.0,0,0,0,0,0,1,0,1,0,0,1,0,0,0,227999.9999999998
3,2,1165.0,Freehold,,406.0,Condominium,1.0,,Non Bumi Lot,Penang,2.0,6,0,0,0,0,0,0,0,1,1,,1,0,1,1,0,0,0,0,1,0,1,0,1,0,499000.0000000004
3,2,900.0,Freehold,38.0,473.0,Condominium,2.0,Low,Non Bumi Lot,Penang,5.0,10,0,0,0,0,0,0,0,1,1,1.0,1,0,1,0,1,1,0,1,1,1,1,1,1,0,750000.0000000005
4,2,920.0,Freehold,20.0,,Apartment,,Medium,Non Bumi Lot,Johor,6.0,5,0,0,0,0,0,0,0,1,1,2.0,0,0,0,0,1,0,0,1,1,0,1,0,1,0,227999.9999999998
3,2,1000.0,Freehold,,1000.0,Service Residence,2.0,High,Non Bumi Lot,Penang,,3,0,0,0,0,0,0,0,1,1,3.0,0,0,0,0,1,0,0,1,0,0,1,0,0,0,410000.00000000006
3,2,800.0,Leasehold,,,Apartment,,Medium,Non Bumi Lot,Kuala Lumpur,,0,0,0,0,0,0,0,0,1,0,2.0,0,0,0,0,0,0,0,0,0,0,0,0,0,0,299999.9999999999
3,2,650.0,Leasehold,11.0,792.0,Apartment,,,Bumi Lot,Kuala Lumpur,21.0,4,1,0,1,1,0,0,1,0,0,,0,0,0,0,0,1,0,1,0,0,1,0,1,0,149999.99999999994
1,1,635.0,Freehold,,,Condominium,1.0,Low,Non Bumi Lot,Kuala Lumpur,17.0,4,0,0,1,1,1,0,0,1,1,1.0,0,0,0,0,0,0,0,1,1,0,1,0,1,0,680000.0000000001
3,2,650.0,Leasehold,15.0,,Apartment,,,Bumi Lot,Kuala Lumpur,,3,0,1,1,1,1,0,1,0,0,,0,0,0,0,1,0,0,1,0,0,1,0,0,0,179999.99999999997
1,1,560.0,Leasehold,46.0,1012.0,Service Residence,2.0,High,Non Bumi Lot,Selangor,3.0,14,1,0,1,1,1,0,0,1,0,3.0,1,1,1,1,1,1,1,1,1,1,1,1,1,1,629999.9999999999
3,2,700.0,Freehold,30.0,500.0,Apartment,1.0,,Non Bumi Lot,Penang,11.0,8,0,0,0,0,0,0,0,1,1,,1,0,1,1,0,0,1,1,1,0,1,0,1,0,370000.0000000001
2,1,550.0,Leasehold,,,Apartment,,,Non Bumi Lot,Penang,,0,0,0,0,0,0,0,0,1,0,,0,0,0,0,0,0,0,0,0,0,0,0,0,0,147999.9999999999
3,2,915.0,Leasehold,5.0,,Apartment,1.0,High,Bumi Lot,Selangor,,0,0,1,1,1,1,0,0,0,0,3.0,0,0,0,0,0,0,0,0,0,0,0,0,0,0,285000.0
3,2,945.0,Freehold,2.0,669.0,Service Residence,2.0,Medium,Bumi Lot,Selangor,6.0,8,0,0,0,0,0,0,0,0,1,2.0,1,0,1,0,1,0,1,1,1,0,1,0,1,0,350000.0000000001
4,2,1335.0,Freehold,17.0,950.0,Condominium,1.0,Medium,Non Bumi Lot,Kuala Lumpur,17.0,14,0,0,0,0,0,0,0,1,1,2.0,1,1,1,1,1,1,1,1,1,1,1,1,1,1,394999.99999999994
3,2,700.0,Leasehold,5.0,,Apartment,1.0,High,Non Bumi Lot,Selangor,,4,1,0,1,1,0,0,1,1,0,3.0,0,0,0,0,1,0,0,1,1,0,1,0,0,0,128000.00000000004
3,2,850.0,Leasehold,,891.0,Apartment,1.0,High,Bumi Lot,Selangor,,14,0,0,0,0,0,0,0,0,0,3.0,1,1,1,1,1,1,1,1,1,1,1,1,1,1,179999.99999999997
4,3,2214.0,Freehold,22.0,576.0,Service Residence,4.0,High,Non Bumi Lot,Selangor,5.0,11,1,1,1,1,0,0,0,1,1,3.0,1,1,1,1,0,1,1,1,1,1,1,0,1,0,949999.9999999999
3,2,1273.0,Freehold,33.0,412.0,Condominium,1.0,High,Non Bumi Lot,Penang,7.0,0,0,0,0,0,0,0,0,1,1,3.0,0,0,0,0,0,0,0,0,0,0,0,0,0,0,489999.9999999997
2,2,802.0,Freehold,33.0,490.0,Condominium,,High,Non Bumi Lot,Penang,3.0,8,0,0,0,0,0,0,0,1,1,3.0,1,0,1,1,1,0,1,1,0,0,1,0,1,0,410000.00000000006
3,2,650.0,Freehold,,,Apartment,,Medium,Bumi Lot,Selangor,,0,0,0,0,0,0,0,0,0,1,2.0,0,0,0,0,0,0,0,0,0,0,0,0,0,0,159999.9999999999
4,3,1818.0,Freehold,24.0,1235.0,Condominium,2.0,High,Non Bumi Lot,Penang,2.0,8,0,0,0,0,0,0,0,1,1,3.0,0,0,1,1,1,0,0,1,1,1,1,0,1,0,1049999.9999999998
3,2,650.0,Freehold,,,Apartment,1.0,Low,Non Bumi Lot,Penang,9.0,6,0,0,0,0,0,0,0,1,1,1.0,0,0,0,1,1,1,0,1,1,0,1,0,0,0,213000.00000000003
3,2,1259.0,Leasehold,8.0,,Condominium,1.0,Low,Bumi Lot,Selangor,19.0,7,0,0,1,1,1,0,0,0,0,1.0,0,0,1,0,0,1,0,1,1,0,1,0,1,1,480000.0000000003
1,1,527.0,Freehold,35.0,849.0,Service Residence,,Medium,Bumi Lot,Johor,5.0,11,0,0,0,0,0,0,0,0,1,2.0,1,1,1,1,1,0,1,1,1,1,1,0,1,0,211000.00000000017
3,2,1130.0,Freehold,26.0,548.0,Condominium,2.0,Medium,Non Bumi Lot,Penang,7.0,14,0,0,0,0,0,0,0,1,1,2.0,1,1,1,1,1,1,1,1,1,1,1,1,1,1,599999.9999999999
3,2,1600.0,Leasehold,,,Apartment,,Medium,Non Bumi Lot,Sarawak,,2,0,0,0,0,0,0,0,1,0,2.0,0,0,0,0,0,0,0,1,0,0,1,0,0,0,499999.9999999997
4,3,1701.0,Freehold,7.0,297.0,Condominium,3.0,,Non Bumi Lot,Penang,9.0,14,0,0,0,0,0,0,0,1,1,,1,1,1,1,1,1,1,1,1,1,1,1,1,1,1870000.0000000005
3,2,1046.0,Leasehold,,,Condominium,1.0,Medium,Non Bumi Lot,Selangor,,7,0,0,0,0,0,0,0,1,0,2.0,0,0,0,0,1,1,1,1,1,0,1,0,1,0,219999.99999999985
3,2,1144.0,Leasehold,,243.0,Service Residence,1.0,High,Non Bumi Lot,Johor,,7,0,0,0,0,0,0,0,1,0,3.0,0,0,0,0,0,1,1,1,1,1,1,0,1,0,489000.00000000006
5,2,1164.0,Freehold,5.0,,Apartment,,Medium,Non Bumi Lot,Johor,,6,0,0,0,0,0,0,0,1,1,2.0,0,0,0,1,0,1,0,1,1,0,1,0,1,0,295000.00000000006
2,1,650.0,Freehold,,,Flat,,Medium,Non Bumi Lot,Penang,,4,0,0,0,0,0,0,0,1,1,2.0,0,0,0,0,1,1,1,0,0,0,1,0,0,0,165000.00000000006
3,2,1346.0,Leasehold,,128.0,Condominium,2.0,Medium,Non Bumi Lot,Sabah,8.0,0,0,0,0,0,0,0,0,1,0,2.0,0,0,0,0,0,0,0,0,0,0,0,0,0,0,575999.9999999995
1,1,1008.0,Freehold,,,Service Residence,1.0,,Non Bumi Lot,Penang,,0,0,0,0,0,0,0,0,1,1,,0,0,0,0,0,0,0,0,0,0,0,0,0,0,900000.0000000007
2,1,1101.0,Leasehold,,,Apartment,,Medium,Non Bumi Lot,Sarawak,,0,0,0,0,0,0,0,0,1,0,2.0,0,0,0,0,0,0,0,0,0,0,0,0,0,0,147999.9999999999
5,4,3701.0,Leasehold,18.0,,Condominium,3.0,High,Non Bumi Lot,Sabah,,11,0,0,0,0,0,0,0,1,0,3.0,1,1,1,1,0,0,1,1,1,0,1,1,1,1,3700999.9999999977
3,2,900.0,Freehold,23.0,730.0,Condominium,1.0,High,Non Bumi Lot,Penang,24.0,6,0,0,0,0,0,0,0,1,1,3.0,0,0,0,0,1,1,0,1,1,0,1,0,1,0,350000.0000000001
3,2,850.0,Leasehold,10.0,20.0,Apartment,1.0,Low,Bumi Lot,Selangor,23.0,5,0,0,1,1,1,0,0,0,0,1.0,0,0,0,0,1,0,0,1,1,0,1,0,1,0,244999.99999999983
3,2,710.0,Leasehold,3.0,,Apartment,,Medium,Non Bumi Lot,Johor,,1,0,0,0,0,0,0,0,1,0,2.0,0,0,0,0,0,0,0,1,0,0,0,0,0,0,175000.00000000003
3,1,732.0,Leasehold,,,Apartment,,,Non Bumi Lot,Selangor,,1,0,0,1,1,0,0,0,1,0,,0,0,0,0,0,1,0,0,0,0,0,0,0,0,167999.99999999994
3,2,1130.0,Freehold,,,Condominium,2.0,,Non Bumi Lot,Penang,,0,0,0,0,0,0,0,0,1,1,,0,0,0,0,0,0,0,0,0,0,0,0,0,0,459999.9999999996
3,2,820.0,Freehold,5.0,,Apartment,1.0,High,Non Bumi Lot,Selangor,,3,0,0,0,0,0,0,0,1,1,3.0,0,0,0,0,0,0,0,1,1,0,1,0,0,0,179999.99999999997
3,2,1528.0,Freehold,,846.0,Condominium,2.0,,Non Bumi Lot,Penang,,10,0,0,0,0,0,0,0,1,1,,1,0,1,1,1,0,1,1,1,1,1,0,1,0,1500000.000000001
4,3,1766.0,Freehold,25.0,89.0,Condominium,2.0,,Non Bumi Lot,Penang,1.0,9,0,0,0,0,0,0,0,1,1,,1,0,1,1,1,0,1,1,1,0,1,0,1,0,1008999.9999999993
4,5,1567.0,Freehold,40.0,,Service Residence,3.0,High,Non Bumi Lot,Kuala Lumpur,,8,1,0,0,1,1,0,1,1,1,3.0,1,0,1,1,0,0,0,1,1,1,1,0,1,0,999999.9999999995
3,2,700.0,Freehold,23.0,,Apartment,1.0,Medium,Non Bumi Lot,Penang,14.0,8,0,0,0,0,0,0,0,1,1,2.0,1,0,1,1,1,0,1,1,1,0,1,0,0,0,380000.0000000003
3,2,925.0,Leasehold,16.0,412.0,Service Residence,1.0,Medium,Bumi Lot,Kuala Lumpur,6.0,8,0,0,0,0,0,0,0,0,0,2.0,0,0,1,1,1,0,1,1,1,0,1,0,1,0,365000.00000000023
3,2,750.0,Freehold,12.0,,Apartment,1.0,Medium,Non Bumi Lot,Penang,23.0,3,0,0,0,0,0,0,0,1,1,2.0,0,0,0,0,1,0,0,1,0,0,1,0,0,0,338000.00000000023
4,3,1282.0,Freehold,18.0,453.0,Condominium,2.0,High,Non Bumi Lot,Selangor,11.0,13,1,1,1,1,0,0,0,1,1,3.0,1,1,1,1,1,1,1,1,1,1,1,1,1,0,485000.00000000035
2,2,840.0,Freehold,35.0,1378.0,Condominium,2.0,Medium,Non Bumi Lot,Kuala Lumpur,,12,0,0,1,1,0,0,0,1,1,2.0,1,1,1,1,1,1,1,1,1,1,1,0,1,0,485000.00000000035
4,3,1285.0,Freehold,30.0,808.0,Condominium,1.0,High,Non Bumi Lot,Penang,10.0,10,0,0,0,0,0,0,0,1,1,3.0,0,0,1,0,1,1,0,1,1,1,1,1,1,1,599999.9999999999
3,2,745.0,Freehold,5.0,,Apartment,1.0,Low,Non Bumi Lot,Selangor,,4,0,0,0,0,0,0,0,1,1,1.0,1,0,0,0,0,0,0,1,1,0,1,0,0,0,299999.9999999999
1,1,678.0,Leasehold,27.0,303.0,Condominium,,Medium,Non Bumi Lot,Johor,,0,0,0,0,0,0,0,0,1,0,2.0,0,0,0,0,0,0,0,0,0,0,0,0,0,0,244999.99999999983
3,2,1023.0,Freehold,,1200.0,Condominium,2.0,High,Non Bumi Lot,Selangor,4.0,8,0,0,0,0,0,0,0,1,1,3.0,1,0,1,0,1,0,1,1,1,0,1,0,1,0,350000.0000000001
3,3,1765.0,Leasehold,31.0,660.0,Service Residence,,Medium,Non Bumi Lot,Selangor,3.0,7,0,0,0,1,0,0,1,1,0,2.0,0,0,1,1,0,0,1,1,1,0,1,0,1,0,554000.0000000005
1,1,280.0,Leasehold,,,Service Residence,,,Non Bumi Lot,Kuala Lumpur,,13,1,1,1,1,1,0,1,1,0,,1,1,1,1,1,1,1,0,1,1,1,1,1,1,230000.0000000002
3,2,1190.0,Freehold,10.0,,Condominium,1.0,Low,Bumi Lot,Selangor,21.0,8,0,0,0,0,0,0,0,0,1,1.0,1,0,0,0,1,0,1,1,1,0,1,0,1,1,487999.99999999965
3,2,650.0,Freehold,3.0,,Apartment,,Medium,Non Bumi Lot,Selangor,8.0,0,0,0,1,1,0,0,0,1,1,2.0,0,0,0,0,0,0,0,0,0,0,0,0,0,0,188000.00000000012
3,2,973.0,Leasehold,,352.0,Condominium,1.0,Low,Non Bumi Lot,Johor,8.0,7,0,0,0,0,0,0,0,1,0,1.0,1,0,1,0,1,0,0,1,1,0,1,0,1,0,299999.9999999999
4,2,1349.0,Freehold,28.0,134.0,Condominium,1.0,Low,Non Bumi Lot,Penang,15.0,6,0,0,0,0,0,0,0,1,1,1.0,1,0,1,0,0,0,1,1,1,0,1,0,0,0,644999.9999999998
3,2,1050.0,Freehold,9.0,36.0,Condominium,1.0,Low,Non Bumi Lot,Penang,24.0,3,0,0,0,0,0,0,0,1,1,1.0,0,0,0,0,0,1,0,1,0,0,1,0,0,0,550000.0000000001
3,2,1173.0,Leasehold,15.0,,Condominium,1.0,Low,Bumi Lot,Selangor,,8,1,1,1,1,0,0,0,0,0,1.0,0,0,1,1,0,1,1,1,1,0,1,0,1,0,355000.0
3,3,1668.0,Freehold,,,Condominium,2.0,Low,Non Bumi Lot,,,11,0,0,0,0,0,0,0,1,1,1.0,1,0,1,1,1,1,1,1,1,1,1,0,1,0,620000.0
2,1,450.0,Leasehold,,,Condominium,1.0,Medium,Non Bumi Lot,,,11,0,0,0,0,0,0,0,1,0,2.0,1,0,1,1,1,1,1,1,1,1,1,0,1,0,234999.99999999994
4,3,1464.0,Leasehold,22.0,531.0,Condominium,2.0,Low,Non Bumi Lot,Penang,12.0,8,0,0,0,0,0,0,0,1,0,1.0,1,0,1,1,1,0,0,1,1,0,1,0,1,0,929999.9999999994
3,2,850.0,Leasehold,50.0,3600.0,Condominium,1.0,,Non Bumi Lot,Kuala Lumpur,0.0,6,1,1,1,1,0,1,1,1,0,,0,0,1,0,1,0,0,1,1,0,1,0,1,0,480000.0000000003
2,2,1050.0,Leasehold,40.0,1360.0,Service Residence,2.0,High,Non Bumi Lot,Melaka,6.0,11,0,0,0,0,0,0,0,1,0,3.0,1,0,1,0,1,1,1,1,1,1,1,1,1,0,524999.9999999998
2,2,800.0,Freehold,33.0,490.0,Condominium,,,Non Bumi Lot,Penang,3.0,8,0,0,0,0,0,0,0,1,1,,1,0,1,1,1,0,1,1,0,0,1,0,1,0,398999.99999999965
3,2,1055.0,Freehold,27.0,526.0,Apartment,,,Non Bumi Lot,Kuala Lumpur,8.0,7,1,1,0,1,0,0,0,1,1,,1,0,1,0,0,0,1,0,1,1,1,0,1,0,422999.9999999997
3,2,904.0,Freehold,,406.0,Service Residence,2.0,High,Non Bumi Lot,Selangor,,8,0,0,0,0,0,0,0,1,1,3.0,1,0,1,0,1,0,1,1,1,0,1,0,1,0,352000.0000000001
3,2,850.0,Leasehold,12.0,1012.0,Apartment,,,Non Bumi Lot,Sabah,,10,0,0,0,0,0,0,0,1,0,,0,0,1,1,1,1,1,1,1,0,1,0,1,1,299999.9999999999
3,2,970.0,Leasehold,11.0,,Apartment,1.0,Low,Non Bumi Lot,Penang,20.0,3,0,0,0,0,0,0,0,1,0,1.0,0,0,0,0,0,1,0,1,0,0,1,0,0,0,398999.99999999965
3,2,650.0,Leasehold,,,Apartment,,,Non Bumi Lot,Penang,,3,0,0,0,0,0,0,0,1,0,,0,0,0,0,1,0,0,1,0,0,1,0,0,0,217999.9999999999
1,1,517.0,Freehold,7.0,297.0,Condominium,2.0,Medium,Non Bumi Lot,Penang,9.0,5,0,0,0,0,0,0,0,1,1,2.0,0,0,0,0,1,0,0,1,1,0,1,0,1,0,730000.0000000005
3,2,1230.0,Freehold,27.0,357.0,Condominium,2.0,High,Non Bumi Lot,Penang,6.0,6,0,0,0,0,0,0,0,1,1,3.0,0,0,1,0,1,0,0,1,1,0,1,0,1,0,559999.9999999998
3,3,1234.0,Freehold,36.0,618.0,Condominium,2.0,High,Non Bumi Lot,Kuala Lumpur,4.0,14,1,1,1,1,0,0,1,1,1,3.0,1,1,1,1,1,1,1,1,1,1,1,1,1,1,849999.9999999994
2,1,590.0,Leasehold,,139.0,Apartment,1.0,,Non Bumi Lot,Sarawak,6.0,0,0,0,0,0,0,0,0,1,0,,0,0,0,0,0,0,0,0,0,0,0,0,0,0,499999.9999999997
3,2,863.0,Leasehold,,,Apartment,,Medium,Bumi Lot,Selangor,,3,1,0,0,1,0,0,0,0,0,2.0,0,0,0,0,0,0,0,1,1,0,1,0,0,0,269999.99999999977
3,2,1065.0,Freehold,4.0,,Service Residence,,Medium,Non Bumi Lot,Johor,,0,0,0,0,0,0,0,0,1,1,2.0,0,0,0,0,0,0,0,0,0,0,0,0,0,0,350000.0000000001
3,2,1313.0,Freehold,,396.0,Condominium,3.0,Low,Non Bumi Lot,Penang,16.0,0,0,0,0,0,0,0,0,1,1,1.0,0,0,0,0,0,0,0,0,0,0,0,0,0,0,960000.0000000007
3,2,872.0,Freehold,,,Condominium,,High,Non Bumi Lot,Johor,,3,0,0,0,0,0,0,0,1,1,3.0,0,0,0,0,1,0,0,0,0,0,1,0,1,0,330000.0000000001
3,2,887.0,Freehold,30.0,808.0,Condominium,1.0,Medium,Non Bumi Lot,Penang,10.0,10,0,0,0,0,0,0,0,1,1,2.0,0,0,1,0,1,1,0,1,1,1,1,1,1,1,478000.0000000001
3,2,850.0,Freehold,12.0,1012.0,Apartment,,Medium,Non Bumi Lot,Sabah,,7,0,0,0,0,0,0,0,1,1,2.0,0,0,1,1,0,0,0,1,1,0,1,0,1,1,252000.00000000017
3,2,1043.0,Freehold,15.0,900.0,Apartment,1.0,,Non Bumi Lot,Kuala Lumpur,25.0,7,0,1,1,1,0,0,1,1,1,,0,0,1,0,0,1,0,1,1,0,1,1,1,0,389999.99999999994
3,2,1221.0,Freehold,,1000.0,Condominium,1.0,,Non Bumi Lot,Selangor,11.0,0,1,0,1,1,0,1,0,1,1,,0,0,0,0,0,0,0,0,0,0,0,0,0,0,420000.00000000023
3,2,1056.0,Leasehold,,,Apartment,,Low,Non Bumi Lot,Pahang,,11,0,0,0,0,0,0,0,1,0,1.0,1,0,1,1,1,1,1,1,1,1,1,0,1,0,599999.9999999999
3,2,1276.0,Leasehold,30.0,720.0,Condominium,2.0,Medium,Non Bumi Lot,Kuala Lumpur,,5,0,0,1,1,0,1,1,1,0,2.0,0,0,1,1,0,0,0,1,0,0,1,0,1,0,629999.9999999999
3,2,613.0,Leasehold,,,Flat,1.0,Medium,Non Bumi Lot,Johor,,0,0,0,0,0,0,0,0,1,0,2.0,0,0,0,0,0,0,0,0,0,0,0,0,0,0,99000.00000000004
3,3,2101.0,Freehold,42.0,150.0,Condominium,3.0,High,Non Bumi Lot,Penang,3.0,11,0,0,0,0,0,0,0,1,1,3.0,1,0,1,1,1,1,1,1,1,1,1,0,1,0,890000.0000000006
3,2,849.0,Freehold,,,Apartment,,,Bumi Lot,Selangor,,14,0,0,0,0,0,0,0,0,1,,1,1,1,1,1,1,1,1,1,1,1,1,1,1,237999.9999999998
4,3,1650.0,Freehold,16.0,470.0,Condominium,2.0,Medium,Non Bumi Lot,Penang,9.0,9,0,0,0,0,0,0,0,1,1,2.0,1,0,1,0,1,0,1,1,1,1,1,0,1,0,750000.0000000005
3,2,1100.0,Leasehold,22.0,531.0,Condominium,2.0,High,Non Bumi Lot,Penang,12.0,7,0,0,0,0,0,0,0,1,0,3.0,1,0,1,1,0,0,0,1,1,0,1,0,1,0,700000.0000000002
1,1,715.0,Freehold,12.0,392.0,Apartment,,Low,Non Bumi Lot,Johor,4.0,12,0,0,0,0,0,0,0,1,1,1.0,1,1,1,1,1,1,1,1,1,1,1,0,1,0,308000.00000000006
3,2,850.0,Freehold,24.0,342.0,Condominium,1.0,Medium,Non Bumi Lot,Penang,25.0,5,0,0,0,0,0,0,0,1,1,2.0,0,0,0,0,1,1,0,1,0,0,1,0,1,0,380000.0000000003
3,2,800.0,Leasehold,,,Condominium,2.0,Medium,Non Bumi Lot,Kuala Lumpur,,14,0,0,0,0,0,0,0,1,0,2.0,1,1,1,1,1,1,1,1,1,1,1,1,1,1,230000.0000000002
3,3,1045.0,Leasehold,,,Condominium,1.0,Medium,Non Bumi Lot,Kuala Lumpur,,10,1,0,0,1,0,0,1,1,0,2.0,1,0,1,1,1,1,1,1,1,0,1,0,1,0,559999.9999999998
3,2,953.0,Freehold,4.0,,Apartment,,Medium,Non Bumi Lot,Johor,,5,0,0,0,0,0,0,0,1,1,2.0,1,0,0,1,0,1,0,0,1,0,1,0,0,0,263000.00000000023
3,2,943.0,Leasehold,8.0,,Apartment,,,Non Bumi Lot,Kuala Lumpur,,5,0,0,0,0,0,0,0,1,0,,0,0,0,0,0,0,0,1,1,1,1,0,1,0,217999.9999999999
3,2,1100.0,Freehold,25.0,1220.0,Condominium,1.0,Low,Non Bumi Lot,Kuala Lumpur,19.0,10,1,0,1,1,0,0,0,1,1,1.0,1,0,1,0,1,1,0,1,1,1,1,0,1,1,375000.0000000002
3,2,850.0,Leasehold,10.0,20.0,Apartment,,Low,Non Bumi Lot,Selangor,23.0,3,0,0,1,1,1,0,0,1,0,1.0,0,0,0,0,0,0,0,1,1,0,1,0,0,0,225000.00000000015
3,3,1484.0,Leasehold,,135.0,Condominium,2.0,Medium,Non Bumi Lot,Sabah,9.0,8,0,0,0,0,0,0,0,1,0,2.0,1,0,1,0,1,0,1,1,1,0,1,0,1,0,780000.0
3,2,1084.0,Leasehold,17.0,412.0,Condominium,1.0,Low,Non Bumi Lot,Penang,24.0,13,0,0,0,0,0,0,0,1,0,1.0,1,0,1,1,1,1,1,1,1,1,1,1,1,1,610000.0
3,2,1044.0,Leasehold,,,Condominium,2.0,Medium,Non Bumi Lot,Kuala Lumpur,,12,0,0,0,0,0,0,0,1,0,2.0,1,1,1,1,1,1,1,1,1,1,1,0,1,0,570000.0
3,2,850.0,Leasehold,12.0,1012.0,Apartment,,Low,Non Bumi Lot,Sabah,,7,0,0,0,0,0,0,0,1,0,1.0,0,0,1,1,0,0,0,1,1,0,1,0,1,1,298000.00000000023
3,3,1302.0,Freehold,,396.0,Condominium,2.0,High,Non Bumi Lot,Penang,16.0,6,0,0,0,0,0,0,0,1,1,3.0,0,0,1,0,1,0,0,1,1,0,1,0,1,0,919999.9999999993
3,2,828.0,Freehold,12.0,,Apartment,1.0,Medium,Non Bumi Lot,Penang,,4,0,0,0,0,0,0,0,1,1,2.0,0,0,0,1,1,0,0,1,1,0,0,0,0,0,200000.00000000006
3,2,910.0,Leasehold,,,Condominium,,Medium,Non Bumi Lot,,,8,0,0,0,0,0,0,0,1,0,2.0,1,0,1,1,0,1,0,0,1,0,1,0,1,1,359999.99999999994
3,2,1000.0,Freehold,,,Apartment,2.0,Low,Non Bumi Lot,Penang,3.0,12,0,0,0,0,0,0,0,1,1,1.0,1,0,1,1,1,1,1,1,1,1,1,0,1,1,480000.0000000003
3,2,1000.0,Leasehold,,109.0,Condominium,1.0,Medium,Non Bumi Lot,Sabah,,9,0,0,0,0,0,0,0,1,0,2.0,1,1,1,0,1,0,0,1,1,1,1,0,1,0,408000.0000000002
3,3,1313.0,Freehold,,396.0,Condominium,2.0,Low,Non Bumi Lot,Penang,16.0,5,0,0,0,0,0,0,0,1,1,1.0,0,0,0,0,1,0,0,1,1,0,1,0,1,0,919000.0000000005
3,2,841.0,Freehold,12.0,576.0,Apartment,1.0,High,Non Bumi Lot,Kuala Lumpur,,5,0,1,1,1,1,0,1,1,1,3.0,0,0,0,1,1,1,0,1,0,0,1,0,0,0,319999.9999999998
2,2,872.0,Leasehold,,,Condominium,,,Non Bumi Lot,Johor,,0,0,0,0,0,0,0,0,1,0,,0,0,0,0,0,0,0,0,0,0,0,0,0,0,350000.0000000001
3,2,1233.0,Freehold,30.0,410.0,Condominium,2.0,,Non Bumi Lot,Penang,6.0,0,0,0,0,0,0,0,0,1,1,,0,0,0,0,0,0,0,0,0,0,0,0,0,0,597999.9999999997
3,2,1335.0,Freehold,,,Condominium,2.0,Medium,Non Bumi Lot,Selangor,,10,0,0,0,0,0,0,0,1,1,2.0,0,0,1,1,1,1,0,1,1,1,1,0,1,1,548999.9999999998
4,2,1389.0,Leasehold,22.0,800.0,Condominium,1.0,Medium,Bumi Lot,Kuala Lumpur,15.0,11,0,0,0,0,0,0,0,0,0,2.0,1,0,1,1,1,1,1,1,1,1,1,0,1,0,550000.0000000001
3,2,1080.0,Freehold,,,Condominium,2.0,Medium,Non Bumi Lot,Selangor,,14,0,0,0,0,0,0,0,1,1,2.0,1,1,1,1,1,1,1,1,1,1,1,1,1,1,389999.99999999994
2,2,810.0,Freehold,25.0,2003.0,Service Residence,,,Non Bumi Lot,Johor,4.0,8,0,0,0,0,0,0,0,1,1,,0,0,1,0,1,0,1,1,1,1,1,0,1,0,298000.00000000023
4,3,1900.0,Freehold,,350.0,Condominium,2.0,Low,Bumi Lot,Selangor,6.0,6,1,1,1,1,1,0,0,0,1,1.0,0,0,1,1,0,0,1,0,1,0,1,0,1,0,669999.9999999998
3,2,995.0,Freehold,,188.0,Apartment,1.0,,Non Bumi Lot,Kuala Lumpur,,8,1,0,1,1,0,1,0,1,1,,1,0,1,0,0,1,1,1,1,1,1,0,0,0,357999.99999999994
3,3,840.0,Freehold,5.0,180.0,Apartment,,,Non Bumi Lot,Selangor,,2,0,0,0,0,0,0,0,1,1,,0,0,0,0,0,0,0,1,1,0,0,0,0,0,200000.00000000006
4,3,1642.0,Freehold,,222.0,Condominium,2.0,,Non Bumi Lot,Penang,8.0,10,0,0,0,0,0,0,0,1,1,,1,0,1,0,1,1,1,1,1,1,1,0,1,0,629999.9999999999
3,2,1100.0,Leasehold,,,Condominium,2.0,Low,Non Bumi Lot,Sarawak,,6,0,0,0,0,0,0,0,1,0,1.0,0,0,1,0,1,0,0,1,1,0,1,0,1,0,550000.0000000001
2,2,1066.0,Freehold,,831.0,Service Residence,2.0,Low,Non Bumi Lot,Kedah,,14,0,0,0,0,0,0,0,1,1,1.0,1,1,1,1,1,1,1,1,1,1,1,1,1,1,1539999.999999999
3,1,650.0,Leasehold,,,Apartment,,Low,Bumi Lot,Selangor,,1,0,0,0,1,0,0,0,0,0,1.0,0,0,0,0,0,0,0,1,0,0,0,0,0,0,179999.99999999997
3,2,1000.0,Leasehold,38.0,900.0,Apartment,2.0,Medium,Non Bumi Lot,Kuala Lumpur,0.0,6,1,0,1,1,0,0,0,1,0,2.0,1,0,1,0,0,0,1,0,1,1,0,0,1,0,445000.00000000023
3,2,964.0,Leasehold,,,Condominium,1.0,Medium,Non Bumi Lot,Perak,,10,0,0,0,0,0,0,0,1,0,2.0,1,1,1,1,1,0,1,1,1,0,1,0,1,0,380000.0000000003
3,2,730.0,Freehold,,,Flat,,High,Non Bumi Lot,Johor,,0,0,0,0,0,0,0,0,1,1,3.0,0,0,0,0,0,0,0,0,0,0,0,0,0,0,131999.99999999994
3,2,700.0,Freehold,21.0,520.0,Apartment,1.0,High,Non Bumi Lot,Penang,24.0,7,0,0,0,0,0,0,0,1,1,3.0,0,0,1,1,1,0,0,1,1,0,1,0,1,0,317999.99999999994
3,2,1098.0,Leasehold,,684.0,Condominium,1.0,Medium,Non Bumi Lot,Selangor,,7,0,0,0,1,0,0,1,1,0,2.0,1,0,1,1,0,0,1,0,1,1,0,0,1,0,359999.0000000003
2,2,1240.0,Freehold,24.0,,Apartment,2.0,Low,Non Bumi Lot,Kuala Lumpur,,10,0,0,0,0,0,0,0,1,1,1.0,1,0,1,1,1,1,0,1,1,1,1,0,1,0,469999.99999999994
4,2,1272.0,Freehold,17.0,475.0,Condominium,2.0,Medium,Non Bumi Lot,Kuala Lumpur,10.0,6,0,0,0,0,0,0,0,1,1,2.0,0,0,1,0,0,1,0,1,1,0,1,0,1,0,410000.00000000006
3,2,850.0,Leasehold,,,Apartment,1.0,Medium,Bumi Lot,Sabah,,8,0,0,0,0,0,0,0,0,0,2.0,0,0,1,0,1,1,1,1,1,0,1,0,1,0,264999.9999999999
3,2,753.0,Leasehold,5.0,112.0,Apartment,,Medium,Non Bumi Lot,Selangor,,2,1,0,0,0,0,0,0,1,0,2.0,0,0,0,0,0,0,0,1,1,0,0,0,0,0,179999.99999999997
4,2,1316.0,Freehold,18.0,248.0,Condominium,1.0,Low,Non Bumi Lot,Kuala Lumpur,,10,0,0,1,1,1,0,0,1,1,1.0,1,1,1,0,1,1,0,1,0,1,1,1,1,0,680000.0000000001
3,2,860.0,Freehold,,,Apartment,1.0,,Non Bumi Lot,Selangor,,4,0,0,0,1,0,0,0,1,1,,0,0,0,1,0,0,0,0,1,0,1,0,1,0,240000.00000000015
2,2,430.0,Freehold,,1100.0,Service Residence,1.0,,Non Bumi Lot,Kuala Lumpur,2.0,0,1,1,1,1,1,0,1,1,1,,0,0,0,0,0,0,0,0,0,0,0,0,0,0,350000.0000000001
3,2,850.0,Freehold,,,Apartment,2.0,Medium,Bumi Lot,Selangor,,11,0,0,0,0,0,0,0,0,1,2.0,1,0,1,1,1,1,0,1,1,1,1,1,1,0,380000.0000000003
3,2,1047.0,Freehold,33.0,1106.0,Condominium,2.0,High,Non Bumi Lot,Penang,4.0,8,0,0,0,0,0,0,0,1,1,3.0,1,0,1,1,0,0,1,1,1,0,1,0,1,0,1079999.9999999993
3,2,950.0,Freehold,25.0,452.0,Condominium,2.0,,Bumi Lot,Putrajaya,6.0,5,0,0,0,0,0,0,0,0,1,,0,0,1,0,1,0,0,1,1,0,0,0,1,0,420000.00000000023
3,3,1650.0,Freehold,16.0,470.0,Condominium,2.0,High,Non Bumi Lot,Penang,9.0,9,0,0,0,0,0,0,0,1,1,3.0,1,0,1,0,1,0,1,1,1,1,1,0,1,0,750000.0000000005
3,2,646.0,Leasehold,,,Flat,,Medium,Non Bumi Lot,Selangor,,0,0,0,0,1,0,0,0,1,0,2.0,0,0,0,0,0,0,0,0,0,0,0,0,0,0,159999.9999999999
3,2,850.0,Freehold,,,Apartment,2.0,Low,Non Bumi Lot,Johor,,11,0,0,0,0,0,0,0,1,1,1.0,1,0,1,1,1,1,1,1,1,1,1,0,1,0,319999.9999999998
3,2,1400.0,Leasehold,19.0,,Service Residence,,Medium,Non Bumi Lot,Johor,,4,0,0,0,0,0,0,0,1,0,2.0,0,0,0,1,0,0,0,0,0,1,1,1,0,0,450000.00000000035
3,2,887.0,Freehold,30.0,808.0,Condominium,1.0,Low,Non Bumi Lot,Penang,10.0,10,0,0,0,0,0,0,0,1,1,1.0,0,0,1,0,1,1,0,1,1,1,1,1,1,1,450000.00000000035
4,2,940.0,Freehold,38.0,2647.0,Service Residence,2.0,Medium,Non Bumi Lot,Kuala Lumpur,4.0,10,0,0,0,0,0,0,0,1,1,2.0,1,0,1,0,1,1,1,1,1,0,1,0,1,1,480000.0000000003
2,1,650.0,Freehold,,,Condominium,1.0,Medium,Non Bumi Lot,Penang,,3,0,0,0,0,0,0,0,1,1,2.0,0,0,0,0,1,0,0,1,0,0,1,0,0,0,459999.9999999996
3,2,1114.0,Freehold,22.0,,Apartment,,,Non Bumi Lot,Selangor,22.0,9,1,0,1,1,0,0,0,1,1,,1,0,1,0,0,1,0,1,1,1,1,0,1,1,400000.0000000002
3,5,1884.0,Freehold,11.0,190.0,Condominium,3.0,High,Non Bumi Lot,Penang,8.0,13,0,0,0,0,0,0,0,1,1,3.0,1,1,1,1,1,0,1,1,1,1,1,1,1,1,1990000.0000000014
3,2,650.0,Leasehold,6.0,,Apartment,,High,Bumi Lot,Selangor,,1,1,0,0,1,0,0,0,0,0,3.0,0,0,0,0,0,0,0,1,0,0,0,0,0,0,65000.00000000002
4,3,1000.0,Freehold,,,Condominium,2.0,Medium,Non Bumi Lot,Selangor,,14,0,0,0,0,0,0,0,1,1,2.0,1,1,1,1,1,1,1,1,1,1,1,1,1,1,319999.9999999998
3,2,1431.0,Freehold,15.0,200.0,Condominium,1.0,Medium,Non Bumi Lot,Selangor,36.0,4,0,0,0,0,0,0,0,1,1,2.0,0,0,0,0,0,0,0,1,0,1,1,0,1,0,359999.99999999994
3,2,675.0,Leasehold,5.0,912.0,Apartment,,,Bumi Lot,Selangor,,5,1,0,0,0,0,1,1,0,0,,0,0,1,0,0,1,0,1,1,0,1,0,0,0,200000.00000000006
3,2,856.0,Freehold,9.0,,Condominium,1.0,Low,Non Bumi Lot,Selangor,,6,0,0,0,0,0,0,0,1,1,1.0,1,0,0,0,0,1,0,1,1,0,1,0,1,0,230000.0000000002
3,2,850.0,Leasehold,5.0,,Apartment,,,Non Bumi Lot,Selangor,,6,1,1,1,1,0,0,0,1,0,,1,0,0,0,1,0,0,1,1,0,1,0,1,0,299999.9999999999
2,2,1050.0,Freehold,13.0,666.0,Service Residence,2.0,Low,Non Bumi Lot,Selangor,9.0,8,0,0,0,0,0,0,0,1,1,1.0,0,0,1,0,1,1,0,1,1,0,1,1,1,0,529999.9999999998
2,2,900.0,Freehold,35.0,302.0,Condominium,1.0,,Non Bumi Lot,Kuala Lumpur,15.0,9,1,1,1,1,1,0,0,1,1,,1,0,1,0,1,0,0,1,1,1,1,1,1,0,720000.0
3,2,1114.0,Freehold,,,Condominium,2.0,Medium,Non Bumi Lot,Penang,,1,0,0,0,0,0,0,0,1,1,2.0,0,0,0,0,0,0,1,0,0,0,0,0,0,0,448000.0000000002
3,2,926.0,Leasehold,,684.0,Condominium,1.0,,Non Bumi Lot,Selangor,,9,0,0,0,1,0,0,1,1,0,,0,0,1,0,1,1,1,1,1,1,1,0,1,0,299999.0
3,2,850.0,Freehold,16.0,730.0,Apartment,2.0,Medium,Bumi Lot,Selangor,5.0,7,0,0,1,0,0,0,0,0,1,2.0,0,0,1,1,0,1,1,1,1,0,1,0,0,0,289000.0
3,2,939.0,Freehold,25.0,636.0,Apartment,,,Non Bumi Lot,Selangor,8.0,0,0,0,0,0,0,0,0,1,1,,0,0,0,0,0,0,0,0,0,0,0,0,0,0,319999.9999999998
3,2,882.0,Freehold,22.0,576.0,Service Residence,2.0,Low,Non Bumi Lot,Selangor,5.0,11,1,1,1,1,0,0,0,1,1,1.0,1,1,1,1,0,1,1,1,1,1,1,0,1,0,450000.00000000035
3,2,680.0,Freehold,,,Apartment,2.0,Medium,Non Bumi Lot,Penang,,3,0,0,0,0,0,0,0,1,1,2.0,0,0,0,0,1,0,0,1,0,0,1,0,0,0,314999.99999999994
3,2,820.0,Freehold,,,Apartment,2.0,Low,Bumi Lot,Selangor,,3,0,0,1,1,0,0,0,0,1,1.0,0,0,0,0,0,0,0,1,1,0,1,0,0,0,279999.9999999998
3,2,760.0,Leasehold,,,Apartment,,,Non Bumi Lot,Kuala Lumpur,,0,0,1,1,1,0,0,1,1,0,,0,0,0,0,0,0,0,0,0,0,0,0,0,0,194999.99999999994
3,2,650.0,Leasehold,15.0,,Apartment,,,Non Bumi Lot,Kuala Lumpur,,2,0,1,1,1,1,0,1,1,0,,0,0,0,0,0,0,0,1,0,0,1,0,0,0,207999.99999999994
4,3,1508.0,Freehold,,,Condominium,2.0,,Non Bumi Lot,Kuala Lumpur,,0,0,0,0,0,0,0,0,1,1,,0,0,0,0,0,0,0,0,0,0,0,0,0,0,928000.0000000007
3,2,1075.0,Leasehold,,,Condominium,1.0,Medium,Bumi Lot,Sabah,,6,0,0,0,0,0,0,0,0,0,2.0,0,0,1,0,1,0,0,1,1,0,1,0,1,0,429998.99999999977
2,2,980.0,Freehold,,,Service Residence,,,Non Bumi Lot,,,5,0,0,0,0,0,0,0,1,1,,0,0,1,1,0,0,0,1,0,0,1,0,1,0,700000.0000000002
3,2,750.0,Freehold,8.0,224.0,Apartment,1.0,Medium,Non Bumi Lot,Penang,24.0,4,0,0,0,0,0,0,0,1,1,2.0,0,0,0,0,1,1,0,1,0,0,1,0,0,0,310000.0
3,2,750.0,Leasehold,5.0,300.0,Apartment,1.0,Medium,Non Bumi Lot,Selangor,,2,1,0,1,1,0,0,0,1,0,2.0,0,0,0,0,0,0,0,1,0,0,1,0,0,0,200000.00000000006
2,1,410.0,Leasehold,,,Apartment,1.0,Low,Non Bumi Lot,Sabah,,1,0,0,0,0,0,0,0,1,0,1.0,0,0,0,0,0,0,0,1,0,0,0,0,0,0,230000.0000000002
4,3,1100.0,Freehold,,,Condominium,2.0,Medium,Non Bumi Lot,Putrajaya,,14,0,0,0,0,0,0,0,1,1,2.0,1,1,1,1,1,1,1,1,1,1,1,1,1,1,298000.00000000023
3,2,1300.0,Leasehold,15.0,368.0,Condominium,1.0,Medium,Bumi Lot,Selangor,6.0,12,0,0,0,1,0,0,0,0,0,2.0,1,1,1,1,1,1,1,1,1,0,1,0,1,1,394999.99999999994
3,3,1830.0,Leasehold,,,Condominium,2.0,High,Non Bumi Lot,Sabah,,8,0,0,0,0,0,0,0,1,0,3.0,1,0,1,1,1,0,0,1,1,0,1,0,1,0,1199999.9999999998
3,2,750.0,Freehold,,,Apartment,1.0,Medium,Non Bumi Lot,Putrajaya,,9,0,0,0,0,0,0,0,1,1,2.0,1,0,1,1,1,1,1,1,1,0,1,0,0,0,200000.00000000006
4,2,1588.0,Leasehold,4.0,,Apartment,,Medium,Bumi Lot,Selangor,,0,0,0,0,1,0,0,0,0,0,2.0,0,0,0,0,0,0,0,0,0,0,0,0,0,0,227999.9999999998
3,2,1334.0,Freehold,30.0,1039.0,Condominium,2.0,Medium,Non Bumi Lot,Selangor,4.0,12,0,0,1,1,0,0,0,1,1,2.0,1,1,1,1,1,1,1,1,1,0,1,0,1,1,949999.9999999999
3,2,850.0,Freehold,,,Apartment,1.0,Low,Non Bumi Lot,Penang,,3,0,0,0,0,0,0,0,1,1,1.0,0,0,0,0,1,0,0,1,0,0,1,0,0,0,230000.0000000002
3,2,950.0,Freehold,25.0,452.0,Apartment,2.0,High,Non Bumi Lot,Putrajaya,6.0,8,0,0,0,0,0,0,0,1,1,3.0,1,0,1,0,1,1,0,1,1,0,1,0,1,0,459999.9999999996
2,2,604.0,Leasehold,31.0,382.0,Service Residence,2.0,High,Non Bumi Lot,Selangor,1.0,10,0,0,0,0,0,0,0,1,0,3.0,1,0,1,0,1,1,1,1,1,1,1,0,1,0,380000.0000000003
3,2,1338.0,Freehold,,803.0,Condominium,2.0,High,Non Bumi Lot,Penang,3.0,7,0,0,0,0,0,0,0,1,1,3.0,0,0,1,0,1,0,0,1,1,1,1,0,1,0,840000.0000000005
3,2,689.0,Freehold,17.0,3.0,Apartment,,Low,Non Bumi Lot,Penang,31.0,0,0,0,0,0,0,0,0,1,1,1.0,0,0,0,0,0,0,0,0,0,0,0,0,0,0,173999.99999999997
3,2,786.0,Freehold,22.0,816.0,Condominium,1.0,High,Non Bumi Lot,Penang,16.0,8,0,0,0,0,0,0,0,1,1,3.0,1,0,1,1,0,0,0,1,1,0,1,1,1,0,345000.00000000006
2,1,550.0,Freehold,,,Flat,,Low,Non Bumi Lot,Selangor,,0,0,0,0,0,0,0,0,1,1,1.0,0,0,0,0,0,0,0,0,0,0,0,0,0,0,84999.00000000004
2,2,1010.0,Freehold,25.0,2003.0,Service Residence,2.0,High,Non Bumi Lot,Johor,4.0,14,0,0,0,0,0,0,0,1,1,3.0,1,1,1,1,1,1,1,1,1,1,1,1,1,1,396000.0000000003
3,2,874.0,Leasehold,13.0,,Condominium,1.0,High,Bumi Lot,Kuala Lumpur,14.0,6,1,0,1,1,0,0,0,0,0,3.0,0,0,0,0,1,1,0,1,1,0,1,0,1,0,354000.0000000002
3,2,818.0,Freehold,20.0,300.0,Apartment,2.0,Low,Bumi Lot,Johor,,8,0,0,0,0,0,0,0,0,1,1.0,1,0,1,0,1,0,1,1,1,0,1,0,1,0,368000.00000000006
3,2,969.0,Leasehold,23.0,241.0,Service Residence,2.0,Low,Non Bumi Lot,Selangor,3.0,9,0,0,0,0,0,0,0,1,0,1.0,1,0,1,0,1,1,1,1,1,0,1,0,1,0,450000.00000000035
3,2,1081.0,Freehold,23.0,284.0,Condominium,,,Non Bumi Lot,Kuala Lumpur,12.0,11,1,0,1,1,0,0,0,1,1,,0,1,1,1,0,1,1,1,1,1,1,0,1,1,435000.00000000035
3,2,613.0,Leasehold,,,Flat,1.0,High,Bumi Lot,Johor,,0,0,0,0,0,0,0,0,0,0,3.0,0,0,0,0,0,0,0,0,0,0,0,0,0,0,105000.00000000004
3,2,700.0,Freehold,24.0,234.0,Apartment,1.0,,Non Bumi Lot,Penang,,4,0,0,0,0,0,0,0,1,1,,0,0,0,0,1,0,0,1,1,0,1,0,0,0,317999.99999999994
3,3,1238.0,Freehold,27.0,798.0,Condominium,,,Non Bumi Lot,Selangor,15.0,8,0,0,1,1,0,0,0,1,1,,1,1,1,0,0,0,0,1,1,1,1,1,0,0,394999.99999999994
3,2,1100.0,Freehold,,,Condominium,2.0,Medium,Non Bumi Lot,Selangor,,14,0,0,0,0,0,0,0,1,1,2.0,1,1,1,1,1,1,1,1,1,1,1,1,1,1,394000.0000000003
2,2,861.0,Leasehold,,,Condominium,1.0,Medium,Non Bumi Lot,Melaka,,3,0,0,0,0,0,0,0,1,0,2.0,0,0,0,0,1,0,0,1,0,0,1,0,0,0,249899.99999999983
3,2,750.0,Freehold,,,Apartment,,Medium,Non Bumi Lot,Selangor,,0,0,0,0,0,0,0,0,1,1,2.0,0,0,0,0,0,0,0,0,0,0,0,0,0,0,230000.0000000002
1,1,547.0,Freehold,,,Condominium,1.0,Medium,Non Bumi Lot,Selangor,,11,0,0,0,0,0,0,1,1,1,2.0,1,0,1,1,1,1,1,1,1,1,1,0,1,0,345000.00000000006
2,2,953.0,Freehold,36.0,1148.0,Apartment,1.0,,Non Bumi Lot,Johor,4.0,6,0,0,0,0,0,0,0,1,1,,1,0,1,1,0,0,0,0,1,0,1,0,1,0,505000.00000000006
2,2,800.0,Freehold,22.0,1343.0,Condominium,,Medium,Non Bumi Lot,Penang,6.0,13,0,0,0,0,0,0,0,1,1,2.0,0,1,1,1,1,1,1,1,1,1,1,1,1,1,675000.0
3,2,1055.0,Freehold,,,Apartment,2.0,High,Bumi Lot,Selangor,,14,0,0,0,0,0,0,0,0,1,3.0,1,1,1,1,1,1,1,1,1,1,1,1,1,1,289999.9999999999
4,5,2800.0,Freehold,36.0,180.0,Condominium,2.0,,Non Bumi Lot,Kuala Lumpur,18.0,11,1,1,0,1,1,0,1,1,1,,1,1,1,1,0,1,0,1,1,1,1,1,1,0,1649999.9999999995
2,2,841.0,Freehold,4.0,99.0,Apartment,1.0,,Non Bumi Lot,Sarawak,,2,0,0,0,0,0,0,0,1,1,,1,0,0,0,0,0,0,0,0,0,1,0,0,0,350000.0000000001
1,1,418.0,Freehold,25.0,1211.0,Service Residence,,,Non Bumi Lot,Selangor,9.0,0,0,0,0,0,0,0,0,1,1,,0,0,0,0,0,0,0,0,0,0,0,0,0,0,269999.99999999977
2,2,1311.0,Freehold,30.0,151.0,Condominium,2.0,Medium,Non Bumi Lot,Kuala Lumpur,16.0,14,1,1,1,1,0,0,1,1,1,2.0,1,1,1,1,1,1,1,1,1,1,1,1,1,1,350000.0000000001
3,2,700.0,Freehold,20.0,,Apartment,1.0,High,Non Bumi Lot,Penang,17.0,8,0,0,0,0,0,0,0,1,1,3.0,1,0,1,1,1,1,0,1,1,0,1,0,0,0,461000.00000000035
1,1,541.0,Leasehold,,,Service Residence,2.0,Medium,Non Bumi Lot,Johor,,14,0,0,0,0,0,0,0,1,0,2.0,1,1,1,1,1,1,1,1,1,1,1,1,1,1,366000.0000000001
3,2,1050.0,Freehold,,,Condominium,,Low,Non Bumi Lot,Melaka,,9,0,0,0,0,0,0,0,1,1,1.0,1,0,1,1,1,0,1,1,1,0,1,0,1,0,310000.0
3,2,1052.0,Leasehold,38.0,,Condominium,1.0,,Non Bumi Lot,Penang,13.0,7,0,0,0,0,0,0,0,1,0,,1,0,1,0,1,0,0,1,0,0,1,1,1,0,559999.9999999998
3,2,750.0,Freehold,,,Flat,,Medium,Non Bumi Lot,Johor,,1,0,0,0,0,0,0,0,1,1,2.0,0,0,0,0,0,0,0,1,0,0,0,0,0,0,167999.99999999994
3,2,826.0,Freehold,,,Apartment,1.0,Low,Non Bumi Lot,Penang,,5,0,0,0,0,0,0,0,1,1,1.0,0,0,1,0,1,0,0,1,0,0,1,0,1,0,428000.0000000002
4,2,1272.0,Leasehold,,,Condominium,2.0,,Non Bumi Lot,Kuala Lumpur,,10,1,1,1,1,1,0,0,1,0,,0,1,1,1,0,1,0,1,1,0,1,1,1,1,480000.0000000003
3,2,1076.0,Freehold,38.0,434.0,Condominium,,Low,Non Bumi Lot,Penang,7.0,7,0,0,0,0,0,0,0,1,1,1.0,1,0,1,1,0,0,0,0,1,1,1,0,1,0,520000.0000000003
3,2,853.0,Freehold,,,Apartment,2.0,High,Bumi Lot,Selangor,7.0,5,0,0,0,0,0,0,0,0,1,3.0,0,0,0,0,1,1,0,1,1,0,1,0,0,0,249999.99999999983
3,2,1055.0,Leasehold,22.0,1074.0,Condominium,1.0,High,Non Bumi Lot,Selangor,13.0,9,0,1,0,0,1,0,0,1,0,3.0,0,0,1,1,1,0,0,1,1,1,1,0,1,1,269999.99999999977
3,2,1173.0,Freehold,,,Condominium,2.0,High,Non Bumi Lot,,,14,0,0,0,0,0,0,0,1,1,3.0,1,1,1,1,1,1,1,1,1,1,1,1,1,1,620000.0
3,2,850.0,Leasehold,5.0,,Apartment,2.0,High,Bumi Lot,Johor,,1,0,0,0,0,0,0,0,0,0,3.0,0,0,0,0,0,0,0,0,1,0,0,0,0,0,219999.99999999985
1,1,715.0,Freehold,,392.0,Apartment,,Medium,Non Bumi Lot,Johor,,14,0,0,0,0,0,0,0,1,1,2.0,1,1,1,1,1,1,1,1,1,1,1,1,1,1,295000.00000000006
3,2,856.0,Freehold,,808.0,Condominium,1.0,Medium,Non Bumi Lot,Penang,,5,0,0,0,0,0,0,0,1,1,2.0,0,0,1,0,1,0,0,1,0,0,1,0,1,0,459999.9999999996
3,1,635.0,Freehold,5.0,59.0,Flat,1.0,,Non Bumi Lot,Penang,22.0,0,0,0,0,0,0,0,0,1,1,,0,0,0,0,0,0,0,0,0,0,0,0,0,0,230000.0000000002
3,2,1022.0,Freehold,,,Condominium,,,Non Bumi Lot,Selangor,,0,0,0,0,0,0,0,0,1,1,,0,0,0,0,0,0,0,0,0,0,0,0,0,0,207000.0000000001
3,2,850.0,Leasehold,5.0,,Apartment,1.0,Medium,Non Bumi Lot,Selangor,,3,1,1,1,1,0,0,1,1,0,2.0,0,0,0,0,0,1,0,1,0,0,1,0,0,0,254999.99999999985
3,2,1060.0,Freehold,25.0,237.0,Condominium,1.0,,Non Bumi Lot,Penang,27.0,6,0,0,0,0,0,0,0,1,1,,0,0,1,0,1,0,0,1,1,0,1,0,1,0,450000.00000000035
3,2,900.0,Freehold,42.0,2685.0,Condominium,2.0,,Non Bumi Lot,Penang,4.0,0,0,0,0,0,0,0,0,1,1,,0,0,0,0,0,0,0,0,0,0,0,0,0,0,400000.0000000002
3,2,1002.0,Freehold,14.0,780.0,Apartment,1.0,Low,Non Bumi Lot,Penang,3.0,0,0,0,0,0,0,0,0,1,1,1.0,0,0,0,0,0,0,0,0,0,0,0,0,0,0,359999.99999999994
3,2,1095.0,Freehold,38.0,434.0,Condominium,1.0,,Non Bumi Lot,Penang,7.0,7,0,0,0,0,0,0,0,1,1,,1,0,1,1,0,0,0,0,1,1,1,0,1,0,564999.9999999995
3,2,955.0,Freehold,,,Apartment,,Low,Non Bumi Lot,Selangor,,0,0,0,0,1,1,0,0,1,1,1.0,0,0,0,0,0,0,0,0,0,0,0,0,0,0,288000.00000000023
1,1,450.0,Freehold,40.0,946.0,Condominium,,,Non Bumi Lot,Selangor,7.0,0,0,0,0,0,0,0,0,1,1,,0,0,0,0,0,0,0,0,0,0,0,0,0,0,200000.00000000006
3,2,1000.0,Leasehold,16.0,576.0,Flat,2.0,Medium,Bumi Lot,Johor,,7,0,0,0,0,0,0,0,0,0,2.0,0,0,0,1,1,1,1,1,0,0,1,0,1,0,234999.99999999994
3,1,700.0,Leasehold,,,Apartment,,Medium,Bumi Lot,Selangor,,0,1,0,1,1,0,0,0,0,0,2.0,0,0,0,0,0,0,0,0,0,0,0,0,0,0,185000.00000000006
3,2,1130.0,Freehold,26.0,548.0,Condominium,2.0,Medium,Non Bumi Lot,Penang,7.0,14,0,0,0,0,0,0,0,1,1,2.0,1,1,1,1,1,1,1,1,1,1,1,1,1,1,599999.9999999999
3,2,801.0,Leasehold,,,Apartment,1.0,Medium,Bumi Lot,Selangor,,9,0,0,1,0,0,0,0,0,0,2.0,1,1,0,0,1,1,1,1,1,0,1,0,1,0,248999.99999999988
3,2,850.0,Freehold,,,Apartment,1.0,,Non Bumi Lot,Selangor,,3,0,0,0,1,0,0,0,1,1,,0,0,0,0,1,0,0,1,0,0,1,0,0,0,170000.0
3,2,1237.0,Freehold,8.0,67.0,Apartment,2.0,Medium,Non Bumi Lot,Selangor,,6,0,0,0,0,0,0,0,1,1,2.0,0,0,0,0,1,1,1,1,1,0,1,0,0,0,365000.00000000023
2,2,640.0,Leasehold,,,Apartment,,High,Bumi Lot,Sarawak,,3,0,0,0,0,0,0,0,0,0,3.0,0,0,0,0,1,0,0,1,0,0,1,0,0,0,289999.9999999999
3,2,700.0,Leasehold,,,Flat,,,Non Bumi Lot,Kuala Lumpur,,1,1,0,1,1,0,0,1,1,0,,0,0,0,0,1,0,0,0,0,0,0,0,0,0,194999.99999999994
3,2,1044.0,Leasehold,11.0,628.0,Condominium,2.0,Medium,Non Bumi Lot,Kuala Lumpur,,14,1,0,1,1,0,0,0,1,0,2.0,1,1,1,1,1,1,1,1,1,1,1,1,1,1,570000.0
3,2,1200.0,Freehold,,,Condominium,,,Non Bumi Lot,,,0,0,0,0,0,0,0,0,1,1,,0,0,0,0,0,0,0,0,0,0,0,0,0,0,350000.0000000001
3,2,1023.0,Freehold,,,Apartment,1.0,Low,Non Bumi Lot,Johor,,0,0,0,0,0,0,0,0,1,1,1.0,0,0,0,0,0,0,0,0,0,0,0,0,0,0,357999.99999999994
3,2,1130.0,Freehold,5.0,,Apartment,,High,Non Bumi Lot,Johor,,0,0,0,0,0,0,0,0,1,1,3.0,0,0,0,0,0,0,0,0,0,0,0,0,0,0,258000.00000000015
1,1,600.0,Leasehold,33.0,384.0,Service Residence,,,Non Bumi Lot,Selangor,14.0,6,0,1,1,1,0,0,1,1,0,,0,0,1,0,1,0,0,1,1,0,1,0,1,0,244999.99999999983
3,2,844.0,Leasehold,,,Apartment,,Medium,Bumi Lot,Selangor,,5,0,0,0,0,0,0,0,0,0,2.0,0,0,0,0,0,0,1,1,1,0,1,0,1,0,228999.99999999983
2,1,560.0,Leasehold,,,Flat,3.0,High,Bumi Lot,Kuala Lumpur,,3,1,0,1,1,0,0,1,0,0,3.0,0,0,0,0,1,0,0,1,1,0,0,0,0,0,147999.9999999999
3,2,789.0,Freehold,,,Apartment,,Low,Non Bumi Lot,Selangor,,0,0,0,0,0,0,0,0,1,1,1.0,0,0,0,0,0,0,0,0,0,0,0,0,0,0,159999.9999999999
3,2,842.0,Leasehold,19.0,408.0,Service Residence,,High,Bumi Lot,Selangor,5.0,7,1,0,0,1,0,0,0,0,0,3.0,0,0,1,0,0,1,1,1,1,0,1,0,1,0,248999.99999999988
4,6,1853.0,Freehold,36.0,245.0,Condominium,2.0,High,Non Bumi Lot,Kuala Lumpur,10.0,11,0,0,0,0,0,0,0,1,1,3.0,1,0,1,0,1,0,1,1,1,1,1,1,1,1,2300000.0000000005
3,2,891.0,Leasehold,13.0,,Condominium,1.0,High,Bumi Lot,Kuala Lumpur,14.0,8,1,0,1,1,0,0,0,0,0,3.0,0,1,1,0,1,0,1,1,1,0,1,0,1,0,389999.99999999994
3,2,1168.0,Freehold,25.0,364.0,Service Residence,,Medium,Non Bumi Lot,Johor,10.0,14,0,0,0,0,0,0,0,1,1,2.0,1,1,1,1,1,1,1,1,1,1,1,1,1,1,469999.99999999994
2,1,550.0,Freehold,,,Flat,1.0,Low,Non Bumi Lot,Penang,,2,0,0,0,0,0,0,0,1,1,1.0,0,0,0,0,0,0,0,1,0,0,1,0,0,0,230000.0000000002
3,2,1009.0,Leasehold,36.0,1338.0,Service Residence,2.0,Low,Non Bumi Lot,Kuala Lumpur,6.0,11,1,0,1,1,0,0,0,1,0,1.0,1,0,1,1,1,1,1,1,1,1,1,0,1,0,469999.99999999994
3,2,680.0,Freehold,31.0,780.0,Apartment,1.0,High,Non Bumi Lot,Penang,10.0,5,0,0,0,0,0,0,0,1,1,3.0,0,0,0,0,1,1,0,1,0,0,1,0,1,0,345000.00000000006
3,2,995.0,Freehold,,521.0,Condominium,,,Non Bumi Lot,Selangor,14.0,8,1,1,1,1,0,0,1,1,1,,1,1,1,1,0,1,0,0,0,1,0,1,0,1,420000.00000000023
3,2,750.0,Freehold,5.0,,Apartment,1.0,Low,Non Bumi Lot,Selangor,,6,0,0,1,0,0,0,0,1,1,1.0,0,0,0,1,0,1,1,1,1,0,1,0,0,0,279999.9999999998
3,1,600.0,Leasehold,,,Flat,1.0,High,Non Bumi Lot,Selangor,,3,0,0,0,0,0,0,0,1,0,3.0,0,0,0,1,0,1,0,0,1,0,0,0,0,0,128000.00000000004
2,2,1055.0,Freehold,33.0,256.0,Condominium,2.0,,Non Bumi Lot,Penang,3.0,7,0,0,0,0,0,0,0,1,1,,0,0,1,0,0,1,0,1,1,1,1,0,1,0,820000.0000000002
3,2,850.0,Leasehold,,,Apartment,,High,Bumi Lot,Selangor,,4,0,0,0,0,0,0,0,0,0,3.0,0,0,0,0,1,0,0,1,1,0,1,0,0,0,198000.00000000012
5,5,1850.0,Freehold,18.0,156.0,Condominium,3.0,Low,Non Bumi Lot,Kuala Lumpur,9.0,10,0,0,0,0,0,0,0,1,1,1.0,1,0,1,0,1,1,1,1,1,1,1,0,1,0,797999.9999999994
4,2,1207.0,Leasehold,18.0,250.0,Service Residence,1.0,Medium,Non Bumi Lot,Kuala Lumpur,10.0,10,1,0,1,1,0,0,0,1,0,2.0,0,1,1,1,1,1,1,1,1,0,1,0,1,0,448999.9999999996
3,2,1522.0,Leasehold,,,Condominium,1.0,Low,Non Bumi Lot,Sabah,,6,0,0,0,0,0,0,0,1,0,1.0,0,0,1,0,1,0,0,1,1,0,1,0,1,0,700000.0000000002
3,2,1315.0,Freehold,,406.0,Condominium,2.0,High,Non Bumi Lot,Penang,2.0,8,0,0,0,0,0,0,0,1,1,3.0,1,0,1,1,1,0,0,1,1,0,1,0,1,0,599999.9999999999
3,1,650.0,Freehold,,,Condominium,,High,Bumi Lot,Selangor,,0,1,0,0,0,0,0,0,0,1,3.0,0,0,0,0,0,0,0,0,0,0,0,0,0,0,130000.00000000006
3,2,800.0,Freehold,29.0,,Apartment,1.0,,Non Bumi Lot,Penang,15.0,7,0,0,0,0,0,0,0,1,1,,0,0,1,1,0,1,0,1,1,1,1,0,0,0,303000.0000000001
3,2,1041.0,Freehold,16.0,,Condominium,2.0,Medium,Non Bumi Lot,Penang,28.0,3,0,0,0,0,0,0,0,1,1,2.0,0,0,0,0,1,0,0,1,0,0,1,0,0,0,550000.0000000001
3,2,710.0,Freehold,18.0,,Apartment,1.0,High,Non Bumi Lot,Selangor,,0,0,0,0,0,0,0,0,1,1,3.0,0,0,0,0,0,0,0,0,0,0,0,0,0,0,179500.00000000006
3,2,916.0,Leasehold,12.0,352.0,Condominium,,,Bumi Lot,Selangor,10.0,7,0,0,0,0,0,0,0,0,0,,1,0,1,0,0,0,1,1,1,0,1,0,1,0,292999.99999999977
3,2,850.0,Freehold,21.0,406.0,Condominium,1.0,Low,Non Bumi Lot,Penang,25.0,0,0,0,0,0,0,0,0,1,1,1.0,0,0,0,0,0,0,0,0,0,0,0,0,0,0,380000.0000000003
3,2,742.0,Freehold,5.0,,Apartment,1.0,Low,Non Bumi Lot,Selangor,,8,1,1,1,1,0,0,1,1,1,1.0,1,0,0,1,1,0,1,1,1,0,1,0,1,0,330000.0000000001
3,2,830.0,Freehold,17.0,,Apartment,2.0,High,Non Bumi Lot,Penang,,0,0,0,0,0,0,0,0,1,1,3.0,0,0,0,0,0,0,0,0,0,0,0,0,0,0,389999.99999999994
3,3,1409.0,Freehold,26.0,220.0,Condominium,2.0,,Non Bumi Lot,Penang,4.0,7,0,0,0,0,0,0,0,1,1,,0,0,1,0,0,1,0,1,1,0,1,1,1,0,1299999.9999999998
3,2,800.0,Leasehold,6.0,672.0,Apartment,2.0,,Non Bumi Lot,Penang,29.0,2,0,0,0,0,0,0,0,1,0,,0,0,0,0,0,0,0,1,0,0,1,0,0,0,298000.00000000023
3,2,925.0,Leasehold,16.0,196.0,Apartment,2.0,High,Non Bumi Lot,Johor,15.0,0,0,0,0,0,0,0,0,1,0,3.0,0,0,0,0,0,0,0,0,0,0,0,0,0,0,314999.99999999994
3,2,1050.0,Freehold,8.0,,Apartment,1.0,,Non Bumi Lot,Penang,,3,0,0,0,0,0,0,0,1,1,,0,0,0,0,1,0,0,1,0,0,1,0,0,0,680000.0000000001
3,2,850.0,Leasehold,,,Apartment,2.0,,Non Bumi Lot,Selangor,,5,0,0,0,1,0,0,0,1,0,,0,0,0,0,1,0,0,1,1,0,1,0,1,0,230000.0000000002
3,1,657.0,Leasehold,,,Apartment,,Low,Non Bumi Lot,Selangor,,4,0,0,1,1,0,0,0,1,0,1.0,0,0,0,1,0,1,0,1,1,0,0,0,0,0,179999.99999999997
3,1,742.0,Freehold,11.0,,Apartment,1.0,Medium,Non Bumi Lot,Kuala Lumpur,,4,1,1,1,1,0,1,0,1,1,2.0,0,0,0,0,1,0,0,1,1,0,1,0,0,0,295000.00000000006
3,2,800.0,Freehold,45.0,1168.0,Condominium,2.0,High,Non Bumi Lot,Penang,5.0,9,0,0,0,0,0,0,0,1,1,3.0,1,0,1,0,1,1,0,1,1,1,1,0,1,0,529999.9999999998
3,2,872.0,Freehold,5.0,,Apartment,1.0,Low,Non Bumi Lot,Selangor,,4,1,1,1,1,1,0,1,1,1,1.0,1,0,0,0,0,0,0,1,1,0,1,0,0,0,350000.0000000001
2,1,650.0,Leasehold,,,Flat,,Medium,Bumi Lot,Kuala Lumpur,,0,1,1,1,1,0,1,1,0,0,2.0,0,0,0,0,0,0,0,0,0,0,0,0,0,0,144999.99999999994
3,2,650.0,Leasehold,5.0,1100.0,Apartment,,Low,Non Bumi Lot,Selangor,,7,1,0,0,0,0,1,1,1,0,1.0,1,0,0,1,0,1,1,1,1,0,1,0,0,0,167999.99999999994
3,3,1246.0,Leasehold,29.0,1709.0,Condominium,,Medium,Non Bumi Lot,Selangor,12.0,6,0,0,0,1,0,0,1,1,0,2.0,0,0,0,0,1,1,1,1,1,0,1,0,0,0,450000.00000000035
3,2,1065.0,Freehold,,144.0,Condominium,,,Non Bumi Lot,Selangor,,0,0,0,0,0,0,0,0,1,1,,0,0,0,0,0,0,0,0,0,0,0,0,0,0,420000.00000000023
3,2,850.0,Leasehold,,,Apartment,1.0,,Non Bumi Lot,Selangor,,4,0,0,0,1,0,0,0,1,0,,0,0,0,0,1,0,0,1,1,0,1,0,0,0,230000.0000000002
4,3,1600.0,Leasehold,58.0,1300.0,Service Residence,2.0,,Non Bumi Lot,Kuala Lumpur,,8,1,1,0,1,1,0,1,1,0,,1,0,1,1,0,0,1,0,1,1,1,0,1,0,890000.0000000006
3,2,914.0,Freehold,,,Condominium,1.0,Medium,Non Bumi Lot,Sabah,,0,0,0,0,0,0,0,0,1,1,2.0,0,0,0,0,0,0,0,0,0,0,0,0,0,0,537499.9999999997
3,2,1000.0,Leasehold,,,Condominium,,Low,Non Bumi Lot,Kuala Lumpur,,6,0,0,0,0,0,0,0,1,0,1.0,1,0,0,0,0,0,1,1,0,1,0,1,0,1,380000.0000000003
3,3,1200.0,Freehold,6.0,116.0,Condominium,2.0,,Non Bumi Lot,Kuala Lumpur,,5,1,1,1,1,0,0,1,1,1,,0,0,1,0,0,0,0,1,1,0,1,0,1,0,550000.0000000001
3,2,750.0,Leasehold,5.0,,Flat,,Medium,Bumi Lot,Selangor,,7,1,1,1,1,1,0,0,0,0,2.0,1,0,0,1,0,1,1,1,1,0,0,0,0,1,213000.00000000003
4,2,1142.0,Leasehold,24.0,900.0,Condominium,1.0,,Non Bumi Lot,Kuala Lumpur,8.0,8,0,0,0,0,0,0,0,1,0,,0,0,1,0,1,1,0,1,1,1,1,0,1,0,459999.9999999996
3,2,712.0,Leasehold,,,Service Residence,,,Non Bumi Lot,Selangor,13.0,6,0,0,0,0,0,0,0,1,0,,0,0,0,1,0,1,0,1,1,0,1,0,1,0,159999.9999999999
3,2,1231.0,Freehold,18.0,569.0,Condominium,2.0,Medium,Non Bumi Lot,Kuala Lumpur,13.0,5,0,0,1,0,0,0,1,1,1,2.0,0,0,0,0,1,0,0,1,1,0,1,0,1,0,394999.99999999994
2,1,550.0,Freehold,17.0,224.0,Apartment,1.0,Low,Non Bumi Lot,Penang,28.0,3,0,0,0,0,0,0,0,1,1,1.0,0,0,0,0,1,0,0,1,0,0,1,0,0,0,210000.0000000001
4,2,1206.0,Leasehold,,684.0,Condominium,2.0,Medium,Non Bumi Lot,Selangor,,9,0,0,0,1,0,0,1,1,0,2.0,0,0,1,0,1,1,1,1,1,1,1,0,1,0,375000.0000000002
3,1,678.0,Leasehold,,,Apartment,,High,Non Bumi Lot,Kuala Lumpur,,4,0,0,0,0,0,0,0,1,0,3.0,0,0,0,1,0,1,0,1,1,0,0,0,0,0,264999.9999999999
3,2,1000.0,Freehold,,1000.0,Condominium,2.0,,Non Bumi Lot,Penang,,0,0,0,0,0,0,0,0,1,1,,0,0,0,0,0,0,0,0,0,0,0,0,0,0,389999.99999999994
3,2,897.0,Leasehold,,704.0,Condominium,1.0,Low,Bumi Lot,Selangor,13.0,10,1,0,0,1,0,0,0,0,0,1.0,1,1,1,0,1,1,1,1,1,0,1,0,1,0,384999.9999999997
3,2,912.0,Freehold,5.0,,Apartment,,Medium,Non Bumi Lot,Johor,,9,0,0,0,0,0,0,0,1,1,2.0,1,0,1,1,0,1,1,1,1,1,0,0,1,0,200000.00000000006
3,2,841.0,Freehold,23.0,237.0,Condominium,2.0,High,Non Bumi Lot,Penang,2.0,9,0,0,0,0,0,0,0,1,1,3.0,1,0,1,0,1,1,0,1,1,1,1,0,1,0,660000.0000000003
3,2,748.0,Leasehold,,,Condominium,1.0,Low,Bumi Lot,Kuala Lumpur,,6,1,1,0,1,0,1,1,0,0,1.0,0,0,1,1,0,1,0,1,0,0,1,0,1,0,299999.9999999999
3,2,650.0,Freehold,27.0,454.0,Apartment,1.0,High,Non Bumi Lot,Penang,,3,0,0,0,0,0,0,0,1,1,3.0,0,0,0,0,1,0,0,1,0,0,1,0,0,0,289999.9999999999
4,2,1313.0,Freehold,,700.0,Condominium,,,Non Bumi Lot,Kuala Lumpur,10.0,7,0,0,0,0,0,0,0,1,1,,0,0,1,0,0,1,0,1,1,0,1,1,1,0,459999.9999999996
4,3,1960.0,Leasehold,,,Condominium,,Medium,Non Bumi Lot,Melaka,,10,0,0,0,0,0,0,0,1,0,2.0,1,0,0,1,1,1,1,1,1,0,1,0,1,1,450000.00000000035
2,2,663.0,Freehold,20.0,720.0,Apartment,1.0,Medium,Non Bumi Lot,Johor,,14,0,0,0,0,0,0,0,1,1,2.0,1,1,1,1,1,1,1,1,1,1,1,1,1,1,248999.99999999988
3,2,810.0,Leasehold,,,Flat,1.0,Medium,Bumi Lot,Selangor,,2,0,0,0,0,0,0,0,0,0,2.0,0,0,0,0,0,0,0,1,1,0,0,0,0,0,170000.0
3,2,700.0,Leasehold,25.0,,Apartment,1.0,,Non Bumi Lot,Penang,,5,0,0,0,0,0,0,0,1,0,,0,0,0,0,1,0,1,1,1,0,1,0,0,0,240000.00000000015
3,2,1302.0,Freehold,17.0,91.0,Condominium,2.0,Medium,Non Bumi Lot,Penang,7.0,10,0,0,0,0,0,0,0,1,1,2.0,0,0,1,1,1,1,0,1,1,1,1,1,1,0,800000.0000000003
3,3,890.0,Freehold,,,Condominium,2.0,Medium,Non Bumi Lot,Putrajaya,,14,0,0,0,0,0,0,0,1,1,2.0,1,1,1,1,1,1,1,1,1,1,1,1,1,1,469999.99999999994
3,3,1250.0,Leasehold,,630.0,Service Residence,2.0,High,Non Bumi Lot,Sabah,1.0,13,0,0,0,0,0,0,0,1,0,3.0,1,1,1,1,1,1,1,1,1,1,1,0,1,1,835000.0000000002
3,2,916.0,Leasehold,22.0,328.0,Apartment,2.0,,Non Bumi Lot,Johor,7.0,6,0,0,0,0,0,0,0,1,0,,0,0,1,0,0,1,0,1,1,0,1,0,1,0,378000.0
3,3,1124.0,Freehold,22.0,616.0,Service Residence,2.0,Low,Non Bumi Lot,Selangor,7.0,6,1,1,1,0,1,0,1,1,1,1.0,0,0,1,0,0,0,1,1,1,0,1,0,1,0,497999.9999999998
3,2,850.0,Leasehold,,,Apartment,1.0,Low,Non Bumi Lot,Sabah,,4,0,0,0,0,0,0,0,1,0,1.0,0,0,0,0,0,0,1,0,1,0,1,0,1,0,299999.9999999999
3,2,1141.0,Leasehold,19.0,486.0,Condominium,,,Bumi Lot,Kuala Lumpur,28.0,8,0,1,0,0,0,0,1,0,0,,1,1,1,0,0,0,0,1,0,1,1,0,1,1,319999.9999999998
3,2,1654.0,Freehold,15.0,198.0,Condominium,2.0,Medium,Non Bumi Lot,Putrajaya,25.0,6,0,0,0,0,0,0,0,1,1,2.0,0,0,0,0,0,0,0,1,1,0,1,1,1,1,690000.0000000002
3,2,800.0,Freehold,25.0,534.0,Condominium,1.0,Low,Non Bumi Lot,Penang,23.0,9,0,0,0,0,0,0,0,1,1,1.0,1,0,1,0,1,0,0,1,1,1,1,0,1,1,368000.00000000006
2,2,883.0,Leasehold,33.0,746.0,Condominium,2.0,Medium,Bumi Lot,Selangor,2.0,10,1,0,0,1,0,0,0,0,0,2.0,1,0,1,1,1,0,1,1,1,1,1,0,1,0,474999.99999999994
3,2,760.0,Freehold,5.0,480.0,Apartment,,High,Non Bumi Lot,Selangor,,2,1,0,0,0,1,0,0,1,1,3.0,0,0,0,0,0,0,0,1,0,0,1,0,0,0,299999.9999999999
3,2,1050.0,Freehold,20.0,771.0,Condominium,2.0,High,Non Bumi Lot,Penang,7.0,6,0,0,0,0,0,0,0,1,1,3.0,0,0,1,1,0,0,0,1,1,0,1,0,1,0,543000.0000000002
3,2,950.0,Freehold,,,Condominium,1.0,Low,Non Bumi Lot,Johor,,9,0,0,0,0,0,0,0,1,1,1.0,1,1,1,0,1,1,0,1,1,0,1,0,1,0,249999.99999999983
4,2,1283.0,Freehold,11.0,236.0,Condominium,,,Non Bumi Lot,Selangor,26.0,10,0,1,1,1,1,1,0,1,1,,1,0,1,0,0,1,1,1,1,1,1,1,1,0,469999.99999999994
3,2,1280.0,Freehold,16.0,,Apartment,1.0,Medium,Non Bumi Lot,Selangor,,6,0,0,0,0,0,0,0,1,1,2.0,0,0,1,0,0,0,0,1,1,0,1,0,1,1,350000.0000000001
3,2,850.0,Freehold,21.0,406.0,Condominium,1.0,Medium,Non Bumi Lot,Penang,25.0,5,0,0,0,0,0,0,0,1,1,2.0,0,0,0,0,1,0,0,1,1,0,1,0,1,0,359999.99999999994
3,2,883.0,Leasehold,5.0,,Apartment,,Medium,Non Bumi Lot,Selangor,,4,0,0,1,1,0,0,0,1,0,2.0,0,0,0,0,0,1,0,1,1,0,1,0,0,0,230000.0000000002
3,2,1000.0,Freehold,,,Apartment,1.0,Medium,Non Bumi Lot,,,0,0,0,0,0,0,0,0,1,1,2.0,0,0,0,0,0,0,0,0,0,0,0,0,0,0,480000.0000000003
3,2,1012.0,Leasehold,32.0,398.0,Service Residence,,,Non Bumi Lot,Selangor,2.0,9,0,0,1,1,0,0,0,1,0,,0,0,1,1,1,0,1,1,1,1,1,0,1,0,410000.00000000006
4,3,1410.0,Freehold,15.0,192.0,Condominium,,Low,Non Bumi Lot,Selangor,,8,0,0,0,0,0,0,0,1,1,1.0,0,0,1,0,1,1,1,1,1,0,1,0,1,0,497999.9999999998
3,2,870.0,Leasehold,29.0,391.0,Service Residence,2.0,High,Non Bumi Lot,Sabah,7.0,9,0,0,0,0,0,0,0,1,0,3.0,0,0,1,1,1,1,0,1,1,1,1,0,1,0,450000.00000000035
3,2,868.0,Freehold,15.0,,Apartment,1.0,Medium,Bumi Lot,Selangor,16.0,6,0,1,0,0,0,1,1,0,1,2.0,0,0,0,0,1,1,1,1,1,0,1,0,0,0,269000.0000000002
3,2,945.0,Leasehold,5.0,,Apartment,,Low,Non Bumi Lot,Kuala Lumpur,,3,0,0,0,0,0,0,0,1,0,1.0,1,0,0,0,0,0,0,1,0,0,1,0,0,0,200000.00000000006
3,2,800.0,Freehold,5.0,,Apartment,,Low,Bumi Lot,Selangor,,1,0,0,0,0,0,0,0,0,1,1.0,0,0,0,0,0,0,0,0,1,0,0,0,0,0,269999.99999999977
3,2,1065.0,Leasehold,23.0,418.0,Service Residence,2.0,Medium,Non Bumi Lot,Selangor,9.0,8,0,0,0,0,0,0,0,1,0,2.0,1,0,1,0,1,0,1,1,1,0,1,0,1,0,400000.0000000002
1,1,547.0,Freehold,,1196.0,Condominium,1.0,High,Non Bumi Lot,Selangor,4.0,10,0,0,0,0,0,0,1,1,1,3.0,1,0,1,0,1,1,1,1,1,1,1,0,1,0,319999.9999999998
1,1,484.0,Freehold,,1160.0,Service Residence,1.0,,Non Bumi Lot,Johor,10.0,14,0,0,0,0,0,0,0,1,1,,1,1,1,1,1,1,1,1,1,1,1,1,1,1,217999.9999999999
3,2,930.0,Leasehold,23.0,254.0,Condominium,1.0,High,Bumi Lot,Sabah,,7,0,0,0,0,0,0,0,0,0,3.0,0,1,1,0,1,0,0,1,1,0,1,0,1,0,508800.00000000047
3,2,1033.0,Leasehold,,,Condominium,1.0,,Bumi Lot,,,11,0,0,0,0,0,0,0,0,0,,1,1,0,1,1,0,1,1,1,0,1,1,1,1,429000.0000000003
5,4,2650.0,Freehold,5.0,,Condominium,,Medium,Non Bumi Lot,Johor,,2,0,0,0,0,0,0,0,1,1,2.0,0,0,0,0,0,0,0,0,0,0,1,0,1,0,780000.0
4,3,1500.0,Freehold,21.0,258.0,Condominium,1.0,Low,Non Bumi Lot,Penang,14.0,9,0,0,0,0,0,0,0,1,1,1.0,0,0,1,0,1,1,0,1,1,1,1,0,1,1,780000.0
2,1,600.0,Leasehold,,,Apartment,,Medium,Non Bumi Lot,Penang,,1,0,0,0,0,0,0,0,1,0,2.0,0,0,0,0,1,0,0,0,0,0,0,0,0,0,189000.0
4,2,1364.0,Leasehold,24.0,900.0,Condominium,1.0,Medium,Non Bumi Lot,Kuala Lumpur,8.0,8,0,0,0,0,0,0,0,1,0,2.0,0,0,1,0,1,1,0,1,1,1,1,0,1,0,509999.99999999977
3,2,860.0,Freehold,15.0,720.0,Service Residence,2.0,,Non Bumi Lot,Selangor,6.0,0,0,1,0,0,0,0,0,1,1,,0,0,0,0,0,0,0,0,0,0,0,0,0,0,219999.99999999985
4,3,1050.0,Freehold,44.0,684.0,Service Residence,2.0,High,Non Bumi Lot,Kuala Lumpur,0.0,11,0,0,0,0,0,0,0,1,1,3.0,1,0,1,1,1,1,1,1,1,0,1,0,1,1,550000.0000000001
4,2,1285.0,Freehold,23.0,354.0,Condominium,2.0,Medium,Non Bumi Lot,Penang,15.0,12,0,0,0,0,0,0,0,1,1,2.0,1,0,1,1,1,1,1,1,1,1,1,1,1,0,400000.0000000002
3,1,650.0,Freehold,12.0,216.0,Apartment,,,Non Bumi Lot,Kuala Lumpur,,3,1,0,1,1,0,0,0,1,1,,0,0,0,0,1,0,0,0,1,0,1,0,0,0,185000.00000000006
3,2,1049.0,Leasehold,12.0,260.0,Condominium,1.0,Medium,Bumi Lot,Selangor,17.0,8,0,0,0,0,0,0,0,0,0,2.0,0,0,1,1,1,1,0,1,1,0,1,0,1,0,359999.99999999994
4,2,956.0,Freehold,,,Service Residence,2.0,Medium,Bumi Lot,Selangor,,10,0,0,0,0,0,0,0,0,1,2.0,1,0,1,0,1,1,1,1,1,1,1,0,1,0,350000.0000000001
3,2,900.0,Freehold,,,Flat,,Low,Non Bumi Lot,Johor,,0,0,0,0,0,0,0,0,1,1,1.0,0,0,0,0,0,0,0,0,0,0,0,0,0,0,190000.00000000012
3,2,1010.0,Leasehold,22.0,531.0,Condominium,2.0,,Non Bumi Lot,Penang,12.0,4,0,0,0,0,0,0,0,1,0,,0,0,1,0,0,0,0,1,0,0,1,0,1,0,680000.0000000001
3,2,1090.0,Leasehold,16.0,,Condominium,1.0,High,Non Bumi Lot,Sabah,,8,0,0,0,0,0,0,0,1,0,3.0,0,0,1,0,1,1,1,1,1,0,1,0,1,0,599999.9999999999
4,3,1405.0,Freehold,15.0,192.0,Condominium,1.0,Low,Non Bumi Lot,Selangor,,14,0,0,0,0,0,0,0,1,1,1.0,1,1,1,1,1,1,1,1,1,1,1,1,1,1,380000.0000000003
4,2,1353.0,Freehold,,,Apartment,2.0,Medium,Bumi Lot,Johor,,13,0,0,0,0,0,0,0,0,1,2.0,1,1,1,1,1,1,1,1,1,1,1,1,1,0,340000.00000000006
3,2,1000.0,Freehold,,,Condominium,2.0,Medium,Non Bumi Lot,,,6,0,0,0,0,0,0,0,1,1,2.0,0,0,1,0,1,0,0,1,1,0,1,0,1,0,308000.00000000006
3,2,1250.0,Freehold,,474.0,Condominium,,,Non Bumi Lot,Kuala Lumpur,7.0,0,0,0,1,1,0,0,0,1,1,,0,0,0,0,0,0,0,0,0,0,0,0,0,0,389999.99999999994
4,4,6000.0,Freehold,,,Condominium,3.0,High,Non Bumi Lot,Penang,,14,0,0,0,0,0,0,0,1,1,3.0,1,1,1,1,1,1,1,1,1,1,1,1,1,1,3200000.000000002
3,2,920.0,Leasehold,15.0,690.0,Condominium,1.0,,Non Bumi Lot,Kuala Lumpur,24.0,7,1,0,1,1,0,0,1,1,0,,1,0,1,0,0,1,0,1,1,0,1,0,1,0,345000.00000000006
4,3,1239.0,Freehold,44.0,684.0,Service Residence,2.0,Medium,Non Bumi Lot,Kuala Lumpur,0.0,0,0,0,0,0,0,0,0,1,1,2.0,0,0,0,0,0,0,0,0,0,0,0,0,0,0,550000.0000000001
3,1,650.0,Leasehold,,,Flat,,Medium,Bumi Lot,Kuala Lumpur,,5,0,0,0,0,0,0,0,0,0,2.0,0,0,0,0,1,1,1,1,1,0,0,0,0,0,230000.0000000002
3,2,1010.0,Freehold,,,Service Residence,1.0,Medium,Bumi Lot,Kuala Lumpur,9.0,8,1,1,1,1,1,1,1,0,1,2.0,0,0,1,0,1,1,1,1,1,0,1,0,1,0,485000.00000000035
2,1,760.0,Freehold,24.0,1235.0,Condominium,2.0,,Non Bumi Lot,Penang,2.0,7,0,0,0,0,0,0,0,1,1,,0,0,1,1,0,0,0,1,1,1,1,0,1,0,599999.9999999999
3,2,730.0,Leasehold,10.0,184.0,Apartment,1.0,Low,Non Bumi Lot,Penang,,3,0,0,0,0,0,0,0,1,0,1.0,0,0,0,0,1,0,0,1,0,0,1,0,0,0,277999.9999999999
4,2,657.0,Freehold,,,Apartment,,Medium,Non Bumi Lot,Penang,,4,0,0,0,0,0,0,0,1,1,2.0,0,0,0,0,1,0,0,1,1,0,1,0,0,0,289999.9999999999
3,2,904.0,Freehold,,,Apartment,1.0,,Non Bumi Lot,,,2,0,0,0,0,0,0,0,1,1,,0,0,0,0,0,0,0,1,0,0,1,0,0,0,299999.9999999999
3,2,657.0,Freehold,5.0,,Flat,,Low,Non Bumi Lot,Selangor,,0,0,0,1,1,1,0,0,1,1,1.0,0,0,0,0,0,0,0,0,0,0,0,0,0,0,128000.00000000004
4,3,1711.0,Freehold,10.0,210.0,Condominium,,High,Bumi Lot,Selangor,11.0,13,1,1,1,1,0,0,0,0,1,3.0,1,1,1,1,0,1,1,1,1,1,1,1,1,1,790000.0
4,3,1485.0,Leasehold,36.0,236.0,Condominium,2.0,,Non Bumi Lot,Kuala Lumpur,9.0,10,0,0,1,1,0,0,0,1,0,,1,0,1,0,0,1,0,1,1,1,1,1,1,1,769999.9999999995
3,2,700.0,Freehold,,460.0,Apartment,2.0,Medium,Non Bumi Lot,Selangor,,7,0,0,1,0,0,0,0,1,1,2.0,0,0,0,1,1,0,1,1,1,0,1,0,1,0,269000.0000000002
4,2,850.0,Freehold,15.0,,Condominium,1.0,,Bumi Lot,Selangor,10.0,8,1,0,0,1,0,0,0,0,1,,0,0,1,0,1,1,1,1,1,0,1,0,1,0,260000.00000000015
3,2,700.0,Freehold,5.0,750.0,Apartment,1.0,Medium,Bumi Lot,Selangor,,2,1,0,0,0,0,0,0,0,1,2.0,0,0,0,0,0,0,0,0,1,0,1,0,0,0,194999.99999999994
2,2,816.0,Freehold,18.0,238.0,Service Residence,2.0,,Non Bumi Lot,Selangor,8.0,7,1,0,0,1,0,0,0,1,1,,1,0,1,0,0,0,1,0,1,1,1,0,1,0,365000.00000000023
3,2,1399.0,Freehold,,,Condominium,2.0,High,Non Bumi Lot,Penang,,0,0,0,0,0,0,0,0,1,1,3.0,0,0,0,0,0,0,0,0,0,0,0,0,0,0,464999.9999999997
3,2,973.0,Leasehold,,352.0,Condominium,,Medium,Non Bumi Lot,Johor,8.0,5,0,0,0,0,0,0,0,1,0,2.0,0,0,0,0,1,0,0,1,1,0,1,0,1,0,319999.9999999998
3,2,700.0,Leasehold,25.0,,Apartment,2.0,,Non Bumi Lot,Penang,,5,0,0,0,0,0,0,0,1,0,,0,0,0,1,1,0,1,1,0,0,1,0,0,0,269000.0000000002
3,2,1003.0,Leasehold,15.0,,Condominium,,Medium,Bumi Lot,Selangor,17.0,5,1,0,1,1,0,0,0,0,0,2.0,0,0,0,0,1,0,0,1,1,0,1,0,1,0,410000.00000000006
3,2,861.0,Freehold,,,Apartment,,Medium,Bumi Lot,Johor,,2,0,0,0,0,0,0,0,0,1,2.0,0,0,0,0,0,0,0,1,0,0,1,0,0,0,289999.9999999999
3,2,1023.0,Freehold,,1200.0,Condominium,2.0,Medium,Non Bumi Lot,Selangor,4.0,14,0,0,0,0,0,0,0,1,1,2.0,1,1,1,1,1,1,1,1,1,1,1,1,1,1,310000.0
2,1,700.0,Leasehold,5.0,260.0,Flat,,High,Bumi Lot,Johor,,0,0,0,0,0,0,0,0,0,0,3.0,0,0,0,0,0,0,0,0,0,0,0,0,0,0,179999.99999999997
3,3,1900.0,Freehold,23.0,744.0,Service Residence,3.0,High,Non Bumi Lot,Selangor,9.0,12,0,0,0,1,0,0,1,1,1,3.0,1,1,1,1,1,1,1,1,1,1,1,0,1,0,450000.00000000035
4,3,1646.0,Freehold,44.0,378.0,Condominium,2.0,High,Non Bumi Lot,Penang,5.0,7,0,0,0,0,0,0,0,1,1,3.0,1,0,1,0,0,0,1,0,1,1,1,0,1,0,1150000.0
3,2,934.0,Freehold,35.0,311.0,Service Residence,2.0,High,Non Bumi Lot,Kuala Lumpur,4.0,6,1,0,1,1,1,0,1,1,1,3.0,0,0,1,0,0,0,0,1,1,0,1,1,1,0,599999.9999999999
2,2,775.0,Freehold,17.0,312.0,Service Residence,,,Non Bumi Lot,Penang,,6,0,0,0,0,0,0,0,1,1,,0,0,1,0,0,0,0,1,1,1,1,0,1,0,350000.0000000001
3,2,819.0,Leasehold,44.0,2136.0,Service Residence,1.0,High,Non Bumi Lot,Kuala Lumpur,2.0,6,0,1,0,1,0,0,1,1,0,3.0,0,0,1,0,1,0,0,1,1,0,1,0,1,0,439999.9999999997
3,2,1148.0,Freehold,17.0,,Condominium,1.0,High,Non Bumi Lot,Kuala Lumpur,,10,0,0,0,0,0,0,0,1,1,3.0,1,0,1,0,1,1,1,1,1,0,1,0,1,1,389999.99999999994
2,1,516.0,Freehold,,,Flat,,,Non Bumi Lot,Johor,,0,0,0,0,0,0,0,0,1,1,,0,0,0,0,0,0,0,0,0,0,0,0,0,0,117999.99999999991
3,2,1270.0,Freehold,,,Condominium,2.0,Medium,Non Bumi Lot,Penang,,3,0,0,0,0,0,0,0,1,1,2.0,0,0,0,0,1,0,0,1,0,0,1,0,0,0,730000.0000000005
3,2,1304.0,Freehold,6.0,225.0,Condominium,2.0,High,Non Bumi Lot,Penang,8.0,13,0,0,0,0,0,0,0,1,1,3.0,1,1,1,1,1,1,0,1,1,1,1,1,1,1,538000.0000000003
1,1,409.0,Leasehold,,,Service Residence,,High,Non Bumi Lot,Sabah,,2,0,0,0,0,0,0,0,1,0,3.0,0,0,0,0,1,0,0,0,0,0,1,0,0,0,579999.9999999999
3,2,810.0,Freehold,,,Apartment,,Medium,Non Bumi Lot,Selangor,,3,0,1,0,0,0,0,0,1,1,2.0,0,0,0,0,1,0,0,0,1,0,1,0,0,0,198999.9999999999
3,2,1059.0,Leasehold,23.0,346.0,Condominium,1.0,Low,Non Bumi Lot,Selangor,14.0,10,0,0,0,1,1,0,1,1,0,1.0,1,0,1,1,1,0,0,1,1,0,1,1,1,1,414999.9999999997
3,2,1000.0,Freehold,22.0,504.0,Condominium,1.0,Medium,Non Bumi Lot,Penang,29.0,0,0,0,0,0,0,0,0,1,1,2.0,0,0,0,0,0,0,0,0,0,0,0,0,0,0,375000.0000000002
3,2,828.0,Freehold,,,Apartment,1.0,Medium,Non Bumi Lot,Putrajaya,,0,0,0,0,0,0,0,0,1,1,2.0,0,0,0,0,0,0,0,0,0,0,0,0,0,0,371000.0000000002
3,2,700.0,Freehold,22.0,1008.0,Apartment,1.0,,Non Bumi Lot,Penang,26.0,1,0,0,0,0,0,0,0,1,1,,0,0,0,0,1,0,0,0,0,0,0,0,0,0,298000.00000000023
3,2,850.0,Freehold,,,Flat,,Medium,Non Bumi Lot,Johor,,4,0,0,0,0,0,0,0,1,1,2.0,0,0,0,0,0,0,0,1,1,0,1,0,1,0,198000.00000000012
3,2,850.0,Freehold,,635.0,Apartment,2.0,Medium,Non Bumi Lot,Selangor,4.0,9,0,1,0,0,0,0,0,1,1,2.0,0,0,1,1,1,1,0,1,1,1,1,0,1,0,240000.00000000015
2,1,600.0,Leasehold,,,Flat,,Medium,Non Bumi Lot,Johor,,14,0,0,0,0,0,0,0,1,0,2.0,1,1,1,1,1,1,1,1,1,1,1,1,1,1,130000.00000000006
3,2,780.0,Leasehold,9.0,344.0,Condominium,1.0,,Non Bumi Lot,Selangor,11.0,6,0,0,1,0,0,0,0,1,0,,1,0,0,1,0,1,0,1,1,0,1,0,0,0,219999.99999999985
3,2,650.0,Freehold,,,Apartment,1.0,Medium,Non Bumi Lot,Penang,9.0,4,0,0,0,0,0,0,0,1,1,2.0,0,0,0,1,0,0,0,1,1,0,1,0,0,0,215000.00000000006
3,2,910.0,Leasehold,,,Apartment,,High,Bumi Lot,Selangor,,2,1,0,1,1,0,0,0,0,0,3.0,0,0,0,0,0,0,0,1,0,0,1,0,0,0,260000.00000000015
2,2,900.0,Freehold,38.0,473.0,Condominium,2.0,Low,Non Bumi Lot,Penang,5.0,11,0,0,0,0,0,0,0,1,1,1.0,1,0,1,0,1,1,1,1,1,1,1,1,1,0,649999.9999999998
2,1,500.0,Freehold,,,Apartment,,Low,Non Bumi Lot,Penang,,4,0,0,0,0,0,0,0,1,1,1.0,0,0,0,0,1,1,0,0,1,0,1,0,0,0,165000.00000000006
3,2,743.0,Freehold,,306.0,Apartment,,High,Bumi Lot,Selangor,,4,1,1,0,1,0,0,0,0,1,3.0,0,0,0,0,1,1,0,1,0,0,1,0,0,0,210000.0000000001
3,2,1116.0,Leasehold,,634.0,Condominium,,Medium,Bumi Lot,Selangor,,12,1,1,1,0,0,0,0,0,0,2.0,1,1,1,0,1,1,1,1,1,1,1,0,1,1,469999.99999999994
2,1,551.0,Leasehold,,,Flat,,High,Non Bumi Lot,Kuala Lumpur,,3,0,0,0,0,0,0,0,1,0,3.0,0,0,0,0,0,1,0,1,1,0,0,0,0,0,219999.99999999985
2,3,1365.0,Freehold,,174.0,Service Residence,1.0,High,Non Bumi Lot,Penang,,10,0,0,0,0,0,0,0,1,1,3.0,1,0,1,1,1,1,0,1,1,1,1,0,1,0,987999.9999999993
3,2,850.0,Freehold,4.0,348.0,Flat,1.0,High,Non Bumi Lot,Johor,9.0,5,0,0,0,0,0,0,0,1,1,3.0,1,0,0,0,0,0,0,1,1,0,1,0,1,0,155000.0
4,3,3200.0,Leasehold,17.0,702.0,Condominium,3.0,High,Non Bumi Lot,Selangor,17.0,6,0,0,1,1,0,0,1,1,0,3.0,0,0,0,0,1,1,0,1,1,0,1,0,1,0,750000.0000000005
3,3,1302.0,Freehold,,,Condominium,2.0,Medium,Non Bumi Lot,Penang,,9,0,0,0,0,0,0,0,1,1,2.0,0,0,1,0,1,1,0,1,1,1,1,1,1,0,824999.9999999997
3,2,1010.0,Freehold,,,Service Residence,1.0,Medium,Bumi Lot,Kuala Lumpur,9.0,11,1,1,1,1,1,1,1,0,1,2.0,1,0,1,0,1,1,1,1,1,0,1,1,1,1,488888.00000000023
3,2,750.0,Leasehold,,,Apartment,,Low,Bumi Lot,Selangor,,6,0,0,0,0,0,0,0,0,0,1.0,0,0,0,1,0,1,1,1,1,0,1,0,0,0,264999.9999999999
3,2,700.0,Freehold,5.0,,Apartment,1.0,,Non Bumi Lot,Penang,,5,0,0,0,0,0,0,0,1,1,,0,0,0,0,1,1,0,1,1,0,1,0,0,0,295000.00000000006
1,1,715.0,Freehold,,392.0,Apartment,1.0,Medium,Non Bumi Lot,Johor,,12,0,0,0,0,0,0,0,1,1,2.0,1,1,1,1,1,1,1,1,1,1,1,0,1,0,295000.00000000006
4,3,1547.0,Freehold,14.0,,Condominium,,Low,Non Bumi Lot,Selangor,,5,1,0,1,1,1,0,0,1,1,1.0,1,0,0,0,0,0,0,1,1,0,1,0,1,0,710000.0
3,2,800.0,Leasehold,6.0,672.0,Apartment,2.0,Medium,Non Bumi Lot,Penang,29.0,2,0,0,0,0,0,0,0,1,0,2.0,0,0,0,0,0,0,0,1,0,0,1,0,0,0,298000.00000000023
3,2,850.0,Leasehold,16.0,488.0,Condominium,2.0,Medium,Non Bumi Lot,Penang,25.0,13,0,0,0,0,0,0,0,1,0,2.0,1,1,1,1,1,1,0,1,1,1,1,1,1,1,397000.00000000006
3,2,935.0,Freehold,22.0,1008.0,Service Residence,1.0,Medium,Non Bumi Lot,Kuala Lumpur,26.0,11,1,0,0,1,0,0,0,1,1,2.0,1,0,1,1,1,1,1,1,1,1,1,0,1,0,589000.0000000002
2,1,600.0,Freehold,4.0,192.0,Apartment,2.0,,Non Bumi Lot,Kuala Lumpur,,4,1,1,0,1,1,0,1,1,1,,1,0,0,0,0,0,0,1,1,0,1,0,0,0,210000.0000000001
6,5,3350.0,Freehold,24.0,234.0,Condominium,4.0,High,Non Bumi Lot,Penang,,1,0,0,0,0,0,0,0,1,1,3.0,0,0,0,0,0,0,0,1,0,0,0,0,0,0,800000.0000000003
1,1,689.0,Leasehold,40.0,1360.0,Service Residence,5.0,Medium,Non Bumi Lot,Melaka,6.0,13,0,0,0,0,0,0,0,1,0,2.0,1,1,1,1,1,1,1,1,1,1,1,1,1,0,295000.00000000006
1,1,,Freehold,,,Condominium,,High,Non Bumi Lot,Pahang,,4,0,0,0,0,0,0,0,1,1,3.0,0,0,0,0,1,0,0,1,0,0,1,0,1,0,269999.99999999977
3,2,750.0,Freehold,,,Apartment,,Medium,Non Bumi Lot,Selangor,,0,0,0,0,0,0,0,0,1,1,2.0,0,0,0,0,0,0,0,0,0,0,0,0,0,0,260000.00000000015
3,2,753.0,Freehold,,,Apartment,,,Non Bumi Lot,Kuala Lumpur,,2,0,0,1,0,0,0,1,1,1,,0,0,0,0,0,0,0,1,1,0,0,0,0,0,233000.00000000006
3,2,1319.0,Freehold,29.0,369.0,Condominium,2.0,High,Non Bumi Lot,Kuala Lumpur,6.0,12,1,1,1,1,0,1,0,1,1,3.0,1,1,1,1,1,0,1,1,1,1,1,1,1,0,890000.0000000006
4,3,1280.0,Freehold,,,Condominium,3.0,Medium,Non Bumi Lot,Kuala Lumpur,,14,0,0,0,0,0,0,0,1,1,2.0,1,1,1,1,1,1,1,1,1,1,1,1,1,1,579999.9999999999
3,2,1185.0,Freehold,,,Apartment,2.0,Medium,Bumi Lot,Selangor,,4,0,0,0,0,0,0,0,0,1,2.0,0,0,0,1,0,0,0,1,1,0,1,0,0,0,299999.9999999999
3,2,887.0,Freehold,30.0,808.0,Condominium,2.0,High,Non Bumi Lot,Penang,10.0,10,0,0,0,0,0,0,0,1,1,3.0,0,0,1,0,1,1,0,1,1,1,1,1,1,1,497999.9999999998
2,1,494.0,Freehold,,,Flat,,Low,Bumi Lot,Johor,,0,0,0,0,0,0,0,0,0,1,1.0,0,0,0,0,0,0,0,0,0,0,0,0,0,0,158000.00000000012
3,2,642.0,Leasehold,,,Flat,,,Non Bumi Lot,Negeri Sembilan,,0,0,0,0,0,0,0,0,1,0,,0,0,0,0,0,0,0,0,0,0,0,0,0,0,95000.00000000006
3,2,650.0,Leasehold,14.0,2296.0,Apartment,1.0,,Non Bumi Lot,Selangor,,0,0,0,0,0,0,0,0,1,0,,0,0,0,0,0,0,0,0,0,0,0,0,0,0,170000.0
2,1,570.0,Freehold,,,Flat,,Low,Non Bumi Lot,Johor,,0,0,0,0,0,0,0,0,1,1,1.0,0,0,0,0,0,0,0,0,0,0,0,0,0,0,175000.00000000003
3,2,1200.0,Freehold,,,Apartment,,Low,Non Bumi Lot,Johor,,12,0,0,0,0,0,0,0,1,1,1.0,1,0,1,1,0,1,1,1,1,1,1,1,1,1,310000.0
3,2,850.0,Leasehold,20.0,632.0,Apartment,1.0,Medium,Non Bumi Lot,Penang,31.0,4,0,0,0,0,0,0,0,1,0,2.0,0,0,0,0,1,0,0,1,1,0,1,0,0,0,319999.9999999998
3,2,807.0,Freehold,17.0,322.0,Apartment,,High,Bumi Lot,Johor,6.0,5,0,0,0,0,0,0,0,0,1,3.0,0,0,0,1,0,0,1,0,1,0,1,0,1,0,343000.00000000006
3,2,1378.0,Leasehold,15.0,368.0,Condominium,,,Bumi Lot,Kuala Lumpur,6.0,4,0,0,0,0,0,0,0,0,0,,0,0,0,0,0,0,0,1,1,0,1,0,1,0,400000.0000000002
3,4,2124.0,Freehold,14.0,319.0,Apartment,,High,Non Bumi Lot,Johor,,10,0,0,0,0,0,0,0,1,1,3.0,1,0,1,1,0,1,0,1,1,1,1,0,1,1,520000.0000000003
3,2,837.0,Freehold,22.0,816.0,Condominium,1.0,Low,Non Bumi Lot,Penang,16.0,8,0,0,0,0,0,0,0,1,1,1.0,1,0,1,1,0,0,0,1,1,0,1,1,1,0,330000.0000000001
1,1,768.0,Leasehold,,,Apartment,1.0,Low,Non Bumi Lot,Pahang,,10,0,0,0,0,0,0,0,1,0,1.0,1,0,1,0,1,0,0,1,1,1,1,1,1,1,269999.99999999977
3,2,1012.0,Freehold,5.0,,Apartment,1.0,Low,Non Bumi Lot,Selangor,,5,0,0,0,0,0,0,0,1,1,1.0,1,0,0,0,0,0,0,1,1,0,1,0,1,0,365000.00000000023
3,2,791.0,Freehold,,,Apartment,1.0,,Non Bumi Lot,Selangor,,0,0,0,0,0,0,1,0,1,1,,0,0,0,0,0,0,0,0,0,0,0,0,0,0,219999.99999999985
2,2,886.0,Leasehold,,,Service Residence,,,Non Bumi Lot,Kuala Lumpur,,0,1,0,1,1,0,0,0,1,0,,0,0,0,0,0,0,0,0,0,0,0,0,0,0,699998.9999999998
3,2,1100.0,Freehold,,,Apartment,1.0,High,Non Bumi Lot,,,6,0,0,0,0,0,0,0,1,1,3.0,0,0,1,0,1,0,0,1,1,0,1,0,1,0,469999.99999999994
3,1,650.0,Leasehold,5.0,,Apartment,,High,Bumi Lot,Selangor,,3,0,0,0,0,0,0,0,0,0,3.0,1,0,0,0,0,0,0,1,0,0,1,0,0,0,149999.99999999994
3,2,795.0,Freehold,7.0,150.0,Flat,1.0,,Non Bumi Lot,Penang,,1,0,0,0,0,0,0,0,1,1,,0,0,0,0,0,0,0,1,0,0,0,0,0,0,359999.99999999994
3,1,603.0,Leasehold,,,Flat,1.0,Medium,Non Bumi Lot,Penang,,3,0,0,0,0,0,0,0,1,0,2.0,0,0,0,0,0,1,0,1,1,0,0,0,0,0,170000.0
3,2,1222.0,Freehold,16.0,,Condominium,1.0,,Non Bumi Lot,Kuala Lumpur,27.0,11,0,0,1,1,0,1,1,1,1,,0,0,1,1,1,1,0,1,1,1,1,1,1,1,368000.00000000006
3,2,947.0,Leasehold,,,Service Residence,,Medium,Non Bumi Lot,Johor,,4,0,0,0,0,0,0,0,1,0,2.0,0,0,0,0,1,0,0,1,0,0,1,0,1,0,350000.0000000001
5,4,2509.0,Freehold,,,Condominium,2.0,High,Non Bumi Lot,Penang,15.0,11,0,0,0,0,0,0,0,1,1,3.0,1,1,1,1,1,0,1,1,1,1,1,0,1,0,790000.0
3,2,1400.0,Freehold,25.0,285.0,Condominium,2.0,Low,Non Bumi Lot,Penang,20.0,8,0,0,0,0,0,0,0,1,1,1.0,1,0,1,0,1,0,0,1,1,1,1,0,1,0,750000.0000000005
3,1,720.0,Leasehold,,,Apartment,1.0,High,Bumi Lot,Kuala Lumpur,,0,0,0,0,0,0,0,0,0,0,3.0,0,0,0,0,0,0,0,0,0,0,0,0,0,0,210000.0000000001
3,2,900.0,Freehold,,,Apartment,1.0,Medium,Non Bumi Lot,Melaka,,7,0,0,0,0,0,0,0,1,1,2.0,1,0,1,0,1,0,0,1,1,0,1,0,1,0,289999.9999999999
3,2,850.0,Freehold,15.0,303.0,Apartment,,High,Non Bumi Lot,Johor,,4,0,0,0,0,0,0,0,1,1,3.0,0,0,0,0,0,0,0,1,1,0,1,0,1,0,217999.9999999999
3,3,1250.0,Freehold,36.0,981.0,Condominium,2.0,Medium,Non Bumi Lot,Kuala Lumpur,8.0,11,0,0,0,0,0,0,0,1,1,2.0,1,0,1,1,1,0,1,1,1,1,1,0,1,1,750000.0000000005
2,1,572.0,Leasehold,,376.0,Flat,,High,Bumi Lot,Selangor,14.0,1,1,0,0,0,0,0,0,0,0,3.0,0,0,0,0,0,0,0,0,1,0,0,0,0,0,144999.99999999994
3,2,800.0,Leasehold,13.0,,Condominium,,,Non Bumi Lot,Kuala Lumpur,,4,0,1,1,1,1,0,0,1,0,,0,0,0,0,0,0,0,1,1,0,1,0,1,0,279999.9999999998
3,2,800.0,Leasehold,,1900.0,Apartment,1.0,Medium,Non Bumi Lot,Penang,7.0,3,0,0,0,0,0,0,0,1,0,2.0,0,0,0,0,1,0,0,1,0,0,1,0,0,0,420000.00000000023
3,2,1212.0,Freehold,,538.0,Apartment,,,Non Bumi Lot,Selangor,,2,0,0,0,0,0,0,0,1,1,,0,0,0,0,0,0,0,1,0,0,1,0,0,0,330000.0000000001
3,2,1100.0,Leasehold,17.0,,Condominium,1.0,Medium,Non Bumi Lot,Selangor,,7,1,1,1,1,1,0,0,1,0,2.0,1,0,0,1,1,0,0,1,1,0,1,0,1,0,277999.9999999999
3,2,1036.0,Freehold,33.0,550.0,Condominium,2.0,Medium,Non Bumi Lot,Penang,2.0,11,0,0,0,0,0,0,0,1,1,2.0,1,1,1,1,1,0,1,1,1,1,1,0,1,0,750000.0000000005
2,2,1213.0,Leasehold,24.0,403.0,Condominium,2.0,Medium,Non Bumi Lot,Kuala Lumpur,7.0,8,1,1,1,1,0,0,1,1,0,2.0,1,0,1,1,0,0,1,0,1,1,1,0,1,0,849999.9999999994
3,2,850.0,Leasehold,5.0,,Apartment,,,Non Bumi Lot,Selangor,,4,0,0,0,0,0,0,0,1,0,,1,0,0,1,0,0,0,1,1,0,0,0,0,0,165000.00000000006
3,4,1500.0,Freehold,43.0,218.0,Condominium,2.0,High,Non Bumi Lot,Penang,8.0,8,0,0,0,0,0,0,0,1,1,3.0,1,0,1,1,0,0,1,0,1,1,1,0,1,0,718000.0000000003
3,2,786.0,Leasehold,,,Apartment,1.0,Low,Bumi Lot,Selangor,,5,0,0,0,0,0,0,0,0,0,1.0,0,0,0,1,1,1,0,1,1,0,0,0,0,0,228999.99999999983
3,2,820.0,Freehold,15.0,,Apartment,,,Non Bumi Lot,Selangor,,5,0,0,1,1,1,0,0,1,1,,0,0,1,0,0,1,0,1,1,0,1,0,0,0,230000.0000000002
2,1,513.0,Freehold,,,Flat,,,Non Bumi Lot,Penang,,0,0,0,0,0,0,0,0,1,1,,0,0,0,0,0,0,0,0,0,0,0,0,0,0,159999.9999999999
4,2,1206.0,Leasehold,,684.0,Condominium,2.0,Medium,Non Bumi Lot,Selangor,,9,0,0,0,1,0,0,1,1,0,2.0,0,0,1,0,1,1,1,1,1,1,1,0,1,0,379998.9999999997
3,2,1205.0,Freehold,,,Condominium,2.0,Medium,Non Bumi Lot,Putrajaya,7.0,8,0,0,0,0,0,0,0,1,1,2.0,0,0,1,0,1,1,1,1,1,0,1,0,1,0,559999.9999999998
4,5,2124.0,Freehold,14.0,319.0,Apartment,2.0,High,Non Bumi Lot,Johor,,8,0,0,0,0,0,0,0,1,1,3.0,1,0,1,0,1,0,0,1,1,1,1,0,1,0,520000.0000000003
3,3,1211.0,Leasehold,,,Service Residence,,,Non Bumi Lot,,,0,0,0,0,0,0,0,0,1,0,,0,0,0,0,0,0,0,0,0,0,0,0,0,0,970000.0000000008
3,3,1106.0,Leasehold,43.0,493.0,Condominium,2.0,High,Non Bumi Lot,Kuala Lumpur,2.0,10,1,0,1,1,0,0,1,1,0,3.0,1,0,1,1,1,0,1,1,1,1,1,0,1,0,529999.9999999998
3,2,931.0,Leasehold,,516.0,Service Residence,1.0,Medium,Bumi Lot,Selangor,16.0,5,1,1,1,0,1,1,0,0,0,2.0,0,0,1,0,0,1,1,0,0,0,1,0,1,0,305999.9999999999
3,2,1034.0,Freehold,16.0,122.0,Condominium,2.0,,Non Bumi Lot,Penang,16.0,7,0,0,0,0,0,0,0,1,1,,0,0,1,0,1,0,0,1,1,1,1,0,1,0,499999.9999999997
3,2,1338.0,Leasehold,,,Condominium,2.0,High,Non Bumi Lot,Sabah,,5,0,0,0,0,0,0,0,1,0,3.0,0,0,1,0,1,0,0,1,0,0,1,0,1,0,949999.9999999999
3,2,1200.0,Freehold,30.0,816.0,Condominium,2.0,Medium,Non Bumi Lot,Penang,7.0,9,0,0,0,0,0,0,0,1,1,2.0,1,0,1,1,1,0,1,1,1,0,1,0,1,0,599999.9999999999
3,2,834.0,Freehold,,,Apartment,1.0,High,Bumi Lot,Selangor,,2,0,0,0,0,0,0,0,0,1,3.0,0,0,0,0,0,1,0,1,0,0,0,0,0,0,159999.9999999999
3,2,947.0,Freehold,,,Condominium,2.0,High,Bumi Lot,Putrajaya,,14,0,0,0,0,0,0,0,0,1,3.0,1,1,1,1,1,1,1,1,1,1,1,1,1,1,452000.00000000006
3,2,650.0,Leasehold,,,Apartment,,,Non Bumi Lot,Penang,,5,0,0,0,0,0,0,0,1,0,,0,0,0,0,1,1,0,1,1,0,1,0,0,0,244999.99999999983
4,2,1349.0,Leasehold,,,Condominium,1.0,Low,Non Bumi Lot,Sabah,,6,0,0,0,0,0,0,0,1,0,1.0,0,0,1,0,1,0,0,1,1,0,1,0,1,0,599999.9999999999
3,2,633.0,Leasehold,4.0,,Apartment,1.0,,Non Bumi Lot,Sarawak,,2,0,0,0,0,0,0,0,1,0,,0,0,0,0,0,0,0,1,0,0,1,0,0,0,249999.99999999983
3,2,946.0,Leasehold,17.0,616.0,Condominium,1.0,High,Bumi Lot,Selangor,15.0,7,0,1,1,1,1,0,0,0,0,3.0,0,0,1,0,0,1,0,1,1,1,1,0,1,0,350000.0000000001
3,2,825.0,Leasehold,,359.0,Apartment,1.0,,Non Bumi Lot,Selangor,2.0,6,1,1,1,0,1,1,0,1,0,,0,0,1,0,1,0,1,0,1,0,1,0,1,0,170000.0
4,4,4800.0,Freehold,31.0,34.0,Condominium,2.0,Medium,Non Bumi Lot,Penang,,9,0,0,0,0,0,0,0,1,1,2.0,1,0,1,1,0,0,1,1,1,1,1,0,1,0,2300000.0000000005
3,1,650.0,Freehold,5.0,,Apartment,,Medium,Bumi Lot,Selangor,,3,0,0,1,1,1,0,0,0,1,2.0,0,0,0,0,0,0,0,1,1,0,1,0,0,0,219999.99999999985
3,3,1038.0,Leasehold,,630.0,Service Residence,2.0,Medium,Non Bumi Lot,Sabah,1.0,14,0,0,0,0,0,0,0,1,0,2.0,1,1,1,1,1,1,1,1,1,1,1,1,1,1,599999.9999999999
2,2,890.0,Freehold,,414.0,Apartment,1.0,Medium,Non Bumi Lot,Selangor,,9,0,0,0,1,0,0,0,1,1,2.0,1,0,1,1,1,0,1,1,1,0,1,0,1,0,529999.9999999998
3,2,830.0,Leasehold,10.0,,Apartment,,Medium,Non Bumi Lot,Selangor,,4,0,1,1,1,1,0,1,1,0,2.0,0,0,0,0,1,0,0,1,1,0,1,0,0,0,279999.9999999998
3,2,803.0,Freehold,,,Apartment,,,Non Bumi Lot,Selangor,,3,0,0,0,0,0,0,0,1,1,,0,0,0,0,0,0,0,1,0,1,1,0,0,0,165000.00000000006
3,2,1250.0,Freehold,13.0,320.0,Condominium,,,Non Bumi Lot,Kuala Lumpur,23.0,12,1,1,1,1,0,0,0,1,1,,1,1,1,1,0,1,0,1,1,1,1,1,1,1,453000.0
3,4,2124.0,Freehold,14.0,319.0,Apartment,1.0,Medium,Non Bumi Lot,Johor,,10,0,0,0,0,0,0,0,1,1,2.0,1,0,1,1,0,1,0,1,1,1,1,0,1,1,520000.0000000003
3,2,1475.0,Leasehold,,,Condominium,2.0,,Non Bumi Lot,Sarawak,,8,0,0,0,0,0,0,0,1,0,,1,1,1,0,1,0,0,1,1,0,1,0,1,0,700000.0000000002
3,2,843.0,Leasehold,,175.0,Service Residence,1.0,,Bumi Lot,Pahang,7.0,14,0,0,0,0,0,0,0,0,0,,1,1,1,1,1,1,1,1,1,1,1,1,1,1,341000.0000000003
2,2,700.0,Leasehold,,,Apartment,,Low,Non Bumi Lot,Sabah,,6,0,0,0,0,0,0,0,1,0,1.0,0,0,0,1,0,1,0,1,0,1,1,0,1,0,249999.99999999983
2,2,921.0,Leasehold,,,Apartment,1.0,,Non Bumi Lot,Sarawak,,0,0,0,0,0,0,0,0,1,0,,0,0,0,0,0,0,0,0,0,0,0,0,0,0,389999.99999999994
2,2,828.0,Freehold,,,Apartment,,Medium,Non Bumi Lot,Johor,,1,0,0,0,0,0,0,0,1,1,2.0,0,0,0,0,1,0,0,0,0,0,0,0,0,0,158000.00000000012
3,2,852.0,Leasehold,5.0,,Apartment,,,Non Bumi Lot,Selangor,8.0,4,1,1,1,1,0,0,1,1,0,,1,0,0,0,0,0,0,1,1,0,1,0,0,0,179999.99999999997
3,2,958.0,Leasehold,17.0,,Apartment,1.0,High,Bumi Lot,Johor,,6,0,0,0,0,0,0,0,0,0,3.0,1,0,0,0,0,1,0,1,1,0,1,0,1,0,227999.9999999998
3,2,753.0,Leasehold,,,Flat,,Medium,Bumi Lot,Selangor,,1,0,0,0,0,0,0,0,0,0,2.0,0,0,0,0,0,0,0,0,1,0,0,0,0,0,194999.99999999994
3,2,703.0,Leasehold,4.0,,Apartment,,High,Non Bumi Lot,Sarawak,,2,0,0,0,0,0,0,0,1,0,3.0,0,0,0,0,0,0,0,1,0,0,1,0,0,0,219999.99999999985
3,2,975.0,Freehold,29.0,372.0,Condominium,2.0,Medium,Non Bumi Lot,Selangor,10.0,10,0,0,0,0,0,0,0,1,1,2.0,1,0,1,1,1,1,1,1,1,0,1,0,1,0,420000.00000000023
4,2,1001.0,Freehold,47.0,1413.0,Apartment,2.0,Low,Non Bumi Lot,Kuala Lumpur,2.0,8,0,0,0,0,0,0,0,1,1,1.0,1,0,0,0,1,1,1,1,1,0,1,0,1,0,550000.0000000001
