Bedroom,Bathroom,Property Size,# of Floors,Total Units,Parking Lot,Property Age,Listed_Facility_Count,Has_Bus_Stop,Has_Mall,Has_Park,Has_School,Has_Hospital,Has_Highway,Has_Railway_Station,Is_Non_Bumi_Lot,Freehold Indicator,Floor_Range_Ordinal,Has_Barbeque_Area,Has_Club_House,Has_Gymnasium,Has_Jogging_Track,Has_Lift,Has_Minimart,Has_Multipurpose_Hall,Has_Parking,Has_Playground,Has_Sauna,Has_Security,Has_Squash_Court,Has_Swimming_Pool,Has_Tennis_Court,State_Kuala_Lumpur,State_Melaka,State_Negeri_Sembilan,State_Other,State_Pahang,State_Penang,State_Perak,State_Putrajaya,State_Sabah,State_Sarawak,State_Selangor,State_Unknown,PropertyType_Condominium,PropertyType_Flat,PropertyType_Service_Residence,Property_Age_Missing,Num_Floors_Missing,Total_Units_Missing,Parking_Lot_Missing
3,2,1011.0,20.0,296.0,1.0,5.0,5,0,0,0,0,0,0,0,1,1,1.0,0,0,0,0,1,0,0,1,1,0,1,0,1,0,0,0,0,0,0,0,0,0,0,0,1,0,0,0,0,0,1,0,1
2,2,900.0,20.0,109.0,1.0,9.0,12,0,0,0,0,0,0,0,1,0,3.0,1,1,1,1,1,0,1,1,1,1,1,1,1,0,0,0,0,0,0,0,0,0,1,0,0,0,1,0,0,1,1,0,0
4,2,1385.0,20.0,42.0,1.0,9.0,5,0,0,0,0,0,0,0,1,1,1.0,0,0,1,0,0,0,1,0,1,0,1,0,1,0,0,0,0,0,0,0,0,0,0,0,0,0,0,0,0,1,1,0,1
3,2,657.0,20.0,463.0,1.0,9.0,0,0,0,0,0,0,0,0,1,1,1.0,0,0,0,0,0,0,0,0,0,0,0,0,0,0,0,0,0,0,0,0,0,0,0,0,1,0,0,0,0,1,1,1,1
3,2,800.0,6.0,672.0,1.0,29.0,2,0,0,0,0,0,0,0,1,0,2.0,0,0,0,0,0,0,0,1,0,0,1,0,0,0,0,0,0,0,0,1,0,0,0,0,0,0,0,0,0,0,0,0,0
3,2,700.0,20.0,463.0,1.0,9.0,5,0,0,0,0,0,0,0,1,1,1.0,0,0,0,0,1,0,0,1,1,0,1,0,1,0,0,0,0,0,0,1,0,0,0,0,0,0,0,0,0,1,1,1,0
3,2,1091.0,30.0,808.0,1.0,10.0,10,0,0,0,0,0,0,0,1,1,2.0,0,0,1,0,1,1,0,1,1,1,1,1,1,1,0,0,0,0,0,1,0,0,0,0,0,0,1,0,0,0,0,0,0
3,2,771.0,4.0,496.0,2.0,9.0,0,0,0,0,0,0,0,0,1,0,2.0,0,0,0,0,0,0,0,0,0,0,0,0,0,0,0,0,0,0,0,0,0,0,0,1,0,0,0,0,0,1,0,0,0
3,2,982.0,16.0,463.0,1.0,9.0,5,0,0,1,1,0,0,1,1,1,2.0,0,0,0,0,0,0,0,1,1,0,1,0,1,1,1,0,0,0,0,0,0,0,0,0,0,0,1,0,0,1,0,1,1
3,2,732.0,20.0,463.0,1.0,9.0,4,0,0,0,0,0,0,0,1,0,2.0,0,0,0,1,0,0,0,1,1,0,1,0,0,0,0,0,0,0,0,0,0,0,1,0,0,0,0,0,0,1,1,1,1
3,2,1030.0,20.0,463.0,2.0,9.0,14,0,0,0,0,0,0,0,1,1,1.0,1,1,1,1,1,1,1,1,1,1,1,1,1,1,1,0,0,0,0,0,0,0,0,0,0,0,1,0,0,1,1,1,0
3,2,1270.0,20.0,463.0,2.0,9.0,3,0,0,0,0,0,0,0,1,1,2.0,0,0,0,0,1,0,0,1,0,0,1,0,0,0,0,0,0,0,0,1,0,0,0,0,0,0,1,0,0,1,1,1,0
3,2,811.0,20.0,463.0,1.0,9.0,5,0,0,0,0,0,0,0,1,0,2.0,0,0,0,0,0,1,1,0,1,0,0,0,1,1,0,0,0,0,0,0,0,0,0,0,0,1,0,0,0,1,1,1,0
2,2,872.0,20.0,463.0,1.0,9.0,0,0,0,0,0,0,0,0,1,0,2.0,0,0,0,0,0,0,0,0,0,0,0,0,0,0,0,0,0,0,0,0,0,0,0,0,0,0,1,0,0,1,1,1,1
3,2,1520.0,20.0,463.0,1.0,9.0,13,0,0,0,0,0,0,0,1,0,3.0,1,1,1,1,1,0,1,1,1,1,1,1,1,1,0,0,0,0,0,0,0,0,0,1,0,0,1,0,0,1,1,1,1
4,3,1239.0,44.0,684.0,2.0,0.0,0,0,0,0,0,0,0,0,1,1,2.0,0,0,0,0,0,0,0,0,0,0,0,0,0,0,1,0,0,0,0,0,0,0,0,0,0,0,0,0,1,0,0,0,0
3,2,864.0,25.0,600.0,2.0,8.0,0,0,0,0,0,0,0,0,1,1,2.0,0,0,0,0,0,0,0,0,0,0,0,0,0,0,0,0,0,0,0,0,0,0,0,0,1,0,1,0,0,0,0,0,0
4,2,1270.0,27.0,463.0,2.0,18.0,7,0,0,0,0,0,0,0,1,1,2.0,1,0,1,0,1,0,0,1,1,0,1,0,1,0,0,0,0,0,0,1,0,0,0,0,0,0,1,0,0,0,0,1,0
3,2,956.0,20.0,463.0,2.0,9.0,14,0,0,0,0,0,0,0,0,1,3.0,1,1,1,1,1,1,1,1,1,1,1,1,1,1,0,0,0,0,0,0,0,0,0,0,1,0,0,0,1,1,1,1,0
3,2,700.0,5.0,463.0,1.0,9.0,4,1,1,1,1,0,0,1,0,1,2.0,1,0,0,0,0,1,0,1,1,0,0,0,0,0,0,0,0,0,0,0,0,0,0,0,1,0,0,0,0,1,0,1,1
3,2,1200.0,20.0,463.0,2.0,9.0,14,0,0,0,0,0,0,0,1,1,2.0,1,1,1,1,1,1,1,1,1,1,1,1,1,1,0,0,0,0,0,0,0,1,0,0,0,0,1,0,0,1,1,1,0
4,2,1260.0,5.0,463.0,1.0,9.0,5,0,0,1,1,0,0,0,1,1,2.0,1,0,0,0,0,0,0,1,1,0,1,0,1,0,0,0,0,0,0,0,0,0,0,0,1,0,0,0,0,1,0,1,0
3,2,650.0,20.0,463.0,1.0,9.0,1,0,0,0,0,0,0,0,1,1,2.0,0,0,0,0,0,0,0,1,0,0,0,0,0,0,0,0,0,0,0,0,0,0,0,0,1,0,0,1,0,1,1,1,1
3,2,936.0,20.0,463.0,2.0,9.0,11,0,0,0,0,0,0,0,1,1,3.0,1,1,1,1,1,0,1,1,1,0,1,0,1,1,0,0,0,0,0,0,0,0,0,0,1,0,1,0,0,1,1,1,0
6,7,4177.0,20.0,551.0,3.0,9.0,0,0,1,0,0,1,0,0,1,1,2.0,0,0,0,0,0,0,0,0,0,0,0,0,0,0,0,0,0,0,0,0,0,0,0,0,1,0,1,0,0,1,1,0,0
2,2,686.0,20.0,463.0,1.0,9.0,6,0,0,0,0,0,0,0,1,0,2.0,0,0,0,0,0,1,1,1,1,0,1,0,1,0,0,0,0,0,0,0,0,0,1,0,0,0,0,0,0,1,1,1,0
2,2,958.0,28.0,1149.0,1.0,9.0,9,0,0,0,0,0,0,0,1,1,2.0,1,0,1,0,0,0,1,0,1,1,1,1,1,1,0,0,0,0,0,0,0,0,0,0,0,0,0,0,1,0,0,0,1
3,2,1068.0,20.0,944.0,1.0,7.0,10,0,0,0,0,0,0,0,1,0,3.0,0,0,1,1,1,1,0,1,1,1,1,1,1,0,0,0,0,0,0,0,0,0,0,0,0,0,1,0,0,0,1,0,0
3,2,804.0,20.0,463.0,2.0,9.0,10,0,0,0,1,1,0,0,1,1,2.0,1,0,1,1,1,1,1,1,1,0,1,0,1,0,0,0,0,0,0,0,0,0,0,0,1,0,0,0,1,1,1,1,0
3,2,850.0,20.0,536.0,1.0,9.0,4,1,0,0,0,1,0,0,0,1,2.0,0,0,0,1,0,0,0,1,1,0,1,0,0,0,0,0,0,0,0,0,0,0,0,0,1,0,0,0,0,1,1,0,1
3,2,657.0,20.0,463.0,1.0,9.0,0,0,0,0,0,0,0,0,1,1,2.0,0,0,0,0,0,0,0,0,0,0,0,0,0,0,0,0,0,0,0,0,0,0,0,0,1,0,0,0,0,1,1,1,1
3,2,850.0,5.0,463.0,1.0,9.0,14,1,1,1,1,0,0,0,1,0,2.0,1,1,1,1,1,1,1,1,1,1,1,1,1,1,0,0,0,0,0,0,0,0,0,0,1,0,0,0,0,1,0,1,0
3,2,1300.0,27.0,299.0,1.0,29.0,14,1,1,1,1,1,1,0,1,1,2.0,1,1,1,1,1,1,1,1,1,1,1,1,1,1,1,0,0,0,0,0,0,0,0,0,0,0,1,0,0,0,0,0,0
2,2,750.0,20.0,463.0,2.0,9.0,3,0,0,0,0,0,0,0,1,1,2.0,0,0,0,0,1,0,0,0,0,0,1,0,1,0,0,0,0,0,0,0,0,0,0,0,0,0,1,0,0,1,1,1,0
3,1,678.0,20.0,463.0,1.0,9.0,0,0,0,0,0,0,0,0,1,1,1.0,0,0,0,0,0,0,0,0,0,0,0,0,0,0,0,0,0,0,0,0,0,0,0,0,0,0,0,1,0,1,1,1,1
3,3,1515.0,15.0,198.0,1.0,25.0,13,0,0,0,0,0,0,0,1,1,3.0,1,0,1,1,1,1,1,1,1,1,1,1,1,1,0,0,0,0,0,0,0,1,0,0,0,0,1,0,0,0,0,0,0
3,2,753.0,20.0,463.0,1.0,9.0,2,0,1,0,0,0,0,0,1,1,3.0,0,0,0,0,1,0,0,0,1,0,0,0,0,0,0,0,0,0,0,0,0,0,0,0,1,0,0,0,0,1,1,1,1
2,1,550.0,20.0,463.0,1.0,9.0,0,0,0,0,0,0,0,0,1,0,1.0,0,0,0,0,0,0,0,0,0,0,0,0,0,0,0,0,0,0,0,1,0,0,0,0,0,0,0,1,0,1,1,1,1
2,2,663.0,20.0,720.0,1.0,9.0,14,0,0,0,0,0,0,0,1,1,2.0,1,1,1,1,1,1,1,1,1,1,1,1,1,1,0,0,0,0,0,0,0,0,0,0,0,0,0,0,0,1,0,0,0
3,2,950.0,20.0,309.0,1.0,9.0,3,0,1,0,0,0,1,1,1,1,2.0,0,0,0,0,1,0,0,1,0,0,1,0,0,0,0,0,0,0,0,0,0,0,0,0,1,0,0,0,0,1,1,0,0
4,2,1467.0,18.0,107.0,2.0,8.0,6,0,0,0,0,0,0,0,1,1,2.0,1,0,1,0,0,0,1,1,0,0,1,0,1,0,0,0,0,0,0,1,0,0,0,0,0,0,1,0,0,0,0,0,0
3,2,856.0,20.0,808.0,2.0,9.0,5,0,0,0,0,0,0,0,1,1,2.0,0,0,1,0,1,0,0,1,0,0,1,0,1,0,0,0,0,0,0,1,0,0,0,0,0,0,1,0,0,1,1,0,0
3,1,603.0,20.0,463.0,1.0,9.0,3,1,1,1,1,0,0,1,0,0,3.0,0,0,0,0,1,1,1,0,0,0,0,0,0,0,1,0,0,0,0,0,0,0,0,0,0,0,0,0,0,1,1,1,1
3,2,700.0,30.0,500.0,1.0,11.0,8,0,0,0,0,0,0,0,1,1,3.0,1,0,1,1,0,0,1,1,1,0,1,0,1,0,0,0,0,0,0,1,0,0,0,0,0,0,0,0,0,0,0,0,0
3,2,728.0,20.0,463.0,1.0,9.0,4,0,0,0,0,0,0,0,1,1,2.0,0,0,0,0,1,0,0,1,1,0,1,0,0,0,0,0,1,0,0,0,0,0,0,0,0,0,1,0,0,1,1,1,1
3,2,943.0,8.0,463.0,1.0,9.0,5,0,0,0,0,0,0,0,1,0,2.0,0,0,0,0,0,0,0,1,1,1,1,0,1,0,1,0,0,0,0,0,0,0,0,0,0,0,0,0,0,1,0,1,1
3,2,700.0,5.0,360.0,1.0,29.0,4,0,0,0,0,0,0,0,1,1,2.0,0,0,0,0,1,0,0,1,1,0,1,0,0,0,0,0,0,0,0,1,0,0,0,0,0,0,1,0,0,0,0,0,0
2,1,600.0,20.0,463.0,1.0,9.0,0,1,1,1,1,0,0,1,0,0,2.0,0,0,0,0,0,0,0,0,0,0,0,0,0,0,0,0,0,0,0,0,0,0,0,0,1,0,0,1,0,1,1,1,1
2,1,550.0,20.0,463.0,2.0,9.0,14,0,0,0,0,0,0,0,0,1,3.0,1,1,1,1,1,1,1,1,1,1,1,1,1,1,0,0,0,0,0,0,0,0,0,0,1,0,1,0,0,1,1,1,0
3,2,850.0,15.0,463.0,1.0,10.0,6,1,0,0,1,0,0,0,0,1,2.0,0,0,1,0,0,1,1,1,0,0,1,0,1,0,0,0,0,0,0,0,0,0,0,0,1,0,1,0,0,0,0,1,0
3,2,700.0,25.0,463.0,1.0,9.0,3,0,0,0,0,0,0,0,1,0,2.0,0,0,0,0,1,0,0,1,0,0,1,0,0,0,0,0,0,0,0,1,0,0,0,0,0,0,0,0,0,1,0,1,0
3,2,1100.0,25.0,1220.0,2.0,19.0,10,1,0,1,1,0,0,0,1,1,1.0,1,0,1,0,1,1,0,1,1,1,1,0,1,1,1,0,0,0,0,0,0,0,0,0,0,0,1,0,0,0,0,0,0
2,2,860.0,48.0,1332.0,2.0,9.0,9,0,0,0,0,0,0,0,1,0,2.0,1,0,1,0,1,0,1,1,1,1,1,0,1,0,1,0,0,0,0,0,0,0,0,0,0,0,1,0,0,1,0,0,0
2,2,780.0,20.0,463.0,2.0,9.0,4,0,0,0,0,0,0,0,1,1,3.0,0,0,0,0,1,0,0,1,1,0,1,0,0,0,0,0,0,0,0,1,0,0,0,0,0,0,0,0,0,1,1,1,0
3,2,955.0,17.0,595.0,1.0,9.0,5,0,0,0,0,0,0,0,1,0,1.0,0,0,0,0,1,0,0,1,1,0,1,0,1,0,1,0,0,0,0,0,0,0,0,0,0,0,0,0,0,1,0,0,0
5,2,1164.0,5.0,463.0,1.0,9.0,6,0,0,0,0,0,0,0,1,1,2.0,0,0,0,1,0,1,0,1,1,0,1,0,1,0,0,0,0,0,0,0,0,0,0,0,0,0,0,0,0,1,0,1,1
2,3,950.0,25.0,452.0,2.0,6.0,5,0,0,0,0,0,0,0,1,1,2.0,0,0,1,0,1,0,0,1,1,0,0,0,1,0,0,0,0,0,0,0,0,1,0,0,0,0,1,0,0,0,0,0,0
3,2,838.0,20.0,780.0,1.0,9.0,0,0,0,0,0,0,0,0,1,0,2.0,0,0,0,0,0,0,0,0,0,0,0,0,0,0,1,0,0,0,0,0,0,0,0,0,0,0,0,0,0,1,0,0,1
3,2,1005.0,23.0,463.0,1.0,9.0,5,1,0,0,1,1,0,1,0,0,1.0,0,0,0,0,1,1,0,1,1,0,1,0,0,0,1,0,0,0,0,0,0,0,0,0,0,0,1,0,0,1,0,1,0
3,2,689.0,20.0,463.0,1.0,9.0,5,1,0,1,1,0,1,0,0,1,2.0,0,0,0,1,0,0,1,1,1,0,1,0,0,0,0,0,0,0,0,0,0,0,0,0,1,0,0,0,0,1,1,1,0
4,2,918.0,38.0,2647.0,2.0,4.0,11,0,0,0,0,0,0,0,1,1,3.0,1,0,1,1,1,1,1,1,1,0,1,0,1,1,1,0,0,0,0,0,0,0,0,0,0,0,0,0,1,0,0,0,0
3,2,1135.0,20.0,463.0,2.0,9.0,1,0,0,0,0,0,0,0,1,0,2.0,0,0,0,0,0,0,0,0,0,0,1,0,0,0,0,0,0,0,0,0,0,0,0,0,0,1,1,0,0,1,1,1,0
3,2,650.0,5.0,90.0,1.0,9.0,3,0,0,0,0,0,0,0,1,0,1.0,0,0,0,0,0,0,0,1,1,0,1,0,0,0,0,0,0,0,0,0,0,0,0,0,1,0,0,0,0,1,0,0,0
3,2,1000.0,22.0,504.0,1.0,29.0,0,0,0,0,0,0,0,0,1,1,2.0,0,0,0,0,0,0,0,0,0,0,0,0,0,0,0,0,0,0,0,1,0,0,0,0,0,0,1,0,0,0,0,0,0
1,1,655.0,10.0,84.0,1.0,9.0,14,0,0,0,0,0,0,0,1,1,1.0,1,1,1,1,1,1,1,1,1,1,1,1,1,1,0,0,0,0,0,0,0,0,0,0,1,0,1,0,0,0,0,0,0
3,2,914.0,20.0,463.0,1.0,9.0,0,0,0,0,0,0,0,0,1,1,2.0,0,0,0,0,0,0,0,0,0,0,0,0,0,0,0,0,0,0,0,0,0,0,1,0,0,0,1,0,0,1,1,1,0
3,2,926.0,20.0,684.0,1.0,9.0,9,0,0,0,1,0,0,1,1,0,2.0,0,0,1,0,1,1,1,1,1,1,1,0,1,0,0,0,0,0,0,0,0,0,0,0,1,0,1,0,0,1,1,0,0
5,4,2304.0,30.0,808.0,3.0,10.0,10,0,0,0,0,0,0,0,1,1,3.0,0,0,1,0,1,1,0,1,1,1,1,1,1,1,0,0,0,0,0,1,0,0,0,0,0,0,1,0,0,0,0,0,0
3,2,764.0,18.0,200.0,1.0,17.0,5,1,0,1,1,0,0,1,0,0,2.0,0,0,0,0,1,0,0,1,1,0,1,0,1,0,0,0,0,0,0,0,0,0,0,0,1,0,0,0,0,0,0,0,1
3,2,670.0,20.0,463.0,1.0,9.0,2,0,0,0,0,0,0,0,1,0,2.0,0,0,0,0,0,1,0,0,0,0,0,0,1,0,0,0,0,0,0,0,0,0,0,0,1,0,0,0,0,1,1,1,1
3,1,650.0,12.0,216.0,1.0,9.0,3,1,0,1,1,0,0,0,1,1,2.0,0,0,0,0,1,0,0,0,1,0,1,0,0,0,1,0,0,0,0,0,0,0,0,0,0,0,0,0,0,1,0,0,1
3,1,667.0,20.0,463.0,1.0,9.0,0,0,0,0,0,0,0,0,0,1,2.0,0,0,0,0,0,0,0,0,0,0,0,0,0,0,0,0,0,0,0,0,0,0,0,0,1,0,0,0,0,1,1,1,1
3,2,887.0,30.0,808.0,1.0,10.0,10,0,0,0,0,0,0,0,1,1,2.0,0,0,1,0,1,1,0,1,1,1,1,1,1,1,0,0,0,0,0,1,0,0,0,0,0,0,1,0,0,0,0,0,0
2,2,936.0,38.0,420.0,2.0,12.0,14,0,0,0,0,0,0,0,1,1,2.0,1,1,1,1,1,1,1,1,1,1,1,1,1,1,0,0,0,0,0,1,0,0,0,0,0,0,1,0,0,0,0,0,0
3,1,721.0,20.0,463.0,1.0,9.0,4,0,0,0,0,0,0,0,0,1,2.0,0,0,0,0,1,1,0,1,1,0,0,0,0,0,0,0,1,0,0,0,0,0,0,0,0,0,0,0,0,1,1,1,1
3,2,736.0,20.0,596.0,2.0,13.0,4,1,0,0,0,0,1,0,1,1,2.0,0,0,0,0,1,0,0,1,1,0,1,0,0,0,0,0,0,0,0,0,0,0,0,0,1,0,0,0,0,0,1,0,0
3,2,1000.0,20.0,463.0,2.0,3.0,9,0,0,0,0,0,0,0,1,1,3.0,0,0,1,0,1,1,0,1,1,1,1,0,1,1,0,0,0,0,0,1,0,0,0,0,0,0,0,0,0,0,1,1,0
3,2,1100.0,25.0,1220.0,1.0,19.0,10,1,0,1,1,0,0,0,1,1,1.0,1,0,1,0,1,1,0,1,1,1,1,0,1,1,1,0,0,0,0,0,0,0,0,0,0,0,1,0,0,0,0,0,0
3,2,950.0,21.0,463.0,1.0,23.0,9,0,0,0,0,0,0,0,1,1,2.0,1,0,1,0,1,1,1,1,1,0,1,1,0,0,0,0,0,0,0,1,0,0,0,0,0,0,1,0,0,0,0,1,0
2,2,1268.0,20.0,463.0,1.0,9.0,11,0,0,0,0,0,0,0,1,0,1.0,0,0,1,1,1,0,1,1,1,1,1,1,1,1,0,0,0,0,0,0,0,0,1,0,0,0,1,0,0,1,1,1,0
3,2,700.0,20.0,463.0,1.0,9.0,0,0,0,0,0,0,0,0,1,1,1.0,0,0,0,0,0,0,0,0,0,0,0,0,0,0,0,0,0,0,0,1,0,0,0,0,0,0,0,1,0,1,1,1,1
2,2,900.0,38.0,473.0,2.0,5.0,8,0,0,0,0,0,0,0,1,1,1.0,0,0,1,0,0,1,0,1,1,1,1,1,1,0,0,0,0,0,0,1,0,0,0,0,0,0,1,0,0,0,0,0,0
3,2,1175.0,32.0,463.0,1.0,28.0,7,0,0,0,0,0,0,0,0,1,2.0,0,0,1,0,1,0,0,1,1,1,1,0,1,0,1,0,0,0,0,0,0,0,0,0,0,0,1,0,0,0,0,1,0
3,2,850.0,21.0,406.0,1.0,25.0,4,0,0,0,0,0,0,0,1,1,1.0,0,0,0,0,1,0,0,1,0,0,1,0,1,0,0,0,0,0,0,1,0,0,0,0,0,0,1,0,0,0,0,0,0
3,2,960.0,12.0,480.0,1.0,23.0,11,0,0,0,0,1,0,0,1,1,2.0,1,0,1,1,1,1,0,1,1,1,1,0,1,1,0,0,0,0,0,0,0,0,0,0,1,0,1,0,0,0,0,0,0
3,2,789.0,4.0,463.0,1.0,9.0,2,1,0,0,1,0,0,0,1,1,1.0,0,0,0,0,0,0,0,1,1,0,0,0,0,0,0,0,0,0,0,0,0,0,0,0,1,0,0,0,0,1,0,1,0
2,1,646.0,63.0,956.0,1.0,2.0,11,1,1,1,1,0,0,0,1,1,2.0,1,1,1,1,1,0,1,1,1,1,1,0,1,0,1,0,0,0,0,0,0,0,0,0,0,0,0,0,1,0,0,0,0
3,2,1050.0,20.0,463.0,2.0,9.0,8,0,0,0,0,0,0,0,1,0,2.0,0,0,1,0,1,1,1,1,1,0,1,0,1,0,0,0,0,0,0,0,0,0,0,0,1,0,1,0,0,1,1,1,0
2,2,855.0,9.0,672.0,1.0,18.0,8,0,0,0,0,0,0,0,1,0,2.0,0,1,1,0,1,0,0,1,1,0,1,0,1,1,1,0,0,0,0,0,0,0,0,0,0,0,1,0,0,0,0,0,1
3,2,1200.0,10.0,463.0,1.0,9.0,3,0,0,0,0,0,0,0,1,1,2.0,0,0,0,0,1,0,0,1,0,0,1,0,0,0,0,0,0,0,0,1,0,0,0,0,0,0,1,0,0,1,0,1,0
3,2,675.0,5.0,463.0,1.0,9.0,2,0,0,0,0,0,0,0,1,0,3.0,0,0,0,0,0,1,0,1,0,0,0,0,0,0,1,0,0,0,0,0,0,0,0,0,0,0,0,0,0,1,0,1,1
4,3,1661.0,41.0,192.0,2.0,12.0,5,1,1,1,1,1,1,0,1,1,2.0,0,0,1,0,0,0,0,0,1,0,0,1,1,1,1,0,0,0,0,0,0,0,0,0,0,0,1,0,0,0,0,0,0
3,2,1000.0,18.0,463.0,1.0,9.0,6,0,1,0,1,1,0,1,1,0,3.0,0,0,1,0,0,1,0,1,1,0,1,0,1,0,1,0,0,0,0,0,0,0,0,0,0,0,1,0,0,1,0,1,0
2,3,1378.0,20.0,463.0,1.0,9.0,7,0,0,0,0,0,0,0,1,0,2.0,1,0,1,0,1,0,0,1,1,0,1,0,1,0,0,0,0,0,0,0,0,0,0,1,0,0,1,0,0,1,1,1,0
3,2,829.0,6.0,225.0,1.0,9.0,4,0,0,0,0,0,0,0,1,1,2.0,0,0,0,0,0,0,0,1,1,0,1,0,1,0,0,0,0,0,0,0,0,0,0,0,1,0,0,0,0,1,0,0,0
3,2,861.0,26.0,463.0,1.0,9.0,9,1,1,1,1,0,0,1,1,1,2.0,1,0,1,0,0,0,0,1,1,1,1,1,1,1,1,0,0,0,0,0,0,0,0,0,0,0,1,0,0,1,0,1,1
4,2,1366.0,27.0,162.0,1.0,6.0,7,0,0,1,1,0,0,0,0,0,2.0,1,0,1,0,0,0,1,1,1,0,1,0,1,0,0,0,0,0,0,0,0,0,0,0,1,0,1,0,0,0,0,0,1
2,1,600.0,20.0,463.0,1.0,9.0,6,0,0,0,0,0,0,0,1,1,3.0,0,0,1,0,1,0,0,1,1,0,1,0,1,0,0,0,0,0,0,0,0,0,0,0,0,1,0,0,1,1,1,1,0
3,2,1000.0,21.0,463.0,2.0,9.0,4,0,0,0,0,0,0,0,0,0,2.0,1,0,0,0,0,0,0,1,1,0,1,0,0,0,0,0,0,0,0,0,0,0,0,0,0,0,0,0,0,1,0,1,0
2,3,1365.0,20.0,174.0,1.0,9.0,10,0,0,0,0,0,0,0,1,1,3.0,1,0,1,1,1,1,0,1,1,1,1,0,1,0,0,0,0,0,0,1,0,0,0,0,0,0,0,0,1,1,1,0,0
4,2,1000.0,20.0,1000.0,1.0,9.0,5,0,0,0,0,0,0,0,1,1,3.0,0,0,0,0,1,0,0,1,1,0,1,0,1,0,0,0,0,0,0,1,0,0,0,0,0,0,0,0,0,1,1,0,1
3,2,1120.0,14.0,204.0,1.0,26.0,5,1,1,1,1,0,0,1,1,1,2.0,0,0,1,0,0,0,0,1,1,0,1,0,1,0,1,0,0,0,0,0,0,0,0,0,0,0,1,0,0,0,0,0,1
2,2,850.0,20.0,463.0,1.0,9.0,9,0,0,0,0,0,0,0,0,1,2.0,1,0,1,1,1,0,1,1,1,0,1,0,1,0,0,0,0,0,0,0,0,0,0,0,0,0,0,0,0,1,1,1,1
3,2,850.0,8.0,463.0,1.0,23.0,4,0,1,1,1,0,1,1,1,1,2.0,0,0,0,0,0,0,0,1,1,0,1,0,1,0,0,0,0,0,0,0,0,0,0,0,1,0,0,0,0,0,0,1,0
3,2,850.0,20.0,463.0,1.0,9.0,4,0,0,0,0,0,0,0,1,1,3.0,0,0,0,0,0,0,0,1,1,0,1,0,1,0,0,0,0,0,0,0,0,0,0,0,0,0,0,1,0,1,1,1,1
3,2,1668.0,14.0,224.0,2.0,9.0,13,1,0,0,1,0,0,1,1,1,3.0,1,0,1,1,1,1,1,1,1,1,1,1,1,1,0,0,0,0,0,0,0,0,0,0,1,0,1,0,0,1,0,0,0
3,2,1690.0,10.0,117.0,2.0,9.0,4,0,0,0,0,0,0,0,1,1,1.0,0,0,0,0,1,0,0,1,1,0,1,0,0,0,0,0,0,0,0,0,0,0,0,0,1,0,0,0,0,0,0,0,0
4,2,1390.0,21.0,460.0,2.0,9.0,11,0,0,0,0,0,0,0,1,1,1.0,1,1,1,1,1,1,1,1,1,0,1,0,1,0,0,0,0,0,0,0,0,0,0,0,0,0,0,0,1,0,0,0,0
2,3,2600.0,20.0,463.0,1.0,9.0,0,0,0,0,0,0,0,0,1,1,2.0,0,0,0,0,0,0,0,0,0,0,0,0,0,0,0,0,0,0,0,1,0,0,0,0,0,0,0,0,1,1,1,1,0
3,2,750.0,20.0,463.0,1.0,9.0,6,0,0,0,0,0,0,0,0,0,1.0,0,0,0,1,0,1,1,1,1,0,1,0,0,0,0,0,0,0,0,0,0,0,0,0,1,0,0,0,0,1,1,1,1
3,2,850.0,20.0,463.0,2.0,9.0,11,0,0,0,0,0,0,0,0,1,2.0,1,0,1,1,1,1,0,1,1,1,1,1,1,0,0,0,0,0,0,0,0,0,0,0,1,0,0,0,0,1,1,1,0
3,2,700.0,18.0,136.0,1.0,29.0,4,0,0,0,0,0,0,0,1,1,2.0,0,0,0,0,1,1,0,1,0,0,1,0,0,0,0,0,0,0,0,1,0,0,0,0,0,0,1,0,0,0,0,0,0
3,2,1200.0,20.0,228.0,1.0,9.0,5,0,0,0,0,0,0,0,0,0,2.0,1,0,1,0,0,0,0,0,1,0,1,0,1,0,0,0,0,0,0,0,0,0,0,0,1,0,0,0,1,1,1,0,0
3,2,800.0,6.0,672.0,2.0,29.0,2,0,0,0,0,0,0,0,1,0,2.0,0,0,0,0,0,0,0,1,0,0,1,0,0,0,0,0,0,0,0,1,0,0,0,0,0,0,0,0,0,0,0,0,0
4,2,1066.0,12.0,136.0,2.0,3.0,6,1,1,0,1,0,0,0,1,1,3.0,0,0,1,0,1,0,0,1,1,0,1,0,1,0,0,0,0,0,0,0,0,0,0,0,1,0,1,0,0,0,0,0,0
4,3,1547.0,14.0,463.0,1.0,9.0,5,1,0,1,1,1,0,0,1,1,1.0,1,0,0,0,0,0,0,1,1,0,1,0,1,0,0,0,0,0,0,0,0,0,0,0,1,0,1,0,0,1,0,1,1
3,2,907.0,12.0,463.0,1.0,9.0,7,0,0,0,0,0,0,0,1,0,2.0,0,0,1,0,1,1,0,1,1,0,1,0,1,0,0,0,0,0,0,0,0,0,0,0,1,0,1,0,0,1,0,1,0
5,4,3900.0,33.0,388.0,3.0,14.0,9,1,1,1,1,0,0,1,1,1,3.0,1,0,1,0,1,1,0,1,1,1,1,0,1,0,1,0,0,0,0,0,0,0,0,0,0,0,1,0,0,0,0,0,0
2,2,1012.0,18.0,600.0,1.0,9.0,6,0,1,1,1,0,0,1,1,1,2.0,1,0,0,1,0,1,0,1,1,0,1,0,0,0,1,0,0,0,0,0,0,0,0,0,0,0,1,0,0,1,0,0,0
3,2,1936.0,20.0,463.0,3.0,9.0,7,0,0,0,1,0,0,1,1,0,2.0,0,0,1,0,1,0,1,1,1,0,1,0,1,0,0,0,0,0,0,0,0,0,0,0,1,0,0,0,0,1,1,1,0
2,1,788.0,20.0,463.0,1.0,9.0,0,0,0,0,0,0,0,0,1,0,3.0,0,0,0,0,0,0,0,0,0,0,0,0,0,0,0,0,0,0,0,0,0,0,0,1,0,0,0,0,1,1,1,1,1
3,2,1254.0,44.0,378.0,2.0,5.0,9,0,0,0,0,0,0,0,1,1,2.0,1,0,1,0,1,0,1,1,1,1,1,0,1,0,0,0,0,0,0,1,0,0,0,0,0,0,1,0,0,0,0,0,0
3,2,1184.0,20.0,463.0,1.0,9.0,0,0,0,0,0,0,0,0,1,1,2.0,0,0,0,0,0,0,0,0,0,0,0,0,0,0,0,0,0,0,0,0,0,0,0,0,0,0,0,0,0,1,1,1,1
4,2,1300.0,19.0,114.0,2.0,8.0,14,0,0,0,0,0,0,0,1,1,2.0,1,1,1,1,1,1,1,1,1,1,1,1,1,1,0,0,0,0,0,1,0,0,0,0,0,0,1,0,0,0,0,0,0
3,2,1012.0,5.0,463.0,1.0,9.0,5,0,0,0,0,0,0,0,1,1,1.0,1,0,0,0,0,0,0,1,1,0,1,0,1,0,0,0,0,0,0,0,0,0,0,0,1,0,0,0,0,1,0,1,0
3,2,1097.0,22.0,188.0,1.0,15.0,0,0,0,0,0,0,0,0,1,1,3.0,0,0,0,0,0,0,0,0,0,0,0,0,0,0,0,0,0,0,0,0,0,0,0,0,0,0,0,0,0,0,0,0,0
3,2,1173.0,15.0,463.0,1.0,9.0,8,1,1,1,1,0,0,0,0,0,1.0,0,0,1,1,0,1,1,1,1,0,1,0,1,0,0,0,0,0,0,0,0,0,0,0,1,0,1,0,0,1,0,1,0
3,2,1020.0,12.0,140.0,1.0,34.0,6,1,1,1,1,0,0,1,1,1,2.0,1,0,1,0,0,0,0,1,1,0,1,0,1,0,1,0,0,0,0,0,0,0,0,0,0,0,1,0,0,0,0,0,1
3,2,736.0,20.0,596.0,1.0,13.0,0,1,0,0,0,0,1,0,1,1,2.0,0,0,0,0,0,0,0,0,0,0,0,0,0,0,0,0,0,0,0,0,0,0,0,0,1,0,0,0,0,0,1,0,1
1,1,430.0,25.0,2003.0,1.0,4.0,8,0,0,0,0,0,0,0,1,1,1.0,0,0,1,0,1,0,1,1,1,1,1,0,1,0,0,0,0,0,0,0,0,0,0,0,0,0,0,0,1,0,0,0,0
3,2,650.0,20.0,463.0,1.0,9.0,2,0,1,1,1,0,0,1,1,0,3.0,0,0,0,0,0,1,0,0,1,0,0,0,0,0,0,0,0,0,0,0,0,0,0,0,1,0,0,0,0,1,1,1,0
3,2,934.0,35.0,311.0,2.0,4.0,6,1,0,1,1,1,0,1,1,1,3.0,0,0,1,0,0,0,0,1,1,0,1,1,1,0,1,0,0,0,0,0,0,0,0,0,0,0,0,0,1,0,0,0,0
4,3,1500.0,43.0,218.0,2.0,8.0,11,0,0,0,0,0,0,0,1,1,2.0,1,0,1,1,1,1,1,1,1,1,1,0,1,0,0,0,0,0,0,1,0,0,0,0,0,0,1,0,0,0,0,0,0
3,2,1470.0,14.0,1339.0,1.0,23.0,7,0,0,0,0,0,0,0,1,1,1.0,0,0,1,0,0,1,0,1,1,1,1,0,1,0,0,0,0,0,0,0,0,0,0,0,1,0,1,0,0,0,0,0,0
3,2,753.0,20.0,463.0,1.0,9.0,0,0,0,0,1,0,0,0,1,0,2.0,0,0,0,0,0,0,0,0,0,0,0,0,0,0,0,0,0,0,0,0,0,0,0,0,1,0,0,0,0,1,1,1,0
3,2,650.0,20.0,463.0,1.0,9.0,6,0,0,0,0,0,0,0,1,1,2.0,0,0,0,1,1,0,1,1,1,0,1,0,0,0,0,0,0,0,0,1,0,0,0,0,0,0,0,0,0,0,1,1,1
3,2,850.0,17.0,403.0,1.0,9.0,0,0,0,0,0,0,0,0,1,1,2.0,0,0,0,0,0,0,0,0,0,0,0,0,0,0,1,0,0,0,0,0,0,0,0,0,0,0,1,0,0,0,0,0,0
3,2,1098.0,20.0,512.0,1.0,10.0,0,0,0,0,0,0,0,0,1,1,2.0,0,0,0,0,0,0,0,0,0,0,0,0,0,0,0,0,0,0,0,0,0,0,0,0,0,0,0,0,1,0,1,0,1
4,3,1477.0,22.0,229.0,2.0,8.0,12,0,0,0,0,0,0,0,1,1,2.0,1,0,1,1,1,1,1,1,1,1,1,1,1,0,0,0,0,0,0,0,0,0,0,0,1,0,1,0,0,0,0,0,0
4,2,1062.0,25.0,588.0,1.0,18.0,8,1,1,1,1,0,0,1,1,1,2.0,0,0,0,0,1,1,1,1,1,0,1,0,1,1,0,0,0,0,0,0,0,0,0,0,1,0,0,0,1,0,0,0,0
3,2,1076.0,38.0,434.0,1.0,7.0,7,0,0,0,0,0,0,0,1,1,1.0,1,0,1,1,0,0,0,0,1,1,1,0,1,0,0,0,0,0,0,1,0,0,0,0,0,0,1,0,0,0,0,0,1
3,1,654.0,7.0,36.0,1.0,9.0,4,0,0,0,0,0,0,0,1,1,3.0,0,0,0,0,1,0,1,1,0,0,1,0,0,0,0,0,0,0,0,1,0,0,0,0,0,0,0,0,0,1,0,0,0
3,2,665.0,23.0,463.0,1.0,14.0,8,0,0,0,0,0,0,0,1,1,2.0,1,0,1,1,1,0,1,1,1,0,1,0,0,0,0,0,0,0,0,1,0,0,0,0,0,0,0,0,0,0,0,1,0
4,3,1828.0,20.0,391.0,2.0,11.0,13,1,1,0,1,1,0,1,1,0,2.0,1,0,1,1,1,1,1,1,1,1,1,1,1,1,1,0,0,0,0,0,0,0,0,0,0,0,1,0,0,0,1,0,0
3,2,1100.0,17.0,463.0,1.0,9.0,6,1,1,0,1,1,0,1,1,1,2.0,0,0,1,0,1,0,0,1,1,0,1,0,1,0,1,0,0,0,0,0,0,0,0,0,0,0,1,0,0,1,0,1,0
3,2,950.0,17.0,592.0,1.0,34.0,5,0,0,0,0,0,0,0,1,0,2.0,0,0,0,0,1,0,1,1,1,0,1,0,0,0,0,0,0,0,0,1,0,0,0,0,0,0,0,0,0,0,0,0,0
3,2,700.0,30.0,500.0,1.0,11.0,9,0,0,0,0,0,0,0,1,1,2.0,1,0,1,1,1,0,1,1,1,0,1,0,1,0,0,0,0,0,0,1,0,0,0,0,0,0,0,0,0,0,0,0,0
3,3,1300.0,26.0,548.0,2.0,7.0,14,0,0,0,0,0,0,0,1,1,2.0,1,1,1,1,1,1,1,1,1,1,1,1,1,1,0,0,0,0,0,1,0,0,0,0,0,0,1,0,0,0,0,0,0
4,2,965.0,14.0,336.0,2.0,13.0,0,0,0,0,0,0,0,0,1,1,2.0,0,0,0,0,0,0,0,0,0,0,0,0,0,0,1,0,0,0,0,0,0,0,0,0,0,0,1,0,0,0,0,0,0
3,2,850.0,22.0,816.0,1.0,16.0,9,0,0,0,0,0,0,0,1,1,2.0,1,0,1,1,1,0,0,1,1,0,1,1,1,0,0,0,0,0,0,1,0,0,0,0,0,0,1,0,0,0,0,0,0
3,2,1062.0,21.0,800.0,1.0,17.0,0,0,0,0,0,0,0,0,1,0,2.0,0,0,0,0,0,0,0,0,0,0,0,0,0,0,1,0,0,0,0,0,0,0,0,0,0,0,0,0,0,0,0,0,1
2,2,994.0,18.0,600.0,1.0,9.0,6,0,1,1,1,0,0,1,1,1,1.0,1,0,0,1,0,1,0,1,1,0,1,0,0,0,1,0,0,0,0,0,0,0,0,0,0,0,1,0,0,1,0,0,0
3,1,650.0,20.0,463.0,1.0,9.0,4,0,0,0,0,0,0,0,1,1,2.0,0,0,0,0,1,0,1,1,0,0,1,0,0,0,0,0,0,0,0,1,0,0,0,0,0,0,0,0,0,1,1,1,1
1,1,280.0,20.0,463.0,1.0,9.0,13,1,1,1,1,1,0,1,1,0,2.0,1,1,1,1,1,1,1,0,1,1,1,1,1,1,1,0,0,0,0,0,0,0,0,0,0,0,0,0,1,1,1,1,1
2,1,624.0,20.0,463.0,1.0,9.0,0,0,0,0,0,0,0,0,1,0,2.0,0,0,0,0,0,0,0,0,0,0,0,0,0,0,0,0,0,0,0,0,0,0,0,1,0,0,0,0,0,1,1,1,1
4,2,1050.0,5.0,463.0,1.0,9.0,6,0,1,0,1,1,0,0,0,0,2.0,1,0,0,0,0,1,0,1,1,0,1,0,1,0,1,0,0,0,0,0,0,0,0,0,0,0,1,0,0,1,0,1,1
3,2,1227.0,41.0,1115.0,2.0,5.0,14,0,0,1,1,0,0,1,1,1,2.0,1,1,1,1,1,1,1,1,1,1,1,1,1,1,1,0,0,0,0,0,0,0,0,0,0,0,0,0,1,0,0,0,0
3,1,650.0,5.0,463.0,1.0,9.0,1,0,0,1,0,1,0,1,1,0,3.0,0,0,0,0,0,0,0,0,1,0,0,0,0,0,0,0,0,0,0,0,0,0,0,0,1,0,0,1,0,1,0,1,1
3,2,953.0,20.0,280.0,1.0,3.0,11,0,0,1,1,0,0,0,1,1,2.0,1,1,1,1,1,0,1,1,1,1,1,0,1,0,0,0,0,0,0,0,0,0,0,0,1,0,1,0,0,0,1,0,1
3,2,850.0,20.0,463.0,1.0,9.0,4,0,0,0,0,0,0,0,0,0,2.0,0,0,0,0,1,0,0,1,1,0,1,0,0,0,0,0,0,0,0,0,0,0,0,0,1,0,0,0,0,1,1,1,1
3,2,1100.0,14.0,480.0,1.0,15.0,11,0,0,0,0,0,0,0,1,1,2.0,1,1,1,1,1,1,0,1,1,0,1,1,1,0,0,0,0,0,0,0,0,0,0,0,1,0,1,0,0,0,0,0,0
3,2,842.0,19.0,408.0,1.0,5.0,8,1,0,0,1,0,0,0,0,0,2.0,0,0,1,0,1,1,1,1,1,0,1,0,1,0,0,0,0,0,0,0,0,0,0,0,1,0,0,0,1,0,0,0,0
3,2,1250.0,20.0,474.0,2.0,7.0,6,0,0,1,1,0,0,0,1,1,2.0,0,0,1,0,1,0,0,1,1,0,1,0,1,0,1,0,0,0,0,0,0,0,0,0,0,0,1,0,0,0,1,0,0
3,2,1171.0,20.0,180.0,1.0,7.0,11,0,0,1,0,1,0,0,1,0,1.0,1,0,1,1,1,1,1,1,1,1,1,0,1,0,1,0,0,0,0,0,0,0,0,0,0,0,1,0,0,0,1,0,0
4,2,1283.0,11.0,236.0,1.0,26.0,10,0,1,1,1,1,1,0,1,1,2.0,1,0,1,0,0,1,1,1,1,1,1,1,1,0,0,0,0,0,0,0,0,0,0,0,1,0,1,0,0,0,0,0,1
3,2,1173.0,15.0,463.0,1.0,9.0,8,1,1,1,1,0,0,0,0,0,2.0,0,0,1,0,1,1,1,1,1,0,1,0,1,0,0,0,0,0,0,0,0,0,0,0,1,0,1,0,0,1,0,1,0
3,2,1008.0,12.0,306.0,1.0,8.0,5,0,0,0,0,0,0,0,1,1,2.0,0,0,0,0,1,0,0,1,1,0,1,0,1,0,0,0,0,0,0,0,0,0,0,0,1,0,1,0,0,0,0,0,1
3,2,980.0,20.0,463.0,1.0,9.0,6,0,0,0,0,0,0,0,1,1,1.0,1,0,0,1,0,0,0,1,1,0,1,0,1,0,0,1,0,0,0,0,0,0,0,0,0,0,0,0,0,1,1,1,0
4,2,1345.0,17.0,91.0,2.0,7.0,12,0,0,0,0,0,0,0,1,1,2.0,0,1,1,1,1,1,1,1,1,1,1,1,1,0,0,0,0,0,0,1,0,0,0,0,0,0,1,0,0,0,0,0,0
3,2,700.0,21.0,520.0,1.0,24.0,7,0,0,0,0,0,0,0,1,1,3.0,0,0,1,1,1,0,0,1,1,0,1,0,1,0,0,0,0,0,0,1,0,0,0,0,0,0,0,0,0,0,0,0,0
4,2,1270.0,27.0,463.0,2.0,18.0,7,0,0,0,0,0,0,0,1,1,2.0,1,0,1,0,1,0,0,1,1,0,1,0,1,0,0,0,0,0,0,1,0,0,0,0,0,0,1,0,0,0,0,1,0
3,2,1001.0,4.0,463.0,1.0,9.0,0,0,0,0,0,0,0,0,1,0,3.0,0,0,0,0,0,0,0,0,0,0,0,0,0,0,0,0,0,0,0,0,0,0,0,0,0,0,0,0,0,1,0,1,0
3,2,870.0,29.0,391.0,1.0,7.0,6,0,0,0,0,0,0,0,1,0,2.0,0,0,1,0,1,0,0,1,1,0,1,0,1,0,0,0,0,0,0,0,0,0,1,0,0,0,1,0,0,0,0,0,0
3,3,1222.0,30.0,808.0,2.0,10.0,10,0,0,0,0,0,0,0,1,1,2.0,0,0,1,0,1,1,0,1,1,1,1,1,1,1,0,0,0,0,0,1,0,0,0,0,0,0,1,0,0,0,0,0,0
3,2,944.0,20.0,463.0,1.0,9.0,0,0,0,1,1,0,0,1,1,1,2.0,0,0,0,0,0,0,0,0,0,0,0,0,0,0,0,0,0,0,0,0,0,0,0,0,1,0,0,0,0,1,1,1,1
3,2,1300.0,15.0,368.0,1.0,6.0,5,0,0,0,0,0,0,0,0,1,2.0,0,0,0,0,1,0,0,1,1,0,1,0,1,0,1,0,0,0,0,0,0,0,0,0,0,0,1,0,0,0,0,0,0
3,2,1115.0,38.0,463.0,1.0,13.0,7,0,0,0,0,0,0,0,1,0,2.0,1,0,1,0,1,0,0,1,0,0,1,1,1,0,0,0,0,0,0,1,0,0,0,0,0,0,1,0,0,0,0,1,0
6,5,3000.0,20.0,256.0,2.0,15.0,9,0,0,0,0,0,0,0,1,1,3.0,1,0,1,0,1,0,0,1,1,1,1,0,1,1,0,0,0,0,0,1,0,0,0,0,0,0,1,0,0,0,1,0,0
3,2,1050.0,12.0,280.0,2.0,8.0,9,1,0,1,1,0,0,1,1,0,2.0,0,1,1,0,1,1,1,1,1,0,1,0,1,0,1,0,0,0,0,0,0,0,0,0,0,0,1,0,0,0,0,0,0
3,2,890.0,22.0,398.0,1.0,14.0,4,0,0,0,0,0,0,0,1,0,2.0,0,0,0,0,1,0,0,1,0,0,1,0,1,0,0,0,0,0,0,1,0,0,0,0,0,0,0,0,0,0,0,0,0
3,2,771.0,18.0,200.0,1.0,17.0,0,1,0,1,1,0,0,1,1,0,2.0,0,0,0,0,0,0,0,0,0,0,0,0,0,0,0,0,0,0,0,0,0,0,0,0,1,0,0,0,0,0,0,0,1
4,3,1445.0,20.0,456.0,1.0,7.0,8,0,0,1,0,1,0,0,1,0,2.0,1,0,1,0,1,0,1,1,1,0,1,0,1,0,0,0,0,0,0,0,0,0,0,0,1,0,1,0,0,0,0,0,1
4,4,6000.0,20.0,463.0,3.0,9.0,14,0,0,0,0,0,0,0,1,1,3.0,1,1,1,1,1,1,1,1,1,1,1,1,1,1,0,0,0,0,0,1,0,0,0,0,0,0,1,0,0,1,1,1,0
3,2,650.0,20.0,463.0,1.0,9.0,0,0,0,0,0,0,0,0,1,1,3.0,0,0,0,0,0,0,0,0,0,0,0,0,0,0,0,0,0,0,0,0,0,0,0,0,0,0,0,1,0,1,1,1,1
3,2,700.0,23.0,463.0,1.0,14.0,8,0,0,0,0,0,0,0,1,1,2.0,1,0,1,1,1,0,1,1,1,0,1,0,0,0,0,0,0,0,0,1,0,0,0,0,0,0,0,0,0,0,0,1,0
3,2,800.0,20.0,463.0,1.0,9.0,2,0,0,0,0,0,0,0,1,0,2.0,0,0,0,0,0,0,0,1,1,0,0,0,0,0,0,0,0,0,0,0,0,0,0,0,0,0,0,0,0,1,1,1,1
3,2,1200.0,30.0,816.0,4.0,7.0,9,0,0,0,0,0,0,0,1,1,2.0,1,0,1,1,1,0,1,1,1,0,1,0,1,0,0,0,0,0,0,1,0,0,0,0,0,0,1,0,0,0,0,0,0
2,2,825.0,34.0,542.0,2.0,6.0,6,0,1,1,1,0,0,1,1,0,2.0,0,0,1,0,1,0,0,1,1,0,1,0,1,0,1,0,0,0,0,0,0,0,0,0,0,0,0,0,1,0,0,0,0
3,2,945.0,5.0,463.0,1.0,9.0,3,0,0,0,0,0,0,0,1,0,1.0,1,0,0,0,0,0,0,1,0,0,1,0,0,0,1,0,0,0,0,0,0,0,0,0,0,0,0,0,0,1,0,1,1
3,2,860.0,20.0,463.0,1.0,9.0,8,0,0,0,1,0,0,0,1,1,1.0,0,0,0,1,1,1,1,1,1,0,1,0,1,0,0,0,0,0,0,0,0,0,0,0,1,0,0,0,0,1,1,1,0
3,2,1130.0,26.0,548.0,2.0,7.0,14,0,0,0,0,0,0,0,1,1,2.0,1,1,1,1,1,1,1,1,1,1,1,1,1,1,0,0,0,0,0,1,0,0,0,0,0,0,1,0,0,0,0,0,0
3,2,750.0,20.0,463.0,1.0,9.0,9,0,0,0,0,0,0,0,1,1,2.0,1,0,1,1,1,1,1,1,1,0,1,0,0,0,0,0,0,0,0,0,0,1,0,0,0,0,0,0,0,1,1,1,0
3,3,1050.0,20.0,463.0,1.0,9.0,10,0,0,0,0,0,0,0,1,1,1.0,1,0,1,1,1,0,1,1,1,1,1,0,1,0,0,0,0,0,0,0,0,0,0,0,0,0,0,0,1,1,1,1,1
3,2,1100.0,6.0,180.0,1.0,9.0,9,1,0,0,1,0,0,0,0,0,2.0,0,0,1,1,1,1,0,1,1,0,1,0,1,1,1,0,0,0,0,0,0,0,0,0,0,0,1,0,0,1,0,0,0
3,2,1001.0,20.0,400.0,1.0,9.0,9,0,0,0,0,0,0,0,1,0,1.0,1,1,1,0,1,0,0,1,1,1,1,0,1,0,0,0,0,0,0,0,0,0,0,0,0,0,0,0,0,1,1,0,1
2,2,726.0,11.0,1240.0,1.0,23.0,4,0,1,1,1,0,0,1,0,1,2.0,0,0,0,0,0,1,0,1,1,0,1,0,0,0,1,0,0,0,0,0,0,0,0,0,0,0,1,0,0,0,0,0,1
3,2,850.0,22.0,816.0,1.0,16.0,9,0,0,0,0,0,0,0,1,1,2.0,1,0,1,1,1,0,0,1,1,0,1,1,1,0,0,0,0,0,0,1,0,0,0,0,0,0,1,0,0,0,0,0,0
3,2,818.0,20.0,463.0,1.0,6.0,7,0,0,0,0,0,0,0,1,1,2.0,1,1,0,0,0,1,0,1,1,0,1,0,1,0,0,0,0,0,0,0,0,0,0,0,0,0,0,0,0,0,0,1,1
3,1,888.0,20.0,463.0,1.0,9.0,0,0,0,0,0,0,0,0,1,1,1.0,0,0,0,0,0,0,0,0,0,0,0,0,0,0,1,0,0,0,0,0,0,0,0,0,0,0,0,0,0,1,1,1,0
3,2,850.0,20.0,463.0,1.0,9.0,0,0,0,0,0,0,0,0,1,1,2.0,0,0,0,0,0,0,0,0,0,0,0,0,0,0,0,0,0,0,0,0,0,0,0,0,0,1,0,0,0,1,1,1,0
3,2,1200.0,20.0,450.0,2.0,1.0,7,0,0,0,0,0,0,0,1,1,2.0,0,0,1,0,1,0,0,1,1,1,1,0,1,0,0,0,0,0,0,1,0,0,0,0,0,0,1,0,0,0,1,0,0
3,2,880.0,5.0,90.0,1.0,9.0,4,0,0,0,0,0,0,0,1,0,2.0,0,0,0,0,1,0,0,1,1,0,1,0,0,0,0,0,0,0,0,0,0,0,0,0,1,0,0,0,0,1,0,0,0
3,2,1295.0,6.0,225.0,2.0,8.0,13,0,0,0,0,0,0,0,1,1,2.0,1,1,1,1,1,1,0,1,1,1,1,1,1,1,0,0,0,0,0,1,0,0,0,0,0,0,1,0,0,0,0,0,0
3,1,705.0,20.0,463.0,1.0,9.0,2,1,0,1,1,0,0,0,0,0,2.0,0,0,0,0,0,0,0,1,0,0,1,0,0,0,0,0,0,0,0,0,0,0,0,0,1,0,0,1,0,1,1,1,1
3,2,958.0,5.0,463.0,1.0,9.0,4,0,0,1,1,0,0,0,1,0,3.0,0,0,0,0,0,1,0,1,1,0,1,0,0,0,0,0,0,0,0,0,0,0,0,0,1,0,0,0,0,1,0,1,1
2,1,624.0,20.0,463.0,1.0,9.0,0,0,0,0,0,0,0,0,1,0,2.0,0,0,0,0,0,0,0,0,0,0,0,0,0,0,0,0,0,0,0,0,0,0,0,1,0,0,0,0,0,1,1,1,1
4,2,1340.0,19.0,436.0,1.0,16.0,7,1,1,0,1,1,0,1,0,0,1.0,0,0,1,0,1,1,0,1,1,0,1,0,1,0,1,0,0,0,0,0,0,0,0,0,0,0,1,0,0,0,0,0,0
3,2,1108.0,20.0,463.0,1.0,9.0,9,0,0,0,0,0,0,0,1,0,3.0,0,1,1,1,1,1,0,1,1,0,1,0,1,0,0,0,0,0,0,0,0,0,0,1,0,0,1,0,0,1,1,1,0
3,2,810.0,20.0,463.0,1.0,9.0,0,0,0,0,0,0,0,0,0,0,2.0,0,0,0,0,0,0,0,0,0,0,0,0,0,0,0,0,0,0,0,0,0,0,0,0,1,0,0,1,0,1,1,1,0
3,2,1249.0,33.0,256.0,2.0,3.0,7,0,0,0,0,0,0,0,1,1,2.0,0,0,1,0,0,1,0,1,1,1,1,0,1,0,0,0,0,0,0,1,0,0,0,0,0,0,1,0,0,0,0,0,0
3,2,700.0,12.0,463.0,2.0,23.0,0,0,0,0,0,0,0,0,1,1,2.0,0,0,0,0,0,0,0,0,0,0,0,0,0,0,0,0,0,0,0,1,0,0,0,0,0,0,0,0,0,0,0,1,0
3,2,925.0,16.0,196.0,2.0,15.0,0,0,0,0,0,0,0,0,1,0,3.0,0,0,0,0,0,0,0,0,0,0,0,0,0,0,0,0,0,0,0,0,0,0,0,0,0,0,0,0,0,0,0,0,0
3,2,900.0,42.0,2685.0,2.0,4.0,5,0,0,0,0,0,0,0,1,1,1.0,0,0,0,0,1,0,0,1,1,0,1,0,1,0,0,0,0,0,0,1,0,0,0,0,0,0,1,0,0,0,0,0,0
3,2,883.0,33.0,746.0,2.0,2.0,9,1,0,0,1,0,0,0,1,0,2.0,1,0,1,1,1,0,1,0,1,1,1,0,1,0,0,0,0,0,0,0,0,0,0,0,1,0,0,0,1,0,0,0,0
3,2,720.0,20.0,463.0,1.0,9.0,3,1,0,0,1,0,0,0,0,0,3.0,0,0,0,0,0,0,0,1,1,0,1,0,0,0,0,0,0,0,0,0,0,0,0,0,1,0,0,0,0,1,1,1,1
3,2,820.0,20.0,463.0,2.0,9.0,3,0,0,1,1,0,0,0,0,1,1.0,0,0,0,0,0,0,0,1,1,0,1,0,0,0,0,0,0,0,0,0,0,0,0,0,1,0,0,0,0,1,1,1,0
3,2,925.0,5.0,463.0,1.0,9.0,6,1,0,1,1,0,0,0,1,1,1.0,1,0,0,1,0,1,0,1,1,0,1,0,0,0,0,0,0,0,0,0,0,0,0,0,1,0,0,0,0,1,0,1,0
1,2,463.0,20.0,463.0,1.0,9.0,0,0,0,0,0,0,0,0,1,1,2.0,0,0,0,0,0,0,0,0,0,0,0,0,0,0,0,0,0,0,0,0,0,0,0,0,0,0,1,0,0,1,1,1,1
3,3,1646.0,44.0,378.0,2.0,5.0,9,0,0,0,0,0,0,0,1,1,3.0,1,0,1,0,1,0,1,1,1,1,1,0,1,0,0,0,0,0,0,1,0,0,0,0,0,0,1,0,0,0,0,0,0
3,2,1700.0,20.0,463.0,1.0,9.0,0,0,0,0,0,0,0,0,1,0,3.0,0,0,0,0,0,0,0,0,0,0,0,0,0,0,0,0,0,0,0,0,0,0,0,1,0,0,1,0,0,1,1,1,0
3,2,1050.0,14.0,463.0,1.0,30.0,0,0,0,0,0,0,0,0,1,1,2.0,0,0,0,0,0,0,0,0,0,0,0,0,0,0,1,0,0,0,0,0,0,0,0,0,0,0,0,0,0,0,0,1,0
3,2,818.0,5.0,463.0,1.0,9.0,5,0,0,0,0,0,0,0,0,1,1.0,0,0,0,0,1,0,0,1,1,0,1,0,1,0,0,0,0,0,0,0,0,0,0,0,1,0,0,0,0,1,0,1,0
3,2,926.0,20.0,463.0,2.0,9.0,9,0,0,0,0,0,0,0,1,1,1.0,1,1,1,1,1,0,0,1,1,0,1,0,1,0,0,0,0,0,0,0,0,0,0,0,1,0,0,0,1,1,1,1,0
3,3,1819.0,20.0,228.0,2.0,13.0,8,0,0,0,0,0,0,0,1,1,3.0,0,0,1,0,1,0,0,1,1,1,1,0,1,1,0,0,0,0,0,1,0,0,0,0,0,0,1,0,0,0,1,0,0
3,2,1034.0,20.0,505.0,2.0,9.0,8,0,0,0,0,0,0,0,1,1,2.0,1,1,1,0,1,0,0,1,1,0,1,0,1,0,0,0,0,0,0,0,0,0,0,0,1,0,0,0,0,1,1,0,0
2,1,600.0,4.0,192.0,2.0,9.0,4,1,1,0,1,1,0,1,1,1,2.0,1,0,0,0,0,0,0,1,1,0,1,0,0,0,1,0,0,0,0,0,0,0,0,0,0,0,0,0,0,1,0,0,0
3,2,720.0,17.0,3.0,1.0,31.0,2,0,0,0,0,0,0,0,1,0,2.0,0,0,0,0,1,0,0,1,0,0,0,0,0,0,0,0,0,0,0,1,0,0,0,0,0,0,0,0,0,0,0,0,0
3,2,850.0,20.0,463.0,1.0,9.0,0,0,0,0,0,0,0,0,1,1,2.0,0,0,0,0,0,0,0,0,0,0,0,0,0,0,0,0,0,0,0,0,0,0,0,0,0,0,0,0,0,1,1,1,1
3,2,929.0,20.0,463.0,2.0,9.0,9,0,0,0,0,0,0,0,0,1,2.0,0,0,1,1,1,1,0,1,1,1,1,0,1,0,0,0,1,0,0,0,0,0,0,0,0,0,0,0,0,1,1,1,0
3,3,1518.0,20.0,463.0,1.0,9.0,12,1,1,0,1,0,0,1,0,0,2.0,1,1,1,0,1,1,1,1,1,1,1,0,1,1,1,0,0,0,0,0,0,0,0,0,0,0,0,0,1,1,1,1,1
1,1,650.0,20.0,463.0,1.0,9.0,6,0,0,0,0,0,0,0,1,1,2.0,1,0,0,1,1,1,0,1,0,0,1,0,0,0,0,0,0,0,1,0,0,0,0,0,0,0,0,0,0,1,0,1,0
3,2,736.0,20.0,596.0,1.0,13.0,0,1,0,0,0,0,1,0,1,1,1.0,0,0,0,0,0,0,0,0,0,0,0,0,0,0,0,0,0,0,0,0,0,0,0,0,1,0,0,0,0,0,1,0,1
3,2,1036.0,20.0,463.0,2.0,9.0,0,0,0,0,0,0,0,0,1,1,2.0,0,0,0,0,0,0,0,0,0,0,0,0,0,0,0,0,0,0,0,0,0,0,0,0,0,0,0,0,1,1,1,1,0
2,2,650.0,44.0,2136.0,1.0,2.0,7,0,1,0,1,0,0,1,1,0,3.0,1,0,1,0,1,0,0,1,1,0,1,0,1,0,1,0,0,0,0,0,0,0,0,0,0,0,0,0,1,0,0,0,0
3,3,1250.0,36.0,981.0,2.0,8.0,11,0,0,0,0,0,0,0,1,1,2.0,1,0,1,1,1,0,1,1,1,1,1,0,1,1,1,0,0,0,0,0,0,0,0,0,0,0,1,0,0,0,0,0,0
3,2,852.0,12.0,463.0,1.0,23.0,6,1,0,1,1,0,0,0,1,0,3.0,0,0,0,0,1,1,1,1,1,0,1,0,0,0,0,0,0,0,0,0,0,0,0,0,1,0,0,0,0,0,0,1,0
4,4,1824.0,12.0,168.0,1.0,9.0,6,0,0,0,0,0,0,0,1,0,2.0,0,0,1,0,1,0,0,1,1,0,1,0,1,0,0,0,0,0,0,0,0,0,1,0,0,0,1,0,0,1,0,0,0
3,2,870.0,29.0,391.0,1.0,7.0,9,0,0,0,0,0,0,0,1,0,2.0,0,0,1,1,1,1,0,1,1,1,1,0,1,0,0,0,0,0,0,0,0,0,1,0,0,0,0,0,1,0,0,0,0
4,3,1250.0,20.0,463.0,1.0,9.0,12,0,0,0,0,0,0,0,1,1,1.0,1,0,1,1,0,1,1,1,1,1,1,1,1,1,0,0,0,0,0,0,0,0,0,0,0,0,0,0,0,1,1,1,1
3,2,1007.0,20.0,912.0,2.0,3.0,12,0,0,0,0,0,0,0,0,0,1.0,1,1,1,1,1,1,1,1,1,1,1,0,1,0,0,0,0,0,0,0,0,0,1,0,0,0,1,0,0,0,1,0,0
3,2,650.0,15.0,463.0,1.0,9.0,2,0,1,1,1,1,0,1,1,0,2.0,0,0,0,0,0,0,0,1,0,0,1,0,0,0,1,0,0,0,0,0,0,0,0,0,0,0,0,0,0,1,0,1,1
3,2,910.0,15.0,463.0,1.0,16.0,8,0,1,0,0,0,1,1,1,1,1.0,1,0,0,0,1,1,1,1,1,0,1,0,1,0,0,0,0,0,0,0,0,0,0,0,1,0,0,0,0,0,0,1,0
3,3,1225.0,20.0,463.0,1.0,6.0,5,0,0,0,0,0,0,0,1,1,2.0,0,0,0,0,1,0,1,1,1,0,0,0,1,0,0,0,0,0,0,0,0,0,0,0,0,0,1,0,0,0,1,1,0
3,2,700.0,20.0,463.0,1.0,9.0,1,1,0,1,1,0,0,1,1,0,2.0,0,0,0,0,1,0,0,0,0,0,0,0,0,0,1,0,0,0,0,0,0,0,0,0,0,0,0,1,0,1,1,1,1
3,2,900.0,43.0,474.0,1.0,7.0,4,0,0,0,0,0,0,0,1,1,2.0,0,0,0,0,0,0,0,1,1,0,1,0,1,0,0,0,0,0,0,0,0,0,0,0,1,0,1,0,0,0,0,0,1
3,2,936.0,38.0,420.0,3.0,12.0,14,0,0,0,0,0,0,0,1,1,2.0,1,1,1,1,1,1,1,1,1,1,1,1,1,1,0,0,0,0,0,1,0,0,0,0,0,0,1,0,0,0,0,0,0
3,2,900.0,5.0,463.0,1.0,26.0,5,1,1,1,1,0,0,1,1,1,2.0,1,0,0,0,0,1,0,1,1,0,1,0,0,0,0,0,0,0,0,0,0,0,0,0,1,0,0,0,0,0,0,1,1
4,2,1722.0,20.0,463.0,1.0,9.0,9,0,0,0,0,0,0,0,1,1,1.0,0,0,1,1,1,0,0,1,1,0,1,1,1,1,0,0,0,0,0,0,0,0,0,0,0,0,1,0,0,1,1,1,1
3,2,928.0,20.0,463.0,2.0,9.0,3,1,1,1,1,1,0,1,1,0,2.0,0,0,0,0,1,0,0,1,0,0,1,0,0,0,0,0,0,0,0,0,0,0,0,0,1,0,0,0,0,1,1,1,0
1,1,614.0,11.0,488.0,1.0,8.0,7,0,0,0,0,0,0,0,1,1,1.0,0,0,1,0,1,0,0,1,1,1,1,0,1,0,0,0,0,0,0,0,0,0,0,0,0,0,1,0,0,0,0,0,0
3,2,1130.0,20.0,463.0,2.0,9.0,10,0,0,0,0,0,0,0,1,1,3.0,1,0,1,1,1,0,1,1,1,0,1,1,1,0,0,0,0,0,0,1,0,0,0,0,0,0,1,0,0,1,1,1,0
3,2,1161.0,10.0,396.0,1.0,16.0,5,1,1,1,1,0,0,0,1,1,1.0,0,0,1,0,0,0,0,1,1,0,1,0,1,0,0,0,0,0,0,0,0,0,0,0,1,0,1,0,0,0,0,0,0
3,2,870.0,29.0,391.0,1.0,7.0,9,0,0,0,0,0,0,0,1,0,2.0,0,0,1,1,1,1,1,1,1,0,1,0,1,0,0,0,0,0,0,0,0,0,1,0,0,0,0,0,1,0,0,0,0
3,2,914.0,20.0,463.0,1.0,9.0,0,0,0,0,0,0,0,0,1,1,1.0,0,0,0,0,0,0,0,0,0,0,0,0,0,0,0,1,0,0,0,0,0,0,0,0,0,0,0,0,0,1,1,1,1
3,2,850.0,20.0,463.0,1.0,9.0,5,0,0,0,0,0,0,0,0,0,1.0,0,0,0,0,1,1,0,1,1,0,1,0,0,0,0,0,0,0,0,0,0,0,0,0,1,0,0,0,0,1,1,1,0
2,1,550.0,20.0,463.0,1.0,9.0,0,0,1,0,1,1,0,1,0,0,1.0,0,0,0,0,0,0,0,0,0,0,0,0,0,0,1,0,0,0,0,0,0,0,0,0,0,0,0,1,0,1,1,1,1
4,3,1661.0,41.0,192.0,2.0,12.0,7,1,1,1,1,1,1,0,1,1,2.0,0,0,1,0,1,0,0,0,1,0,1,1,1,1,1,0,0,0,0,0,0,0,0,0,0,0,1,0,0,0,0,0,0
3,2,1025.0,32.0,228.0,1.0,3.0,7,1,0,1,1,0,0,0,1,1,1.0,0,0,1,0,0,1,1,1,1,0,1,0,1,0,1,0,0,0,0,0,0,0,0,0,0,0,1,0,0,0,0,0,0
3,2,650.0,2.0,463.0,1.0,9.0,0,0,0,1,1,0,0,0,1,1,2.0,0,0,0,0,0,0,0,0,0,0,0,0,0,0,0,0,0,0,0,0,0,0,0,0,1,0,0,0,0,1,0,1,0
3,2,1021.0,20.0,463.0,1.0,9.0,14,1,1,1,1,1,0,0,1,0,3.0,1,1,1,1,1,1,1,1,1,1,1,1,1,1,1,0,0,0,0,0,0,0,0,0,0,0,0,0,1,1,1,1,0
1,1,633.0,21.0,720.0,1.0,9.0,10,1,1,1,1,0,0,1,1,0,1.0,1,1,1,1,1,1,0,1,1,0,1,0,1,0,1,0,0,0,0,0,0,0,0,0,0,0,0,0,1,0,0,0,1
1,1,476.0,20.0,561.0,1.0,9.0,9,0,0,0,0,0,0,0,1,1,2.0,0,0,1,1,0,1,1,1,1,0,1,0,1,1,0,0,0,0,0,0,0,0,0,0,0,0,0,0,0,0,1,0,1
3,2,1000.0,38.0,203.0,2.0,10.0,14,0,0,0,0,0,0,0,1,1,1.0,1,1,1,1,1,1,1,1,1,1,1,1,1,1,0,0,0,0,0,1,0,0,0,0,0,0,1,0,0,0,0,0,0
3,2,1463.0,33.0,490.0,1.0,3.0,8,0,0,0,0,0,0,0,1,1,2.0,1,0,1,1,1,0,1,1,0,0,1,0,1,0,0,0,0,0,0,1,0,0,0,0,0,0,1,0,0,0,0,0,1
2,3,950.0,20.0,450.0,2.0,1.0,0,0,0,0,0,0,0,0,1,1,2.0,0,0,0,0,0,0,0,0,0,0,0,0,0,0,0,0,0,0,0,1,0,0,0,0,0,0,1,0,0,0,1,0,0
3,2,700.0,20.0,463.0,1.0,9.0,2,0,0,0,0,0,0,0,1,1,2.0,0,0,0,0,0,0,0,1,1,0,0,0,0,0,0,0,0,0,0,0,0,1,0,0,0,0,0,0,0,1,1,1,1
3,2,700.0,21.0,406.0,1.0,25.0,6,0,0,0,0,0,0,0,1,1,2.0,0,0,0,0,1,1,0,1,1,0,1,0,1,0,0,0,0,0,0,1,0,0,0,0,0,0,1,0,0,0,0,0,0
3,2,800.0,4.0,463.0,1.0,9.0,0,0,0,0,0,1,0,0,1,1,3.0,0,0,0,0,0,0,0,0,0,0,0,0,0,0,0,0,0,0,0,0,0,0,0,0,1,0,0,1,0,1,0,1,0
3,2,850.0,49.0,2155.0,2.0,7.0,0,0,0,0,0,0,0,0,1,0,2.0,0,0,0,0,0,0,0,0,0,0,0,0,0,0,0,0,0,0,0,1,0,0,0,0,0,0,1,0,0,0,0,0,0
3,2,1295.0,20.0,463.0,1.0,9.0,8,1,1,1,1,1,1,1,1,1,2.0,1,0,0,1,0,1,0,1,1,0,1,0,1,1,1,0,0,0,0,0,0,0,0,0,0,0,1,0,0,1,1,1,1
3,2,900.0,20.0,463.0,1.0,9.0,6,0,0,0,0,0,0,0,1,0,3.0,0,0,0,1,0,1,0,1,0,1,1,0,1,0,0,0,0,0,0,1,0,0,0,0,0,0,0,0,0,1,1,1,0
3,2,1024.0,4.0,463.0,1.0,9.0,0,0,0,0,0,0,0,0,1,0,1.0,0,0,0,0,0,0,0,0,0,0,0,0,0,0,0,0,0,0,0,0,0,0,0,0,0,0,0,0,0,1,0,1,1
2,1,560.0,20.0,463.0,1.0,9.0,0,1,1,1,1,0,0,1,1,1,3.0,0,0,0,0,0,0,0,0,0,0,0,0,0,0,0,0,0,0,0,0,0,0,0,0,1,0,0,1,0,1,1,1,1
2,1,550.0,20.0,463.0,1.0,9.0,0,0,0,0,0,0,0,0,1,0,1.0,0,0,0,0,0,0,0,0,0,0,0,0,0,0,0,0,0,0,0,0,0,0,0,0,0,0,0,1,0,1,1,1,0
3,2,1040.0,28.0,700.0,1.0,7.0,7,1,1,1,1,1,0,0,1,0,2.0,0,1,1,0,0,1,0,1,1,0,1,0,1,0,1,0,0,0,0,0,0,0,0,0,0,0,0,0,1,0,0,0,1
3,2,835.0,15.0,463.0,1.0,9.0,2,1,0,0,1,0,0,0,0,0,2.0,0,0,0,0,0,0,0,1,0,0,1,0,0,0,0,0,0,0,0,0,0,0,0,0,1,0,0,0,0,1,0,1,1
3,2,850.0,20.0,463.0,1.0,9.0,0,0,0,0,0,0,0,0,1,1,1.0,0,0,0,0,0,0,0,0,0,0,0,0,0,0,0,0,0,0,0,0,0,0,0,0,0,0,0,0,0,1,1,1,0
3,2,1000.0,20.0,463.0,1.0,9.0,5,0,0,0,0,0,0,0,1,0,2.0,0,0,1,0,1,0,0,1,0,0,1,0,1,0,0,0,0,0,0,0,0,0,0,1,0,0,0,0,0,1,1,1,0
3,2,1250.0,30.0,461.0,1.0,4.0,0,0,0,0,0,0,0,0,0,1,2.0,0,0,0,0,0,0,0,0,0,0,0,0,0,0,0,0,0,0,0,0,0,0,0,0,1,0,1,0,0,0,0,0,1
3,2,1076.0,20.0,463.0,1.0,9.0,6,0,0,0,0,0,0,0,1,1,2.0,1,0,1,1,0,0,1,0,1,0,0,0,1,0,0,0,0,0,0,1,0,0,0,0,0,0,0,0,0,1,1,1,1
4,4,1710.0,20.0,670.0,2.0,9.0,12,1,0,1,1,0,0,0,1,1,1.0,1,1,1,1,1,0,1,1,1,1,1,1,1,0,1,0,0,0,0,0,0,0,0,0,0,0,1,0,0,0,1,0,0
3,2,850.0,20.0,463.0,1.0,9.0,3,0,0,0,0,0,0,0,1,0,2.0,0,0,0,0,0,0,0,1,1,0,1,0,0,0,0,0,0,0,0,0,0,0,0,0,0,1,0,0,0,1,1,1,0
3,2,950.0,20.0,463.0,1.0,9.0,0,0,0,0,0,0,0,0,1,0,2.0,0,0,0,0,0,0,0,0,0,0,0,0,0,0,0,0,0,0,0,0,0,0,0,0,0,0,0,0,0,1,1,1,1
3,2,1052.0,20.0,463.0,2.0,9.0,0,0,0,0,0,0,0,0,1,1,2.0,0,0,0,0,0,0,0,0,0,0,0,0,0,0,0,0,0,0,0,0,0,0,0,0,0,1,0,0,0,1,1,1,0
3,2,893.0,49.0,2155.0,1.0,7.0,7,0,0,0,0,0,0,0,1,0,2.0,0,0,1,0,1,0,1,1,1,0,1,0,1,0,0,0,0,0,0,1,0,0,0,0,0,0,1,0,0,0,0,0,1
3,2,1227.0,17.0,676.0,2.0,3.0,7,0,0,0,0,0,0,0,1,1,3.0,0,0,1,1,1,0,0,1,1,0,1,0,1,0,0,0,0,0,0,0,0,1,0,0,0,0,1,0,0,0,0,0,0
3,3,1557.0,20.0,463.0,2.0,9.0,7,0,0,0,0,0,0,0,1,0,2.0,1,0,1,0,1,0,0,1,1,0,1,0,1,0,0,0,0,0,0,0,0,0,1,0,0,0,1,0,0,1,1,1,0
2,1,750.0,20.0,463.0,1.0,9.0,1,0,0,0,0,0,0,0,1,1,1.0,0,0,0,0,0,1,0,0,0,0,0,0,0,0,0,0,0,0,0,0,0,0,1,0,0,0,0,1,0,1,1,1,1
3,2,1055.0,22.0,1074.0,1.0,13.0,9,0,1,0,0,1,0,0,1,0,3.0,0,0,1,1,1,0,0,1,1,1,1,0,1,1,0,0,0,0,0,0,0,0,0,0,1,0,1,0,0,0,0,0,0
3,2,1052.0,38.0,463.0,1.0,13.0,7,0,0,0,0,0,0,0,1,0,2.0,1,0,1,0,1,0,0,1,0,0,1,1,1,0,0,0,0,0,0,1,0,0,0,0,0,0,1,0,0,0,0,1,0
3,2,850.0,22.0,816.0,2.0,16.0,9,0,0,0,0,0,0,0,1,1,2.0,1,0,1,1,1,0,0,1,1,0,1,1,1,0,0,0,0,0,0,1,0,0,0,0,0,0,1,0,0,0,0,0,0
1,1,460.0,21.0,463.0,1.0,19.0,9,0,0,0,0,0,0,0,1,0,2.0,0,0,1,1,1,1,0,1,1,0,1,0,1,1,0,0,0,0,0,0,0,0,0,0,1,0,1,0,0,0,0,1,0
4,2,1062.0,25.0,588.0,1.0,18.0,8,1,1,1,1,0,0,1,1,1,1.0,0,0,0,0,1,1,1,1,1,0,1,0,1,1,0,0,0,0,0,0,0,0,0,0,1,0,0,0,1,0,0,0,0
3,2,1113.0,38.0,463.0,2.0,13.0,7,0,0,0,0,0,0,0,1,0,3.0,1,0,1,0,1,0,0,1,0,0,1,1,1,0,0,0,0,0,0,1,0,0,0,0,0,0,1,0,0,0,0,1,0
3,2,1316.0,20.0,463.0,1.0,9.0,6,0,0,0,0,0,0,0,1,0,2.0,0,0,0,1,0,0,0,1,1,0,1,0,1,1,0,0,0,0,0,0,0,0,0,1,0,0,1,0,0,1,1,1,0
3,2,1182.0,25.0,300.0,2.0,8.0,10,0,0,0,0,0,0,0,1,1,2.0,1,0,1,0,1,1,1,1,1,1,1,0,1,0,0,0,0,0,0,1,0,0,0,0,0,0,1,0,0,0,0,0,0
3,2,887.0,30.0,808.0,2.0,10.0,10,0,0,0,0,0,0,0,1,1,2.0,0,0,1,0,1,1,0,1,1,1,1,1,1,1,0,0,0,0,0,1,0,0,0,0,0,0,1,0,0,0,0,0,0
2,1,600.0,20.0,463.0,1.0,9.0,14,0,0,0,0,0,0,0,1,0,2.0,1,1,1,1,1,1,1,1,1,1,1,1,1,1,0,0,0,0,0,0,0,0,0,0,0,0,0,1,0,1,1,1,1
3,2,800.0,20.0,1900.0,2.0,7.0,3,0,0,0,0,0,0,0,1,0,2.0,0,0,0,0,1,0,0,1,0,0,1,0,0,0,0,0,0,0,0,1,0,0,0,0,0,0,0,0,0,0,1,0,0
2,1,688.0,20.0,463.0,1.0,9.0,0,0,0,0,0,0,0,0,1,1,2.0,0,0,0,0,0,0,0,0,0,0,0,0,0,0,0,1,0,0,0,0,0,0,0,0,0,0,0,0,1,1,1,1,0
3,2,1052.0,20.0,463.0,1.0,9.0,0,0,0,0,0,0,0,0,1,1,2.0,0,0,0,0,0,0,0,0,0,0,0,0,0,0,0,0,0,0,0,0,0,0,0,0,1,0,0,0,0,1,1,1,1
3,2,947.0,22.0,396.0,2.0,6.0,9,0,0,0,0,0,0,0,1,0,2.0,1,1,1,1,0,0,0,1,1,1,1,0,0,1,0,0,0,0,0,1,0,0,0,0,0,0,1,0,0,0,0,0,0
3,2,941.0,8.0,463.0,1.0,9.0,5,0,0,0,0,0,0,0,0,0,1.0,0,0,0,0,0,0,0,1,1,1,1,0,1,0,1,0,0,0,0,0,0,0,0,0,0,0,0,0,0,1,0,1,0
3,2,700.0,22.0,463.0,1.0,18.0,4,0,0,0,0,0,0,0,1,0,2.0,0,0,0,0,1,0,0,1,1,0,1,0,0,0,0,0,0,0,0,1,0,0,0,0,0,0,0,0,0,0,0,1,0
3,2,791.0,20.0,463.0,1.0,9.0,4,0,0,0,0,0,1,0,0,1,3.0,0,0,0,0,0,0,0,1,1,0,1,0,0,1,0,0,0,0,0,0,0,0,0,0,1,0,0,0,0,1,1,1,0
1,1,434.0,20.0,463.0,1.0,9.0,5,0,0,0,0,0,0,0,1,1,2.0,0,0,0,0,1,1,0,0,1,0,1,0,1,0,0,0,0,0,0,0,0,0,0,0,0,0,0,0,0,1,1,1,1
3,2,835.0,20.0,463.0,1.0,9.0,0,1,0,0,0,1,0,1,0,0,1.0,0,0,0,0,0,0,0,0,0,0,0,0,0,0,0,0,0,0,0,0,0,0,0,0,1,0,0,0,0,1,1,1,1
3,2,710.0,18.0,463.0,1.0,9.0,0,0,0,0,0,0,0,0,1,1,3.0,0,0,0,0,0,0,0,0,0,0,0,0,0,0,0,0,0,0,0,0,0,0,0,0,1,0,0,0,0,1,0,1,0
4,5,2266.0,28.0,463.0,1.0,9.0,8,0,0,0,0,0,0,0,1,0,3.0,0,0,1,0,0,1,0,1,1,1,1,0,1,1,0,0,0,0,0,0,0,0,1,0,0,0,1,0,0,1,0,1,1
3,2,750.0,20.0,463.0,1.0,9.0,4,0,0,0,0,0,0,0,1,1,3.0,0,0,0,0,1,1,0,1,0,0,1,0,0,0,0,0,0,0,0,0,0,0,0,0,1,0,0,0,0,1,1,1,0
3,2,1151.0,20.0,463.0,1.0,9.0,3,0,0,0,0,0,0,0,1,1,2.0,0,0,0,0,1,0,0,1,0,0,1,0,0,0,0,0,0,0,0,0,0,0,0,0,0,0,0,0,1,1,1,1,0
3,2,1130.0,5.0,463.0,1.0,9.0,0,0,0,0,0,0,0,0,1,1,3.0,0,0,0,0,0,0,0,0,0,0,0,0,0,0,0,0,0,0,0,0,0,0,0,0,0,0,0,0,0,1,0,1,1
3,2,1598.0,42.0,670.0,2.0,6.0,7,0,0,0,0,0,0,0,1,1,2.0,0,0,1,0,1,0,1,1,1,0,1,0,1,0,0,0,0,0,0,1,0,0,0,0,0,0,1,0,0,0,0,0,0
5,4,2080.0,20.0,698.0,1.0,18.0,0,0,0,0,0,0,0,0,1,0,2.0,0,0,0,0,0,0,0,0,0,0,0,0,0,0,0,0,0,0,0,0,0,0,0,0,0,0,0,0,0,0,1,0,1
2,1,600.0,6.0,210.0,1.0,19.0,5,0,0,0,0,0,0,0,1,0,1.0,0,0,0,0,1,1,0,1,1,0,1,0,0,0,0,0,0,0,0,1,0,0,0,0,0,0,0,0,0,0,0,0,0
4,2,1349.0,28.0,134.0,1.0,15.0,8,0,0,0,0,0,0,0,1,1,1.0,1,0,1,0,1,0,1,1,1,0,1,0,1,0,0,0,0,0,0,1,0,0,0,0,0,0,1,0,0,0,0,0,0
3,2,810.0,20.0,463.0,1.0,9.0,0,0,0,0,0,0,0,0,1,0,2.0,0,0,0,0,0,0,0,0,0,0,0,0,0,0,1,0,0,0,0,0,0,0,0,0,0,0,0,0,1,1,1,1,0
3,2,1012.0,23.0,744.0,3.0,9.0,10,0,0,0,1,0,0,1,1,1,2.0,1,0,1,0,1,1,1,1,1,1,1,0,1,0,0,0,0,0,0,0,0,0,0,0,1,0,0,0,1,0,0,0,0
1,1,618.0,28.0,467.0,1.0,8.0,9,0,0,1,0,0,0,0,1,0,2.0,1,1,1,1,0,0,1,1,1,1,1,0,0,0,1,0,0,0,0,0,0,0,0,0,0,0,0,0,1,0,0,0,1
3,2,980.0,5.0,463.0,1.0,9.0,6,1,0,1,1,0,0,0,1,0,1.0,1,0,0,1,0,1,0,1,1,0,1,0,0,0,0,0,0,0,0,0,0,0,0,0,1,0,0,0,0,1,0,1,0
3,2,700.0,17.0,3.0,1.0,31.0,0,0,0,0,0,0,0,0,1,0,2.0,0,0,0,0,0,0,0,0,0,0,0,0,0,0,0,0,0,0,0,1,0,0,0,0,0,0,0,0,0,0,0,0,0
3,2,1085.0,24.0,467.0,2.0,14.0,11,1,0,0,1,1,0,1,1,1,2.0,1,1,1,1,0,1,0,1,1,0,1,1,1,1,1,0,0,0,0,0,0,0,0,0,0,0,0,0,1,0,0,0,0
3,2,1040.0,28.0,700.0,2.0,7.0,7,1,1,1,1,1,0,0,1,0,3.0,0,1,1,0,0,1,0,1,1,0,1,0,1,0,1,0,0,0,0,0,0,0,0,0,0,0,0,0,1,0,0,0,0
3,2,680.0,22.0,714.0,1.0,9.0,6,0,0,0,0,0,0,0,1,0,1.0,0,0,0,0,1,1,1,1,1,0,1,0,0,0,0,0,0,0,0,1,0,0,0,0,0,0,0,0,0,1,0,0,0
3,2,1015.0,21.0,800.0,1.0,17.0,7,1,0,0,1,1,0,1,1,0,3.0,0,0,0,0,1,1,1,1,1,0,1,0,1,0,1,0,0,0,0,0,0,0,0,0,0,0,0,0,0,0,0,0,0
3,2,850.0,20.0,463.0,2.0,9.0,0,0,0,0,1,0,0,0,1,1,2.0,0,0,0,0,0,0,0,0,0,0,0,0,0,0,0,0,0,0,0,0,0,0,0,0,1,0,0,0,0,1,1,1,0
5,4,2400.0,20.0,463.0,3.0,9.0,10,0,0,0,0,0,0,0,1,1,3.0,0,0,1,0,1,1,0,1,1,1,1,1,1,1,0,0,0,0,0,0,0,0,0,0,0,1,1,0,0,1,1,1,0
3,2,720.0,20.0,463.0,1.0,9.0,2,0,0,0,0,0,0,0,1,1,2.0,0,0,0,0,1,0,0,0,0,0,1,0,0,0,0,0,0,0,0,1,0,0,0,0,0,0,0,0,0,1,1,1,1
3,2,1012.0,22.0,531.0,2.0,12.0,7,0,0,0,0,0,0,0,1,0,2.0,1,0,1,1,0,0,0,1,1,0,1,0,1,0,0,0,0,0,0,1,0,0,0,0,0,0,1,0,0,0,0,0,0
3,2,1001.0,22.0,246.0,2.0,17.0,5,0,0,0,0,0,0,0,1,1,2.0,0,0,0,0,1,1,0,1,1,0,1,0,0,0,0,0,0,0,0,0,0,0,0,0,1,0,0,0,0,0,0,0,0
3,2,1060.0,25.0,237.0,1.0,27.0,8,0,0,0,0,0,0,0,1,1,2.0,1,0,1,0,1,0,1,1,1,0,1,0,1,0,0,0,0,0,0,1,0,0,0,0,0,0,1,0,0,0,0,0,0
3,2,786.0,18.0,463.0,1.0,9.0,4,1,0,1,1,0,1,0,1,1,2.0,0,0,0,0,0,0,0,1,1,1,1,0,0,0,0,0,0,0,0,0,0,0,0,0,1,0,0,0,0,1,0,1,0
3,2,650.0,2.0,463.0,1.0,9.0,0,0,0,1,1,0,0,0,1,1,2.0,0,0,0,0,0,0,0,0,0,0,0,0,0,0,0,0,0,0,0,0,0,0,0,0,1,0,0,0,0,1,0,1,1
3,2,900.0,5.0,463.0,1.0,16.0,0,0,0,0,0,0,0,0,1,1,3.0,0,0,0,0,0,0,0,0,0,0,0,0,0,0,0,0,0,0,0,0,0,0,0,0,1,0,0,0,0,0,0,1,1
4,2,1313.0,20.0,463.0,3.0,9.0,9,1,1,1,1,1,0,0,1,0,3.0,1,1,1,0,0,1,0,1,1,1,1,0,1,0,1,0,0,0,0,0,0,0,0,0,0,0,1,0,0,1,1,1,0
5,2,928.0,20.0,463.0,2.0,9.0,0,1,0,1,1,1,0,0,1,1,3.0,0,0,0,0,0,0,0,0,0,0,0,0,0,0,1,0,0,0,0,0,0,0,0,0,0,0,0,0,1,1,1,1,0
3,1,679.0,20.0,463.0,1.0,9.0,1,0,0,0,0,0,0,0,1,1,2.0,0,0,0,0,0,1,0,0,0,0,0,0,0,0,0,0,0,0,0,0,0,0,0,0,1,0,0,0,0,1,1,1,1
3,2,1100.0,5.0,463.0,1.0,9.0,2,1,0,1,1,0,0,1,1,1,2.0,0,0,0,0,0,0,0,1,0,0,1,0,0,0,1,0,0,0,0,0,0,0,0,0,0,0,0,0,0,1,0,1,1
3,2,700.0,20.0,463.0,1.0,9.0,1,1,1,1,1,1,0,1,0,0,2.0,0,0,0,0,0,0,0,1,0,0,0,0,0,0,0,0,0,0,0,0,0,0,0,0,1,0,0,0,0,1,1,1,1
3,2,800.0,6.0,463.0,1.0,9.0,2,0,0,0,0,0,0,0,0,0,2.0,0,0,0,0,0,0,0,1,1,0,0,0,0,0,0,0,0,0,0,0,0,0,0,0,1,0,0,0,0,1,0,1,0
3,2,970.0,16.0,1000.0,1.0,9.0,9,1,1,1,1,0,0,1,1,0,2.0,0,0,1,1,1,1,1,1,1,0,1,0,1,0,0,0,0,0,0,0,0,0,0,0,1,0,1,0,0,1,0,0,1
3,2,1528.0,20.0,463.0,1.0,9.0,8,0,0,0,0,0,0,0,1,0,2.0,1,1,1,1,0,0,0,1,1,0,1,0,1,0,0,0,0,0,0,0,0,0,0,1,0,0,1,0,0,1,1,1,1
3,2,755.0,5.0,463.0,1.0,9.0,0,0,0,0,0,0,0,0,1,1,2.0,0,0,0,0,0,0,0,0,0,0,0,0,0,0,0,0,0,0,0,0,0,0,0,0,1,0,0,0,0,1,0,1,0
2,1,580.0,20.0,463.0,1.0,9.0,0,1,0,1,1,0,0,0,0,0,2.0,0,0,0,0,0,0,0,0,0,0,0,0,0,0,0,0,0,0,0,0,0,0,0,0,1,0,0,0,0,1,1,1,0
3,2,900.0,42.0,670.0,2.0,6.0,5,0,0,0,0,0,0,0,1,1,3.0,0,0,1,0,1,0,0,1,0,0,1,0,1,0,0,0,0,0,0,1,0,0,0,0,0,0,1,0,0,0,0,0,0
2,1,550.0,20.0,463.0,1.0,9.0,0,0,0,0,0,0,0,0,1,0,2.0,0,0,0,0,0,0,0,0,0,0,0,0,0,0,0,0,0,0,0,1,0,0,0,0,0,0,0,1,0,1,1,1,1
3,2,1050.0,20.0,463.0,1.0,9.0,12,0,0,0,0,0,0,0,0,1,3.0,1,1,1,1,0,1,1,1,1,1,1,1,0,1,0,0,0,0,0,0,0,0,0,0,1,0,0,1,0,1,1,1,0
4,3,1458.0,20.0,1188.0,1.0,21.0,13,1,1,1,1,0,0,0,1,1,3.0,1,1,1,1,0,1,1,1,1,1,1,1,1,1,0,0,0,0,0,0,0,0,0,0,1,0,1,0,0,0,1,0,0
3,2,883.0,20.0,156.0,1.0,8.0,7,0,0,1,0,0,0,0,1,0,2.0,0,0,1,0,1,0,1,1,1,0,1,0,1,0,0,0,0,0,0,0,0,0,0,0,1,0,0,0,1,0,1,0,1
3,2,1088.0,20.0,809.0,1.0,3.0,4,0,0,0,0,0,0,0,1,1,2.0,0,0,1,0,0,0,0,0,1,1,0,0,1,0,0,1,0,0,0,0,0,0,0,0,0,0,0,0,1,0,1,0,1
3,2,970.0,11.0,463.0,1.0,20.0,3,0,0,0,0,0,0,0,1,0,1.0,0,0,0,0,0,1,0,1,0,0,1,0,0,0,0,0,0,0,0,1,0,0,0,0,0,0,0,0,0,0,0,1,0
3,2,1223.0,20.0,463.0,1.0,9.0,7,0,0,0,0,0,0,0,1,0,2.0,0,0,1,0,1,0,0,1,1,0,1,1,1,0,0,0,0,0,0,0,0,0,0,0,0,1,1,0,0,1,1,1,0
2,1,554.0,20.0,463.0,1.0,9.0,3,0,0,0,0,0,0,0,1,1,3.0,0,0,0,0,1,0,0,1,0,0,1,0,0,0,0,0,0,0,0,0,0,0,0,0,0,1,0,0,1,1,1,1,0
3,2,813.0,21.0,463.0,1.0,9.0,5,1,0,1,0,0,1,0,1,0,2.0,0,0,1,0,0,1,0,1,0,0,1,0,1,0,0,0,0,0,0,0,0,0,0,0,1,0,0,0,0,1,0,1,1
3,2,1010.0,42.0,1932.0,2.0,6.0,8,0,0,1,1,0,0,0,0,0,2.0,1,0,0,1,1,0,1,1,1,0,1,0,1,0,0,0,0,0,0,0,0,0,0,0,1,0,1,0,0,0,0,0,0
3,2,850.0,42.0,1311.0,2.0,2.0,14,0,0,0,0,0,0,0,0,1,3.0,1,1,1,1,1,1,1,1,1,1,1,1,1,1,0,0,0,0,0,0,0,0,0,0,1,0,1,0,0,0,0,0,0
2,2,850.0,36.0,498.0,1.0,6.0,4,1,1,1,1,1,0,0,1,1,2.0,1,0,0,0,0,0,1,0,1,0,0,0,1,0,0,0,0,0,0,0,0,0,0,0,1,0,0,0,1,0,0,0,1
3,2,700.0,25.0,463.0,2.0,9.0,5,0,0,0,0,0,0,0,1,0,2.0,0,0,0,1,1,0,1,1,0,0,1,0,0,0,0,0,0,0,0,1,0,0,0,0,0,0,0,0,0,1,0,1,0
3,2,703.0,4.0,463.0,1.0,9.0,2,0,0,0,0,0,0,0,1,0,3.0,0,0,0,0,0,0,0,1,0,0,1,0,0,0,0,0,0,0,0,0,0,0,0,1,0,0,0,0,0,1,0,1,1
3,2,909.0,17.0,1128.0,1.0,18.0,8,1,1,1,1,1,1,1,0,0,2.0,0,0,1,1,1,1,0,1,1,0,1,0,1,0,1,0,0,0,0,0,0,0,0,0,0,0,1,0,0,0,0,0,0
3,1,615.0,12.0,463.0,1.0,9.0,4,0,0,0,0,0,0,0,0,0,2.0,0,0,0,0,0,1,0,1,0,0,1,0,1,0,1,0,0,0,0,0,0,0,0,0,0,0,0,0,0,1,0,1,0
3,2,947.0,8.0,463.0,1.0,9.0,4,0,0,0,0,0,0,0,1,1,2.0,0,0,0,0,1,0,0,1,1,0,1,0,0,0,0,0,0,0,0,0,0,0,0,0,1,0,0,0,0,1,0,1,0
4,2,1179.0,20.0,300.0,1.0,9.0,8,0,0,0,0,0,0,0,1,1,2.0,1,0,1,1,1,0,0,1,1,0,1,0,1,0,0,0,0,0,0,0,0,0,0,0,0,0,0,0,0,1,1,0,0
3,2,1295.0,36.0,1022.0,1.0,16.0,9,1,0,1,1,0,0,0,1,1,1.0,1,0,1,1,0,1,0,0,1,1,1,0,1,1,1,0,0,0,0,0,0,0,0,0,0,0,1,0,0,0,0,0,1
3,2,650.0,20.0,463.0,1.0,9.0,3,0,0,0,0,0,0,0,1,0,2.0,0,0,0,0,1,0,0,1,1,0,0,0,0,0,0,0,0,0,0,0,0,0,0,0,1,0,0,1,0,1,1,1,1
1,1,500.0,30.0,551.0,2.0,7.0,11,0,0,0,0,0,0,1,1,1,3.0,1,0,1,1,1,1,1,1,1,1,1,0,1,0,0,0,0,0,0,0,0,0,0,0,1,0,0,0,1,0,0,0,0
4,2,850.0,5.0,463.0,1.0,9.0,1,0,0,0,0,0,0,0,0,0,1.0,0,0,0,0,0,0,0,0,1,0,0,0,0,0,0,0,0,0,0,0,0,0,0,0,0,0,0,0,0,1,0,1,1
3,2,800.0,21.0,406.0,1.0,25.0,0,0,0,0,0,0,0,0,1,1,2.0,0,0,0,0,0,0,0,0,0,0,0,0,0,0,0,0,0,0,0,1,0,0,0,0,0,0,1,0,0,0,0,0,1
3,2,710.0,3.0,463.0,1.0,9.0,1,0,0,0,0,0,0,0,1,0,1.0,0,0,0,0,0,0,0,1,0,0,0,0,0,0,0,0,0,0,0,0,0,0,0,0,0,0,0,0,0,1,0,1,1
3,2,810.0,20.0,1.0,1.0,16.0,4,0,0,1,1,0,0,0,1,1,2.0,0,0,0,0,0,1,0,1,0,0,1,0,1,0,1,0,0,0,0,0,0,0,0,0,0,0,1,0,0,0,0,0,0
2,1,760.0,24.0,1235.0,2.0,2.0,7,0,0,0,0,0,0,0,1,1,2.0,0,0,1,1,0,0,0,1,1,1,1,0,1,0,0,0,0,0,0,1,0,0,0,0,0,0,1,0,0,0,0,0,0
3,2,1144.0,20.0,243.0,1.0,9.0,7,0,0,0,0,0,0,0,1,0,3.0,0,0,0,0,0,1,1,1,1,1,1,0,1,0,0,0,0,0,0,0,0,0,0,0,0,0,0,0,1,1,1,0,0
3,2,1114.0,22.0,463.0,1.0,22.0,9,1,0,1,1,0,0,0,1,1,2.0,1,0,1,0,0,1,0,1,1,1,1,0,1,1,0,0,0,0,0,0,0,0,0,0,1,0,0,0,0,0,0,1,1
3,2,800.0,20.0,463.0,1.0,9.0,1,0,1,1,1,1,0,1,1,0,2.0,0,0,0,0,0,1,0,0,0,0,0,0,0,0,1,0,0,0,0,0,0,0,0,0,0,0,0,0,0,1,1,1,1
3,2,800.0,5.0,463.0,1.0,9.0,1,0,0,0,0,0,0,0,0,1,1.0,0,0,0,0,0,0,0,0,1,0,0,0,0,0,0,0,0,0,0,0,0,0,0,0,1,0,0,0,0,1,0,1,1
3,2,872.0,11.0,463.0,1.0,9.0,7,0,0,0,0,0,0,0,1,0,2.0,1,0,1,0,1,0,0,1,1,0,1,0,1,0,0,0,0,0,0,1,0,0,0,0,0,0,0,0,0,1,0,1,0
3,2,920.0,15.0,690.0,1.0,24.0,7,1,0,1,1,0,0,1,1,0,2.0,1,0,1,0,0,1,0,1,1,0,1,0,1,0,1,0,0,0,0,0,0,0,0,0,0,0,1,0,0,0,0,0,0
2,2,1016.0,44.0,378.0,2.0,5.0,7,0,0,0,0,0,0,0,1,1,2.0,1,0,1,0,0,0,1,0,1,1,1,0,1,0,0,0,0,0,0,1,0,0,0,0,0,0,1,0,0,0,0,0,0
3,2,1475.0,5.0,463.0,2.0,31.0,2,0,0,0,0,0,0,0,1,1,2.0,0,0,0,0,0,0,0,1,0,0,1,0,0,0,0,0,0,0,0,1,0,0,0,0,0,0,1,0,0,0,0,1,0
3,2,750.0,20.0,463.0,1.0,9.0,0,0,0,0,0,0,0,0,1,1,2.0,0,0,0,0,0,0,0,0,0,0,0,0,0,0,0,0,0,0,0,0,0,0,0,0,1,0,0,0,0,1,1,1,1
3,1,734.0,20.0,463.0,1.0,9.0,1,0,0,1,1,0,0,0,1,1,1.0,0,0,0,0,0,0,0,1,0,0,0,0,0,0,1,0,0,0,0,0,0,0,0,0,0,0,0,0,0,1,1,1,1
3,2,925.0,35.0,463.0,1.0,7.0,0,0,0,0,0,0,0,0,1,1,2.0,0,0,0,0,0,0,0,0,0,0,0,0,0,0,0,0,0,0,0,0,0,0,0,0,1,0,0,0,1,0,0,1,1
3,2,1175.0,20.0,463.0,2.0,9.0,5,0,0,0,0,0,0,0,1,1,3.0,0,0,0,0,1,0,0,1,1,0,1,0,1,0,0,0,0,0,0,1,0,0,0,0,0,0,1,0,0,1,1,1,0
2,1,494.0,20.0,463.0,1.0,9.0,0,0,0,0,0,0,0,0,1,1,1.0,0,0,0,0,0,0,0,0,0,0,0,0,0,0,0,0,0,0,0,0,0,0,0,0,0,0,0,1,0,1,1,1,1
3,2,750.0,20.0,463.0,1.0,9.0,0,0,0,0,0,0,0,0,1,1,2.0,0,0,0,0,0,0,0,0,0,0,0,0,0,0,0,0,0,0,0,1,0,0,0,0,0,0,1,0,0,1,1,1,1
3,2,856.0,5.0,463.0,1.0,9.0,9,1,0,0,0,0,0,0,0,0,2.0,1,0,0,1,1,0,1,1,1,0,1,0,1,1,0,0,0,0,0,0,0,0,0,0,1,0,0,0,0,1,0,1,0
3,2,1651.0,20.0,463.0,1.0,9.0,6,0,0,0,0,0,0,0,1,0,2.0,0,0,1,0,1,0,0,1,0,1,1,0,1,0,0,0,0,0,0,0,0,0,0,1,0,0,0,0,1,1,1,1,1
3,2,700.0,20.0,463.0,1.0,9.0,5,0,0,0,0,0,0,0,1,0,2.0,0,0,0,1,0,0,0,1,1,0,1,0,1,0,0,0,0,0,0,0,0,0,0,0,1,0,0,0,0,1,1,1,0
3,2,922.0,14.0,463.0,1.0,9.0,8,0,0,0,0,0,0,0,1,1,3.0,1,0,1,0,1,0,1,1,1,0,1,0,1,0,0,0,0,0,0,0,0,0,0,0,1,0,0,0,0,1,0,1,0
3,2,1300.0,8.0,68.0,1.0,26.0,3,0,0,0,0,0,0,0,1,1,2.0,0,0,0,0,1,0,0,1,0,0,1,0,0,0,0,0,0,0,0,1,0,0,0,0,0,0,0,0,0,0,0,0,0
3,2,700.0,12.0,463.0,1.0,23.0,5,0,0,0,0,0,0,0,1,1,2.0,0,0,0,0,1,0,1,1,1,0,1,0,0,0,0,0,0,0,0,1,0,0,0,0,0,0,0,0,0,0,0,1,0
2,2,948.0,20.0,463.0,1.0,9.0,5,0,0,0,0,0,0,0,1,0,2.0,0,0,1,0,1,0,0,1,0,0,1,0,1,0,0,0,0,0,0,0,0,0,0,1,0,0,1,0,0,1,1,1,0
2,1,650.0,20.0,463.0,1.0,9.0,5,0,0,0,0,0,0,0,1,1,2.0,0,0,0,0,1,0,0,1,1,0,1,0,1,0,0,0,0,0,0,1,0,0,0,0,0,0,1,0,0,1,1,1,0
3,2,856.0,10.0,48.0,2.0,9.0,3,0,0,0,0,0,0,0,1,1,2.0,0,0,0,0,1,0,0,1,0,0,1,0,0,0,0,0,0,0,0,1,0,0,0,0,0,0,0,0,0,1,0,0,0
3,2,1100.0,20.0,944.0,1.0,7.0,14,0,0,0,0,0,0,0,1,0,2.0,1,1,1,1,1,1,1,1,1,1,1,1,1,1,0,0,0,0,0,0,0,0,0,0,0,0,1,0,0,0,1,0,0
3,2,850.0,5.0,463.0,1.0,9.0,3,1,1,1,1,0,0,1,1,0,2.0,0,0,0,0,0,1,0,1,0,0,1,0,0,0,0,0,0,0,0,0,0,0,0,0,1,0,0,0,0,1,0,1,0
3,2,1299.0,16.0,320.0,1.0,24.0,5,1,1,1,1,0,0,1,1,1,2.0,0,0,0,0,0,0,0,1,1,0,1,0,1,1,1,0,0,0,0,0,0,0,0,0,0,0,1,0,0,0,0,0,0
2,2,997.0,20.0,463.0,1.0,17.0,7,1,1,0,1,0,0,1,1,0,2.0,1,0,1,0,0,1,0,1,0,1,1,0,1,0,1,0,0,0,0,0,0,0,0,0,0,0,0,0,1,0,1,1,0
1,1,430.0,20.0,463.0,1.0,9.0,6,1,1,1,1,0,0,0,1,1,1.0,0,0,1,0,1,0,0,1,1,0,1,0,1,0,1,0,0,0,0,0,0,0,0,0,0,0,0,0,1,1,1,1,1
3,2,1055.0,15.0,336.0,1.0,25.0,10,0,0,0,0,0,0,0,1,1,2.0,1,0,1,0,0,1,0,1,1,1,1,1,1,1,0,0,0,0,0,1,0,0,0,0,0,0,1,0,0,0,0,0,0
4,2,1250.0,20.0,463.0,1.0,9.0,5,0,0,0,0,0,0,0,1,0,2.0,0,0,0,1,0,0,0,1,1,0,1,0,1,0,0,0,0,0,0,0,0,0,0,0,0,0,0,0,1,1,1,1,0
3,2,700.0,25.0,463.0,1.0,9.0,5,0,0,0,0,0,0,0,1,0,2.0,0,0,0,0,1,0,1,1,1,0,1,0,0,0,0,0,0,0,0,1,0,0,0,0,0,0,0,0,0,1,0,1,0
3,2,958.0,45.0,2509.0,2.0,4.0,0,1,1,1,1,0,1,0,1,1,2.0,0,0,0,0,0,0,0,0,0,0,0,0,0,0,1,0,0,0,0,0,0,0,0,0,0,0,0,0,1,0,0,0,0
3,2,860.0,27.0,463.0,1.0,18.0,7,0,0,0,0,0,0,0,1,1,2.0,1,0,1,0,1,0,0,1,1,0,1,0,1,0,0,0,0,0,0,1,0,0,0,0,0,0,1,0,0,0,0,1,0
1,1,517.0,20.0,463.0,1.0,9.0,6,0,0,0,0,0,0,0,1,0,2.0,0,0,0,0,1,0,0,1,1,1,1,0,1,0,0,0,0,0,0,0,0,0,1,0,0,0,0,0,1,1,1,1,1
4,2,1331.0,17.0,475.0,1.0,10.0,7,0,0,0,0,0,0,0,1,1,2.0,0,0,1,1,0,1,0,1,1,0,1,0,1,0,1,0,0,0,0,0,0,0,0,0,0,0,1,0,0,0,0,0,0
3,2,650.0,27.0,454.0,1.0,9.0,3,0,0,0,0,0,0,0,1,1,3.0,0,0,0,0,1,0,0,1,0,0,1,0,0,0,0,0,0,0,0,1,0,0,0,0,0,0,0,0,0,1,0,0,0
3,2,871.0,5.0,463.0,1.0,9.0,5,1,0,1,1,1,0,0,1,1,1.0,0,0,0,0,0,1,0,1,1,0,1,0,1,0,0,0,0,0,0,0,0,0,0,0,1,0,0,0,0,1,0,1,0
4,2,1000.0,20.0,463.0,1.0,9.0,6,0,0,0,0,0,0,0,1,1,1.0,0,0,0,0,1,1,0,1,1,0,1,0,1,0,0,0,0,0,0,0,0,0,0,0,0,0,0,0,0,1,1,1,0
3,2,936.0,38.0,420.0,2.0,12.0,14,0,0,0,0,0,0,0,1,1,2.0,1,1,1,1,1,1,1,1,1,1,1,1,1,1,0,0,0,0,0,1,0,0,0,0,0,0,1,0,0,0,0,0,0
3,2,850.0,22.0,816.0,1.0,16.0,9,0,0,0,0,0,0,0,1,1,3.0,1,0,1,1,1,0,0,1,1,0,1,1,1,0,0,0,0,0,0,1,0,0,0,0,0,0,1,0,0,0,0,0,0
3,2,1115.0,25.0,419.0,2.0,6.0,7,0,0,0,0,0,0,0,1,1,3.0,0,0,1,0,0,1,0,1,1,1,1,0,1,0,0,0,0,0,0,1,0,0,0,0,0,0,1,0,0,0,0,0,0
2,2,840.0,35.0,1378.0,2.0,9.0,12,0,0,1,1,0,0,0,1,1,2.0,1,1,1,1,1,1,1,1,1,1,1,0,1,0,1,0,0,0,0,0,0,0,0,0,0,0,1,0,0,1,0,0,0
3,3,1003.0,38.0,980.0,2.0,4.0,11,0,0,1,1,0,1,1,0,0,2.0,1,0,1,1,1,1,1,1,1,0,1,1,1,0,1,0,0,0,0,0,0,0,0,0,0,0,1,0,0,0,0,0,0
3,2,960.0,31.0,4225.0,1.0,8.0,4,1,1,1,1,0,0,1,1,1,2.0,0,0,0,0,0,0,0,1,1,0,1,0,1,0,1,0,0,0,0,0,0,0,0,0,0,0,0,0,1,0,0,0,1
3,2,936.0,38.0,420.0,3.0,12.0,14,0,0,0,0,0,0,0,1,1,2.0,1,1,1,1,1,1,1,1,1,1,1,1,1,1,0,0,0,0,0,1,0,0,0,0,0,0,1,0,0,0,0,0,0
1,1,619.0,34.0,542.0,1.0,6.0,4,0,1,1,1,0,0,1,1,0,3.0,0,0,1,0,0,0,0,1,0,0,1,0,1,0,1,0,0,0,0,0,0,0,0,0,0,0,0,0,1,0,0,0,0
3,2,800.0,20.0,242.0,1.0,9.0,4,0,0,0,0,0,0,0,1,1,3.0,0,0,0,0,1,0,0,1,0,0,1,0,1,0,0,0,0,0,0,1,0,0,0,0,0,0,0,0,0,1,1,0,0
2,2,871.0,20.0,316.0,1.0,9.0,9,0,0,0,0,0,0,0,1,1,3.0,1,0,1,1,1,0,1,1,1,0,1,0,1,0,0,0,0,0,0,0,0,0,0,0,0,0,0,0,1,1,1,0,0
3,2,807.0,17.0,322.0,1.0,6.0,5,0,0,0,0,0,0,0,0,1,3.0,0,0,0,1,0,0,1,0,1,0,1,0,1,0,0,0,0,0,0,0,0,0,0,0,0,0,0,0,0,0,0,0,1
3,2,1000.0,20.0,463.0,1.0,9.0,0,0,0,0,0,0,0,0,1,0,1.0,0,0,0,0,0,0,0,0,0,0,0,0,0,0,0,0,0,0,0,0,0,0,0,1,0,0,0,0,0,1,1,1,1
3,2,850.0,20.0,463.0,1.0,9.0,4,0,0,0,0,0,0,0,1,0,2.0,0,0,0,1,0,0,0,1,0,0,1,0,1,0,0,0,0,0,0,0,0,0,0,0,1,0,0,0,0,1,1,1,0
3,2,1001.0,4.0,463.0,1.0,9.0,0,0,0,0,0,0,0,0,1,0,3.0,0,0,0,0,0,0,0,0,0,0,0,0,0,0,0,0,0,0,0,0,0,0,0,0,0,0,0,0,0,1,0,1,1
4,2,844.0,20.0,463.0,1.0,9.0,5,0,0,0,0,0,0,0,0,0,2.0,0,0,0,0,0,0,1,1,1,0,1,0,1,0,0,0,0,0,0,0,0,0,0,0,1,0,0,0,0,1,1,1,0
3,2,1483.0,46.0,1134.0,2.0,6.0,11,0,0,0,0,0,0,0,1,1,3.0,1,1,1,0,1,1,1,1,1,1,1,0,1,0,0,0,0,0,0,0,0,0,0,0,0,0,0,0,1,0,0,0,0
3,2,1060.0,25.0,237.0,2.0,27.0,4,0,0,0,0,0,0,0,1,1,2.0,0,0,0,0,1,0,0,1,0,0,1,0,1,0,0,0,0,0,0,1,0,0,0,0,0,0,1,0,0,0,0,0,0
2,1,689.0,11.0,1240.0,1.0,23.0,4,0,1,1,1,0,0,1,1,1,3.0,0,0,0,0,0,1,0,1,1,0,1,0,0,0,1,0,0,0,0,0,0,0,0,0,0,0,1,0,0,0,0,0,0
3,2,1141.0,20.0,463.0,1.0,9.0,0,0,0,0,0,0,0,0,1,1,1.0,0,0,0,0,0,0,0,0,0,0,0,0,0,0,0,0,0,0,0,0,0,0,0,0,0,1,1,0,0,1,1,1,0
3,2,900.0,20.0,463.0,1.0,9.0,0,0,0,0,0,0,0,0,1,0,2.0,0,0,0,0,0,0,0,0,0,0,0,0,0,0,0,0,0,0,0,0,0,0,1,0,0,0,1,0,0,1,1,1,0
2,2,800.0,20.0,463.0,1.0,9.0,10,0,0,0,0,0,0,0,1,0,2.0,1,0,1,0,1,1,1,1,1,1,1,0,1,0,1,0,0,0,0,0,0,0,0,0,0,0,0,0,1,1,1,1,0
4,5,1968.0,20.0,803.0,2.0,3.0,11,0,0,0,0,0,0,0,1,1,3.0,1,0,1,1,1,0,1,1,1,1,1,1,1,0,0,0,0,0,0,1,0,0,0,0,0,0,1,0,0,0,1,0,0
3,3,1082.0,20.0,552.0,2.0,1.0,10,0,0,0,0,0,0,0,1,1,2.0,1,0,1,0,1,1,0,1,1,1,1,1,1,0,0,0,0,0,0,0,0,0,0,0,1,0,1,0,0,0,1,0,0
3,2,829.0,20.0,463.0,1.0,9.0,6,0,0,0,0,0,0,0,1,1,2.0,1,0,1,0,0,0,0,1,1,0,1,0,1,0,1,0,0,0,0,0,0,0,0,0,0,0,0,0,0,1,1,1,0
3,2,721.0,13.0,496.0,1.0,25.0,5,0,0,0,0,0,0,0,1,1,2.0,0,0,0,0,1,0,0,1,1,0,1,0,1,0,0,0,0,0,0,1,0,0,0,0,0,0,1,0,0,0,0,0,0
2,1,700.0,20.0,463.0,1.0,9.0,8,0,0,0,0,0,0,0,1,1,2.0,1,0,1,1,1,0,1,1,1,0,1,0,0,0,0,0,0,0,0,0,0,0,0,0,0,1,0,0,0,1,1,1,0
3,2,800.0,5.0,463.0,1.0,9.0,1,0,0,0,0,0,0,0,1,1,1.0,0,0,0,0,0,0,0,0,0,0,1,0,0,0,0,0,0,0,0,0,0,0,0,0,1,0,0,0,0,1,0,1,0
3,2,850.0,20.0,960.0,1.0,9.0,5,0,0,0,0,0,0,0,0,1,2.0,0,0,0,0,1,0,1,1,1,0,1,0,0,0,0,0,0,0,0,0,0,0,0,0,1,0,0,0,0,1,1,0,0
3,2,682.0,25.0,588.0,1.0,18.0,8,1,1,1,1,0,0,1,1,1,2.0,0,0,0,0,1,1,1,1,1,0,1,0,1,1,0,0,0,0,0,0,0,0,0,0,1,0,0,0,1,0,0,0,0
3,2,1044.0,20.0,698.0,1.0,18.0,0,0,0,0,0,0,0,0,0,0,2.0,0,0,0,0,0,0,0,0,0,0,0,0,0,0,0,0,0,0,0,0,0,0,0,0,0,0,0,0,0,0,1,0,0
3,1,650.0,20.0,463.0,1.0,9.0,1,0,0,0,1,0,0,0,0,0,1.0,0,0,0,0,0,0,0,1,0,0,0,0,0,0,0,0,0,0,0,0,0,0,0,0,1,0,0,0,0,1,1,1,1
3,2,1159.0,5.0,414.0,1.0,17.0,7,0,0,0,0,0,0,0,1,0,2.0,1,0,1,0,1,0,0,1,1,0,1,0,1,0,0,0,0,0,0,0,0,0,0,0,1,0,0,0,0,0,0,0,0
3,2,1003.0,20.0,363.0,2.0,5.0,5,1,1,1,1,0,1,1,1,1,2.0,1,0,1,0,0,0,1,0,1,0,1,0,0,0,1,0,0,0,0,0,0,0,0,0,0,0,0,0,1,0,1,0,0
3,2,750.0,17.0,3.0,1.0,31.0,2,0,0,0,0,0,0,0,1,0,2.0,0,0,0,0,0,0,0,1,0,0,1,0,0,0,0,0,0,0,0,1,0,0,0,0,0,0,0,0,0,0,0,0,0
3,2,1100.0,19.0,463.0,2.0,9.0,10,1,1,1,1,0,0,1,1,1,3.0,1,0,1,1,1,1,0,1,1,0,1,0,1,1,1,0,0,0,0,0,0,0,0,0,0,0,1,0,0,1,0,1,0
4,4,3200.0,6.0,36.0,3.0,28.0,5,0,0,0,0,0,0,0,1,1,2.0,0,0,1,0,0,0,0,1,1,0,1,0,1,0,0,0,0,0,0,1,0,0,0,0,0,0,1,0,0,0,0,0,0
3,2,710.0,20.0,463.0,1.0,9.0,0,0,0,0,0,0,0,0,1,0,1.0,0,0,0,0,0,0,0,0,0,0,0,0,0,0,0,0,0,0,0,0,0,0,0,0,0,0,0,1,0,1,1,1,1
3,2,850.0,13.0,463.0,1.0,14.0,4,0,0,0,0,0,0,0,1,0,3.0,0,0,0,1,0,1,0,0,1,0,1,0,0,0,0,0,0,0,0,0,0,0,0,0,0,0,0,0,0,0,0,1,1
3,2,1084.0,10.0,160.0,1.0,9.0,9,1,0,1,1,0,0,0,1,1,2.0,0,0,1,0,1,1,0,1,1,0,1,1,1,1,1,0,0,0,0,0,0,0,0,0,0,0,1,0,0,1,0,0,0
3,2,850.0,22.0,816.0,2.0,16.0,9,0,0,0,0,0,0,0,1,1,1.0,1,0,1,1,1,0,0,1,1,0,1,1,1,0,0,0,0,0,0,1,0,0,0,0,0,0,1,0,0,0,0,0,0
3,2,1000.0,20.0,463.0,2.0,9.0,6,0,0,0,0,0,0,0,1,1,2.0,0,0,1,0,1,0,0,1,1,0,1,0,1,0,0,0,0,0,0,0,0,0,0,0,0,1,1,0,0,1,1,1,0
2,1,650.0,20.0,463.0,1.0,9.0,0,0,0,0,0,0,0,0,1,0,2.0,0,0,0,0,0,0,0,0,0,0,0,0,0,0,1,0,0,0,0,0,0,0,0,0,0,0,0,1,0,1,1,1,1
2,2,650.0,20.0,463.0,1.0,9.0,11,1,1,1,1,1,0,0,1,1,2.0,1,0,1,1,1,1,1,1,1,0,1,0,1,1,1,0,0,0,0,0,0,0,0,0,0,0,0,0,1,1,1,1,0
2,2,950.0,20.0,450.0,2.0,1.0,10,0,0,0,0,0,0,0,1,1,2.0,1,0,1,0,1,1,1,1,1,1,1,0,1,0,0,0,0,0,0,1,0,0,0,0,0,0,1,0,0,0,1,0,0
3,2,1300.0,19.0,706.0,2.0,13.0,10,0,0,0,0,0,0,0,1,1,2.0,1,0,1,1,1,0,1,1,1,1,1,0,1,0,0,0,0,0,0,1,0,0,0,0,0,0,1,0,0,0,0,0,0
3,2,692.0,20.0,463.0,1.0,9.0,3,0,0,0,0,0,0,0,1,1,2.0,0,0,0,0,0,1,0,1,1,0,0,0,0,0,0,0,0,0,0,0,0,0,0,0,0,0,0,1,0,1,1,1,0
1,1,513.0,21.0,780.0,1.0,9.0,13,0,0,0,0,0,0,0,1,1,3.0,1,1,1,1,1,1,1,1,1,1,1,0,1,1,0,0,0,0,0,0,0,0,0,0,0,0,0,0,1,1,0,0,0
3,2,936.0,38.0,420.0,2.0,12.0,14,0,0,0,0,0,0,0,1,1,2.0,1,1,1,1,1,1,1,1,1,1,1,1,1,1,0,0,0,0,0,1,0,0,0,0,0,0,1,0,0,0,0,0,0
3,2,700.0,20.0,463.0,1.0,9.0,4,0,0,0,0,0,0,0,1,0,2.0,0,0,0,1,0,0,0,1,0,0,1,0,1,0,0,0,0,0,0,0,0,0,0,0,1,0,0,0,0,1,1,1,0
3,2,1239.0,33.0,550.0,2.0,2.0,9,0,0,0,0,0,0,0,1,1,2.0,1,1,1,1,0,0,1,0,1,1,1,0,1,0,0,0,0,0,0,1,0,0,0,0,0,0,1,0,0,0,0,0,0
3,2,1185.0,20.0,463.0,2.0,9.0,0,0,0,0,0,0,0,0,0,1,1.0,0,0,0,0,0,0,0,0,0,0,0,0,0,0,0,0,0,0,0,0,0,0,0,0,1,0,0,0,0,1,1,1,0
3,2,1110.0,20.0,410.0,2.0,15.0,9,0,0,0,0,0,0,0,1,1,2.0,1,0,1,0,0,1,1,1,1,1,1,0,1,0,1,0,0,0,0,0,0,0,0,0,0,0,1,0,0,0,1,0,0
3,2,1275.0,30.0,410.0,2.0,6.0,0,0,0,0,0,0,0,0,1,1,2.0,0,0,0,0,0,0,0,0,0,0,0,0,0,0,0,0,0,0,0,1,0,0,0,0,0,0,1,0,0,0,0,0,0
3,2,1068.0,30.0,311.0,2.0,7.0,11,0,0,0,0,0,0,0,1,1,2.0,1,0,1,1,0,1,1,1,1,1,1,0,1,1,0,0,0,0,0,0,0,0,0,0,0,0,1,0,0,0,0,0,0
3,2,1054.0,20.0,463.0,1.0,9.0,8,0,0,0,0,0,0,0,0,1,2.0,1,0,1,1,1,0,0,1,1,0,1,0,1,0,0,0,0,0,0,0,0,1,0,0,0,0,0,0,0,1,0,1,1
1,1,640.0,20.0,463.0,1.0,9.0,4,0,0,0,0,0,0,0,1,1,3.0,0,0,0,0,1,0,0,1,0,0,1,0,1,0,0,0,0,0,0,0,1,0,0,0,0,0,0,0,0,1,1,1,1
3,2,660.0,20.0,463.0,1.0,9.0,2,0,0,0,0,0,0,0,0,1,2.0,0,0,0,0,0,1,0,1,0,0,0,0,0,0,0,0,1,0,0,0,0,0,0,0,0,0,0,0,0,1,1,1,1
2,2,714.0,16.0,512.0,1.0,9.0,6,0,0,0,0,0,0,0,1,0,2.0,0,0,1,1,0,1,0,1,1,0,1,0,0,0,0,0,0,0,0,0,0,0,0,0,1,0,0,0,1,0,0,0,1
3,2,900.0,20.0,463.0,2.0,9.0,14,0,0,0,0,0,0,0,1,0,2.0,1,1,1,1,1,1,1,1,1,1,1,1,1,1,0,0,0,0,0,0,0,0,0,0,1,0,0,0,1,1,1,1,0
3,2,807.0,20.0,463.0,1.0,9.0,4,0,0,0,0,0,0,0,1,0,2.0,0,0,0,0,1,0,0,1,1,0,1,0,0,0,0,0,0,0,0,0,0,0,0,0,0,1,0,0,0,1,1,1,0
2,2,762.0,20.0,512.0,1.0,9.0,3,0,0,0,0,0,0,0,1,0,1.0,0,0,0,0,0,1,0,1,0,0,1,0,0,0,0,0,0,0,0,0,0,0,1,0,0,0,0,0,0,1,1,0,0
3,2,450.0,20.0,1149.0,2.0,8.0,11,0,0,0,0,0,0,0,1,1,2.0,1,0,1,1,1,1,1,1,1,1,1,0,1,0,0,0,0,0,0,0,0,0,0,0,1,0,0,0,1,0,1,0,0
3,2,800.0,20.0,463.0,1.0,9.0,0,0,0,0,0,0,0,0,1,0,2.0,0,0,0,0,0,0,0,0,0,0,0,0,0,0,0,0,0,0,0,0,0,0,0,0,1,0,0,1,0,1,1,1,0
3,2,1020.0,12.0,140.0,1.0,34.0,6,1,1,1,1,0,0,1,1,1,2.0,1,0,1,0,0,0,0,1,1,0,1,0,1,0,1,0,0,0,0,0,0,0,0,0,0,0,1,0,0,0,0,0,0
4,3,1766.0,25.0,89.0,2.0,1.0,9,0,0,0,0,0,0,0,1,1,2.0,1,0,1,1,1,0,1,1,1,0,1,0,1,0,0,0,0,0,0,1,0,0,0,0,0,0,1,0,0,0,0,0,0
3,2,926.0,14.0,340.0,1.0,9.0,8,0,0,0,0,0,0,0,0,1,2.0,0,0,1,1,0,1,0,1,1,0,1,1,1,0,0,0,0,0,0,0,0,0,0,0,1,0,0,0,0,1,0,0,0
2,2,855.0,20.0,403.0,1.0,5.0,9,0,0,1,1,0,0,0,1,1,2.0,0,0,1,0,1,1,0,1,1,1,1,1,1,0,0,0,0,0,0,0,0,0,0,0,1,0,0,0,1,0,1,0,0
3,1,700.0,18.0,701.0,1.0,15.0,3,0,0,0,0,0,0,0,1,1,3.0,0,0,0,0,0,0,0,1,1,0,1,0,0,0,0,0,0,0,0,1,0,0,0,0,0,0,0,0,0,0,0,0,0
3,2,571.0,20.0,463.0,1.0,9.0,1,0,0,0,0,0,0,0,1,1,3.0,0,0,0,0,0,0,0,1,0,0,0,0,0,0,0,0,0,0,0,0,0,0,0,0,0,0,0,1,0,1,1,1,1
3,2,1288.0,21.0,455.0,1.0,8.0,7,0,0,0,0,0,0,0,1,1,2.0,1,0,1,1,0,0,1,0,1,0,1,0,1,0,0,0,0,0,0,0,0,0,0,0,1,0,1,0,0,0,0,0,1
3,2,957.0,20.0,463.0,1.0,9.0,3,0,0,0,0,0,0,0,1,1,2.0,0,0,0,0,0,1,0,1,0,0,1,0,0,0,0,0,0,0,0,0,0,0,0,0,1,0,0,0,0,1,1,1,1
3,2,1017.0,9.0,463.0,1.0,9.0,5,0,0,0,0,0,0,0,1,1,2.0,0,0,0,0,1,1,0,1,0,0,1,0,1,0,0,0,0,0,0,0,0,0,0,0,1,0,0,0,0,1,0,1,0
3,2,1458.0,26.0,220.0,2.0,4.0,8,0,0,0,0,0,0,0,1,1,3.0,0,0,1,0,1,1,0,1,1,0,1,1,1,0,0,0,0,0,0,1,0,0,0,0,0,0,1,0,0,0,0,0,0
3,2,1095.0,38.0,434.0,1.0,7.0,7,0,0,0,0,0,0,0,1,1,2.0,1,0,1,1,0,0,0,0,1,1,1,0,1,0,0,0,0,0,0,1,0,0,0,0,0,0,1,0,0,0,0,0,0
3,2,1165.0,20.0,406.0,2.0,2.0,10,0,0,0,0,0,0,0,1,1,2.0,1,0,1,1,1,0,1,1,1,1,1,0,1,0,0,0,0,0,0,1,0,0,0,0,0,0,1,0,0,0,1,0,0
1,1,640.0,20.0,1050.0,1.0,5.0,11,0,0,0,0,0,0,0,1,1,3.0,1,0,1,1,0,0,1,1,1,1,1,1,1,1,0,0,0,0,0,0,0,0,0,0,0,0,1,0,0,0,1,0,1
3,2,700.0,35.0,463.0,1.0,25.0,5,0,0,0,0,0,0,0,1,1,3.0,0,0,0,1,0,1,0,1,1,0,1,0,0,0,0,0,0,0,0,1,0,0,0,0,0,0,1,0,0,0,0,1,0
3,2,850.0,15.0,463.0,2.0,9.0,5,1,0,0,1,0,0,0,1,0,2.0,0,0,0,1,1,0,0,1,1,0,1,0,0,0,0,0,0,0,0,0,0,0,0,0,1,0,0,0,0,1,0,1,0
3,3,1475.0,17.0,328.0,2.0,11.0,11,0,0,0,0,0,0,0,1,1,2.0,1,0,1,1,1,0,1,1,1,1,1,0,1,1,0,0,0,0,0,1,0,0,0,0,0,0,1,0,0,0,0,0,0
4,2,1292.0,25.0,576.0,3.0,7.0,8,0,1,1,0,1,0,1,1,0,2.0,1,0,1,1,0,0,1,1,1,0,1,0,1,0,1,0,0,0,0,0,0,0,0,0,0,0,0,0,1,0,0,0,0
2,2,1272.0,20.0,463.0,2.0,9.0,7,0,0,0,0,0,0,0,1,0,2.0,0,0,0,0,1,1,1,1,1,0,1,0,1,0,0,1,0,0,0,0,0,0,0,0,0,0,1,0,0,1,1,1,0
3,2,860.0,15.0,720.0,2.0,6.0,0,0,1,0,0,0,0,0,1,1,2.0,0,0,0,0,0,0,0,0,0,0,0,0,0,0,0,0,0,0,0,0,0,0,0,0,1,0,0,0,1,0,0,0,0
3,1,624.0,5.0,463.0,1.0,9.0,0,0,0,0,0,0,0,0,1,1,3.0,0,0,0,0,0,0,0,0,0,0,0,0,0,0,0,0,0,0,0,1,0,0,0,0,0,0,0,0,0,1,0,1,0
3,1,615.0,12.0,463.0,1.0,9.0,4,0,0,0,0,0,0,0,0,0,2.0,0,0,0,0,1,0,1,1,1,0,0,0,0,0,1,0,0,0,0,0,0,0,0,0,0,0,0,0,0,1,0,1,1
3,3,1475.0,17.0,328.0,2.0,11.0,5,0,0,0,0,0,0,0,1,1,2.0,0,0,0,0,1,0,0,1,1,0,1,0,1,0,0,0,0,0,0,1,0,0,0,0,0,0,1,0,0,0,0,0,0
3,2,966.0,20.0,463.0,1.0,9.0,0,0,0,0,0,0,0,0,1,0,1.0,0,0,0,0,0,0,0,0,0,0,0,0,0,0,0,0,0,0,0,0,0,0,0,0,0,0,0,0,0,1,1,1,1
3,2,1000.0,20.0,463.0,1.0,9.0,5,0,0,0,0,0,0,0,1,1,1.0,1,0,0,1,0,0,0,1,1,0,1,0,0,0,0,0,0,0,1,0,0,0,0,0,0,0,1,0,0,1,1,1,0
3,2,950.0,20.0,463.0,2.0,9.0,9,0,0,0,0,1,0,0,1,1,2.0,1,0,1,1,1,1,0,1,1,1,1,0,0,0,0,0,0,0,0,0,0,0,0,0,1,0,1,0,0,1,1,1,0
3,2,883.0,5.0,463.0,1.0,9.0,4,0,0,1,1,0,0,0,1,0,2.0,0,0,0,0,0,1,0,1,1,0,1,0,0,0,0,0,0,0,0,0,0,0,0,0,1,0,0,0,0,1,0,1,1
3,2,850.0,16.0,488.0,1.0,25.0,13,0,0,0,0,0,0,0,1,0,2.0,1,1,1,1,1,1,0,1,1,1,1,1,1,1,0,0,0,0,0,1,0,0,0,0,0,0,1,0,0,0,0,0,0
2,1,1226.0,20.0,463.0,1.0,9.0,0,0,0,0,0,0,0,0,1,0,2.0,0,0,0,0,0,0,0,0,0,0,0,0,0,0,0,0,0,0,0,0,0,0,0,1,0,0,0,0,1,1,1,1,0
4,4,2874.0,38.0,734.0,6.0,1.0,14,1,1,1,1,0,0,1,1,0,2.0,1,1,1,1,1,1,1,1,1,1,1,1,1,1,1,0,0,0,0,0,0,0,0,0,0,0,1,0,0,0,0,0,0
3,2,650.0,5.0,463.0,1.0,9.0,12,0,0,0,1,1,0,1,0,0,3.0,1,1,1,1,1,1,1,0,0,1,1,1,1,1,0,0,0,0,0,0,0,0,0,0,1,0,0,1,0,1,0,1,1
4,3,1250.0,36.0,981.0,2.0,8.0,9,1,1,1,1,0,1,0,0,1,2.0,1,0,1,1,1,0,1,1,1,0,1,0,1,0,1,0,0,0,0,0,0,0,0,0,0,0,1,0,0,0,0,0,0
3,2,860.0,5.0,463.0,1.0,9.0,3,1,0,1,0,0,0,0,1,1,3.0,0,0,0,0,0,0,0,1,1,0,1,0,0,0,0,0,0,0,0,0,0,0,0,0,1,0,1,0,0,1,0,1,1
3,2,818.0,44.0,2136.0,1.0,2.0,8,0,1,0,1,0,0,1,1,0,3.0,1,0,1,1,1,0,0,1,1,0,1,0,1,0,1,0,0,0,0,0,0,0,0,0,0,0,0,0,1,0,0,0,0
3,2,845.0,21.0,744.0,1.0,21.0,10,0,0,1,1,0,0,0,1,1,2.0,1,0,1,1,0,1,0,1,1,1,1,0,1,1,1,0,0,0,0,0,0,0,0,0,0,0,1,0,0,0,0,0,0
2,1,500.0,20.0,463.0,1.0,9.0,0,0,0,0,0,0,0,0,1,0,2.0,0,0,0,0,0,0,0,0,0,0,0,0,0,0,0,0,0,0,0,1,0,0,0,0,0,0,0,1,0,1,1,1,1
3,2,650.0,27.0,454.0,1.0,9.0,3,0,0,0,0,0,0,0,1,1,2.0,0,0,0,0,1,0,0,1,0,0,1,0,0,0,0,0,0,0,0,1,0,0,0,0,0,0,0,0,0,1,0,0,1
3,2,1184.0,20.0,463.0,1.0,9.0,0,0,0,0,0,0,0,0,1,1,2.0,0,0,0,0,0,0,0,0,0,0,0,0,0,0,0,0,0,0,0,0,0,0,0,0,0,0,0,0,0,1,1,1,1
1,1,727.0,44.0,477.0,1.0,3.0,9,0,1,1,1,0,0,0,1,1,2.0,0,0,1,0,1,0,1,1,1,1,1,1,1,0,1,0,0,0,0,0,0,0,0,0,0,0,0,0,1,0,0,0,0
3,2,1018.0,20.0,463.0,2.0,9.0,6,1,0,1,1,1,0,0,1,0,3.0,0,0,1,0,1,0,0,1,1,0,1,0,1,0,1,0,0,0,0,0,0,0,0,0,0,0,1,0,0,1,1,1,0
2,2,947.0,34.0,462.0,2.0,3.0,10,0,0,0,0,0,0,0,1,1,2.0,1,0,1,1,1,0,1,1,1,1,1,0,1,0,0,0,0,0,0,1,0,0,0,0,0,0,0,0,1,0,0,0,0
3,2,1001.0,44.0,1400.0,2.0,3.0,8,0,0,0,0,0,0,0,1,1,2.0,1,0,1,0,1,0,1,1,1,0,1,0,1,0,1,0,0,0,0,0,0,0,0,0,0,0,0,0,0,0,0,0,0
3,2,1010.0,20.0,397.0,1.0,16.0,7,0,1,1,1,1,0,1,1,0,2.0,1,0,1,0,0,1,0,1,1,0,1,0,1,0,1,0,0,0,0,0,0,0,0,0,0,0,0,0,0,0,1,0,0
3,2,1058.0,16.0,260.0,1.0,9.0,8,0,0,0,0,0,0,0,1,1,3.0,0,0,1,0,1,1,1,1,1,0,1,0,1,0,0,0,0,0,0,0,0,0,0,0,1,0,0,0,0,1,0,0,0
3,2,1300.0,21.0,455.0,2.0,8.0,9,0,0,0,0,0,0,0,1,1,3.0,1,0,1,1,1,0,1,1,1,0,1,0,1,0,0,0,0,0,0,0,0,0,0,0,1,0,1,0,0,0,0,0,0
3,2,860.0,10.0,463.0,1.0,9.0,5,0,0,0,0,0,0,0,0,0,2.0,0,0,0,0,1,1,0,1,0,0,1,0,1,0,0,0,0,0,0,0,0,0,0,0,1,0,0,0,0,1,0,1,1
3,2,760.0,20.0,463.0,1.0,9.0,2,1,0,0,1,0,0,0,0,0,1.0,0,0,0,0,0,0,0,1,0,0,1,0,0,0,0,0,0,0,0,0,0,0,0,0,1,0,0,0,0,1,1,1,1
2,1,600.0,49.0,480.0,1.0,5.0,6,0,0,0,0,0,0,0,1,1,3.0,0,0,1,0,1,0,0,1,1,0,1,0,1,0,0,0,0,0,0,1,0,0,0,0,0,0,0,0,1,0,0,0,0
2,2,430.0,20.0,463.0,1.0,2.0,1,1,1,1,1,1,0,1,1,1,2.0,0,0,0,0,0,0,1,0,0,0,0,0,0,0,1,0,0,0,0,0,0,0,0,0,0,0,0,0,1,0,1,1,1
3,2,700.0,24.0,234.0,1.0,9.0,4,0,0,0,0,0,0,0,1,1,2.0,0,0,0,0,1,0,0,1,1,0,1,0,0,0,0,0,0,0,0,1,0,0,0,0,0,0,0,0,0,1,0,0,0
2,1,570.0,20.0,463.0,1.0,9.0,0,0,0,0,0,0,0,0,1,1,1.0,0,0,0,0,0,0,0,0,0,0,0,0,0,0,0,0,0,0,0,0,0,0,0,0,0,0,0,1,0,1,1,1,1
4,3,1900.0,20.0,350.0,2.0,6.0,6,1,1,1,1,1,0,0,0,1,1.0,0,0,1,1,0,0,1,0,1,0,1,0,1,0,0,0,0,0,0,0,0,0,0,0,1,0,1,0,0,0,1,0,0
3,2,850.0,17.0,463.0,1.0,9.0,3,0,0,0,0,0,0,0,0,1,2.0,0,0,0,1,0,0,0,1,0,0,0,0,1,0,0,0,0,0,0,0,0,1,0,0,0,0,0,1,0,1,0,1,0
3,2,950.0,20.0,463.0,1.0,9.0,4,0,0,0,0,0,0,0,1,1,2.0,0,0,0,1,0,0,0,1,1,0,1,0,0,0,0,0,0,0,0,0,0,0,0,0,0,1,0,0,0,1,1,1,1
3,2,815.0,35.0,912.0,2.0,3.0,14,1,0,0,1,0,0,0,1,1,1.0,1,1,1,1,1,1,1,1,1,1,1,1,1,1,0,0,0,0,0,0,0,0,0,0,1,0,0,0,1,0,0,0,0
3,2,882.0,20.0,463.0,1.0,9.0,3,0,0,0,0,0,0,0,1,1,2.0,0,0,0,0,1,0,0,1,0,0,1,0,0,0,0,0,0,0,0,1,0,0,0,0,0,0,0,0,0,1,1,1,0
3,2,850.0,47.0,1413.0,2.0,2.0,12,0,0,0,0,0,0,0,1,1,3.0,1,1,1,1,1,1,1,1,1,1,1,0,1,0,1,0,0,0,0,0,0,0,0,0,0,0,0,0,1,0,0,0,0
1,1,667.0,22.0,470.0,1.0,9.0,10,1,1,1,1,1,0,0,1,0,3.0,0,0,1,1,1,1,1,1,1,1,1,0,1,0,1,0,0,0,0,0,0,0,0,0,0,0,0,0,1,0,0,0,0
3,3,1515.0,15.0,198.0,1.0,25.0,11,0,0,0,0,0,0,0,1,1,1.0,1,0,1,1,1,1,1,1,1,1,1,0,1,0,0,0,0,0,0,0,0,1,0,0,0,0,1,0,0,0,0,0,0
3,2,1238.0,14.0,319.0,1.0,9.0,10,0,0,0,0,0,0,0,1,1,2.0,1,0,1,1,0,1,0,1,1,1,1,0,1,1,0,0,0,0,0,0,0,0,0,0,0,0,0,0,0,1,0,0,0
1,1,460.0,20.0,463.0,1.0,9.0,14,0,0,0,0,0,0,0,1,1,2.0,1,1,1,1,1,1,1,1,1,1,1,1,1,1,0,0,0,0,1,0,0,0,0,0,0,0,0,0,1,1,1,1,0
4,3,1507.0,31.0,660.0,3.0,3.0,12,0,0,0,1,0,0,1,1,0,2.0,1,0,1,1,1,1,1,1,1,1,1,0,1,1,0,0,0,0,0,0,0,0,0,0,1,0,0,0,1,0,0,0,0
3,1,764.0,14.0,463.0,1.0,22.0,5,0,0,0,0,0,0,0,0,0,2.0,0,0,0,0,0,1,0,1,1,0,1,0,1,0,1,0,0,0,0,0,0,0,0,0,0,0,0,0,0,0,0,1,1
3,2,700.0,5.0,463.0,1.0,9.0,3,0,0,1,1,0,0,0,0,0,2.0,0,0,0,0,0,1,0,1,1,0,0,0,0,0,1,0,0,0,0,0,0,0,0,0,0,0,0,0,0,1,0,1,1
4,2,1139.0,12.0,196.0,1.0,15.0,6,0,0,0,0,0,0,0,1,1,2.0,1,0,1,0,0,0,0,1,1,0,1,0,1,0,0,0,0,0,0,0,0,0,0,0,1,0,1,0,0,0,0,0,0
3,2,1130.0,20.0,463.0,2.0,9.0,0,0,0,0,0,0,0,0,1,1,2.0,0,0,0,0,0,0,0,0,0,0,0,0,0,0,0,0,0,0,0,1,0,0,0,0,0,0,1,0,0,1,1,1,0
3,2,600.0,20.0,463.0,1.0,9.0,4,0,0,0,1,1,0,1,0,0,3.0,0,0,0,1,0,1,0,1,1,0,0,0,0,0,0,0,0,0,0,0,0,0,0,0,1,0,0,0,0,1,1,1,1
3,2,650.0,3.0,463.0,1.0,8.0,0,0,0,1,1,0,0,0,1,1,2.0,0,0,0,0,0,0,0,0,0,0,0,0,0,0,0,0,0,0,0,0,0,0,0,0,1,0,0,0,0,0,0,1,1
3,2,700.0,17.0,1296.0,1.0,38.0,3,0,0,0,0,0,0,0,1,0,2.0,0,0,0,0,0,1,0,1,1,0,0,0,0,0,0,0,0,0,0,1,0,0,0,0,0,0,0,0,0,0,0,0,0
3,2,1520.0,20.0,463.0,2.0,9.0,0,0,0,0,0,0,0,0,1,1,2.0,0,0,0,0,0,0,0,0,0,0,0,0,0,0,0,0,0,0,0,0,0,0,0,1,0,0,0,0,0,1,1,1,0
3,2,806.0,20.0,1.0,1.0,16.0,5,0,0,1,1,0,0,0,1,1,1.0,0,0,0,0,1,0,0,1,1,0,1,0,1,0,1,0,0,0,0,0,0,0,0,0,0,0,1,0,0,0,0,0,0
3,2,1288.0,20.0,463.0,1.0,9.0,0,0,0,0,0,0,0,0,1,0,2.0,0,0,0,0,0,0,0,0,0,0,0,0,0,0,0,0,0,0,0,0,0,0,0,1,0,0,0,0,0,1,1,1,1
3,2,650.0,20.0,463.0,1.0,9.0,5,0,0,0,0,0,0,0,0,0,3.0,0,0,0,0,0,1,1,1,1,0,1,0,0,0,0,0,0,0,0,0,0,0,0,0,1,0,0,1,0,1,1,1,1
3,2,700.0,20.0,463.0,1.0,17.0,7,0,0,0,0,0,0,0,1,1,1.0,1,0,1,1,1,0,0,1,1,0,1,0,0,0,0,0,0,0,0,1,0,0,0,0,0,0,1,0,0,0,0,1,0
1,1,318.0,20.0,463.0,1.0,9.0,14,0,0,0,0,0,0,0,1,1,1.0,1,1,1,1,1,1,1,1,1,1,1,1,1,1,1,0,0,0,0,0,0,0,0,0,0,0,0,0,1,1,1,1,0
3,2,1093.0,20.0,634.0,1.0,9.0,8,1,1,1,0,0,0,0,1,0,2.0,1,0,1,0,0,0,0,1,1,1,1,0,1,1,0,0,0,0,0,0,0,0,0,0,1,0,1,0,0,1,1,0,0
3,2,909.0,29.0,412.0,2.0,6.0,6,1,1,1,1,0,0,1,1,1,2.0,1,0,1,0,0,0,0,1,1,0,1,0,1,0,1,0,0,0,0,0,0,0,0,0,0,0,1,0,0,0,0,0,0
3,2,1050.0,4.0,463.0,1.0,9.0,0,0,0,0,0,0,0,0,1,1,2.0,0,0,0,0,0,0,0,0,0,0,0,0,0,0,0,0,0,0,0,0,0,0,0,0,0,0,0,0,1,1,0,1,1
4,2,1207.0,18.0,250.0,1.0,10.0,10,1,0,1,1,0,0,0,1,0,2.0,0,1,1,1,1,1,1,1,1,0,1,0,1,0,1,0,0,0,0,0,0,0,0,0,0,0,0,0,1,0,0,0,0
3,2,1323.0,18.0,463.0,1.0,24.0,9,1,1,1,1,0,0,1,1,1,2.0,1,0,1,0,0,1,1,1,1,0,1,0,1,1,1,0,0,0,0,0,0,0,0,0,0,0,1,0,0,0,0,1,1
4,4,2600.0,25.0,463.0,2.0,13.0,8,0,0,0,0,0,0,0,1,1,2.0,1,0,1,0,0,0,1,1,1,1,1,0,1,0,0,0,0,0,0,1,0,0,0,0,0,0,1,0,0,0,0,1,0
4,1,732.0,20.0,463.0,1.0,9.0,1,0,0,1,1,0,0,0,1,0,2.0,0,0,0,0,0,1,0,0,0,0,0,0,0,0,0,0,0,0,0,0,0,0,0,0,1,0,0,0,0,1,1,1,1
3,2,1538.0,14.0,1339.0,1.0,23.0,8,0,0,0,0,0,0,0,1,1,2.0,0,0,1,0,1,1,0,1,1,1,1,0,1,0,0,0,0,0,0,0,0,0,0,0,1,0,1,0,0,0,0,0,1
2,2,1188.0,24.0,296.0,2.0,15.0,9,0,0,1,1,0,0,0,0,0,2.0,1,0,1,1,0,0,1,0,1,1,1,0,1,1,0,0,0,0,0,0,0,0,0,0,1,0,1,0,0,0,0,0,0
2,1,494.0,20.0,463.0,1.0,9.0,0,0,0,0,0,0,0,0,0,1,1.0,0,0,0,0,0,0,0,0,0,0,0,0,0,0,0,0,0,0,0,0,0,0,0,0,0,0,0,1,0,1,1,1,1
3,2,1038.0,14.0,319.0,1.0,9.0,10,0,0,0,0,0,0,0,1,1,2.0,1,0,1,1,0,1,0,1,1,1,1,0,1,1,0,0,0,0,0,0,0,0,0,0,0,0,0,0,0,1,0,0,1
3,2,800.0,24.0,342.0,1.0,25.0,4,0,0,0,0,0,0,0,1,1,1.0,0,0,0,0,0,1,0,1,0,0,1,0,1,0,0,0,0,0,0,1,0,0,0,0,0,0,1,0,0,0,0,0,0
4,2,1207.0,18.0,250.0,1.0,10.0,6,1,0,1,1,0,0,0,1,0,1.0,0,1,0,0,0,1,1,0,1,0,1,0,1,0,1,0,0,0,0,0,0,0,0,0,0,0,0,0,1,0,0,0,0
3,2,720.0,20.0,463.0,1.0,9.0,2,1,0,0,1,0,0,0,0,0,3.0,0,0,0,0,0,0,0,1,1,0,0,0,0,0,0,0,0,0,0,0,0,0,0,0,1,0,0,0,0,1,1,1,0
3,3,1539.0,17.0,328.0,3.0,11.0,0,0,0,0,0,0,0,0,1,1,2.0,0,0,0,0,0,0,0,0,0,0,0,0,0,0,0,0,0,0,0,1,0,0,0,0,0,0,1,0,0,0,0,0,0
3,2,874.0,11.0,463.0,1.0,9.0,4,1,0,1,1,1,0,0,1,0,1.0,0,0,0,0,0,1,0,1,1,0,0,0,1,0,0,0,0,0,0,0,0,0,0,0,1,0,0,0,0,1,0,1,0
3,2,750.0,5.0,463.0,1.0,9.0,6,1,1,1,1,1,0,0,1,0,1.0,0,0,0,0,1,1,1,1,1,0,1,0,0,0,0,0,0,0,0,0,0,0,0,0,1,0,0,1,0,1,0,1,1
3,3,1213.0,21.0,482.0,2.0,7.0,9,0,0,0,0,0,0,0,1,0,2.0,1,0,1,0,1,1,1,1,1,0,1,0,1,0,0,0,0,0,0,0,0,0,0,0,1,0,1,0,0,0,0,0,0
3,2,753.0,20.0,463.0,1.0,9.0,6,0,0,0,0,0,0,0,1,1,2.0,1,0,0,0,1,0,0,1,1,0,1,0,1,0,0,0,0,0,0,0,0,0,0,0,1,0,0,0,0,1,1,1,1
2,2,550.0,19.0,1632.0,1.0,24.0,0,0,0,0,0,0,0,0,1,0,1.0,0,0,0,0,0,0,0,0,0,0,0,0,0,0,0,0,0,0,0,1,0,0,0,0,0,0,0,0,0,0,0,0,1
2,2,853.0,20.0,463.0,1.0,9.0,14,0,0,0,0,0,0,0,1,0,2.0,1,1,1,1,1,1,1,1,1,1,1,1,1,1,0,0,0,0,0,0,0,0,0,0,0,0,0,0,1,1,1,1,0
3,2,1419.0,24.0,1235.0,2.0,2.0,8,0,0,0,0,0,0,0,1,1,3.0,0,0,1,1,1,0,0,1,1,1,1,0,1,0,0,0,0,0,0,1,0,0,0,0,0,0,1,0,0,0,0,0,0
3,2,1100.0,20.0,463.0,2.0,9.0,14,0,0,0,0,0,0,0,1,1,2.0,1,1,1,1,1,1,1,1,1,1,1,1,1,1,0,0,0,0,0,0,0,0,0,0,1,0,1,0,0,1,1,1,0
3,2,1200.0,27.0,798.0,2.0,15.0,8,0,0,1,1,0,0,0,0,1,2.0,1,1,1,0,0,0,0,1,1,1,1,1,0,0,0,0,0,0,0,0,0,0,0,0,1,0,1,0,0,0,0,0,0
3,2,1000.0,13.0,445.0,1.0,16.0,7,0,0,0,0,0,1,0,1,1,1.0,1,0,0,1,1,1,0,1,1,0,1,0,0,0,0,0,0,0,0,0,0,0,0,0,1,0,0,0,0,0,0,0,1
3,2,1750.0,33.0,550.0,4.0,2.0,11,0,0,0,0,0,0,0,1,1,3.0,1,1,1,1,1,0,1,1,1,1,1,0,1,0,0,0,0,0,0,1,0,0,0,0,0,0,1,0,0,0,0,0,0
3,1,622.0,20.0,463.0,1.0,9.0,0,0,0,0,0,0,0,0,1,1,2.0,0,0,0,0,0,0,0,0,0,0,0,0,0,0,0,0,0,0,0,1,0,0,0,0,0,0,0,0,0,1,1,1,0
3,2,1100.0,43.0,1472.0,1.0,4.0,14,0,0,0,0,0,0,0,1,0,2.0,1,1,1,1,1,1,1,1,1,1,1,1,1,1,1,0,0,0,0,0,0,0,0,0,0,0,1,0,0,0,0,0,1
3,2,819.0,44.0,2136.0,1.0,2.0,6,0,1,0,1,0,0,1,1,0,3.0,0,0,1,0,1,0,0,1,1,0,1,0,1,0,1,0,0,0,0,0,0,0,0,0,0,0,0,0,1,0,0,0,0
3,2,861.0,13.0,463.0,1.0,14.0,4,0,0,0,0,0,0,0,0,0,2.0,0,0,0,1,0,1,0,0,1,0,1,0,0,0,0,0,0,0,0,0,0,0,0,0,0,0,0,0,0,0,0,1,1
3,3,1453.0,20.0,463.0,4.0,9.0,0,0,0,0,0,0,0,0,1,1,2.0,0,0,0,0,0,0,0,0,0,0,0,0,0,0,0,0,0,0,0,1,0,0,0,0,0,0,1,0,0,1,1,1,0
3,2,700.0,17.0,3.0,1.0,31.0,0,0,0,0,0,0,0,0,1,0,3.0,0,0,0,0,0,0,0,0,0,0,0,0,0,0,0,0,0,0,0,1,0,0,0,0,0,0,0,0,0,0,0,0,0
3,2,650.0,5.0,463.0,1.0,9.0,0,0,0,0,0,0,0,0,1,0,1.0,0,0,0,0,0,0,0,0,0,0,0,0,0,0,0,0,0,0,0,0,0,0,0,0,1,0,0,1,0,1,0,1,1
3,2,995.0,20.0,521.0,1.0,14.0,8,1,1,1,1,0,0,1,1,1,2.0,1,1,1,1,0,1,0,0,0,1,0,1,0,1,0,0,0,0,0,0,0,0,0,0,1,0,1,0,0,0,1,0,1
3,2,850.0,12.0,1012.0,1.0,9.0,5,0,0,0,0,0,0,0,1,0,2.0,0,0,0,0,1,0,0,1,1,0,1,0,1,0,0,0,0,0,0,0,0,0,1,0,0,0,0,0,0,1,0,0,0
2,1,520.0,20.0,463.0,1.0,9.0,0,0,0,0,0,0,0,0,0,1,1.0,0,0,0,0,0,0,0,0,0,0,0,0,0,0,0,0,0,0,0,0,0,0,0,0,0,0,0,1,0,1,1,1,0
3,2,1000.0,18.0,348.0,2.0,11.0,0,0,0,0,0,0,0,0,1,0,2.0,0,0,0,0,0,0,0,0,0,0,0,0,0,0,0,0,0,0,0,0,0,0,0,0,1,0,0,0,1,0,0,0,0
3,2,1100.0,30.0,816.0,4.0,7.0,8,0,0,0,0,0,0,0,1,1,2.0,1,0,1,1,0,0,1,1,1,0,1,0,1,0,0,0,0,0,0,1,0,0,0,0,0,0,1,0,0,0,0,0,0
3,2,960.0,13.0,234.0,1.0,9.0,3,0,0,1,1,0,0,0,1,0,1.0,0,0,0,0,1,0,0,1,0,0,1,0,0,0,1,0,0,0,0,0,0,0,0,0,0,0,0,0,0,1,0,0,0
3,2,860.0,20.0,463.0,1.0,9.0,4,0,0,0,1,0,0,0,1,1,2.0,0,0,0,1,0,0,0,0,1,0,1,0,1,0,0,0,0,0,0,0,0,0,0,0,1,0,0,0,0,1,1,1,0
3,2,1068.0,14.0,702.0,1.0,16.0,11,0,0,0,0,0,0,0,1,1,3.0,1,1,1,0,1,1,1,1,1,0,1,1,1,0,0,0,0,0,0,0,0,0,0,0,1,0,1,0,0,0,0,0,0
3,2,1028.0,20.0,698.0,1.0,18.0,2,0,0,0,0,0,0,0,1,0,2.0,0,0,0,0,0,0,0,0,0,0,1,0,1,0,0,0,0,0,0,0,0,0,0,0,0,0,0,0,0,0,1,0,1
3,2,868.0,20.0,300.0,1.0,13.0,6,0,0,1,0,1,0,0,0,0,2.0,0,0,0,1,0,1,0,1,1,0,0,0,1,1,0,0,0,0,0,0,0,0,0,0,1,0,0,0,0,0,1,0,0
3,2,850.0,24.0,342.0,1.0,25.0,6,0,0,0,0,0,0,0,1,1,2.0,0,0,0,0,1,1,0,1,1,0,1,0,1,0,0,0,0,0,0,1,0,0,0,0,0,0,1,0,0,0,0,0,0
2,2,802.0,33.0,490.0,1.0,3.0,10,0,0,0,0,0,0,0,1,1,3.0,1,0,1,1,1,1,1,1,1,0,1,0,1,0,0,0,0,0,0,1,0,0,0,0,0,0,1,0,0,0,0,0,1
3,2,1600.0,22.0,320.0,1.0,9.0,5,1,0,0,0,0,0,0,0,1,2.0,0,0,1,0,0,0,0,1,0,0,1,1,1,0,0,0,0,0,0,0,0,0,0,0,1,0,1,0,0,1,0,0,1
3,2,950.0,20.0,1188.0,1.0,21.0,14,1,1,1,1,0,0,0,1,1,2.0,1,1,1,1,1,1,1,1,1,1,1,1,1,1,0,0,0,0,0,0,0,0,0,0,1,0,1,0,0,0,1,0,0
3,2,850.0,21.0,406.0,1.0,25.0,5,0,0,0,0,0,0,0,1,1,1.0,0,0,0,0,1,0,0,1,1,0,1,0,1,0,0,0,0,0,0,1,0,0,0,0,0,0,1,0,0,0,0,0,0
3,2,1023.0,20.0,1205.0,2.0,4.0,6,0,0,0,0,0,0,0,1,1,2.0,0,0,1,0,1,0,0,1,1,0,1,0,1,0,0,0,0,0,0,0,0,0,0,0,1,0,1,0,0,0,1,0,0
3,2,1238.0,20.0,90.0,1.0,9.0,3,0,0,0,0,0,0,0,1,0,2.0,0,0,0,0,0,0,0,1,0,0,1,0,1,0,0,0,0,0,0,0,0,0,1,0,0,0,1,0,0,1,1,0,0
3,2,700.0,23.0,463.0,1.0,14.0,8,0,0,0,0,0,0,0,1,1,2.0,1,0,1,1,1,0,1,1,1,0,1,0,0,0,0,0,0,0,0,1,0,0,0,0,0,0,0,0,0,0,0,1,0
3,2,1353.0,49.0,480.0,2.0,5.0,5,0,0,0,0,0,0,0,1,1,2.0,0,0,0,0,1,0,0,1,1,0,1,0,1,0,0,0,0,0,0,1,0,0,0,0,0,0,0,0,1,0,0,0,0
2,1,809.0,20.0,247.0,1.0,5.0,9,1,0,0,0,0,1,1,0,1,1.0,1,0,1,1,1,1,0,1,1,0,1,0,1,0,0,0,0,0,0,0,0,0,0,0,1,0,0,0,1,0,1,0,0
1,1,484.0,20.0,1160.0,1.0,10.0,9,0,0,0,0,0,0,0,1,1,1.0,0,0,1,1,0,1,1,0,1,1,1,0,1,1,0,0,0,0,0,0,0,0,0,0,0,0,0,0,1,0,1,0,1
3,3,1106.0,43.0,493.0,2.0,2.0,10,1,0,1,1,0,0,1,1,0,3.0,1,0,1,1,1,0,1,1,1,1,1,0,1,0,1,0,0,0,0,0,0,0,0,0,0,0,1,0,0,0,0,0,0
3,2,938.0,23.0,463.0,1.0,9.0,9,0,0,0,0,0,0,0,1,1,3.0,1,0,1,0,1,1,0,1,1,0,1,0,1,1,0,0,0,0,0,0,0,0,0,0,1,0,1,0,0,1,0,1,0
3,2,815.0,20.0,463.0,1.0,9.0,0,0,0,0,0,0,0,0,1,0,2.0,0,0,0,0,0,0,0,0,0,0,0,0,0,0,0,0,0,0,0,0,0,0,0,0,1,0,0,0,0,1,1,1,1
4,3,1500.0,20.0,222.0,2.0,8.0,0,0,0,0,0,0,0,0,1,1,2.0,0,0,0,0,0,0,0,0,0,0,0,0,0,0,0,0,0,0,0,1,0,0,0,0,0,0,1,0,0,0,1,0,0
3,2,1087.0,38.0,420.0,2.0,12.0,14,0,0,0,0,0,0,0,1,1,2.0,1,1,1,1,1,1,1,1,1,1,1,1,1,1,0,0,0,0,0,1,0,0,0,0,0,0,1,0,0,0,0,0,0
3,2,850.0,20.0,463.0,1.0,9.0,4,0,0,0,1,0,0,0,0,0,2.0,0,0,0,0,1,0,0,1,1,0,1,0,0,0,0,0,0,0,0,0,0,0,0,0,1,0,0,0,0,1,1,1,1
3,2,700.0,23.0,2115.0,1.0,20.0,3,0,0,0,0,0,0,0,1,1,2.0,0,0,0,0,1,1,0,1,0,0,0,0,0,0,0,0,0,0,0,1,0,0,0,0,0,0,0,1,0,0,0,0,1
2,1,550.0,20.0,463.0,1.0,9.0,2,0,0,0,0,0,0,0,1,1,1.0,0,0,0,0,0,0,0,1,0,0,1,0,0,0,0,0,0,0,0,1,0,0,0,0,0,0,0,1,0,1,1,1,0
2,1,620.0,20.0,463.0,1.0,9.0,0,0,0,0,0,0,0,0,1,1,2.0,0,0,0,0,0,0,0,0,0,0,0,0,0,0,0,0,0,0,0,0,0,0,0,0,1,0,0,1,0,1,1,1,1
1,1,636.0,20.0,463.0,1.0,9.0,9,0,0,0,0,0,0,0,1,1,1.0,1,1,1,1,0,1,1,0,0,1,0,1,0,1,0,0,0,0,0,0,0,0,0,0,1,0,1,0,0,1,1,1,0
3,2,883.0,42.0,670.0,2.0,6.0,5,0,0,0,0,0,0,0,1,1,3.0,0,0,1,0,1,0,0,1,0,0,1,0,1,0,0,0,0,0,0,1,0,0,0,0,0,0,1,0,0,0,0,0,0
5,4,2600.0,25.0,463.0,3.0,13.0,8,0,0,0,0,0,0,0,1,1,2.0,1,0,1,0,0,0,1,1,1,1,1,0,1,0,0,0,0,0,0,1,0,0,0,0,0,0,1,0,0,0,0,1,0
3,2,1582.0,34.0,310.0,1.0,11.0,7,1,1,1,1,1,0,1,1,1,3.0,1,0,1,0,1,0,0,1,0,1,1,0,1,0,1,0,0,0,0,0,0,0,0,0,0,0,0,0,1,0,0,0,0
3,2,1170.0,10.0,396.0,1.0,16.0,9,1,1,1,1,0,0,0,1,1,2.0,1,0,1,0,0,1,1,1,1,0,1,0,1,1,0,0,0,0,0,0,0,0,0,0,1,0,1,0,0,0,0,0,1
2,2,980.0,20.0,463.0,1.0,9.0,5,0,0,0,0,0,0,0,1,1,2.0,0,0,1,1,0,0,0,1,0,0,1,0,1,0,0,0,0,0,0,0,0,0,0,0,0,1,0,0,1,1,1,1,1
3,2,841.0,12.0,576.0,1.0,9.0,5,0,1,1,1,1,0,1,1,1,3.0,0,0,0,1,1,1,0,1,0,0,1,0,0,0,1,0,0,0,0,0,0,0,0,0,0,0,0,0,0,1,0,0,0
3,2,1055.0,20.0,463.0,1.0,6.0,3,0,0,0,0,0,0,0,1,1,2.0,0,0,0,0,0,1,0,1,0,0,1,0,0,0,0,0,0,0,0,0,0,0,0,0,1,0,0,0,0,0,1,1,1
2,2,701.0,26.0,324.0,1.0,3.0,5,0,0,0,0,0,0,0,1,0,2.0,0,0,0,0,1,1,0,1,0,0,1,0,1,0,0,0,0,0,0,0,0,0,1,0,0,0,0,0,1,0,0,0,1
3,1,635.0,5.0,59.0,1.0,22.0,0,0,0,0,0,0,0,0,1,1,2.0,0,0,0,0,0,0,0,0,0,0,0,0,0,0,0,0,0,0,0,1,0,0,0,0,0,0,0,1,0,0,0,0,0
3,2,936.0,23.0,463.0,1.0,9.0,9,0,0,0,0,0,0,0,0,1,1.0,1,0,1,0,1,1,0,1,1,0,1,0,1,1,0,0,0,0,0,0,0,0,0,0,1,0,1,0,0,1,0,1,0
4,3,1507.0,18.0,500.0,1.0,27.0,0,0,0,0,0,0,0,0,0,1,2.0,0,0,0,0,0,0,0,0,0,0,0,0,0,0,1,0,0,0,0,0,0,0,0,0,0,0,1,0,0,0,0,0,1
4,3,1590.0,18.0,96.0,3.0,9.0,4,0,0,0,0,0,0,0,1,1,2.0,0,0,1,0,0,0,0,0,1,0,1,0,1,0,0,0,0,0,0,1,0,0,0,0,0,0,1,0,0,0,0,0,0
3,2,850.0,29.0,463.0,1.0,15.0,7,0,0,0,0,0,0,0,1,1,3.0,0,0,1,1,0,1,0,1,1,1,1,0,0,0,0,0,0,0,0,1,0,0,0,0,0,0,0,0,0,0,0,1,1
3,2,1102.0,20.0,463.0,2.0,9.0,7,0,0,0,1,1,0,0,1,1,2.0,1,0,0,1,1,0,0,1,1,0,1,0,1,0,0,0,0,0,0,0,0,0,0,0,1,0,0,0,0,1,1,1,0
2,2,1055.0,40.0,1360.0,1.0,6.0,9,0,0,0,0,0,0,0,1,0,3.0,1,0,1,0,1,0,1,1,1,1,1,0,1,0,0,1,0,0,0,0,0,0,0,0,0,0,0,0,1,0,0,0,1
4,2,1161.0,38.0,406.0,2.0,2.0,6,0,0,0,0,0,0,0,1,1,2.0,1,0,1,1,0,0,0,1,1,0,1,0,0,0,0,0,0,0,0,1,0,0,0,0,0,0,1,0,0,0,0,0,0
2,2,703.0,20.0,463.0,1.0,9.0,11,0,0,0,0,0,0,0,1,1,2.0,1,1,1,0,1,1,1,1,1,1,1,0,1,0,0,0,0,0,0,1,0,0,0,0,0,0,1,0,0,1,1,1,0
3,2,1254.0,44.0,378.0,2.0,5.0,9,0,0,0,0,0,0,0,1,1,3.0,1,0,1,0,1,0,1,1,1,1,1,0,1,0,0,0,0,0,0,1,0,0,0,0,0,0,1,0,0,0,0,0,0
3,2,850.0,20.0,120.0,1.0,10.0,3,1,0,0,1,0,0,0,0,0,1.0,0,0,1,0,0,0,0,1,1,0,0,0,0,0,0,0,0,0,0,0,0,0,0,0,1,0,0,0,0,0,1,0,1
3,2,1100.0,20.0,760.0,1.0,9.0,7,0,0,1,1,1,0,0,1,1,1.0,0,0,0,1,0,1,0,1,1,1,1,0,1,0,0,0,0,0,0,0,0,0,0,0,1,0,0,0,0,1,1,0,1
2,1,753.0,47.0,685.0,1.0,0.0,10,0,1,1,1,1,1,1,1,0,2.0,1,0,1,1,1,0,0,1,1,1,1,0,1,1,0,0,0,0,0,0,0,0,0,0,1,0,0,0,1,0,0,0,1
2,1,1101.0,20.0,463.0,1.0,9.0,0,0,0,0,0,0,0,0,1,0,2.0,0,0,0,0,0,0,0,0,0,0,0,0,0,0,0,0,0,0,0,0,0,0,0,1,0,0,0,0,0,1,1,1,1
3,2,800.0,45.0,1168.0,1.0,5.0,5,0,0,0,0,0,0,0,1,1,3.0,0,0,1,0,0,1,0,1,1,0,1,0,0,0,0,0,0,0,0,1,0,0,0,0,0,0,1,0,0,0,0,0,1
3,2,1000.0,16.0,576.0,2.0,9.0,7,0,0,0,0,0,0,0,0,0,2.0,0,0,0,1,1,1,1,1,0,0,1,0,1,0,0,0,0,0,0,0,0,0,0,0,0,0,0,1,0,1,0,0,0
1,1,750.0,20.0,463.0,1.0,9.0,1,0,0,0,0,0,0,0,1,1,2.0,0,0,0,0,0,0,0,0,0,0,1,0,0,0,0,0,0,0,0,1,0,0,0,0,0,0,0,0,1,1,1,1,0
3,3,1045.0,20.0,463.0,1.0,9.0,10,1,0,0,1,0,0,1,1,0,2.0,1,0,1,1,1,1,1,1,1,0,1,0,1,0,1,0,0,0,0,0,0,0,0,0,0,0,1,0,0,1,1,1,0
3,2,800.0,6.0,672.0,1.0,29.0,2,0,0,0,0,0,0,0,1,0,1.0,0,0,0,0,0,0,0,1,0,0,1,0,0,0,0,0,0,0,0,1,0,0,0,0,0,0,0,0,0,0,0,0,0
3,2,951.0,42.0,1675.0,1.0,5.0,12,0,1,0,0,0,0,0,1,1,2.0,1,1,1,1,1,1,1,1,1,1,1,0,1,0,0,0,0,0,0,0,0,0,0,0,1,0,0,0,1,0,0,0,0
3,2,950.0,20.0,463.0,2.0,9.0,11,0,0,0,0,0,0,0,1,0,2.0,0,0,1,1,1,1,0,1,1,1,1,1,1,1,1,0,0,0,0,0,0,0,0,0,0,0,0,0,0,1,1,1,0
4,2,1059.0,38.0,2647.0,1.0,4.0,10,0,0,0,0,0,0,0,1,1,1.0,1,0,1,1,1,1,1,1,1,0,1,0,1,0,1,0,0,0,0,0,0,0,0,0,0,0,0,0,1,0,0,0,0
3,2,900.0,23.0,730.0,1.0,24.0,6,0,0,0,0,0,0,0,1,1,3.0,0,0,0,0,1,1,0,1,1,0,1,0,1,0,0,0,0,0,0,1,0,0,0,0,0,0,1,0,0,0,0,0,0
3,2,750.0,5.0,463.0,1.0,9.0,0,0,0,0,0,0,0,0,1,1,3.0,0,0,0,0,0,0,0,0,0,0,0,0,0,0,0,0,0,0,0,0,0,0,0,0,1,0,0,0,0,1,0,1,0
3,2,850.0,8.0,463.0,1.0,23.0,4,0,1,1,1,0,1,1,1,1,1.0,0,0,0,0,0,0,0,1,1,0,1,0,1,0,0,0,0,0,0,0,0,0,0,0,1,0,0,0,0,0,0,1,0
3,2,850.0,19.0,448.0,1.0,10.0,9,0,0,0,0,0,0,0,1,1,2.0,0,0,1,1,0,0,1,1,1,1,1,0,1,1,0,0,0,0,0,1,0,0,0,0,0,0,1,0,0,0,0,0,0
1,1,635.0,20.0,280.0,1.0,5.0,7,0,0,1,0,0,0,0,1,1,2.0,0,0,1,0,1,0,1,1,1,0,1,0,1,0,0,0,0,0,0,0,0,0,0,0,1,0,0,0,1,0,1,0,0
3,2,958.0,17.0,463.0,1.0,9.0,6,0,0,0,0,0,0,0,0,0,3.0,1,0,0,0,0,1,0,1,1,0,1,0,1,0,0,0,0,0,0,0,0,0,0,0,0,0,0,0,0,1,0,1,0
3,2,646.0,20.0,463.0,1.0,9.0,0,0,0,0,1,0,0,0,1,0,2.0,0,0,0,0,0,0,0,0,0,0,0,0,0,0,0,0,0,0,0,0,0,0,0,0,1,0,0,1,0,1,1,1,1
3,2,650.0,20.0,463.0,1.0,9.0,0,1,0,0,1,1,0,0,1,0,2.0,0,0,0,0,0,0,0,0,0,0,0,0,0,0,1,0,0,0,0,0,0,0,0,0,0,0,0,1,0,1,1,1,1
2,2,828.0,20.0,463.0,1.0,9.0,1,0,0,0,0,0,0,0,1,1,2.0,0,0,0,0,1,0,0,0,0,0,0,0,0,0,0,0,0,0,0,0,0,0,0,0,0,0,0,0,0,1,1,1,1
3,2,807.0,6.0,463.0,1.0,18.0,5,0,0,0,0,0,0,0,1,0,2.0,0,0,0,0,1,1,0,1,1,0,1,0,0,0,0,0,0,0,0,0,0,0,0,0,1,0,1,0,0,0,0,1,0
3,2,1052.0,20.0,463.0,2.0,9.0,9,0,0,0,0,0,0,0,0,1,3.0,1,0,1,0,1,1,1,1,1,0,1,0,1,0,0,0,0,0,0,0,0,0,0,0,1,0,1,0,0,1,1,1,0
3,2,1012.0,11.0,704.0,1.0,22.0,8,0,0,0,0,0,0,0,1,1,2.0,1,0,1,0,0,1,0,1,1,0,1,0,1,1,0,0,0,0,0,0,0,0,0,0,1,0,1,0,0,0,0,0,0
2,2,550.0,26.0,463.0,1.0,9.0,6,0,0,0,0,0,0,0,1,1,2.0,0,0,0,0,1,1,0,1,1,0,1,0,1,0,0,0,0,0,0,1,0,0,0,0,0,0,0,0,0,1,0,1,1
3,2,1270.0,30.0,410.0,2.0,6.0,0,0,0,0,0,0,0,0,1,1,2.0,0,0,0,0,0,0,0,0,0,0,0,0,0,0,0,0,0,0,0,1,0,0,0,0,0,0,1,0,0,0,0,0,0
4,3,1488.0,9.0,208.0,2.0,25.0,7,0,0,0,0,1,0,0,1,1,2.0,1,0,1,0,0,1,0,1,1,0,1,0,1,0,0,0,0,0,0,0,0,0,0,0,1,0,1,0,0,0,0,0,0
3,2,1054.0,20.0,300.0,2.0,10.0,12,0,0,0,0,0,0,0,1,1,2.0,1,1,1,1,1,1,1,1,1,1,1,0,1,0,0,0,0,0,0,0,0,0,0,0,1,0,1,0,0,0,1,0,0
3,2,800.0,20.0,1900.0,2.0,7.0,3,0,0,0,0,0,0,0,1,0,3.0,0,0,0,0,1,0,0,1,0,0,1,0,0,0,0,0,0,0,0,1,0,0,0,0,0,0,0,0,0,0,1,0,0
3,2,950.0,18.0,385.0,1.0,11.0,4,0,1,0,1,0,0,1,1,0,3.0,0,0,0,0,0,0,0,1,1,0,1,0,1,0,1,0,0,0,0,0,0,0,0,0,0,0,0,0,0,0,0,0,0
2,1,660.0,20.0,463.0,1.0,9.0,0,0,0,0,0,0,0,0,1,0,2.0,0,0,0,0,0,0,0,0,0,0,0,0,0,0,0,0,0,0,0,0,0,0,0,1,0,0,0,0,0,1,1,1,0
2,2,856.0,36.0,1338.0,1.0,6.0,14,1,0,1,1,0,0,0,1,0,3.0,1,1,1,1,1,1,1,1,1,1,1,1,1,1,1,0,0,0,0,0,0,0,0,0,0,0,0,0,1,0,0,0,0
1,2,575.0,20.0,272.0,1.0,14.0,8,1,1,0,0,0,0,0,1,1,2.0,0,0,1,0,1,1,0,1,1,0,1,0,1,1,0,0,0,0,0,0,0,0,0,0,1,0,0,0,1,0,1,0,0
3,2,1120.0,20.0,463.0,1.0,9.0,5,0,0,0,0,0,0,0,1,0,2.0,0,0,1,0,1,0,0,1,0,0,1,0,1,0,0,0,0,0,0,0,0,0,0,1,0,0,0,0,0,1,1,1,0
3,2,1365.0,19.0,306.0,1.0,9.0,0,0,0,0,0,0,0,0,0,0,2.0,0,0,0,0,0,0,0,0,0,0,0,0,0,0,0,0,0,0,0,0,0,0,0,0,1,0,0,0,1,1,0,0,1
3,1,646.0,20.0,463.0,1.0,9.0,0,0,0,0,0,0,0,0,0,0,2.0,0,0,0,0,0,0,0,0,0,0,0,0,0,0,1,0,0,0,0,0,0,0,0,0,0,0,0,0,0,1,1,1,1
3,2,1075.0,20.0,463.0,1.0,9.0,6,0,0,0,0,0,0,0,0,0,2.0,0,0,1,0,1,0,0,1,1,0,1,0,1,0,0,0,0,0,0,0,0,0,1,0,0,0,1,0,0,1,1,1,0
3,2,1000.0,20.0,463.0,1.0,9.0,1,0,0,0,0,0,0,0,1,0,2.0,0,0,0,0,0,0,0,1,0,0,0,0,0,0,0,0,0,0,0,0,0,0,1,0,0,0,0,0,0,1,1,1,0
3,2,850.0,5.0,463.0,1.0,13.0,0,0,0,0,0,0,0,0,1,1,3.0,0,0,0,0,0,0,0,0,0,0,0,0,0,0,0,0,0,0,0,0,0,0,0,0,0,0,0,1,0,0,0,1,0
3,2,1100.0,20.0,463.0,2.0,9.0,10,0,0,0,0,0,0,0,1,1,3.0,1,0,1,1,1,0,1,1,1,1,1,0,1,0,0,0,0,0,0,1,0,0,0,0,0,0,1,0,0,1,1,1,0
3,2,925.0,21.0,463.0,1.0,9.0,4,0,0,0,0,0,0,0,1,0,2.0,1,0,0,0,0,0,0,1,1,0,1,0,0,0,0,0,0,0,0,0,0,0,0,0,0,0,0,0,0,1,0,1,1
3,2,1350.0,4.0,227.0,2.0,13.0,13,0,0,0,0,0,0,0,0,0,1.0,1,1,1,1,1,1,1,1,1,0,1,1,1,1,1,0,0,0,0,0,0,0,0,0,0,0,1,0,0,0,0,0,0
3,2,700.0,32.0,988.0,2.0,26.0,7,0,0,0,0,0,0,0,1,1,1.0,0,0,1,0,1,0,0,1,1,0,1,0,1,1,0,0,0,0,0,1,0,0,0,0,0,0,1,0,0,0,0,0,0
1,1,495.0,27.0,303.0,1.0,9.0,9,0,0,0,0,0,0,0,1,0,2.0,1,0,1,0,1,1,1,1,1,0,1,0,1,0,0,0,0,0,0,0,0,0,0,0,0,0,1,0,0,1,0,0,1
3,2,818.0,5.0,480.0,1.0,9.0,6,0,0,0,0,0,0,0,0,1,3.0,1,0,0,1,0,1,0,1,1,0,1,0,0,0,0,0,0,0,0,0,0,0,0,0,1,0,0,0,0,1,0,0,0
3,2,650.0,20.0,463.0,1.0,9.0,0,0,0,0,0,0,0,0,1,1,2.0,0,0,0,0,0,0,0,0,0,0,0,0,0,0,0,0,0,0,0,1,0,0,0,0,0,0,0,1,0,1,1,1,1
1,1,550.0,20.0,463.0,1.0,9.0,12,0,0,0,0,0,0,0,1,1,2.0,1,0,1,1,1,1,1,1,1,1,1,0,1,1,0,0,0,0,0,0,0,0,0,0,1,0,1,0,0,1,1,1,0
3,2,850.0,20.0,463.0,1.0,9.0,3,0,0,0,0,0,0,0,1,0,3.0,0,0,0,0,1,0,0,1,0,0,1,0,0,0,0,0,0,0,0,0,0,0,1,0,0,0,0,0,0,1,1,1,0
3,2,800.0,20.0,463.0,1.0,9.0,0,0,0,0,0,0,0,0,1,0,2.0,0,0,0,0,0,0,0,0,0,0,0,0,0,0,0,0,0,0,0,0,0,0,0,0,0,0,0,0,0,1,1,1,0
1,1,689.0,20.0,463.0,1.0,9.0,5,0,0,0,0,0,0,0,1,0,2.0,0,0,0,0,1,0,1,1,0,0,1,0,1,0,0,0,0,0,0,0,1,0,0,0,0,0,0,0,1,1,1,1,1
3,2,1230.0,27.0,357.0,2.0,6.0,6,0,0,0,0,0,0,0,1,1,2.0,0,0,1,0,1,0,0,1,1,0,1,0,1,0,0,0,0,0,0,1,0,0,0,0,0,0,1,0,0,0,0,0,0
3,2,950.0,15.0,463.0,1.0,17.0,7,0,0,0,0,0,0,0,1,0,2.0,1,0,0,0,0,1,0,1,1,1,1,0,1,0,1,0,0,0,0,0,0,0,0,0,0,0,0,0,0,0,0,1,1
3,3,1200.0,5.0,463.0,3.0,9.0,2,1,0,1,1,0,0,1,1,1,3.0,0,0,0,0,0,0,0,1,0,0,1,0,0,0,1,0,0,0,0,0,0,0,0,0,0,0,1,0,0,1,0,1,0
3,2,1096.0,19.0,256.0,1.0,4.0,7,0,0,0,0,0,0,0,1,0,2.0,0,0,1,0,1,0,1,1,1,0,1,0,1,0,0,0,0,0,0,0,0,0,0,0,1,0,1,0,0,0,0,0,0
3,2,700.0,18.0,136.0,1.0,29.0,6,0,0,0,0,0,0,0,1,1,2.0,0,0,0,0,1,1,0,1,1,0,1,0,1,0,0,0,0,0,0,1,0,0,0,0,0,0,1,0,0,0,0,0,0
3,2,774.0,36.0,630.0,1.0,7.0,9,0,0,1,0,0,0,1,1,0,2.0,0,0,1,1,0,1,0,1,1,0,1,1,1,1,1,0,0,0,0,0,0,0,0,0,0,0,0,0,1,0,0,0,0
3,2,1378.0,15.0,368.0,1.0,6.0,4,0,0,0,0,0,0,0,0,0,2.0,0,0,0,0,0,0,0,1,1,0,1,0,1,0,1,0,0,0,0,0,0,0,0,0,0,0,1,0,0,0,0,0,1
3,2,1062.0,21.0,800.0,1.0,17.0,8,0,0,0,0,0,0,0,1,0,2.0,0,0,1,0,1,1,1,1,1,0,1,0,1,0,1,0,0,0,0,0,0,0,0,0,0,0,0,0,0,0,0,0,0
3,2,1000.0,20.0,1000.0,2.0,9.0,0,0,0,0,0,0,0,0,1,1,2.0,0,0,0,0,0,0,0,0,0,0,0,0,0,0,0,0,0,0,0,1,0,0,0,0,0,0,1,0,0,1,1,0,0
3,2,715.0,5.0,463.0,1.0,9.0,0,0,0,0,0,0,0,0,1,1,1.0,0,0,0,0,0,0,0,0,0,0,0,0,0,0,0,0,0,0,0,0,0,0,0,0,1,0,0,0,0,1,0,1,1
3,4,1281.0,22.0,470.0,1.0,9.0,7,1,1,1,1,1,0,0,0,0,2.0,0,0,1,1,0,0,1,1,0,1,1,0,1,0,1,0,0,0,0,0,0,0,0,0,0,0,1,0,0,0,0,0,1
3,2,850.0,28.0,422.0,1.0,26.0,11,0,0,0,0,0,0,0,1,1,2.0,1,0,1,1,1,1,0,1,1,1,1,0,1,1,0,0,0,0,0,1,0,0,0,0,0,0,1,0,0,0,0,0,0
3,2,1000.0,20.0,463.0,1.0,3.0,11,0,0,0,0,0,0,0,1,1,2.0,1,0,1,0,1,1,1,1,1,1,1,0,1,1,0,0,0,0,0,1,0,0,0,0,0,0,0,0,0,0,1,1,0
3,2,850.0,21.0,406.0,1.0,25.0,0,0,0,0,0,0,0,0,1,1,1.0,0,0,0,0,0,0,0,0,0,0,0,0,0,0,0,0,0,0,0,1,0,0,0,0,0,0,1,0,0,0,0,0,0
1,2,576.0,20.0,272.0,1.0,14.0,7,1,1,0,0,0,0,0,0,1,2.0,1,0,1,0,1,1,0,1,1,0,1,0,0,0,0,0,0,0,0,0,0,0,0,0,1,0,0,0,1,0,1,0,0
3,2,1097.0,20.0,463.0,1.0,9.0,4,0,0,0,0,0,0,0,1,0,1.0,1,0,0,0,0,0,0,1,1,0,1,0,0,0,0,0,0,0,0,0,0,0,0,1,0,0,0,0,0,1,1,1,1
3,2,786.0,5.0,463.0,1.0,9.0,2,0,0,0,0,0,0,0,0,1,2.0,0,0,0,0,0,0,0,1,0,0,1,0,0,0,0,0,0,0,0,0,0,0,0,0,1,0,0,0,0,1,0,1,1
3,2,743.0,20.0,463.0,1.0,9.0,0,0,0,0,0,0,0,0,1,0,3.0,0,0,0,0,0,0,0,0,0,0,0,0,0,0,0,1,0,0,0,0,0,0,0,0,0,0,0,0,0,1,1,1,1
3,2,1041.0,16.0,463.0,2.0,28.0,3,0,0,0,0,0,0,0,1,1,2.0,0,0,0,0,1,0,0,1,0,0,1,0,0,0,0,0,0,0,0,1,0,0,0,0,0,0,1,0,0,0,0,1,0
4,3,1504.0,20.0,463.0,2.0,9.0,5,0,0,0,0,0,0,0,1,1,1.0,0,0,0,0,1,0,0,1,1,0,1,0,1,0,0,0,0,0,0,0,0,0,0,0,0,1,1,0,0,1,1,1,0
3,2,1204.0,5.0,320.0,1.0,2.0,8,0,0,0,0,0,0,0,1,0,2.0,1,0,1,1,0,0,0,1,1,1,1,0,1,0,0,0,0,0,0,0,0,0,0,0,0,0,0,0,0,0,0,0,1
3,2,1000.0,20.0,463.0,2.0,3.0,9,0,0,0,0,0,0,0,1,1,3.0,0,0,1,0,1,1,0,1,1,1,1,0,1,1,0,0,0,0,0,1,0,0,0,0,0,0,0,0,0,0,1,1,0
3,2,1018.0,20.0,463.0,1.0,9.0,0,1,0,1,1,0,0,0,1,0,2.0,0,0,0,0,0,0,0,0,0,0,0,0,0,0,1,0,0,0,0,0,0,0,0,0,0,0,0,0,0,1,1,1,1
3,2,939.0,38.0,420.0,3.0,12.0,14,0,0,0,0,0,0,0,1,1,3.0,1,1,1,1,1,1,1,1,1,1,1,1,1,1,0,0,0,0,0,1,0,0,0,0,0,0,1,0,0,0,0,0,0
3,2,700.0,20.0,463.0,1.0,9.0,4,0,0,0,0,0,0,0,1,0,1.0,0,0,0,1,0,0,0,1,0,0,1,0,1,0,0,0,0,0,0,0,0,0,0,0,0,1,0,0,0,1,1,1,0
3,2,1091.0,18.0,569.0,1.0,13.0,8,0,0,1,0,0,0,1,1,1,2.0,0,0,1,0,1,1,0,1,1,1,1,0,1,0,1,0,0,0,0,0,0,0,0,0,0,0,1,0,0,0,0,0,0
2,1,513.0,20.0,463.0,1.0,9.0,3,0,0,0,0,0,0,0,1,0,2.0,0,0,0,0,1,0,0,1,0,0,1,0,0,0,0,0,0,0,0,1,0,0,0,0,0,0,0,1,0,1,1,1,1
3,2,1161.0,11.0,336.0,2.0,6.0,9,0,1,0,0,0,0,0,1,1,2.0,1,1,1,1,0,0,0,1,1,1,1,0,1,0,0,0,0,0,0,0,0,0,0,0,1,0,1,0,0,0,0,0,0
3,2,1259.0,5.0,463.0,1.0,9.0,6,0,0,0,0,0,1,0,0,1,3.0,0,0,0,0,1,0,1,1,1,0,1,0,1,0,0,0,0,0,0,0,0,0,0,0,1,0,0,0,0,1,0,1,0
3,2,1200.0,5.0,463.0,1.0,9.0,0,0,0,1,1,0,0,0,1,1,1.0,0,0,0,0,0,0,0,0,0,0,0,0,0,0,0,0,0,0,0,0,0,0,0,0,1,0,0,0,0,1,0,1,1
3,2,812.0,14.0,1008.0,1.0,28.0,1,1,0,1,1,1,0,0,1,0,2.0,0,0,0,0,0,1,0,0,0,0,0,0,0,0,1,0,0,0,0,0,0,0,0,0,0,0,1,0,0,0,0,0,0
3,2,838.0,22.0,816.0,2.0,16.0,9,0,0,0,0,0,0,0,1,1,2.0,1,0,1,1,1,0,0,1,1,0,1,1,1,0,0,0,0,0,0,1,0,0,0,0,0,0,1,0,0,0,0,0,0
3,3,1598.0,42.0,670.0,2.0,6.0,5,0,0,0,0,0,0,0,1,1,2.0,0,0,1,0,1,0,0,1,0,0,1,0,1,0,0,0,0,0,0,1,0,0,0,0,0,0,1,0,0,0,0,0,0
5,4,1830.0,31.0,621.0,2.0,6.0,14,0,0,0,0,0,0,0,1,1,1.0,1,1,1,1,1,1,1,1,1,1,1,1,1,1,1,0,0,0,0,0,0,0,0,0,0,0,1,0,0,0,0,0,0
1,1,667.0,18.0,238.0,2.0,8.0,9,1,0,0,1,0,0,0,1,1,2.0,1,0,1,0,1,0,1,1,1,1,1,0,1,0,0,0,0,0,0,0,0,0,0,0,1,0,0,0,1,0,0,0,0
3,2,1022.0,20.0,463.0,1.0,9.0,0,0,0,0,0,0,0,0,1,1,2.0,0,0,0,0,0,0,0,0,0,0,0,0,0,0,0,0,0,0,0,0,0,0,0,0,1,0,1,0,0,1,1,1,1
3,2,936.0,38.0,420.0,2.0,12.0,14,0,0,0,0,0,0,0,1,1,3.0,1,1,1,1,1,1,1,1,1,1,1,1,1,1,0,0,0,0,0,1,0,0,0,0,0,0,1,0,0,0,0,0,0
3,1,657.0,20.0,463.0,1.0,9.0,4,0,0,1,1,0,0,0,1,0,1.0,0,0,0,1,0,1,0,1,1,0,0,0,0,0,0,0,0,0,0,0,0,0,0,0,1,0,0,0,0,1,1,1,1
3,2,801.0,20.0,463.0,1.0,9.0,9,0,0,1,0,0,0,0,0,0,2.0,1,1,0,0,1,1,1,1,1,0,1,0,1,0,0,0,0,0,0,0,0,0,0,0,1,0,0,0,0,1,1,1,0
2,2,800.0,43.0,956.0,1.0,9.0,8,1,1,1,1,1,0,0,1,1,2.0,1,0,1,1,1,0,1,0,1,0,1,0,1,0,0,0,0,0,0,0,0,0,0,0,1,0,0,0,0,1,0,0,1
1,1,477.0,23.0,763.0,1.0,6.0,9,0,0,0,0,0,0,0,1,1,1.0,1,0,1,0,1,0,1,1,1,1,1,0,1,0,0,0,0,0,0,0,0,0,0,0,1,0,0,0,1,0,0,0,0
3,2,860.0,20.0,463.0,1.0,9.0,0,0,0,0,0,0,0,0,1,1,2.0,0,0,0,0,0,0,0,0,0,0,0,0,0,0,0,0,0,0,0,1,0,0,0,0,0,0,0,0,0,1,1,1,0
2,2,1016.0,44.0,378.0,2.0,5.0,8,0,0,0,0,0,0,0,1,1,2.0,1,0,1,0,0,0,1,1,1,1,1,0,1,0,0,0,0,0,0,1,0,0,0,0,0,0,1,0,0,0,0,0,0
3,2,800.0,20.0,463.0,1.0,9.0,0,0,0,0,0,0,0,0,0,0,2.0,0,0,0,0,0,0,0,0,0,0,0,0,0,0,0,0,0,0,0,0,0,0,0,0,1,0,0,0,0,1,1,1,1
3,2,700.0,22.0,403.0,1.0,23.0,3,0,0,0,0,0,0,0,1,1,3.0,0,0,0,0,1,0,0,1,0,0,1,0,0,0,0,0,0,0,0,1,0,0,0,0,0,0,1,0,0,0,0,0,0
3,2,700.0,20.0,463.0,2.0,9.0,0,0,0,0,0,0,0,0,0,0,2.0,0,0,0,0,0,0,0,0,0,0,0,0,0,0,0,0,0,0,0,0,0,0,0,0,1,0,0,0,0,1,1,1,0
4,3,2400.0,35.0,195.0,2.0,12.0,0,0,0,0,0,0,0,0,1,1,2.0,0,0,0,0,0,0,0,0,0,0,0,0,0,0,0,0,0,0,0,1,0,0,0,0,0,0,1,0,0,0,0,0,0
3,2,800.0,18.0,200.0,1.0,17.0,8,1,0,1,1,0,0,1,1,0,3.0,0,0,0,1,1,1,1,1,1,0,1,0,1,0,0,0,0,0,0,0,0,0,0,0,1,0,0,0,0,0,0,0,0
3,2,1041.0,16.0,463.0,2.0,28.0,4,0,0,0,0,0,0,0,1,1,2.0,0,0,0,0,1,0,0,1,0,0,1,0,1,0,0,0,0,0,0,1,0,0,0,0,0,0,1,0,0,0,0,1,0
2,1,712.0,20.0,463.0,1.0,9.0,5,0,0,0,0,0,0,0,1,0,2.0,0,0,0,1,0,0,0,1,1,0,1,0,1,0,0,0,0,0,0,0,0,0,1,0,0,0,0,0,0,1,1,1,0
3,2,850.0,20.0,216.0,2.0,26.0,6,0,0,0,0,0,0,0,1,1,1.0,0,0,0,1,0,1,0,1,1,1,1,0,0,0,0,0,0,0,0,1,0,0,0,0,0,0,0,0,0,0,1,0,0
3,1,650.0,20.0,463.0,1.0,9.0,0,0,0,1,0,1,0,0,0,0,2.0,0,0,0,0,0,0,0,0,0,0,0,0,0,0,0,0,0,0,0,0,0,0,0,0,1,0,0,1,0,1,1,1,1
4,2,1272.0,17.0,475.0,2.0,10.0,6,0,0,0,0,0,0,0,1,1,2.0,0,0,1,0,0,1,0,1,1,0,1,0,1,0,1,0,0,0,0,0,0,0,0,0,0,0,1,0,0,0,0,0,0
3,2,1161.0,10.0,396.0,2.0,16.0,9,1,1,1,1,0,0,0,0,1,2.0,1,0,1,0,0,1,1,1,1,0,1,0,1,1,0,0,0,0,0,0,0,0,0,0,1,0,1,0,0,0,0,0,0
3,2,680.0,20.0,463.0,1.0,17.0,3,0,0,0,0,0,0,0,1,1,2.0,0,0,0,0,1,0,0,1,0,0,1,0,0,0,0,0,0,0,0,1,0,0,0,0,0,0,0,0,0,0,0,1,0
2,2,818.0,20.0,463.0,1.0,6.0,8,0,0,0,0,0,0,0,1,1,3.0,1,0,1,0,1,0,1,1,1,0,1,0,1,0,0,0,0,0,0,0,0,0,0,0,0,0,1,0,0,0,1,1,1
4,3,1600.0,22.0,816.0,2.0,16.0,9,0,0,0,0,0,0,0,1,1,2.0,1,0,1,1,1,0,0,1,1,0,1,1,1,0,0,0,0,0,0,1,0,0,0,0,0,0,1,0,0,0,0,0,0
3,2,818.0,44.0,2136.0,1.0,2.0,8,0,1,0,1,0,0,1,1,0,2.0,1,0,1,1,1,0,0,1,1,0,1,0,1,0,1,0,0,0,0,0,0,0,0,0,0,0,0,0,1,0,0,0,1
3,2,613.0,20.0,463.0,1.0,9.0,0,0,0,0,0,0,0,0,0,0,3.0,0,0,0,0,0,0,0,0,0,0,0,0,0,0,0,0,0,0,0,0,0,0,0,0,0,0,0,1,0,1,1,1,0
4,3,1600.0,22.0,816.0,2.0,16.0,9,0,0,0,0,0,0,0,1,1,2.0,1,0,1,1,1,0,0,1,1,0,1,1,1,0,0,0,0,0,0,1,0,0,0,0,0,0,1,0,0,0,0,0,0
3,2,764.0,18.0,200.0,1.0,17.0,5,1,0,1,1,0,0,1,0,0,2.0,0,0,0,0,1,1,0,0,1,0,1,0,1,0,0,0,0,0,0,0,0,0,0,0,1,0,0,0,0,0,0,0,1
2,2,1005.0,20.0,1050.0,1.0,5.0,11,0,0,0,0,0,0,0,1,1,2.0,1,0,1,1,0,0,1,1,1,1,1,1,1,1,0,0,0,0,0,0,0,0,0,0,0,0,1,0,0,0,1,0,0
3,2,987.0,20.0,463.0,1.0,9.0,4,0,0,0,0,0,0,0,1,1,2.0,0,0,0,0,1,0,0,1,1,0,1,0,0,0,0,0,0,0,0,0,0,0,0,0,1,0,0,0,0,1,1,1,1
2,2,1019.0,20.0,644.0,1.0,8.0,8,0,0,0,0,0,0,0,1,0,2.0,1,0,1,1,0,0,0,0,1,1,1,0,1,1,0,0,0,0,0,0,0,0,0,0,0,0,1,0,0,0,1,0,0
3,2,914.0,30.0,294.0,1.0,9.0,8,0,0,0,0,0,0,0,0,0,1.0,1,0,1,0,1,0,1,1,1,0,1,0,1,0,0,0,0,0,0,0,0,0,1,0,0,0,1,0,0,1,0,0,0
3,2,960.0,8.0,463.0,1.0,9.0,6,0,0,1,1,1,0,0,1,1,1.0,0,0,1,0,1,0,0,1,1,0,1,0,1,0,0,0,0,0,0,0,0,0,0,0,1,0,1,0,0,1,0,1,0
3,2,1035.0,38.0,528.0,3.0,5.0,8,0,1,0,1,1,0,0,1,1,3.0,1,0,1,0,1,1,0,1,1,0,1,0,1,0,1,0,0,0,0,0,0,0,0,0,0,0,0,0,1,0,0,0,0
3,2,850.0,15.0,303.0,1.0,9.0,2,0,0,0,0,0,0,0,1,1,2.0,0,0,0,0,0,0,0,0,0,0,1,0,1,0,0,0,0,0,0,0,0,0,0,0,0,0,0,0,0,1,0,0,0
2,2,940.0,34.0,462.0,1.0,3.0,10,0,0,0,0,0,0,0,1,1,3.0,1,0,1,1,1,0,1,1,1,1,1,0,1,0,0,0,0,0,0,1,0,0,0,0,0,0,0,0,1,0,0,0,0
5,3,2300.0,18.0,522.0,3.0,15.0,13,0,0,0,0,0,0,0,0,0,1.0,1,0,1,1,1,1,1,1,1,1,1,1,1,1,0,0,0,0,0,0,0,0,0,0,1,0,1,0,0,0,0,0,0
3,2,1200.0,20.0,463.0,2.0,9.0,12,1,0,1,0,0,1,0,1,0,2.0,1,1,1,1,1,1,0,1,1,1,1,0,1,1,0,0,0,0,0,0,0,0,0,0,1,0,1,0,0,1,1,1,0
3,2,908.0,28.0,650.0,1.0,6.0,7,1,0,1,1,1,0,0,1,0,2.0,1,0,1,1,0,0,1,1,0,0,1,0,1,0,1,0,0,0,0,0,0,0,0,0,0,0,1,0,0,0,0,0,1
3,2,1141.0,21.0,613.0,4.0,2.0,0,0,0,0,0,0,0,0,1,0,3.0,0,0,0,0,0,0,0,0,0,0,0,0,0,0,0,0,0,0,0,0,0,0,0,0,0,0,1,0,0,0,0,0,0
1,1,549.0,25.0,528.0,1.0,7.0,12,0,0,0,0,0,0,0,1,0,3.0,1,1,1,1,1,1,1,1,1,1,1,0,1,0,0,0,0,0,0,0,0,0,0,0,0,0,0,0,0,0,0,0,0
1,1,295.0,20.0,1737.0,1.0,9.0,10,0,0,0,0,0,0,0,1,1,2.0,1,0,1,1,1,0,1,1,1,1,1,0,1,0,0,0,0,0,0,0,0,0,0,0,0,0,0,0,1,1,1,0,0
4,2,1101.0,17.0,463.0,1.0,9.0,6,1,0,1,1,0,0,1,1,0,2.0,0,0,1,0,0,1,0,1,1,0,1,0,1,0,1,0,0,0,0,0,0,0,0,0,0,0,1,0,0,1,0,1,0
4,2,1206.0,20.0,684.0,2.0,9.0,9,0,0,0,1,0,0,1,1,0,2.0,0,0,1,0,1,1,1,1,1,1,1,0,1,0,0,0,0,0,0,0,0,0,0,0,1,0,1,0,0,1,1,0,0
3,2,1496.0,46.0,1134.0,2.0,6.0,11,0,0,0,0,0,0,0,1,1,3.0,1,0,1,1,1,1,1,1,1,1,1,0,1,0,0,0,0,0,0,0,0,0,0,0,0,0,1,0,0,0,0,0,0
3,2,710.0,20.0,463.0,1.0,9.0,2,0,0,0,0,0,0,0,0,0,3.0,0,0,0,0,0,1,0,0,1,0,0,0,0,0,0,0,0,0,0,0,0,0,0,0,0,0,0,1,0,1,1,1,1
3,2,1044.0,20.0,698.0,1.0,18.0,7,0,0,0,0,0,0,0,0,0,1.0,0,0,1,0,1,1,0,1,1,0,1,0,1,0,0,0,0,0,0,0,0,0,0,0,0,0,0,0,0,0,1,0,1
4,3,1300.0,20.0,52.0,2.0,9.0,14,0,1,0,0,0,0,0,1,1,2.0,1,1,1,1,1,1,1,1,1,1,1,1,1,1,0,0,0,0,0,0,0,0,0,0,1,0,1,0,0,1,1,0,0
4,2,1400.0,20.0,463.0,2.0,7.0,5,1,0,1,1,0,0,1,1,0,1.0,0,0,1,1,0,0,1,1,1,0,0,0,0,0,1,0,0,0,0,0,0,0,0,0,0,0,1,0,0,0,1,1,0
4,3,1396.0,20.0,899.0,2.0,10.0,14,0,0,0,0,0,0,0,1,0,2.0,1,1,1,1,1,1,1,1,1,1,1,1,1,1,0,0,0,0,0,0,0,0,0,0,1,0,1,0,0,0,0,0,0
3,2,768.0,5.0,40.0,1.0,9.0,5,0,0,0,0,0,0,0,1,0,2.0,0,0,0,0,1,0,0,1,1,0,1,0,1,0,0,0,0,0,0,0,0,0,0,0,1,0,0,0,0,1,0,0,0
3,2,1200.0,20.0,463.0,1.0,9.0,5,0,0,0,0,0,0,0,1,1,3.0,0,0,0,0,1,0,0,1,1,0,1,0,1,0,0,0,0,0,0,0,0,0,0,0,0,0,1,0,0,1,1,1,0
3,2,1128.0,9.0,631.0,2.0,9.0,9,0,0,0,0,0,0,0,1,0,3.0,1,0,1,1,1,0,0,1,1,1,1,0,1,0,0,0,0,0,0,0,0,0,1,0,0,0,1,0,0,0,0,0,0
3,2,780.0,5.0,281.0,1.0,9.0,4,0,0,0,0,0,0,0,1,1,1.0,1,0,0,0,0,0,0,1,1,0,1,0,0,0,0,0,0,0,0,0,0,0,0,0,1,0,0,0,0,1,0,0,0
2,1,494.0,20.0,463.0,1.0,9.0,0,0,0,0,0,0,0,0,1,1,2.0,0,0,0,0,0,0,0,0,0,0,0,0,0,0,0,0,0,0,0,0,0,0,0,0,0,0,0,1,0,1,1,1,1
3,2,1050.0,20.0,771.0,2.0,7.0,6,0,0,0,0,0,0,0,1,1,3.0,0,0,1,1,0,0,0,1,1,0,1,0,1,0,0,0,0,0,0,1,0,0,0,0,0,0,1,0,0,0,0,0,0
3,2,990.0,35.0,284.0,1.0,2.0,7,1,0,0,1,0,0,1,1,0,3.0,1,0,0,1,0,0,1,1,1,0,1,0,1,0,1,0,0,0,0,0,0,0,0,0,0,0,1,0,0,0,0,0,1
3,2,950.0,5.0,463.0,1.0,9.0,8,0,0,0,0,0,0,0,1,1,1.0,1,0,0,1,0,1,1,1,1,0,1,0,1,0,0,0,0,0,0,0,0,0,0,0,1,0,0,0,0,1,0,1,0
3,2,864.0,20.0,1200.0,1.0,2.0,5,1,1,1,1,1,1,1,1,1,2.0,1,0,1,0,0,0,1,0,0,0,1,0,1,0,1,0,0,0,0,0,0,0,0,0,0,0,0,0,1,0,1,0,1
3,2,900.0,20.0,463.0,1.0,9.0,13,0,0,0,0,0,0,0,0,1,1.0,1,1,1,1,1,1,1,1,1,1,1,1,0,1,0,0,0,0,0,0,0,0,0,0,1,0,0,0,0,1,1,1,0
1,1,500.0,20.0,177.0,1.0,9.0,10,0,0,0,0,0,0,0,1,1,3.0,1,0,1,0,1,1,1,1,1,1,1,0,1,0,0,0,0,0,1,0,0,0,0,0,0,0,1,0,0,0,1,0,0
3,2,1275.0,30.0,410.0,2.0,6.0,5,0,0,0,0,0,0,0,1,1,1.0,0,0,0,0,1,0,0,1,1,0,1,0,1,0,0,0,0,0,0,1,0,0,0,0,0,0,1,0,0,0,0,0,0
3,2,828.0,11.0,1240.0,1.0,23.0,6,0,1,1,1,0,0,1,1,1,2.0,0,0,0,1,1,1,0,1,1,0,1,0,0,0,1,0,0,0,0,0,0,0,0,0,0,0,1,0,0,0,0,0,0
3,2,710.0,18.0,463.0,1.0,9.0,2,0,0,0,0,0,0,0,1,1,2.0,0,0,0,0,0,0,0,1,0,0,1,0,0,0,0,0,0,0,0,1,0,0,0,0,0,0,0,0,0,1,0,1,0
3,2,850.0,20.0,478.0,2.0,1.0,9,0,0,0,0,0,0,0,1,0,2.0,1,0,1,1,1,0,0,1,1,1,1,0,1,0,0,0,0,0,0,1,0,0,0,0,0,0,1,0,0,0,1,0,0
3,2,1033.0,20.0,463.0,1.0,9.0,2,0,0,0,0,0,0,0,1,1,2.0,0,0,0,0,1,0,0,1,0,0,0,0,0,0,0,1,0,0,0,0,0,0,0,0,0,0,0,0,0,1,1,1,1
3,2,800.0,20.0,463.0,1.0,9.0,3,0,0,0,0,0,0,0,0,0,2.0,0,0,0,0,0,0,0,1,0,0,1,0,1,0,1,0,0,0,0,0,0,0,0,0,0,0,0,0,0,1,1,1,1
3,2,1055.0,27.0,526.0,1.0,8.0,7,1,1,0,1,0,0,0,1,1,2.0,1,0,1,0,0,0,1,0,1,1,1,0,1,0,1,0,0,0,0,0,0,0,0,0,0,0,0,0,0,0,0,0,1
3,2,916.0,12.0,352.0,1.0,10.0,7,0,0,0,0,0,0,0,0,0,2.0,1,0,1,0,0,0,1,1,1,0,1,0,1,0,0,0,0,0,0,0,0,0,0,0,1,0,1,0,0,0,0,0,1
1,1,463.0,20.0,463.0,1.0,9.0,14,0,0,0,0,0,0,0,1,0,3.0,1,1,1,1,1,1,1,1,1,1,1,1,1,1,0,0,0,0,0,0,0,0,0,0,0,0,1,0,0,1,1,1,0
3,2,900.0,4.0,463.0,1.0,9.0,2,0,0,0,0,0,0,0,1,1,3.0,0,0,0,0,0,0,0,1,0,0,1,0,0,0,1,0,0,0,0,0,0,0,0,0,0,0,0,0,0,1,0,1,0
3,2,1050.0,22.0,504.0,2.0,29.0,0,0,0,0,0,0,0,0,1,1,1.0,0,0,0,0,0,0,0,0,0,0,0,0,0,0,0,0,0,0,0,1,0,0,0,0,0,0,1,0,0,0,0,0,0
3,2,700.0,24.0,234.0,1.0,9.0,3,0,0,0,0,0,0,0,1,1,2.0,0,0,0,0,1,0,0,1,0,0,1,0,0,0,0,0,0,0,0,1,0,0,0,0,0,0,0,0,0,1,0,0,0
3,3,1130.0,26.0,548.0,2.0,7.0,14,0,0,0,0,0,0,0,1,1,2.0,1,1,1,1,1,1,1,1,1,1,1,1,1,1,0,0,0,0,0,1,0,0,0,0,0,0,1,0,0,0,0,0,0
3,2,947.0,20.0,463.0,1.0,9.0,4,0,0,0,0,0,0,0,1,0,2.0,0,0,0,0,1,0,0,1,0,0,1,0,1,0,0,0,0,0,0,0,0,0,0,0,0,0,0,0,1,1,1,1,1
3,2,794.0,20.0,463.0,1.0,9.0,0,0,0,0,1,1,0,0,1,1,3.0,0,0,0,0,0,0,0,0,0,0,0,0,0,0,0,0,0,0,0,0,0,0,0,0,1,0,0,0,0,1,1,1,0
5,4,2650.0,5.0,463.0,1.0,9.0,2,0,0,0,0,0,0,0,1,1,2.0,0,0,0,0,0,0,0,0,0,0,1,0,1,0,0,0,0,0,0,0,0,0,0,0,0,0,1,0,0,1,0,1,1
3,2,850.0,12.0,1012.0,1.0,9.0,7,0,0,0,0,0,0,0,1,0,1.0,0,0,1,1,0,0,0,1,1,0,1,0,1,1,0,0,0,0,0,0,0,0,1,0,0,0,0,0,0,1,0,0,1
3,2,814.0,7.0,359.0,1.0,10.0,2,0,0,0,0,0,0,0,1,1,2.0,0,0,0,0,0,0,0,1,1,0,0,0,0,0,0,0,0,0,0,0,0,0,0,0,1,0,0,0,0,0,0,0,1
1,1,680.0,20.0,463.0,1.0,9.0,14,0,0,0,0,0,0,0,1,1,2.0,1,1,1,1,1,1,1,1,1,1,1,1,1,1,0,0,0,0,0,0,0,0,0,0,0,0,0,0,1,1,1,1,0
3,2,750.0,5.0,463.0,1.0,9.0,0,0,0,0,0,0,0,0,1,1,1.0,0,0,0,0,0,0,0,0,0,0,0,0,0,0,0,0,0,0,0,0,0,0,0,0,1,0,0,0,0,1,0,1,0
3,1,600.0,20.0,463.0,1.0,18.0,2,0,0,0,0,0,0,0,1,1,2.0,0,0,0,0,1,0,0,1,0,0,0,0,0,0,0,0,0,0,0,1,0,0,0,0,0,0,0,0,0,0,0,1,1
3,2,700.0,5.0,7810.0,1.0,9.0,2,0,1,0,0,0,0,0,1,1,3.0,0,0,0,0,0,0,0,1,1,0,0,0,0,0,0,0,0,0,0,0,0,0,0,0,1,0,0,0,0,1,0,0,1
3,2,1011.0,26.0,440.0,1.0,9.0,12,0,0,0,0,0,0,0,1,1,2.0,1,1,1,1,1,0,1,1,1,1,1,0,1,1,0,0,0,0,0,0,0,0,0,0,0,0,0,0,0,0,0,0,1
3,2,1004.0,20.0,463.0,1.0,9.0,8,0,0,0,0,0,0,0,1,0,3.0,0,0,1,1,1,0,0,1,1,1,1,0,1,0,0,0,0,0,0,0,0,0,0,1,0,0,1,0,0,1,1,1,0
1,1,609.0,20.0,363.0,1.0,5.0,5,1,1,1,1,0,1,1,1,1,2.0,1,0,1,0,0,0,1,0,1,0,1,0,0,0,1,0,0,0,0,0,0,0,0,0,0,0,0,0,1,0,1,0,0
3,2,1206.0,28.0,585.0,2.0,5.0,12,0,0,0,0,0,0,0,1,1,3.0,1,0,1,1,1,1,1,1,1,1,1,0,1,1,0,0,0,0,0,0,0,0,0,0,0,0,0,0,0,0,0,0,0
3,4,2044.0,20.0,135.0,2.0,9.0,2,0,0,0,0,0,0,0,1,0,1.0,0,0,1,0,0,0,0,0,0,0,1,0,0,0,0,0,0,0,0,0,0,0,1,0,0,0,1,0,0,0,1,0,0
3,2,1080.0,12.0,463.0,2.0,9.0,6,0,0,0,0,0,0,0,1,1,2.0,0,0,0,1,1,0,0,1,1,0,1,0,1,0,0,0,0,0,0,1,0,0,0,0,0,0,0,0,0,1,0,1,0
3,2,1226.0,38.0,473.0,2.0,5.0,8,0,0,0,0,0,0,0,1,1,2.0,0,0,1,0,0,1,0,1,1,1,1,1,1,0,0,0,0,0,0,1,0,0,0,0,0,0,1,0,0,0,0,0,0
3,2,700.0,30.0,500.0,1.0,11.0,9,0,0,0,0,0,0,0,1,1,2.0,1,0,1,1,1,0,1,1,1,0,1,0,1,0,0,0,0,0,0,1,0,0,0,0,0,0,0,0,0,0,0,0,0
3,2,850.0,17.0,299.0,2.0,3.0,7,0,0,0,0,0,0,0,1,1,2.0,0,0,1,0,1,0,1,1,1,0,1,0,1,0,0,0,0,0,0,0,0,0,0,0,1,0,1,0,0,0,0,0,0
3,2,850.0,20.0,635.0,2.0,4.0,9,0,1,0,0,0,0,0,1,1,2.0,0,0,1,1,1,1,0,1,1,1,1,0,1,0,0,0,0,0,0,0,0,0,0,0,1,0,0,0,0,0,1,0,0
1,1,407.0,20.0,463.0,1.0,6.0,14,0,0,0,0,0,0,0,1,1,2.0,1,1,1,1,1,1,1,1,1,1,1,1,1,1,0,0,0,0,0,0,0,0,0,0,0,0,1,0,0,0,1,1,1
3,2,900.0,29.0,274.0,1.0,19.0,5,0,0,0,0,0,0,0,1,1,3.0,0,0,0,0,1,0,0,1,1,0,1,0,1,0,0,0,0,0,0,1,0,0,0,0,0,0,1,0,0,0,0,0,0
3,2,1300.0,17.0,400.0,1.0,9.0,10,0,1,1,1,1,0,1,1,0,2.0,1,0,1,1,1,1,1,1,1,0,1,0,1,0,0,0,0,0,0,0,0,0,0,0,1,0,1,0,0,1,0,0,0
3,2,914.0,15.0,464.0,1.0,17.0,9,1,1,1,1,1,0,1,1,1,1.0,0,0,1,0,1,1,1,1,1,0,1,0,1,1,0,0,0,0,0,0,0,0,0,0,1,0,0,0,0,0,0,0,0
3,2,932.0,9.0,463.0,1.0,9.0,8,0,0,0,0,0,0,0,1,1,2.0,1,0,0,1,1,1,0,1,1,0,1,0,1,0,0,0,0,0,0,0,0,0,0,0,1,0,1,0,0,1,0,1,0
3,2,732.0,5.0,160.0,1.0,26.0,3,0,0,0,0,0,0,0,1,1,2.0,0,0,0,0,0,0,0,1,1,0,1,0,0,0,0,0,0,0,0,1,0,0,0,0,0,0,0,0,0,0,0,0,0
2,1,550.0,20.0,463.0,1.0,9.0,1,0,0,0,0,0,0,0,1,0,2.0,0,0,0,0,1,0,0,0,0,0,0,0,0,0,0,0,0,0,0,1,0,0,0,0,0,0,0,1,0,1,1,1,1
3,2,850.0,20.0,463.0,1.0,9.0,14,1,0,1,1,0,0,0,0,0,3.0,1,1,1,1,1,1,1,1,1,1,1,1,1,1,0,0,0,0,0,0,0,0,0,0,1,0,0,0,0,1,1,1,0
3,2,798.0,20.0,463.0,1.0,9.0,6,0,0,0,0,0,0,0,0,0,2.0,0,0,0,0,1,1,0,1,1,0,1,0,1,0,0,0,0,0,0,0,1,0,0,0,0,0,0,0,0,1,1,1,1
3,2,850.0,20.0,463.0,1.0,9.0,4,0,0,0,0,0,0,0,0,0,2.0,0,0,0,0,0,0,0,1,1,0,1,0,1,0,0,0,0,0,0,0,0,0,0,0,1,0,0,0,0,1,1,1,0
3,2,860.0,20.0,463.0,1.0,9.0,3,1,0,0,1,0,0,1,1,0,2.0,0,0,0,0,1,0,0,1,0,0,1,0,0,0,1,0,0,0,0,0,0,0,0,0,0,0,0,0,0,1,1,1,0
3,2,915.0,20.0,750.0,2.0,9.0,10,0,0,0,0,0,0,0,1,1,2.0,1,0,1,1,1,0,1,1,1,1,1,0,1,0,0,0,0,0,0,0,0,0,0,0,1,0,0,0,1,1,1,0,0
3,3,1711.0,20.0,463.0,1.0,9.0,0,0,0,0,0,0,0,0,1,0,3.0,0,0,0,0,0,0,0,0,0,0,0,0,0,0,0,0,0,0,0,0,0,0,0,1,0,0,1,0,0,1,1,1,0
3,2,900.0,5.0,463.0,1.0,20.0,2,0,0,0,0,0,0,0,0,0,3.0,0,0,0,0,0,0,0,1,0,0,0,0,1,0,0,0,0,0,0,0,0,0,0,0,1,0,0,0,0,0,0,1,0
3,2,800.0,45.0,1168.0,1.0,5.0,9,0,0,0,0,0,0,0,1,1,2.0,1,0,1,0,1,1,1,1,1,0,1,0,1,0,0,0,0,0,0,1,0,0,0,0,0,0,1,0,0,0,0,0,0
3,2,710.0,20.0,463.0,1.0,9.0,0,0,0,0,0,0,0,0,1,0,2.0,0,0,0,0,0,0,0,0,0,0,0,0,0,0,0,0,0,0,0,0,0,0,0,0,0,1,0,0,0,1,1,1,0
3,2,800.0,20.0,463.0,1.0,9.0,2,0,0,0,0,0,0,0,1,1,1.0,0,0,0,0,0,0,0,1,0,0,1,0,0,0,0,0,0,0,0,0,0,0,0,0,1,0,0,0,0,1,1,1,0
3,2,872.0,5.0,463.0,1.0,9.0,4,1,1,1,1,1,0,1,1,1,1.0,1,0,0,0,0,0,0,1,1,0,1,0,0,0,0,0,0,0,0,0,0,0,0,0,1,0,0,0,0,1,0,1,0
2,1,635.0,20.0,280.0,1.0,5.0,9,0,0,1,0,0,0,0,1,1,3.0,0,0,1,1,1,1,1,1,1,0,1,0,1,0,0,0,0,0,0,0,0,0,0,0,1,0,0,0,1,0,1,0,1
3,2,868.0,5.0,463.0,1.0,9.0,4,0,0,0,0,0,0,0,0,1,1.0,0,0,0,1,0,0,0,1,1,0,1,0,0,0,0,0,0,0,0,0,0,0,0,0,1,0,0,0,0,1,0,1,0
3,2,993.0,33.0,299.0,2.0,5.0,9,0,0,0,0,0,0,0,1,1,2.0,1,0,1,1,1,0,1,0,1,1,1,0,1,0,0,0,0,0,0,1,0,0,0,0,0,0,1,0,0,0,0,0,0
3,2,1023.0,20.0,1200.0,2.0,4.0,14,0,0,0,0,0,0,0,1,1,2.0,1,1,1,1,1,1,1,1,1,1,1,1,1,1,0,0,0,0,0,0,0,0,0,0,1,0,1,0,0,0,1,0,0
3,2,1742.0,30.0,600.0,2.0,9.0,11,0,0,0,0,0,0,0,1,1,2.0,1,1,1,1,1,1,1,1,1,0,1,0,1,0,0,0,0,0,0,0,0,0,0,0,1,0,1,0,0,0,0,0,0
3,1,700.0,20.0,463.0,1.0,9.0,0,0,0,0,0,0,0,0,1,1,2.0,0,0,0,0,0,0,0,0,0,0,0,0,0,0,0,1,0,0,0,0,0,0,0,0,0,0,0,1,0,1,1,1,1
3,2,850.0,20.0,536.0,2.0,9.0,3,1,0,0,0,1,0,0,1,1,1.0,0,0,0,0,0,0,0,1,1,0,1,0,0,0,0,0,0,0,0,0,0,0,0,0,1,0,0,0,0,1,1,0,0
3,2,1033.0,20.0,228.0,1.0,9.0,8,0,0,0,0,0,0,0,1,0,2.0,1,0,1,0,1,0,1,1,1,0,1,0,1,0,0,0,0,0,0,0,0,0,0,0,1,0,0,0,1,1,1,0,1
3,2,1378.0,15.0,368.0,1.0,6.0,4,0,0,0,0,0,0,0,0,1,2.0,0,0,0,0,0,0,0,1,1,0,1,0,1,0,1,0,0,0,0,0,0,0,0,0,0,0,1,0,0,0,0,0,1
3,2,1000.0,20.0,463.0,2.0,3.0,9,0,0,0,0,0,0,0,1,1,3.0,0,0,1,0,1,1,0,1,1,1,1,0,1,1,0,0,0,0,0,1,0,0,0,0,0,0,0,0,0,0,1,1,0
3,2,914.0,21.0,565.0,1.0,17.0,8,0,0,0,0,0,0,0,1,0,2.0,1,0,1,1,0,0,0,1,1,0,1,0,1,1,0,0,0,0,0,0,0,0,0,0,0,0,0,0,0,0,0,0,0
3,2,1060.0,25.0,237.0,2.0,27.0,4,0,0,0,0,0,0,0,1,1,2.0,0,0,0,0,1,0,0,1,0,0,1,0,1,0,0,0,0,0,0,1,0,0,0,0,0,0,1,0,0,0,0,0,0
3,2,850.0,21.0,463.0,1.0,9.0,9,0,0,0,0,0,0,0,1,1,2.0,1,1,1,1,0,1,0,1,1,0,1,0,1,0,0,0,0,0,0,0,0,0,0,0,0,0,0,0,0,1,0,1,1
3,2,1316.0,20.0,463.0,1.0,9.0,5,0,0,0,0,0,0,0,1,0,1.0,0,0,0,1,0,0,0,1,1,0,1,0,1,0,0,0,0,0,0,0,0,0,0,1,0,0,1,0,0,1,1,1,1
3,2,1000.0,20.0,463.0,1.0,9.0,0,0,0,0,0,0,0,0,1,1,2.0,0,0,0,0,0,0,0,0,0,0,0,0,0,0,0,0,0,0,0,0,0,0,0,0,0,0,0,0,0,1,1,1,0
4,2,1650.0,24.0,234.0,1.0,9.0,6,0,0,0,0,0,0,0,1,1,3.0,0,0,1,0,1,0,0,1,1,0,1,0,1,0,0,0,0,0,0,1,0,0,0,0,0,0,1,0,0,1,0,0,0
3,2,1258.0,16.0,529.0,1.0,16.0,7,0,0,0,0,0,0,0,1,1,1.0,0,0,1,0,1,1,0,1,1,0,1,0,1,0,0,0,0,0,0,1,0,0,0,0,0,0,1,0,0,0,0,0,0
4,2,1228.0,26.0,618.0,2.0,4.0,11,1,0,0,0,0,0,1,1,0,2.0,1,0,1,1,1,1,1,1,1,1,1,0,1,0,0,0,0,0,0,0,0,0,0,0,1,0,0,0,1,0,0,0,0
3,2,900.0,42.0,2685.0,2.0,4.0,0,0,0,0,0,0,0,0,1,1,2.0,0,0,0,0,0,0,0,0,0,0,0,0,0,0,0,0,0,0,0,1,0,0,0,0,0,0,1,0,0,0,0,0,0
3,2,944.0,20.0,463.0,1.0,9.0,4,0,0,1,1,0,0,1,1,1,2.0,0,0,0,1,0,0,0,1,1,0,1,0,0,0,0,0,0,0,0,0,0,0,0,0,1,0,0,0,0,1,1,1,0
2,1,540.0,20.0,463.0,1.0,9.0,2,0,0,0,0,1,0,0,1,1,2.0,0,0,0,0,0,1,0,1,0,0,0,0,0,0,0,0,0,0,0,0,0,0,0,0,1,0,0,1,0,1,1,1,1
3,2,900.0,20.0,463.0,2.0,4.0,6,0,0,0,0,0,0,0,1,1,3.0,0,0,0,0,1,1,0,1,1,0,1,0,1,0,0,0,0,0,0,0,0,0,0,0,1,0,0,0,0,0,1,1,0
4,3,1216.0,20.0,463.0,2.0,9.0,12,0,0,0,0,0,0,0,1,1,2.0,1,0,1,1,0,1,1,1,1,1,1,1,1,1,0,0,0,0,0,0,0,0,0,0,0,0,0,0,0,1,1,1,0
4,4,1600.0,43.0,218.0,2.0,8.0,11,0,0,0,0,0,0,0,1,1,1.0,1,0,1,1,1,1,1,1,1,1,1,0,1,0,0,0,0,0,0,1,0,0,0,0,0,0,1,0,0,0,0,0,0
3,3,1900.0,23.0,744.0,3.0,9.0,12,0,0,0,1,0,0,1,1,1,3.0,1,1,1,1,1,1,1,1,1,1,1,0,1,0,0,0,0,0,0,0,0,0,0,0,1,0,0,0,1,0,0,0,0
3,2,700.0,24.0,234.0,1.0,9.0,3,0,0,0,0,0,0,0,1,1,3.0,0,0,0,0,1,0,0,1,0,0,1,0,0,0,0,0,0,0,0,1,0,0,0,0,0,0,0,0,0,1,0,0,0
3,2,721.0,15.0,463.0,1.0,15.0,6,1,1,0,1,0,1,1,0,0,2.0,0,0,0,1,1,1,0,1,1,0,1,0,0,0,1,0,0,0,0,0,0,0,0,0,0,0,0,0,0,0,0,1,0
2,1,455.0,20.0,463.0,1.0,9.0,5,0,0,0,0,0,0,0,0,0,2.0,0,0,0,0,0,1,0,1,1,0,1,0,1,0,0,0,0,0,0,0,0,0,1,0,0,0,0,0,0,1,1,1,1
1,1,618.0,28.0,467.0,2.0,8.0,12,0,0,1,0,0,0,0,1,0,2.0,1,1,1,1,1,1,1,1,1,1,1,0,1,0,1,0,0,0,0,0,0,0,0,0,0,0,1,0,0,0,0,0,0
1,1,715.0,12.0,392.0,1.0,4.0,12,0,0,0,0,0,0,0,1,1,1.0,1,1,1,1,1,1,1,1,1,1,1,0,1,0,0,0,0,0,0,0,0,0,0,0,0,0,0,0,0,0,0,0,0
2,2,650.0,19.0,1632.0,1.0,24.0,6,0,0,0,0,0,0,0,0,0,3.0,0,0,0,0,1,1,1,1,1,0,1,0,0,0,0,0,0,0,0,1,0,0,0,0,0,0,0,0,0,0,0,0,1
3,2,650.0,16.0,463.0,1.0,9.0,5,0,0,1,0,0,0,0,0,1,2.0,0,0,0,0,1,1,1,1,1,0,0,0,0,0,1,0,0,0,0,0,0,0,0,0,0,0,0,0,0,1,0,1,1
3,2,1059.0,23.0,346.0,1.0,14.0,10,0,0,0,1,1,0,1,1,0,1.0,1,0,1,1,1,0,0,1,1,0,1,1,1,1,0,0,0,0,0,0,0,0,0,0,1,0,1,0,0,0,0,0,0
3,2,1044.0,11.0,628.0,2.0,9.0,12,1,0,1,1,0,0,0,1,0,2.0,1,1,1,1,1,1,1,1,1,1,1,0,1,0,1,0,0,0,0,0,0,0,0,0,0,0,1,0,0,1,0,0,0
3,2,1195.0,38.0,420.0,2.0,12.0,14,0,0,0,0,0,0,0,1,1,2.0,1,1,1,1,1,1,1,1,1,1,1,1,1,1,0,0,0,0,0,1,0,0,0,0,0,0,1,0,0,0,0,0,0
3,3,1400.0,29.0,260.0,2.0,8.0,14,0,0,0,0,0,0,0,1,1,2.0,1,1,1,1,1,1,1,1,1,1,1,1,1,1,0,0,0,0,0,1,0,0,0,0,0,0,1,0,0,0,0,0,0
3,2,700.0,12.0,240.0,1.0,28.0,2,0,0,0,0,0,0,0,1,1,1.0,0,0,0,0,0,0,0,1,0,0,1,0,0,0,0,0,0,0,0,1,0,0,0,0,0,0,0,0,0,0,0,0,0
2,2,818.0,20.0,463.0,1.0,6.0,5,0,0,0,0,0,0,0,1,1,3.0,0,0,0,0,1,0,1,1,0,0,1,0,1,0,0,0,0,0,0,0,0,0,0,0,0,0,1,0,0,0,1,1,1
3,2,700.0,24.0,234.0,1.0,9.0,4,0,0,0,0,0,0,0,1,1,2.0,0,0,0,0,1,0,0,1,1,0,1,0,0,0,0,0,0,0,0,1,0,0,0,0,0,0,0,0,0,1,0,0,0
3,2,654.0,38.0,554.0,1.0,9.0,4,0,0,0,0,0,0,0,1,1,2.0,0,0,0,0,1,0,0,1,1,0,1,0,0,0,0,0,0,0,0,1,0,0,0,0,0,0,0,0,0,0,0,0,0
3,2,650.0,5.0,463.0,1.0,9.0,4,0,0,0,0,0,0,0,1,0,2.0,0,0,0,0,0,1,1,1,1,0,0,0,0,0,0,0,0,0,0,0,0,0,0,0,1,0,0,0,0,1,0,1,0
4,2,1162.0,25.0,576.0,2.0,7.0,9,0,1,1,0,1,0,1,1,0,2.0,1,0,1,1,0,1,1,1,1,0,1,0,1,0,1,0,0,0,0,0,0,0,0,0,0,0,0,0,1,0,0,0,0
2,2,975.0,20.0,654.0,1.0,10.0,13,1,0,1,1,0,0,0,1,1,2.0,1,1,1,1,1,1,1,1,1,1,1,0,1,1,1,0,0,0,0,0,0,0,0,0,0,0,1,0,0,0,1,0,0
3,2,1273.0,33.0,412.0,1.0,7.0,0,0,0,0,0,0,0,0,1,1,3.0,0,0,0,0,0,0,0,0,0,0,0,0,0,0,0,0,0,0,0,1,0,0,0,0,0,0,1,0,0,0,0,0,0
3,2,1140.0,14.0,608.0,2.0,6.0,7,0,0,0,0,0,0,0,1,1,2.0,0,1,0,1,1,0,0,0,1,1,1,0,1,0,0,0,0,0,0,1,0,0,0,0,0,0,1,0,0,0,0,0,0
3,2,850.0,5.0,463.0,1.0,9.0,3,0,0,1,1,1,0,0,1,1,2.0,0,0,0,0,0,0,0,1,1,0,0,0,1,0,0,0,0,0,0,0,0,0,0,0,1,0,1,0,0,1,0,1,1
3,2,1300.0,19.0,114.0,2.0,8.0,14,0,0,0,0,0,0,0,1,1,3.0,1,1,1,1,1,1,1,1,1,1,1,1,1,1,0,0,0,0,0,1,0,0,0,0,0,0,1,0,0,0,0,0,0
3,2,1010.0,20.0,397.0,1.0,16.0,7,0,1,1,1,1,0,1,1,0,2.0,1,0,1,0,0,1,0,1,1,0,1,0,1,0,1,0,0,0,0,0,0,0,0,0,0,0,0,0,0,0,1,0,1
1,1,391.0,20.0,463.0,1.0,9.0,7,0,0,0,0,0,0,0,1,0,2.0,0,0,1,1,0,0,0,1,1,1,1,0,1,0,0,0,0,0,0,0,0,0,1,0,0,0,1,0,0,1,1,1,1
3,2,950.0,43.0,639.0,1.0,3.0,11,0,0,0,0,0,0,0,0,0,3.0,1,0,1,1,1,1,1,1,1,1,1,0,1,0,1,0,0,0,0,0,0,0,0,0,0,0,0,0,1,0,0,0,0
2,2,1131.0,20.0,443.0,2.0,2.0,14,0,0,0,1,0,0,1,1,1,2.0,1,1,1,1,1,1,1,1,1,1,1,1,1,1,1,0,0,0,0,0,0,0,0,0,0,0,1,0,0,0,1,0,0
3,2,1023.0,22.0,1074.0,1.0,13.0,9,0,1,0,0,1,0,0,1,0,2.0,0,1,1,1,1,1,0,1,1,0,1,0,1,0,0,0,0,0,0,0,0,0,0,0,1,0,1,0,0,0,0,0,0
3,2,856.0,4.0,40.0,1.0,9.0,2,0,0,0,0,0,0,0,1,1,2.0,0,0,0,0,0,0,0,0,0,0,1,0,1,0,1,0,0,0,0,0,0,0,0,0,0,0,0,0,0,1,0,0,1
3,2,900.0,13.0,463.0,2.0,14.0,7,0,0,0,0,0,0,0,0,0,1.0,0,0,0,1,1,1,1,1,1,0,1,0,0,0,0,0,0,0,0,0,0,0,0,0,0,0,0,0,0,0,0,1,0
3,2,840.0,20.0,463.0,2.0,9.0,11,1,1,0,1,0,0,1,0,1,2.0,1,1,1,1,1,0,1,1,1,1,1,0,1,0,1,0,0,0,0,0,0,0,0,0,0,0,0,0,1,1,1,1,0
3,2,1270.0,20.0,463.0,2.0,9.0,5,0,0,0,0,0,0,0,1,1,2.0,0,0,0,0,1,0,0,1,1,0,1,0,1,0,0,0,0,0,0,1,0,0,0,0,0,0,1,0,0,1,1,1,0
3,2,850.0,50.0,3600.0,1.0,0.0,6,1,1,1,1,0,1,1,1,0,2.0,0,0,1,0,1,0,0,1,1,0,1,0,1,0,1,0,0,0,0,0,0,0,0,0,0,0,1,0,0,0,0,0,0
3,2,895.0,20.0,463.0,1.0,9.0,7,0,0,1,0,1,0,0,1,0,1.0,0,0,0,1,0,1,1,1,1,0,1,0,1,0,0,0,0,0,0,0,0,0,0,0,1,0,0,0,0,1,1,1,0
3,2,1170.0,10.0,396.0,1.0,16.0,10,1,1,1,1,0,0,0,1,1,3.0,1,0,1,0,1,1,1,1,1,0,1,0,1,1,0,0,0,0,0,0,0,0,0,0,1,0,1,0,0,0,0,0,1
3,2,845.0,20.0,463.0,1.0,9.0,0,1,0,0,1,0,0,1,1,1,2.0,0,0,0,0,0,0,0,0,0,0,0,0,0,0,1,0,0,0,0,0,0,0,0,0,0,0,0,0,1,1,1,1,1
3,2,657.0,20.0,463.0,1.0,9.0,0,0,0,0,0,0,0,0,0,1,1.0,0,0,0,0,0,0,0,0,0,0,0,0,0,0,0,0,0,0,0,0,0,0,0,0,0,0,0,1,0,1,1,1,1
3,2,700.0,28.0,422.0,1.0,26.0,10,0,0,0,0,0,0,0,1,1,2.0,1,0,1,1,1,1,1,1,1,0,1,0,1,0,0,0,0,0,0,1,0,0,0,0,0,0,1,0,0,0,0,0,0
3,3,1087.0,20.0,552.0,2.0,1.0,10,0,0,0,0,0,0,0,1,1,2.0,1,0,1,0,1,1,0,1,1,1,1,1,1,0,0,0,0,0,0,0,0,0,0,0,1,0,1,0,0,0,1,0,0
2,2,650.0,44.0,2136.0,1.0,2.0,11,0,1,0,1,0,0,1,1,0,1.0,1,0,1,1,1,1,1,1,1,1,1,0,1,0,1,0,0,0,0,0,0,0,0,0,0,0,0,0,1,0,0,0,0
3,2,1493.0,20.0,390.0,2.0,9.0,13,0,0,0,0,0,0,0,1,1,2.0,1,1,1,1,1,0,1,1,1,1,1,1,1,1,0,0,0,0,0,1,0,0,0,0,0,0,1,0,0,1,1,0,0
3,2,1372.0,14.0,539.0,2.0,8.0,11,0,1,1,0,0,1,1,1,1,2.0,1,1,1,1,0,0,1,1,1,1,1,0,1,1,0,0,0,0,0,0,0,0,0,0,1,0,1,0,0,0,0,0,0
3,2,833.0,24.0,299.0,1.0,16.0,0,0,1,1,1,1,0,1,1,0,2.0,0,0,0,0,0,0,0,0,0,0,0,0,0,0,0,0,0,0,0,0,0,0,0,0,1,0,0,0,0,0,0,0,1
3,2,1272.0,20.0,572.0,1.0,9.0,0,1,0,1,1,0,0,1,1,1,2.0,0,0,0,0,0,0,0,0,0,0,0,0,0,0,1,0,0,0,0,0,0,0,0,0,0,0,1,0,0,1,1,0,1
1,1,689.0,40.0,1360.0,1.0,6.0,9,0,0,0,0,0,0,0,1,0,2.0,1,0,1,0,1,0,1,1,1,1,1,0,1,0,0,1,0,0,0,0,0,0,0,0,0,0,0,0,1,0,0,0,1
3,2,1000.0,20.0,463.0,2.0,9.0,9,0,0,0,0,0,0,0,1,1,2.0,1,1,1,1,1,0,0,1,1,0,1,0,1,0,0,0,0,0,0,1,0,0,0,0,0,0,1,0,0,1,1,1,0
3,2,650.0,5.0,463.0,1.0,9.0,3,0,0,1,1,1,0,0,1,1,2.0,0,0,0,0,0,0,0,1,1,0,1,0,0,0,0,0,0,0,0,0,0,0,0,0,1,0,0,0,0,1,0,1,1
3,2,1130.0,20.0,463.0,2.0,9.0,9,0,0,0,0,0,0,0,1,1,2.0,0,0,1,0,1,1,0,1,1,1,1,1,1,0,0,0,0,0,0,1,0,0,0,0,0,0,1,0,0,1,1,1,0
4,2,1258.0,20.0,463.0,1.0,9.0,6,0,0,0,0,0,0,0,1,1,2.0,0,0,1,0,1,0,0,1,1,0,1,0,1,0,0,0,0,0,0,1,0,0,0,0,0,0,1,0,0,1,1,1,1
2,2,520.0,20.0,463.0,1.0,9.0,2,0,0,0,0,0,0,0,1,0,1.0,0,0,0,0,1,0,1,0,0,0,0,0,0,0,0,0,0,0,0,1,0,0,0,0,0,0,0,1,0,1,1,1,1
3,2,883.0,14.0,704.0,1.0,22.0,8,0,0,0,0,0,0,0,1,0,3.0,0,0,1,0,1,1,0,1,1,1,1,0,1,0,0,0,0,0,0,0,0,0,0,0,1,0,1,0,0,0,0,0,0
3,2,1173.0,20.0,463.0,1.0,9.0,9,0,0,0,0,0,0,0,1,1,3.0,1,0,1,1,1,0,1,1,1,0,1,0,1,0,0,0,0,0,0,0,1,0,0,0,0,0,0,0,0,1,1,1,0
3,1,650.0,20.0,463.0,1.0,9.0,0,1,0,0,1,0,0,0,1,0,2.0,0,0,0,0,0,0,0,0,0,0,0,0,0,0,0,0,0,0,0,0,0,0,0,0,1,0,0,1,0,1,1,1,1
3,2,969.0,20.0,463.0,2.0,9.0,14,0,0,0,0,0,0,0,0,1,3.0,1,1,1,1,1,1,1,1,1,1,1,1,1,1,0,0,0,0,0,0,0,1,0,0,0,0,1,0,0,1,1,1,0
1,1,506.0,21.0,613.0,1.0,2.0,0,0,0,0,0,0,0,0,1,0,3.0,0,0,0,0,0,0,0,0,0,0,0,0,0,0,0,0,0,0,0,0,0,0,0,0,0,0,1,0,0,0,0,0,1
4,3,1450.0,16.0,470.0,2.0,9.0,9,0,0,0,0,0,0,0,1,1,1.0,1,0,1,0,1,0,1,1,1,1,1,0,1,0,0,0,0,0,0,1,0,0,0,0,0,0,1,0,0,0,0,0,0
2,2,1417.0,21.0,564.0,1.0,6.0,7,0,0,0,0,0,0,0,1,1,2.0,1,0,1,0,1,0,0,1,1,0,1,0,1,0,0,0,0,0,0,0,0,0,0,0,1,0,0,0,1,0,0,0,1
1,1,416.0,22.0,176.0,1.0,9.0,4,1,1,1,1,0,1,1,1,0,2.0,0,0,1,0,0,0,0,0,0,1,1,0,1,0,1,0,0,0,0,0,0,0,0,0,0,0,0,0,1,1,0,0,1
3,2,850.0,5.0,463.0,1.0,9.0,4,0,0,0,0,0,0,0,0,1,2.0,0,0,0,1,0,1,0,1,1,0,0,0,0,0,0,0,0,0,0,0,0,0,0,0,1,0,0,0,0,1,0,1,1
2,2,1010.0,25.0,2003.0,2.0,4.0,14,0,0,0,0,0,0,0,1,1,3.0,1,1,1,1,1,1,1,1,1,1,1,1,1,1,0,0,0,0,0,0,0,0,0,0,0,0,0,0,1,0,0,0,0
2,1,525.0,20.0,463.0,1.0,9.0,0,0,0,0,0,0,0,0,1,1,1.0,0,0,0,0,0,0,0,0,0,0,0,0,0,0,0,0,0,0,0,0,0,0,0,0,0,0,0,1,0,1,1,1,1
3,2,720.0,20.0,160.0,1.0,5.0,7,0,0,0,0,0,0,0,1,0,2.0,1,0,1,1,0,0,0,1,0,1,1,0,1,0,0,1,0,0,0,0,0,0,0,0,0,0,1,0,0,0,1,0,0
3,2,710.0,3.0,463.0,1.0,9.0,1,0,0,0,0,0,0,0,1,0,1.0,0,0,0,0,0,0,0,1,0,0,0,0,0,0,0,0,0,0,0,0,0,0,0,0,0,0,0,0,0,1,0,1,1
4,2,1487.0,18.0,107.0,3.0,8.0,8,0,0,0,0,0,0,0,1,1,2.0,1,0,1,0,1,0,1,1,1,0,1,0,1,0,0,0,0,0,0,1,0,0,0,0,0,0,1,0,0,0,0,0,0
3,2,1173.0,15.0,463.0,1.0,9.0,6,1,1,1,1,0,0,0,0,0,1.0,0,0,0,0,1,1,0,1,1,0,1,0,1,0,0,0,0,0,0,0,0,0,0,0,1,0,1,0,0,1,0,1,0
3,2,850.0,5.0,463.0,1.0,9.0,0,0,0,0,0,0,0,0,1,0,3.0,0,0,0,0,0,0,0,0,0,0,0,0,0,0,0,0,0,0,0,0,0,0,1,0,0,0,0,0,0,1,0,1,1
3,2,1012.0,23.0,744.0,1.0,9.0,10,0,0,0,1,0,0,1,1,1,2.0,1,0,1,0,1,1,1,1,1,1,1,0,1,0,0,0,0,0,0,0,0,0,0,0,1,0,0,0,1,0,0,0,1
3,2,1100.0,20.0,463.0,1.0,9.0,3,0,0,0,0,0,0,0,1,1,2.0,0,0,0,0,0,0,0,1,0,0,1,0,1,0,0,1,0,0,0,0,0,0,0,0,0,0,1,0,0,1,1,1,0
3,2,904.0,20.0,463.0,2.0,9.0,13,0,0,0,0,0,0,0,0,1,3.0,1,1,1,1,1,1,1,1,1,1,1,1,1,0,0,0,0,0,0,0,0,1,0,0,0,0,1,0,0,1,1,1,0
3,2,700.0,25.0,463.0,1.0,9.0,3,0,0,0,0,0,0,0,1,0,2.0,0,0,0,0,1,0,0,1,0,0,1,0,0,0,0,0,0,0,0,1,0,0,0,0,0,0,0,0,0,1,0,1,0
3,2,778.0,7.0,1274.0,1.0,18.0,6,0,0,0,0,0,0,0,0,0,2.0,0,0,0,0,1,1,1,1,1,0,1,0,0,0,0,0,0,0,0,0,0,0,0,0,1,0,0,0,0,0,0,0,0
3,2,750.0,20.0,463.0,1.0,9.0,0,0,0,0,0,0,0,0,1,0,3.0,0,0,0,0,0,0,0,0,0,0,0,0,0,0,0,0,0,0,0,1,0,0,0,0,0,0,0,0,0,1,1,1,0
3,2,770.0,8.0,76.0,1.0,9.0,6,0,0,0,0,0,0,0,1,1,1.0,1,0,0,1,0,1,0,1,1,0,1,0,0,0,0,0,0,0,0,0,0,0,0,0,0,0,0,0,0,1,0,0,0
3,2,930.0,20.0,460.0,2.0,1.0,6,0,0,0,0,0,0,0,1,1,2.0,0,0,0,1,1,0,1,1,1,0,1,0,0,0,0,0,1,0,0,0,0,0,0,0,0,0,0,0,0,0,1,0,0
3,2,1050.0,20.0,463.0,3.0,9.0,14,0,0,0,0,0,0,0,1,1,2.0,1,1,1,1,1,1,1,1,1,1,1,1,1,1,1,0,0,0,0,0,0,0,0,0,0,0,1,0,0,1,1,1,0
3,2,1000.0,5.0,463.0,1.0,9.0,9,1,0,1,1,0,0,0,1,1,2.0,1,0,0,0,0,1,0,1,1,1,1,1,1,1,1,0,0,0,0,0,0,0,0,0,0,0,1,0,0,1,0,1,0
2,1,657.0,20.0,596.0,1.0,1.0,6,0,1,1,0,0,0,0,1,0,2.0,1,0,0,1,0,0,0,1,1,1,1,0,0,0,0,0,0,0,0,0,0,0,0,0,1,0,0,0,1,0,1,0,1
4,2,1010.0,20.0,463.0,2.0,9.0,10,1,1,1,1,1,0,0,1,1,2.0,1,0,1,1,1,1,1,1,1,0,1,0,1,0,1,0,0,0,0,0,0,0,0,0,0,0,0,0,1,1,1,1,0
3,2,1750.0,22.0,1343.0,2.0,6.0,13,0,0,0,0,0,0,0,1,1,2.0,0,1,1,1,1,1,1,1,1,1,1,1,1,1,0,0,0,0,0,1,0,0,0,0,0,0,1,0,0,0,0,0,0
3,2,871.0,20.0,463.0,1.0,9.0,0,0,0,0,0,0,0,0,1,1,1.0,0,0,0,0,0,0,0,0,0,0,0,0,0,0,0,0,0,0,0,0,0,0,0,0,1,0,0,0,0,1,1,1,1
3,2,700.0,32.0,988.0,2.0,26.0,7,0,0,0,0,0,0,0,1,1,1.0,0,0,1,0,1,0,0,1,1,0,1,0,1,1,0,0,0,0,0,1,0,0,0,0,0,0,1,0,0,0,0,0,0
3,2,936.0,21.0,463.0,1.0,9.0,4,0,0,0,0,0,0,0,0,0,2.0,1,0,0,0,0,0,0,1,1,0,1,0,0,0,0,0,0,0,0,0,0,0,0,0,0,0,0,0,0,1,0,1,1
3,2,925.0,16.0,412.0,1.0,6.0,8,0,0,0,0,0,0,0,0,0,2.0,0,0,1,1,1,0,1,1,1,0,1,0,1,0,1,0,0,0,0,0,0,0,0,0,0,0,0,0,1,0,0,0,0
3,2,753.0,20.0,419.0,1.0,9.0,12,1,1,1,0,0,0,0,1,0,1.0,1,0,1,1,1,1,1,1,1,0,1,1,1,1,0,0,0,0,0,0,0,0,0,0,1,0,0,0,1,1,1,0,0
3,2,936.0,23.0,463.0,1.0,9.0,9,0,0,0,0,0,0,0,0,1,2.0,1,0,1,0,1,1,0,1,1,0,1,0,1,1,0,0,0,0,0,0,0,0,0,0,1,0,1,0,0,1,0,1,0
3,3,999.0,20.0,463.0,1.0,9.0,5,0,0,0,0,0,0,0,1,0,1.0,0,0,1,1,0,0,0,1,1,0,1,0,0,0,0,0,0,0,0,0,1,0,0,0,0,0,1,0,0,1,1,1,0
3,2,1050.0,20.0,428.0,1.0,25.0,5,0,0,0,0,0,0,0,1,1,1.0,0,0,0,0,1,0,0,1,1,0,1,0,1,0,0,0,0,0,0,1,0,0,0,0,0,0,1,0,0,0,1,0,1
1,1,454.0,15.0,766.0,1.0,9.0,8,1,1,1,1,0,0,0,1,0,2.0,1,1,1,1,0,0,0,1,0,1,1,0,1,0,0,0,0,0,0,0,0,0,0,0,1,0,0,0,1,1,0,0,1
3,1,650.0,20.0,463.0,1.0,9.0,0,1,1,1,0,1,0,0,1,0,2.0,0,0,0,0,0,0,0,0,0,0,0,0,0,0,0,0,0,0,0,0,0,0,0,0,1,0,0,0,0,1,1,1,1
3,2,650.0,20.0,463.0,1.0,9.0,4,0,0,0,0,0,0,0,0,0,3.0,0,0,0,1,1,1,0,0,1,0,0,0,0,0,1,0,0,0,0,0,0,0,0,0,0,0,0,0,0,1,1,1,1
3,3,1210.0,21.0,482.0,2.0,7.0,9,0,0,0,0,0,0,0,1,0,2.0,1,0,1,0,1,1,1,1,1,0,1,0,1,0,0,0,0,0,0,0,0,0,0,0,1,0,1,0,0,0,0,0,0
2,2,906.0,21.0,460.0,2.0,9.0,8,0,0,0,0,0,0,0,1,1,2.0,1,0,1,0,0,1,1,0,1,0,1,0,1,1,0,0,0,0,0,0,0,0,0,0,0,0,0,0,1,0,0,0,0
2,1,657.0,15.0,438.0,1.0,27.0,3,0,0,0,0,0,0,0,0,0,2.0,0,0,0,0,0,0,0,1,1,0,1,0,0,0,1,0,0,0,0,0,0,0,0,0,0,0,0,0,0,0,0,0,0
3,2,628.0,14.0,90.0,1.0,9.0,4,0,0,1,1,0,0,0,0,0,2.0,0,0,0,0,0,1,0,1,1,0,1,0,0,0,0,0,0,0,0,0,0,0,0,0,1,0,0,0,0,1,0,0,1
3,1,581.0,20.0,463.0,1.0,9.0,0,0,0,0,0,0,0,0,0,1,2.0,0,0,0,0,0,0,0,0,0,0,0,0,0,0,0,0,0,0,0,0,0,0,0,0,1,0,0,1,0,1,1,1,1
4,2,1300.0,20.0,463.0,2.0,9.0,13,0,0,0,0,0,0,0,0,0,2.0,1,1,1,1,1,1,1,1,1,1,1,0,1,1,0,0,0,0,0,0,0,0,0,0,0,0,0,0,0,1,1,1,0
3,2,872.0,22.0,1343.0,1.0,6.0,13,0,0,0,0,0,0,0,1,1,2.0,0,1,1,1,1,1,1,1,1,1,1,1,1,1,0,0,0,0,0,1,0,0,0,0,0,0,1,0,0,0,0,0,0
3,2,828.0,20.0,463.0,1.0,9.0,0,0,0,0,0,0,0,0,1,1,2.0,0,0,0,0,0,0,0,0,0,0,0,0,0,0,0,0,0,0,0,0,0,1,0,0,0,0,0,0,0,1,1,1,0
3,2,800.0,20.0,463.0,1.0,9.0,2,0,0,0,0,0,0,0,1,0,3.0,0,0,0,0,0,0,0,1,0,0,1,0,0,0,0,0,0,0,0,0,0,0,0,1,0,0,0,0,0,1,1,1,1
3,2,1003.0,15.0,463.0,1.0,17.0,5,1,0,1,1,0,0,0,0,0,2.0,0,0,0,0,1,0,0,1,1,0,1,0,1,0,0,0,0,0,0,0,0,0,0,0,1,0,1,0,0,0,0,1,1
3,2,1100.0,25.0,1220.0,1.0,19.0,9,1,0,1,1,0,0,0,1,1,2.0,1,0,1,0,0,1,0,1,1,1,1,0,1,1,1,0,0,0,0,0,0,0,0,0,0,0,1,0,0,0,0,0,0
3,2,1103.0,40.0,684.0,2.0,9.0,8,0,0,0,0,0,0,0,1,0,2.0,0,0,1,0,1,0,1,1,1,1,1,0,1,0,0,0,0,0,0,0,0,0,0,0,1,0,0,0,1,1,0,0,0
2,2,865.0,20.0,463.0,1.0,9.0,10,0,0,0,0,0,0,0,1,1,2.0,1,0,1,1,1,0,1,1,1,1,1,0,1,0,0,0,0,0,0,0,0,0,0,0,0,0,1,0,0,1,1,1,0
3,2,860.0,9.0,378.0,1.0,25.0,8,0,0,0,0,0,0,0,1,0,2.0,0,0,0,1,1,1,1,1,1,0,1,0,1,0,1,0,0,0,0,0,0,0,0,0,0,0,1,0,0,0,0,0,0
3,2,953.0,20.0,463.0,1.0,9.0,5,0,0,0,0,0,0,0,0,1,2.0,0,0,0,0,0,1,0,1,0,1,1,0,1,0,0,0,0,0,0,0,0,0,0,0,1,0,0,0,0,1,1,1,0
3,2,860.0,20.0,463.0,1.0,9.0,0,1,0,1,0,0,0,0,1,1,3.0,0,0,0,0,0,0,0,0,0,0,0,0,0,0,0,0,0,0,0,0,0,0,0,0,1,0,0,0,0,1,1,1,1
3,2,775.0,7.0,463.0,1.0,9.0,4,0,0,0,0,0,0,0,1,0,2.0,0,0,0,0,1,0,0,1,0,0,1,0,1,0,0,1,0,0,0,0,0,0,0,0,0,0,0,0,0,1,0,1,0
2,1,600.0,20.0,463.0,1.0,9.0,7,0,0,0,0,0,0,0,1,0,2.0,0,0,0,1,1,1,0,1,1,0,1,0,1,0,0,0,0,0,0,0,0,0,1,0,0,0,1,0,0,1,1,1,0
2,1,592.0,20.0,463.0,2.0,9.0,5,0,0,0,0,0,0,0,1,0,3.0,1,0,0,1,0,1,0,1,1,0,0,0,0,0,0,0,0,0,0,0,0,0,0,0,1,0,0,1,0,1,1,1,0
3,2,1600.0,12.0,150.0,1.0,9.0,8,1,0,1,0,1,0,0,1,1,1.0,1,0,1,1,1,0,0,1,1,0,1,0,1,0,1,0,0,0,0,0,0,0,0,0,0,0,0,0,1,1,0,0,0
3,2,1376.0,17.0,616.0,1.0,15.0,7,0,1,1,1,1,0,0,1,0,2.0,0,0,1,0,0,1,0,1,1,1,1,0,1,0,0,0,0,0,0,0,0,0,0,0,1,0,1,0,0,0,0,0,1
2,2,603.0,20.0,463.0,1.0,9.0,3,1,0,0,1,0,0,0,1,0,2.0,0,0,0,0,0,0,1,1,1,0,0,0,0,0,0,0,0,0,0,0,0,0,0,0,1,0,0,1,0,1,1,1,0
3,2,650.0,20.0,463.0,1.0,9.0,6,0,0,0,0,0,0,0,1,1,1.0,0,0,0,1,1,1,0,1,1,0,1,0,0,0,0,0,0,0,0,1,0,0,0,0,0,0,0,0,0,0,1,1,0
3,2,878.0,20.0,463.0,2.0,9.0,0,0,0,0,0,0,0,0,1,1,2.0,0,0,0,0,0,0,0,0,0,0,0,0,0,0,1,0,0,0,0,0,0,0,0,0,0,0,0,0,1,1,1,1,0
3,2,657.0,20.0,463.0,1.0,9.0,5,0,1,1,1,1,0,1,0,0,3.0,0,0,0,1,1,1,0,1,1,0,0,0,0,0,0,0,0,0,0,0,0,0,0,0,1,0,0,1,0,1,1,1,0
3,2,850.0,13.0,209.0,1.0,24.0,6,0,0,0,0,0,0,0,1,1,2.0,1,0,0,1,0,0,0,1,1,0,1,0,1,0,0,0,0,0,0,1,0,0,0,0,0,0,0,0,0,0,0,0,0
3,2,1037.0,25.0,576.0,2.0,7.0,8,0,1,1,0,1,0,1,1,0,2.0,1,0,1,1,0,0,1,1,1,0,1,0,1,0,1,0,0,0,0,0,0,0,0,0,0,0,0,0,1,0,0,0,0
3,2,1100.0,11.0,60.0,1.0,9.0,5,1,1,1,1,1,0,0,1,1,2.0,0,0,0,0,1,0,0,1,1,0,1,0,1,0,0,0,0,0,0,0,0,0,0,0,1,0,1,0,0,1,0,0,0
3,2,807.0,8.0,95.0,1.0,9.0,0,0,0,0,0,0,0,0,1,1,2.0,0,0,0,0,0,0,0,0,0,0,0,0,0,0,0,0,0,0,0,1,0,0,0,0,0,0,1,0,0,1,0,0,0
3,2,1313.0,13.0,666.0,4.0,9.0,8,0,0,0,0,0,0,0,0,1,1.0,0,0,1,0,1,1,0,1,1,0,1,1,1,0,0,0,0,0,0,0,0,0,0,0,1,0,0,0,1,0,0,0,0
3,2,1295.0,20.0,463.0,1.0,9.0,8,1,1,1,1,1,1,1,1,1,1.0,1,0,0,1,0,1,0,1,1,0,1,0,1,1,1,0,0,0,0,0,0,0,0,0,0,0,1,0,0,1,1,1,0
3,2,1185.0,20.0,463.0,2.0,9.0,2,0,0,0,0,0,0,0,1,1,2.0,0,0,0,0,0,0,0,1,0,0,1,0,0,0,0,0,0,0,0,0,0,0,0,0,1,0,0,0,0,1,1,1,0
3,2,753.0,20.0,463.0,1.0,9.0,2,0,0,0,0,0,0,0,1,1,3.0,0,0,0,0,0,1,0,0,1,0,0,0,0,0,0,0,0,0,0,0,0,0,0,0,0,0,0,1,0,1,1,1,1
3,2,1074.0,20.0,463.0,2.0,10.0,9,1,0,0,0,0,0,1,1,0,1.0,1,0,1,1,0,0,0,1,1,1,1,1,1,0,1,0,0,0,0,0,0,0,0,0,0,0,1,0,0,0,1,1,0
3,2,969.0,20.0,463.0,2.0,9.0,14,0,0,0,0,0,0,0,1,1,2.0,1,1,1,1,1,1,1,1,1,1,1,1,1,1,0,0,0,0,0,0,0,1,0,0,0,0,0,0,1,1,1,1,0
3,2,810.0,20.0,252.0,1.0,24.0,3,0,0,0,0,0,0,0,1,1,2.0,0,0,0,0,1,0,0,1,0,0,1,0,0,0,0,0,0,0,0,1,0,0,0,0,0,0,0,0,0,0,1,0,0
3,3,1124.0,22.0,616.0,2.0,7.0,6,1,1,1,0,1,0,1,1,1,3.0,0,0,1,0,0,0,1,1,1,0,1,0,1,0,0,0,0,0,0,0,0,0,0,0,1,0,0,0,1,0,0,0,0
3,2,1450.0,15.0,200.0,1.0,36.0,4,0,0,0,0,0,0,0,1,1,3.0,0,0,0,0,0,0,0,1,0,1,1,0,1,0,0,0,0,0,0,0,0,0,0,0,1,0,1,0,0,0,0,0,0
3,2,1087.0,38.0,420.0,2.0,12.0,14,0,0,0,0,0,0,0,1,1,2.0,1,1,1,1,1,1,1,1,1,1,1,1,1,1,0,0,0,0,0,1,0,0,0,0,0,0,1,0,0,0,0,0,0
3,2,872.0,11.0,463.0,1.0,9.0,7,0,0,0,0,0,0,0,1,0,2.0,1,0,1,0,1,0,0,1,1,0,1,0,1,0,0,0,0,0,0,1,0,0,0,0,0,0,0,0,0,1,0,1,0
4,2,1206.0,16.0,384.0,1.0,9.0,0,1,0,1,0,1,0,0,1,1,2.0,0,0,0,0,0,0,0,0,0,0,0,0,0,0,1,0,0,0,0,0,0,0,0,0,0,0,1,0,0,1,0,0,1
4,3,1646.0,44.0,378.0,2.0,5.0,7,0,0,0,0,0,0,0,1,1,3.0,1,0,1,0,0,0,1,0,1,1,1,0,1,0,0,0,0,0,0,1,0,0,0,0,0,0,1,0,0,0,0,0,0
3,2,1200.0,20.0,771.0,2.0,7.0,6,0,0,0,0,0,0,0,1,1,1.0,0,0,1,1,0,0,0,1,1,0,1,0,1,0,0,0,0,0,0,1,0,0,0,0,0,0,1,0,0,0,0,0,0
3,2,667.0,20.0,463.0,1.0,9.0,4,0,0,0,0,0,0,0,0,0,2.0,0,0,0,0,1,1,0,1,1,0,0,0,0,0,0,0,0,0,0,0,0,0,0,0,1,0,0,0,0,1,1,1,1
3,2,1399.0,8.0,463.0,1.0,19.0,7,0,0,1,1,1,0,0,1,0,2.0,0,0,1,0,0,1,0,1,1,0,1,0,1,1,0,0,0,0,0,0,0,0,0,0,1,0,1,0,0,0,0,1,1
3,2,973.0,20.0,352.0,1.0,8.0,9,0,0,0,0,0,0,0,1,0,2.0,1,0,1,1,1,1,0,1,1,0,1,0,1,0,0,0,0,0,0,0,0,0,0,0,0,0,1,0,0,0,1,0,1
3,3,1701.0,7.0,297.0,3.0,9.0,13,0,0,0,0,0,0,0,1,1,2.0,1,1,1,1,1,0,1,1,1,1,1,1,1,1,0,0,0,0,0,1,0,0,0,0,0,0,1,0,0,0,0,0,0
2,2,800.0,33.0,490.0,1.0,3.0,8,0,0,0,0,0,0,0,1,1,2.0,1,0,1,1,1,0,1,1,0,0,1,0,1,0,0,0,0,0,0,1,0,0,0,0,0,0,1,0,0,0,0,0,1
8,3,1905.0,18.0,160.0,2.0,23.0,11,0,0,0,0,1,0,0,1,1,2.0,1,1,1,1,0,1,0,1,1,1,1,0,1,1,0,0,0,0,0,0,0,0,0,0,1,0,1,0,0,0,0,0,0
3,2,820.0,14.0,463.0,1.0,9.0,7,1,0,1,1,0,0,0,1,1,2.0,1,0,0,1,1,1,0,1,1,0,1,0,0,0,0,0,0,0,0,0,0,0,0,0,1,0,0,0,0,1,0,1,0
2,2,867.0,20.0,463.0,1.0,9.0,11,0,1,1,1,1,1,1,1,1,3.0,1,0,1,1,1,1,1,1,1,1,1,0,1,0,0,0,0,0,0,0,0,0,0,0,1,0,1,0,0,1,0,1,0
5,4,2400.0,33.0,540.0,2.0,8.0,6,0,0,0,0,0,0,0,1,1,3.0,0,0,0,0,0,1,0,1,1,1,1,0,1,0,0,0,0,0,0,0,0,0,0,0,1,0,1,0,0,0,0,0,0
3,2,1000.0,22.0,246.0,1.0,17.0,3,0,0,0,0,0,0,0,1,1,2.0,0,0,0,0,1,1,0,0,0,0,1,0,0,0,0,0,0,0,0,0,0,0,0,0,1,0,0,0,0,0,0,0,1
3,2,1144.0,29.0,1709.0,1.0,12.0,8,0,0,0,1,0,0,1,1,0,2.0,0,1,1,1,1,0,0,1,1,0,1,0,1,0,0,0,0,0,0,0,0,0,0,0,1,0,1,0,0,0,0,0,0
2,2,733.0,12.0,463.0,1.0,9.0,6,0,0,0,0,0,0,0,0,0,2.0,0,0,0,1,0,1,0,1,1,0,1,0,1,0,0,0,0,0,0,0,0,0,0,0,1,0,1,0,0,1,0,1,0
3,2,1382.0,20.0,396.0,2.0,7.0,14,1,1,0,1,1,0,1,0,0,2.0,1,1,1,1,1,1,1,1,1,1,1,1,1,1,1,0,0,0,0,0,0,0,0,0,0,0,1,0,0,0,1,0,0
3,2,1095.0,38.0,434.0,1.0,7.0,7,0,0,0,0,0,0,0,1,1,2.0,1,0,1,1,0,0,0,0,1,1,1,0,1,0,0,0,0,0,0,1,0,0,0,0,0,0,1,0,0,0,0,0,0
3,2,860.0,27.0,463.0,1.0,18.0,7,0,0,0,0,0,0,0,1,1,2.0,1,0,1,0,1,0,0,1,1,0,1,0,1,0,0,0,0,0,0,1,0,0,0,0,0,0,1,0,0,0,0,1,0
3,2,969.0,12.0,260.0,1.0,17.0,5,0,0,0,0,0,0,0,0,0,2.0,0,0,0,1,0,1,0,1,0,0,1,0,1,0,0,0,0,0,0,0,0,0,0,0,1,0,1,0,0,0,0,0,0
3,2,1023.0,20.0,1200.0,2.0,4.0,0,0,0,0,0,0,0,0,1,1,2.0,0,0,0,0,0,0,0,0,0,0,0,0,0,0,0,0,0,0,0,0,0,0,0,0,1,0,1,0,0,0,1,0,0
3,2,700.0,20.0,463.0,1.0,9.0,4,0,0,0,0,0,0,0,1,0,2.0,0,0,0,1,0,0,0,1,0,0,1,0,1,0,0,0,0,0,0,0,0,0,0,0,0,1,0,0,0,1,1,1,0
3,2,700.0,20.0,463.0,1.0,9.0,0,0,0,0,0,0,0,0,1,0,2.0,0,0,0,0,0,0,0,0,0,0,0,0,0,0,0,0,0,0,0,0,0,0,0,1,0,0,0,0,0,1,1,1,1
3,2,1392.0,20.0,463.0,1.0,9.0,3,0,0,0,0,0,0,0,1,0,2.0,0,0,0,0,1,0,0,1,0,0,1,0,0,0,0,0,0,0,0,0,0,0,0,1,0,0,0,1,0,1,1,1,0
5,5,4300.0,31.0,34.0,3.0,12.0,9,0,0,0,0,0,0,0,1,1,2.0,1,0,1,1,1,0,0,1,1,1,1,0,1,0,0,0,0,0,0,1,0,0,0,0,0,0,1,0,0,0,0,0,0
3,2,1250.0,20.0,461.0,2.0,5.0,8,0,0,0,0,0,0,0,1,1,3.0,0,0,1,0,1,1,1,1,1,0,1,0,1,0,0,0,0,0,0,0,0,0,0,0,1,0,1,0,0,0,1,0,0
3,2,840.0,20.0,463.0,1.0,9.0,0,1,0,0,0,1,0,0,1,1,2.0,0,0,0,0,0,0,0,0,0,0,0,0,0,0,0,0,0,0,0,0,0,0,0,0,1,0,0,0,0,1,1,1,1
2,1,590.0,20.0,463.0,1.0,9.0,3,0,0,0,0,0,0,0,1,1,2.0,0,0,0,0,0,1,1,1,0,0,0,0,0,0,0,0,0,0,0,1,0,0,0,0,0,0,0,1,0,1,1,1,0
3,2,1065.0,4.0,1054.0,2.0,7.0,9,0,0,1,0,0,0,0,1,1,2.0,0,0,1,1,1,1,0,1,1,1,1,0,1,0,0,0,0,0,0,0,0,0,0,0,1,0,0,0,1,0,0,0,0
3,2,1000.0,16.0,463.0,2.0,9.0,4,0,0,0,1,0,0,0,0,1,2.0,1,0,0,0,0,0,0,1,0,0,1,0,1,0,0,0,0,0,0,0,0,0,0,0,1,0,0,0,0,1,0,1,0
3,2,1400.0,19.0,463.0,1.0,9.0,4,0,0,0,0,0,0,0,1,0,2.0,0,0,0,1,0,0,0,0,0,1,1,1,0,0,0,0,0,0,0,0,0,0,0,0,0,0,0,0,1,1,0,1,1
3,2,1024.0,4.0,463.0,1.0,9.0,2,0,0,0,0,0,0,0,1,0,1.0,0,0,0,0,0,0,0,1,0,0,1,0,0,0,0,0,0,0,0,0,0,0,0,0,0,0,0,0,0,1,0,1,0
3,2,901.0,33.0,490.0,2.0,3.0,8,0,0,0,0,0,0,0,1,1,3.0,1,0,1,1,1,0,1,1,0,0,1,0,1,0,0,0,0,0,0,1,0,0,0,0,0,0,1,0,0,0,0,0,0
2,1,650.0,20.0,463.0,1.0,9.0,2,0,0,0,0,0,0,0,1,0,2.0,0,0,0,0,0,1,0,0,1,0,0,0,0,0,1,0,0,0,0,0,0,0,0,0,0,0,0,1,0,1,1,1,1
3,2,1030.0,22.0,1074.0,1.0,13.0,8,0,1,0,0,1,0,0,1,0,2.0,0,0,1,1,0,0,0,1,1,1,1,0,1,1,0,0,0,0,0,0,0,0,0,0,1,0,1,0,0,0,0,0,0
3,2,990.0,20.0,463.0,1.0,9.0,14,0,0,0,0,0,0,0,1,1,2.0,1,1,1,1,1,1,1,1,1,1,1,1,1,1,0,0,0,0,0,0,0,0,0,0,0,0,0,0,0,1,1,1,0
3,2,1131.0,6.0,180.0,1.0,9.0,10,1,0,0,1,0,0,0,1,0,1.0,1,0,1,1,1,1,0,1,1,0,1,0,1,1,1,0,0,0,0,0,0,0,0,0,0,0,1,0,0,1,0,0,0
2,1,512.0,20.0,463.0,1.0,9.0,6,0,0,0,0,0,0,0,1,0,1.0,0,0,1,1,0,0,0,1,1,0,1,0,1,0,0,0,0,0,0,0,0,0,1,0,0,0,1,0,0,1,1,1,1
3,2,950.0,20.0,463.0,1.0,9.0,3,0,0,0,0,0,0,0,1,1,3.0,0,0,0,0,0,1,0,1,1,0,0,0,0,0,0,1,0,0,0,0,0,0,0,0,0,0,0,1,0,1,1,1,0
4,3,1991.0,8.0,825.0,2.0,9.0,9,0,1,1,1,1,0,1,1,0,3.0,1,1,1,0,1,1,0,1,1,0,1,0,1,0,1,0,0,0,0,0,0,0,0,0,0,0,1,0,0,1,0,0,0
3,2,800.0,6.0,672.0,1.0,29.0,7,0,0,0,0,0,0,0,1,0,2.0,0,0,1,1,1,0,0,1,1,0,1,0,1,0,0,0,0,0,0,1,0,0,0,0,0,0,0,0,0,0,0,0,0
3,2,1077.0,20.0,463.0,1.0,9.0,0,0,0,0,0,0,0,0,1,1,1.0,0,0,0,0,0,0,0,0,0,0,0,0,0,0,0,0,0,0,0,1,0,0,0,0,0,0,0,0,0,1,1,1,0
3,2,850.0,20.0,463.0,1.0,9.0,7,1,1,1,1,0,0,0,1,0,2.0,0,0,0,0,1,1,1,1,1,0,1,0,1,0,1,0,0,0,0,0,0,0,0,0,0,0,1,0,0,1,1,1,1
4,3,1788.0,29.0,369.0,2.0,6.0,11,1,1,1,1,0,1,0,1,1,2.0,1,1,1,1,0,0,1,1,1,1,1,1,1,0,1,0,0,0,0,0,0,0,0,0,0,0,1,0,0,0,0,0,0
3,2,947.0,20.0,463.0,2.0,9.0,6,1,0,1,1,0,0,1,1,0,3.0,0,0,1,0,1,0,0,1,1,0,1,0,1,0,1,0,0,0,0,0,0,0,0,0,0,0,1,0,0,1,1,1,0
3,2,850.0,5.0,400.0,1.0,6.0,3,0,0,1,1,0,0,0,1,1,3.0,0,0,0,0,1,0,0,1,1,0,0,0,0,0,0,0,0,0,0,0,0,0,0,0,1,0,0,0,0,0,0,0,0
2,1,484.0,20.0,463.0,1.0,9.0,4,0,0,0,0,0,1,0,0,1,1.0,1,0,0,0,0,1,0,1,1,0,0,0,0,0,0,0,0,0,0,0,0,0,0,0,1,0,0,0,0,1,1,1,1
3,3,1598.0,42.0,670.0,2.0,6.0,5,0,0,0,0,0,0,0,1,1,2.0,0,0,1,0,1,0,0,1,0,0,1,0,1,0,0,0,0,0,0,1,0,0,0,0,0,0,1,0,0,0,0,0,0
3,2,753.0,20.0,463.0,2.0,9.0,0,0,0,0,0,0,0,0,1,1,3.0,0,0,0,0,0,0,0,0,0,0,0,0,0,0,0,0,0,0,0,0,0,0,0,0,0,0,0,1,0,1,1,1,0
3,2,860.0,17.0,299.0,2.0,3.0,9,0,0,0,0,0,0,0,1,1,1.0,0,0,1,0,1,1,1,1,1,1,1,0,1,0,0,0,0,0,0,0,0,0,0,0,1,0,1,0,0,0,0,0,0
3,2,730.0,5.0,400.0,1.0,6.0,0,0,0,1,1,0,0,0,1,1,1.0,0,0,0,0,0,0,0,0,0,0,0,0,0,0,0,0,0,0,0,0,0,0,0,0,1,0,0,0,0,0,0,0,0
4,2,1000.0,14.0,504.0,2.0,9.0,5,0,0,0,0,0,0,0,0,0,2.0,0,0,0,0,1,1,0,1,1,0,1,0,0,0,1,0,0,0,0,0,0,0,0,0,0,0,0,0,0,1,0,0,0
3,2,891.0,20.0,463.0,1.0,9.0,0,1,0,1,1,0,0,0,1,1,2.0,0,0,0,0,0,0,0,0,0,0,0,0,0,0,0,0,0,0,0,0,0,0,0,0,1,0,0,0,0,1,1,1,1
3,2,1049.0,12.0,196.0,1.0,16.0,8,0,1,1,1,0,0,1,0,0,2.0,1,0,0,1,1,1,1,1,1,0,1,0,0,0,0,0,0,0,0,0,0,0,0,0,1,0,0,0,0,0,0,0,0
5,4,2266.0,28.0,463.0,2.0,9.0,13,0,0,0,0,0,0,0,1,0,3.0,1,1,1,1,1,1,1,1,1,1,1,0,1,1,0,0,0,0,0,0,0,0,1,0,0,0,1,0,0,1,0,1,0
3,2,1150.0,20.0,463.0,1.0,9.0,3,0,0,0,0,0,0,0,1,0,3.0,0,0,0,0,1,0,0,1,0,0,1,0,0,0,0,1,0,0,0,0,0,0,0,0,0,0,0,0,0,1,1,1,1
3,2,960.0,8.0,463.0,1.0,9.0,5,0,0,1,1,1,0,0,1,1,3.0,0,0,1,0,0,0,0,1,1,0,1,0,1,0,0,0,0,0,0,0,0,0,0,0,1,0,0,0,0,1,0,1,0
4,3,1464.0,22.0,531.0,2.0,12.0,8,0,0,0,0,0,0,0,1,0,1.0,1,0,1,1,1,0,0,1,1,0,1,0,1,0,0,0,0,0,0,1,0,0,0,0,0,0,1,0,0,0,0,0,0
3,2,700.0,16.0,476.0,1.0,24.0,6,0,0,0,0,0,0,0,1,1,2.0,0,0,0,0,1,0,0,1,1,0,1,0,1,1,0,0,0,0,0,1,0,0,0,0,0,0,1,0,0,0,0,0,0
3,2,850.0,10.0,65.0,1.0,9.0,3,0,0,0,0,0,0,0,1,0,2.0,0,0,0,0,0,0,1,0,0,0,1,0,1,0,0,0,0,0,0,0,0,0,0,0,0,0,0,0,1,1,0,0,1
1,1,422.0,20.0,463.0,2.0,5.0,5,0,0,0,0,0,0,0,1,0,2.0,0,0,1,0,1,0,0,1,0,0,1,0,1,0,0,0,0,0,1,0,0,0,0,0,0,0,0,0,1,0,1,1,0
3,2,1001.0,21.0,391.0,1.0,9.0,0,1,0,0,1,0,0,0,1,0,2.0,0,0,0,0,0,0,0,0,0,0,0,0,0,0,0,0,0,0,0,0,0,0,0,0,1,0,0,0,1,0,0,0,1
3,2,700.0,10.0,360.0,1.0,9.0,5,0,0,1,1,1,1,0,1,1,3.0,0,0,0,0,0,0,1,1,1,0,1,0,1,0,0,0,0,0,0,0,0,0,0,0,1,0,0,0,0,1,0,0,1
3,2,815.0,14.0,463.0,1.0,9.0,1,1,1,0,1,1,1,1,0,0,2.0,0,0,0,0,0,0,0,1,0,0,0,0,0,0,1,0,0,0,0,0,0,0,0,0,0,0,0,0,0,1,0,1,0
3,2,850.0,16.0,196.0,1.0,15.0,0,0,0,0,0,0,0,0,0,0,2.0,0,0,0,0,0,0,0,0,0,0,0,0,0,0,0,0,0,0,0,0,0,0,0,0,0,0,0,0,0,0,0,0,1
3,2,956.0,19.0,392.0,1.0,9.0,12,0,0,0,0,0,0,0,1,1,2.0,1,1,1,1,0,1,1,1,1,1,1,0,1,1,0,0,0,0,0,0,0,0,0,0,1,0,1,0,0,1,0,0,0
3,2,950.0,38.0,900.0,2.0,0.0,12,1,0,1,1,0,0,0,1,0,2.0,1,1,1,1,1,1,1,1,1,1,1,0,1,0,1,0,0,0,0,0,0,0,0,0,0,0,0,0,0,0,0,0,0
3,2,1353.0,49.0,480.0,2.0,5.0,5,0,0,0,0,0,0,0,1,1,1.0,0,0,0,0,1,0,0,1,1,0,1,0,1,0,0,0,0,0,0,1,0,0,0,0,0,0,0,0,1,0,0,0,0
3,2,857.0,23.0,744.0,1.0,9.0,12,0,0,0,1,0,0,1,1,1,3.0,1,1,1,1,1,1,1,1,1,1,1,0,1,0,0,0,0,0,0,0,0,0,0,0,1,0,0,0,1,0,0,0,1
3,2,1000.0,13.0,445.0,1.0,16.0,7,0,0,0,0,0,1,0,1,1,2.0,1,0,0,1,1,1,0,1,1,0,1,0,0,0,0,0,0,0,0,0,0,0,0,0,1,0,0,0,0,0,0,0,0
3,2,1249.0,33.0,256.0,3.0,3.0,7,0,0,0,0,0,0,0,1,1,2.0,0,0,1,0,0,1,0,1,1,1,1,0,1,0,0,0,0,0,0,1,0,0,0,0,0,0,1,0,0,0,0,0,0
3,2,1273.0,20.0,463.0,2.0,9.0,6,0,0,0,0,0,0,0,1,1,2.0,0,0,1,0,1,0,0,1,1,0,1,0,1,0,0,0,0,0,0,1,0,0,0,0,0,0,1,0,0,1,1,1,0
3,2,773.0,20.0,400.0,1.0,9.0,3,0,0,1,1,0,1,0,1,1,2.0,0,0,0,0,0,0,1,0,1,0,1,0,0,0,0,0,0,0,0,0,0,0,0,0,1,0,0,0,0,1,1,0,0
2,1,519.0,20.0,463.0,1.0,9.0,3,0,1,1,1,1,0,1,0,0,3.0,0,0,0,0,0,1,0,1,1,0,0,0,0,0,0,0,0,0,0,0,0,0,0,0,1,0,0,1,0,1,1,1,1
3,2,660.0,20.0,463.0,1.0,9.0,0,0,0,0,0,0,0,0,0,0,2.0,0,0,0,0,0,0,0,0,0,0,0,0,0,0,0,0,0,0,0,0,0,0,0,0,1,0,0,0,0,1,1,1,1
3,2,1091.0,18.0,569.0,1.0,13.0,8,0,0,1,0,0,0,1,1,1,3.0,0,0,1,0,1,1,0,1,1,1,1,0,1,0,1,0,0,0,0,0,0,0,0,0,0,0,1,0,0,0,0,0,0
3,2,656.0,20.0,463.0,1.0,9.0,4,0,0,0,0,0,0,0,1,1,3.0,0,0,0,1,0,1,0,1,1,0,0,0,0,0,0,0,0,0,0,0,0,0,0,0,1,0,0,0,0,1,1,1,1
3,2,1160.0,20.0,463.0,1.0,9.0,7,0,0,0,0,0,0,0,1,0,2.0,0,0,1,0,1,0,0,1,1,1,1,0,1,0,0,0,0,0,0,0,0,0,0,1,0,0,0,0,0,1,1,1,1
3,2,850.0,20.0,435.0,1.0,13.0,5,1,0,1,0,1,0,0,1,1,2.0,0,0,0,0,1,0,1,1,0,0,1,0,1,0,0,0,0,0,0,0,0,0,0,0,1,0,0,0,0,0,1,0,0
3,2,900.0,4.0,463.0,1.0,9.0,1,0,0,0,0,0,0,0,1,0,1.0,0,0,0,0,0,0,0,0,0,0,0,0,1,0,0,0,0,0,0,0,0,0,0,1,0,0,0,0,0,1,0,1,1
4,2,1000.0,20.0,463.0,2.0,9.0,9,0,0,0,0,0,0,0,1,1,2.0,1,0,1,1,1,0,1,1,1,0,1,0,1,0,0,0,0,0,0,0,0,0,0,0,1,0,1,0,0,1,1,1,0
3,2,838.0,22.0,816.0,2.0,16.0,9,0,0,0,0,0,0,0,1,1,3.0,1,0,1,1,1,0,0,1,1,0,1,1,1,0,0,0,0,0,0,1,0,0,0,0,0,0,1,0,0,0,0,0,0
3,2,1210.0,21.0,482.0,2.0,7.0,9,0,0,0,0,0,0,0,1,0,2.0,1,0,1,1,1,1,0,1,1,0,1,0,1,0,0,0,0,0,0,0,0,0,0,0,1,0,1,0,0,0,0,0,0
3,2,680.0,10.0,463.0,1.0,9.0,3,0,0,1,0,0,0,0,1,1,2.0,0,0,0,0,0,1,0,1,1,0,0,0,0,0,0,0,0,0,0,0,0,0,0,0,1,0,0,0,0,1,0,1,0
3,2,700.0,5.0,7810.0,1.0,9.0,2,0,1,0,0,0,0,0,1,1,1.0,0,0,0,0,0,0,0,1,1,0,0,0,0,0,0,0,0,0,0,0,0,0,0,0,1,0,0,0,0,1,0,0,1
3,2,800.0,23.0,433.0,1.0,24.0,8,0,0,0,0,0,0,0,1,1,2.0,0,0,1,0,1,1,1,1,1,0,1,0,1,0,0,0,0,0,0,1,0,0,0,0,0,0,0,0,0,0,0,0,0
3,3,1200.0,5.0,463.0,1.0,9.0,3,1,0,1,1,0,0,1,1,1,2.0,0,0,0,0,1,0,0,0,1,0,0,0,1,0,1,0,0,0,0,0,0,0,0,0,0,0,1,0,0,1,0,1,1
3,2,1167.0,17.0,463.0,1.0,9.0,7,0,0,0,0,0,0,0,1,1,2.0,1,0,1,0,0,1,0,1,1,0,0,0,1,1,1,0,0,0,0,0,0,0,0,0,0,0,1,0,0,1,0,1,0
3,4,1636.0,5.0,115.0,2.0,5.0,6,0,0,0,0,0,0,0,1,1,1.0,0,0,1,0,1,0,0,1,1,0,1,0,1,0,0,0,0,0,0,1,0,0,0,0,0,0,1,0,0,0,0,0,0
3,1,654.0,38.0,554.0,1.0,9.0,0,0,0,0,0,0,0,0,1,1,3.0,0,0,0,0,0,0,0,0,0,0,0,0,0,0,0,0,0,0,0,1,0,0,0,0,0,0,0,0,0,0,0,0,0
3,2,800.0,29.0,463.0,1.0,15.0,7,0,0,0,0,0,0,0,1,1,2.0,0,0,1,1,0,1,0,1,1,1,1,0,0,0,0,0,0,0,0,1,0,0,0,0,0,0,0,0,0,0,0,1,0
3,2,700.0,20.0,463.0,1.0,9.0,1,0,0,0,0,0,0,0,1,1,1.0,0,0,0,0,0,0,0,1,0,0,0,0,0,0,0,0,0,0,0,1,0,0,0,0,0,0,0,1,0,1,1,1,1
3,2,803.0,20.0,203.0,1.0,2.0,6,0,0,0,0,0,0,0,1,0,2.0,0,0,1,1,0,0,1,0,1,0,1,0,1,0,0,0,0,0,0,0,0,0,0,0,1,0,0,0,0,0,1,0,0
3,2,1009.0,36.0,1338.0,2.0,6.0,11,1,0,1,1,0,0,0,1,0,3.0,1,0,1,1,1,1,1,1,1,1,1,0,1,0,1,0,0,0,0,0,0,0,0,0,0,0,0,0,1,0,0,0,0
3,2,1200.0,20.0,1400.0,1.0,15.0,10,1,0,1,1,0,0,1,1,1,1.0,1,0,1,1,1,0,1,1,1,1,1,0,1,0,1,0,0,0,0,0,0,0,0,0,0,0,1,0,0,0,0,0,0
3,2,1069.0,22.0,246.0,1.0,17.0,5,0,0,0,0,0,0,0,1,1,2.0,0,0,0,0,1,1,0,1,1,0,1,0,0,0,0,0,0,0,0,0,0,0,0,0,1,0,0,0,0,0,0,0,1
3,2,1219.0,24.0,1235.0,2.0,2.0,9,0,0,0,0,0,0,0,1,1,3.0,1,0,1,1,1,0,0,1,1,1,1,0,1,0,0,0,0,0,0,1,0,0,0,0,0,0,1,0,0,0,0,0,0
3,3,1459.0,26.0,220.0,2.0,4.0,7,0,0,0,0,0,0,0,1,1,2.0,0,0,1,0,0,1,0,1,1,0,1,1,1,0,0,0,0,0,0,1,0,0,0,0,0,0,1,0,0,0,0,0,0
3,2,850.0,49.0,2155.0,1.0,7.0,0,0,0,0,0,0,0,0,1,0,2.0,0,0,0,0,0,0,0,0,0,0,0,0,0,0,0,0,0,0,0,1,0,0,0,0,0,0,1,0,0,0,0,0,1
1,1,661.0,13.0,420.0,1.0,8.0,8,0,0,0,0,0,0,0,1,1,3.0,1,0,1,0,1,0,1,1,1,0,1,0,1,0,0,0,0,0,0,0,0,0,0,0,0,0,0,0,1,0,0,0,0
4,4,960.0,10.0,372.0,1.0,9.0,4,0,0,0,1,0,0,1,0,0,2.0,0,0,0,0,1,0,0,1,1,0,1,0,0,0,0,0,0,0,0,0,0,0,0,0,1,0,0,0,0,1,0,0,0
3,3,1300.0,19.0,706.0,1.0,13.0,11,0,0,0,0,0,0,0,1,1,2.0,1,0,1,0,1,1,1,1,1,1,1,0,1,1,0,0,0,0,0,1,0,0,0,0,0,0,1,0,0,0,0,0,0
3,2,850.0,9.0,463.0,1.0,9.0,4,1,1,1,1,0,0,0,1,0,2.0,0,0,0,0,0,0,0,1,1,0,1,0,1,0,1,0,0,0,0,0,0,0,0,0,0,0,0,0,0,1,0,1,1
4,2,1353.0,20.0,463.0,2.0,9.0,13,0,0,0,0,0,0,0,0,1,2.0,1,1,1,1,1,1,1,1,1,1,1,1,1,0,0,0,0,0,0,0,0,0,0,0,0,0,0,0,0,1,1,1,0
3,2,1000.0,20.0,463.0,1.0,8.0,9,0,0,0,0,0,0,0,1,1,1.0,1,1,1,0,1,1,0,1,1,0,1,0,1,0,0,0,0,0,0,0,0,0,1,0,0,0,1,0,0,0,1,1,0
1,1,420.0,20.0,463.0,1.0,9.0,6,0,0,0,0,0,0,0,1,1,3.0,1,0,1,0,0,0,0,1,0,0,1,1,1,0,0,0,0,0,0,0,0,0,0,0,0,1,1,0,0,1,1,1,1
3,2,1087.0,20.0,148.0,2.0,9.0,8,0,0,0,0,0,0,0,1,1,3.0,1,1,1,0,0,0,0,1,1,1,1,0,1,0,0,0,0,0,0,1,0,0,0,0,0,0,1,0,0,1,1,0,0
2,2,841.0,4.0,99.0,1.0,9.0,2,0,0,0,0,0,0,0,1,1,2.0,1,0,0,0,0,0,0,0,0,0,1,0,0,0,0,0,0,0,0,0,0,0,0,1,0,0,0,0,0,1,0,0,0
3,2,750.0,20.0,463.0,1.0,9.0,0,0,0,0,0,0,0,0,1,1,2.0,0,0,0,0,0,0,0,0,0,0,0,0,0,0,0,0,0,0,0,0,0,0,0,1,0,0,0,0,0,1,1,1,1
3,2,1043.0,15.0,900.0,1.0,25.0,7,0,1,1,1,0,0,1,1,1,2.0,0,0,1,0,0,1,0,1,1,0,1,1,1,0,1,0,0,0,0,0,0,0,0,0,0,0,0,0,0,0,0,0,0
3,2,1055.0,22.0,246.0,2.0,17.0,5,0,0,0,0,0,0,0,1,1,3.0,0,0,0,1,1,1,0,1,0,0,1,0,0,0,0,0,0,0,0,0,0,0,0,0,1,0,0,0,0,0,0,0,0
3,2,650.0,20.0,463.0,1.0,9.0,3,1,0,0,1,0,0,1,1,0,3.0,0,0,0,1,1,1,0,0,0,0,0,0,0,0,0,0,0,0,0,0,0,0,0,0,1,0,0,0,0,1,1,1,1
3,2,1345.0,17.0,91.0,3.0,7.0,10,0,0,0,0,0,0,0,1,1,2.0,0,0,1,1,1,1,0,1,1,1,1,1,1,0,0,0,0,0,0,1,0,0,0,0,0,0,1,0,0,0,0,0,0
4,3,1257.0,12.0,200.0,2.0,9.0,7,0,0,0,0,0,0,0,1,0,2.0,0,0,1,1,1,0,0,1,1,0,1,0,1,0,0,0,0,0,0,0,0,0,0,1,0,0,0,0,0,1,0,0,0
3,2,650.0,20.0,463.0,1.0,9.0,3,0,0,0,0,0,0,0,1,0,2.0,0,0,0,0,1,0,0,1,0,0,1,0,0,0,0,0,0,0,0,1,0,0,0,0,0,0,0,0,0,1,1,1,1
2,1,550.0,20.0,463.0,1.0,9.0,0,0,0,0,0,0,0,0,1,1,2.0,0,0,0,0,0,0,0,0,0,0,0,0,0,0,0,0,0,0,0,1,0,0,0,0,0,0,0,0,0,1,1,1,1
3,2,1150.0,20.0,463.0,1.0,9.0,0,0,0,0,0,0,0,0,1,1,2.0,0,0,0,0,0,0,0,0,0,0,0,0,0,0,0,0,0,0,0,0,0,0,0,0,1,0,0,0,0,1,1,1,1
3,2,1016.0,21.0,800.0,1.0,17.0,3,1,0,0,1,1,0,1,1,0,2.0,0,0,0,0,0,1,0,1,0,0,1,0,0,0,1,0,0,0,0,0,0,0,0,0,0,0,0,0,0,0,0,0,1
3,3,1598.0,42.0,670.0,2.0,6.0,5,0,0,0,0,0,0,0,1,1,2.0,0,0,1,0,1,0,0,1,0,0,1,0,1,0,0,0,0,0,0,1,0,0,0,0,0,0,1,0,0,0,0,0,0
3,2,844.0,20.0,463.0,1.0,9.0,5,0,0,0,0,0,0,0,0,0,2.0,0,0,0,0,0,0,1,1,1,0,1,0,1,0,0,0,0,0,0,0,0,0,0,0,1,0,0,0,0,1,1,1,1
3,2,863.0,20.0,463.0,1.0,9.0,5,1,0,0,1,0,0,0,0,0,2.0,0,0,0,0,1,0,0,1,1,0,1,0,1,0,0,0,0,0,0,0,0,0,0,0,1,0,0,0,0,1,1,1,0
3,2,750.0,20.0,463.0,1.0,9.0,0,0,0,0,0,0,0,0,1,1,2.0,0,0,0,0,0,0,0,0,0,0,0,0,0,0,0,0,0,0,0,0,0,0,0,0,1,0,0,0,0,1,1,1,1
3,2,750.0,21.0,520.0,1.0,24.0,5,0,0,0,0,0,0,0,1,1,2.0,0,0,0,0,1,0,0,1,1,0,1,0,1,0,0,0,0,0,0,1,0,0,0,0,0,0,0,0,0,0,0,0,0
3,2,700.0,20.0,463.0,1.0,17.0,8,0,0,0,0,0,0,0,1,1,3.0,1,0,1,1,1,1,0,1,1,0,1,0,0,0,0,0,0,0,0,1,0,0,0,0,0,0,0,0,0,0,0,1,0
2,1,550.0,20.0,463.0,1.0,9.0,2,0,0,0,0,0,0,0,1,0,2.0,0,0,0,0,0,1,0,1,0,0,0,0,0,0,0,0,0,0,0,1,0,0,0,0,0,0,0,1,0,1,1,1,1
3,2,750.0,20.0,608.0,1.0,9.0,6,0,0,0,0,0,0,0,1,1,1.0,0,0,0,1,1,0,1,1,1,0,1,0,0,0,0,0,0,0,0,1,0,0,0,0,0,0,0,0,0,1,0,0,0
3,2,775.0,34.0,1502.0,1.0,6.0,6,1,0,0,1,0,0,0,1,0,3.0,0,0,1,0,0,1,0,1,1,0,1,0,1,0,1,0,0,0,0,0,0,0,0,0,0,0,0,0,0,0,0,0,0
3,2,1114.0,20.0,463.0,2.0,9.0,0,0,0,0,0,0,0,0,1,1,2.0,0,0,0,0,0,0,0,0,0,0,0,0,0,0,0,0,0,0,0,0,0,0,0,0,0,1,1,0,0,1,1,1,0
3,3,1200.0,20.0,463.0,2.0,9.0,14,0,0,0,0,0,0,0,1,1,2.0,1,1,1,1,1,1,1,1,1,1,1,1,1,1,1,0,0,0,0,0,0,0,0,0,0,0,1,0,0,1,1,1,0
3,2,645.0,17.0,463.0,1.0,9.0,2,0,0,0,0,0,0,0,0,0,2.0,0,0,0,0,0,1,0,0,0,0,1,0,0,0,1,0,0,0,0,0,0,0,0,0,0,0,0,0,0,1,0,1,1
3,1,742.0,11.0,463.0,1.0,9.0,4,1,1,1,1,0,1,0,1,1,2.0,0,0,0,0,1,0,0,1,1,0,1,0,0,0,1,0,0,0,0,0,0,0,0,0,0,0,0,0,0,1,0,1,0
3,2,700.0,14.0,463.0,1.0,9.0,3,0,0,0,0,0,0,0,1,1,2.0,0,0,0,0,1,0,0,1,0,0,1,0,0,0,0,0,0,0,0,1,0,0,0,0,0,0,1,0,0,1,0,1,0
3,2,1000.0,30.0,410.0,2.0,6.0,0,0,0,0,0,0,0,0,1,1,2.0,0,0,0,0,0,0,0,0,0,0,0,0,0,0,0,0,0,0,0,1,0,0,0,0,0,0,1,0,0,0,0,0,0
3,2,1153.0,20.0,463.0,1.0,9.0,13,0,0,0,0,0,0,0,1,0,2.0,1,1,1,1,1,1,1,1,1,1,1,0,1,1,0,0,0,0,0,0,0,0,0,1,0,0,1,0,0,1,1,1,0
3,3,2400.0,26.0,156.0,2.0,29.0,8,0,0,0,0,0,0,0,1,1,3.0,1,0,1,0,0,0,0,1,0,1,1,1,1,1,0,0,0,0,0,1,0,0,0,0,0,0,1,0,0,0,0,0,0
2,2,800.0,22.0,1343.0,1.0,6.0,13,0,0,0,0,0,0,0,1,1,2.0,0,1,1,1,1,1,1,1,1,1,1,1,1,1,0,0,0,0,0,1,0,0,0,0,0,0,1,0,0,0,0,0,1
3,2,1043.0,20.0,463.0,2.0,9.0,14,0,0,0,0,0,0,0,1,1,1.0,1,1,1,1,1,1,1,1,1,1,1,1,1,1,0,0,0,0,0,0,0,0,0,0,1,0,1,0,0,1,1,1,0
2,2,1213.0,24.0,403.0,2.0,7.0,9,1,1,1,1,0,0,1,1,0,2.0,1,0,1,0,1,0,1,1,1,1,1,0,1,0,1,0,0,0,0,0,0,0,0,0,0,0,1,0,0,0,0,0,0
3,2,955.0,9.0,463.0,1.0,9.0,0,0,0,1,1,1,0,0,1,1,1.0,0,0,0,0,0,0,0,0,0,0,0,0,0,0,0,0,0,0,0,0,0,0,0,0,1,0,0,0,0,1,0,1,1
3,2,670.0,18.0,332.0,1.0,19.0,9,1,0,1,1,0,0,0,1,1,2.0,1,1,1,1,0,1,0,1,1,0,1,0,1,0,0,0,0,0,0,0,0,0,0,0,1,0,0,0,0,0,0,0,1
3,2,811.0,20.0,463.0,2.0,9.0,0,0,0,0,0,0,0,0,1,1,2.0,0,0,0,0,0,0,0,0,0,0,0,0,0,0,0,0,0,0,0,0,0,0,0,0,1,0,0,0,0,1,1,1,0
3,2,982.0,20.0,463.0,2.0,6.0,10,0,0,0,0,0,0,0,1,0,2.0,1,1,1,1,1,1,0,1,1,0,1,0,1,0,0,0,0,0,0,0,0,0,1,0,0,0,1,0,0,0,1,1,0
3,2,1049.0,20.0,463.0,1.0,9.0,0,1,0,1,1,0,0,0,0,0,3.0,0,0,0,0,0,0,0,0,0,0,0,0,0,0,0,0,0,0,0,0,0,0,0,0,1,0,1,0,0,1,1,1,0
2,3,750.0,18.0,463.0,1.0,9.0,7,0,0,0,0,0,0,0,1,1,2.0,0,0,0,1,1,1,0,1,1,1,1,0,0,0,0,0,0,0,0,0,0,0,0,0,1,0,0,0,0,1,0,1,0
2,2,1164.0,20.0,463.0,1.0,9.0,9,0,0,0,0,0,0,0,0,1,2.0,1,1,1,0,1,1,0,1,1,0,1,0,1,0,0,0,0,0,0,0,1,0,0,0,0,0,1,0,0,1,1,1,0
4,2,1334.0,15.0,463.0,1.0,9.0,8,0,0,0,0,0,0,0,1,1,3.0,0,0,1,1,1,1,0,1,1,0,1,0,1,0,0,0,0,0,0,1,0,0,0,0,0,0,1,0,0,1,0,1,1
3,2,850.0,5.0,463.0,1.0,9.0,1,0,0,0,0,0,0,0,1,0,2.0,0,0,0,0,0,0,0,0,0,0,1,0,0,0,1,0,0,0,0,0,0,0,0,0,0,0,0,0,0,1,0,1,1
3,2,650.0,20.0,463.0,1.0,9.0,0,0,0,0,0,0,0,0,1,1,2.0,0,0,0,0,0,0,0,0,0,0,0,0,0,0,0,0,0,0,0,1,0,0,0,0,0,0,0,0,0,1,1,1,0
3,2,850.0,17.0,299.0,2.0,3.0,9,0,0,0,0,0,0,0,1,1,2.0,0,0,1,1,1,1,1,1,1,0,1,0,1,0,0,0,0,0,0,0,0,0,0,0,1,0,1,0,0,0,0,0,0
2,1,550.0,20.0,463.0,2.0,9.0,14,0,0,0,0,0,0,0,0,1,3.0,1,1,1,1,1,1,1,1,1,1,1,1,1,1,0,0,0,0,0,0,0,0,0,0,1,0,1,0,0,1,1,1,0
4,2,1087.0,20.0,428.0,1.0,25.0,5,0,0,0,0,0,0,0,1,1,1.0,0,0,0,0,1,0,0,1,1,0,1,0,1,0,0,0,0,0,0,1,0,0,0,0,0,0,1,0,0,0,1,0,0
3,2,850.0,20.0,463.0,1.0,9.0,0,0,0,0,0,0,0,0,1,1,2.0,0,0,0,0,0,0,0,0,0,0,0,0,0,0,0,0,0,0,0,0,0,0,0,0,1,0,0,0,0,1,1,1,0
3,1,650.0,20.0,463.0,1.0,9.0,0,0,0,0,0,0,0,0,1,1,1.0,0,0,0,0,0,0,0,0,0,0,0,0,0,0,0,0,0,0,0,0,0,0,0,0,0,0,0,1,0,1,1,1,1
3,2,776.0,18.0,463.0,1.0,9.0,6,0,0,0,0,0,0,0,1,0,1.0,0,0,0,0,1,1,0,1,1,1,1,0,0,0,0,0,0,0,0,0,0,0,0,0,1,0,0,0,0,1,0,1,0
3,3,1200.0,20.0,463.0,2.0,9.0,14,0,0,0,0,0,0,0,1,1,3.0,1,1,1,1,1,1,1,1,1,1,1,1,1,1,0,0,0,0,0,0,0,0,0,0,1,0,1,0,0,1,1,1,0
3,2,870.0,29.0,391.0,2.0,7.0,9,0,0,0,0,0,0,0,1,0,2.0,0,0,1,1,1,1,0,1,1,1,1,0,1,0,0,0,0,0,0,0,0,0,1,0,0,0,0,0,1,0,0,0,0
3,2,750.0,18.0,112.0,1.0,9.0,2,0,0,0,0,0,0,0,1,1,2.0,0,0,0,0,0,0,0,1,0,0,1,0,0,0,0,0,0,0,0,1,0,0,0,0,0,0,0,0,0,1,0,0,0
3,2,850.0,4.0,348.0,1.0,9.0,1,0,0,0,0,0,0,0,1,1,2.0,0,0,0,0,0,0,0,0,0,0,1,0,0,0,0,0,0,0,0,0,0,0,0,0,0,0,0,1,0,0,0,0,0
2,1,500.0,20.0,463.0,1.0,9.0,0,0,0,0,0,0,0,0,1,0,2.0,0,0,0,0,0,0,0,0,0,0,0,0,0,0,0,0,0,0,0,1,0,0,0,0,0,0,0,1,0,1,1,1,1
2,1,550.0,20.0,1456.0,1.0,9.0,8,0,0,0,0,0,0,0,1,0,2.0,0,0,1,1,0,1,1,1,1,0,1,0,1,0,0,0,0,0,0,0,0,0,1,0,0,0,0,0,0,1,1,0,1
4,2,1142.0,24.0,900.0,2.0,8.0,8,0,0,0,0,0,0,0,1,0,1.0,0,0,1,0,1,1,0,1,1,1,1,0,1,0,1,0,0,0,0,0,0,0,0,0,0,0,1,0,0,0,0,0,0
3,2,939.0,25.0,636.0,1.0,8.0,0,0,0,0,0,0,0,0,1,1,2.0,0,0,0,0,0,0,0,0,0,0,0,0,0,0,0,0,0,0,0,0,0,0,0,0,1,0,0,0,0,0,0,0,1
3,1,540.0,20.0,463.0,1.0,9.0,3,0,0,0,0,0,0,0,1,0,2.0,0,0,0,0,0,1,0,1,1,0,0,0,0,0,0,0,0,0,0,0,0,0,0,0,1,0,0,0,0,1,1,1,0
2,1,600.0,5.0,463.0,1.0,9.0,0,0,1,0,1,0,0,1,0,1,2.0,0,0,0,0,0,0,0,0,0,0,0,0,0,0,1,0,0,0,0,0,0,0,0,0,0,0,0,1,0,1,0,1,1
1,1,510.0,20.0,295.0,1.0,9.0,4,0,0,0,0,0,0,0,1,1,3.0,0,0,1,0,1,1,0,1,0,0,0,0,0,0,0,0,0,0,0,0,0,0,1,0,0,0,0,0,1,1,1,0,0
3,2,1000.0,32.0,71.0,2.0,8.0,9,0,0,0,0,0,0,0,1,1,2.0,1,0,1,1,1,0,0,1,1,1,1,0,1,0,0,0,0,0,0,1,0,0,0,0,0,0,1,0,0,0,0,0,0
3,2,953.0,20.0,463.0,1.0,9.0,7,0,0,0,0,0,0,0,1,1,2.0,0,0,0,0,1,1,0,1,1,1,1,0,1,0,0,0,0,0,0,0,0,0,0,0,1,0,0,0,0,1,1,1,0
3,2,865.0,20.0,463.0,1.0,9.0,7,0,0,0,0,0,0,0,1,1,2.0,1,0,1,1,0,0,0,1,1,0,1,0,1,0,0,0,0,0,0,0,0,0,0,0,1,0,0,0,0,1,1,1,1
3,2,1050.0,20.0,428.0,1.0,25.0,11,0,0,0,0,0,0,0,1,1,3.0,1,0,1,0,0,1,1,1,1,1,1,1,1,1,0,0,0,0,0,1,0,0,0,0,0,0,1,0,0,0,1,0,0
3,2,700.0,22.0,463.0,1.0,18.0,3,0,0,0,0,0,0,0,1,0,2.0,0,0,0,0,0,0,0,1,1,0,1,0,0,0,0,0,0,0,0,1,0,0,0,0,0,0,0,0,0,0,0,1,0
3,2,800.0,21.0,406.0,1.0,25.0,6,0,0,0,0,0,0,0,1,1,2.0,0,0,0,1,1,0,0,1,1,0,1,0,1,0,0,0,0,0,0,1,0,0,0,0,0,0,1,0,0,0,0,0,0
3,2,1004.0,22.0,500.0,1.0,15.0,6,0,0,1,1,0,0,1,1,0,3.0,1,0,0,0,0,1,0,1,1,0,1,0,1,0,1,0,0,0,0,0,0,0,0,0,0,0,1,0,0,0,0,0,0
3,2,1244.0,36.0,1148.0,2.0,4.0,10,0,0,0,0,0,0,0,1,1,2.0,1,0,1,1,1,1,0,1,1,1,1,0,1,0,0,0,0,0,0,0,0,0,0,0,0,0,0,0,0,0,0,0,0
3,2,700.0,30.0,500.0,1.0,11.0,9,0,0,0,0,0,0,0,1,1,2.0,1,0,1,1,1,0,1,1,1,0,1,0,1,0,0,0,0,0,0,1,0,0,0,0,0,0,0,0,0,0,0,0,1
3,2,1275.0,30.0,410.0,2.0,6.0,9,0,0,0,0,0,0,0,1,1,2.0,0,0,1,1,1,0,1,1,1,1,1,0,1,0,0,0,0,0,0,1,0,0,0,0,0,0,1,0,0,0,0,0,0
3,2,778.0,7.0,1274.0,1.0,18.0,5,0,0,0,0,0,0,0,0,0,1.0,0,0,0,0,1,1,0,1,1,0,1,0,0,0,0,0,0,0,0,0,0,0,0,0,1,0,0,0,0,0,0,0,0
3,2,800.0,21.0,406.0,1.0,25.0,7,0,0,0,0,0,0,0,1,1,2.0,0,0,0,1,1,1,0,1,1,0,1,0,1,0,0,0,0,0,0,1,0,0,0,0,0,0,1,0,0,0,0,0,0
2,1,646.0,20.0,463.0,1.0,9.0,0,0,0,0,0,0,0,0,1,0,2.0,0,0,0,0,0,0,0,0,0,0,0,0,0,0,0,0,0,0,0,0,0,0,0,1,0,0,0,0,0,1,1,1,1
4,2,1001.0,4.0,463.0,1.0,9.0,0,0,0,0,0,0,0,0,1,0,1.0,0,0,0,0,0,0,0,0,0,0,0,0,0,0,0,0,0,0,0,0,0,0,0,0,0,0,0,0,0,1,0,1,0
3,2,1185.0,20.0,463.0,2.0,9.0,4,0,0,0,0,0,0,0,0,1,2.0,0,0,0,1,0,0,0,1,1,0,1,0,0,0,0,0,0,0,0,0,0,0,0,0,1,0,0,0,0,1,1,1,0
4,5,3735.0,12.0,150.0,2.0,9.0,4,0,0,0,0,0,0,0,1,1,3.0,0,0,0,0,0,0,0,1,1,0,1,0,1,0,0,0,0,0,0,0,0,0,0,0,1,0,1,0,0,1,0,0,0
4,4,2236.0,20.0,73.0,1.0,16.0,5,0,0,0,0,0,0,0,1,0,2.0,0,0,1,1,0,0,0,1,0,0,1,0,1,0,0,0,0,0,0,0,0,0,1,0,0,0,1,0,0,0,1,0,0
3,2,1399.0,20.0,463.0,2.0,9.0,0,0,0,0,0,0,0,0,1,1,3.0,0,0,0,0,0,0,0,0,0,0,0,0,0,0,0,0,0,0,0,1,0,0,0,0,0,0,1,0,0,1,1,1,0
3,3,1045.0,20.0,463.0,2.0,9.0,8,0,0,0,0,0,0,0,1,1,3.0,0,1,0,0,1,1,1,1,1,0,1,0,1,0,0,0,0,0,0,0,0,0,0,0,1,0,1,0,0,1,1,1,0
3,2,800.0,6.0,672.0,2.0,29.0,2,0,0,0,0,0,0,0,1,0,2.0,0,0,0,0,0,0,0,1,0,0,1,0,0,0,0,0,0,0,0,1,0,0,0,0,0,0,0,0,0,0,0,0,0
3,2,700.0,23.0,2115.0,1.0,20.0,3,0,0,0,0,0,0,0,1,1,2.0,0,0,0,0,1,0,0,1,0,0,1,0,0,0,0,0,0,0,0,1,0,0,0,0,0,0,0,1,0,0,0,0,0
1,1,295.0,20.0,1737.0,1.0,9.0,10,0,0,0,0,0,0,0,1,1,2.0,1,0,1,1,1,0,1,1,1,1,1,0,1,0,0,0,0,0,0,0,0,0,0,0,0,0,0,0,1,1,1,0,1
3,1,726.0,20.0,463.0,1.0,9.0,0,0,0,0,0,0,0,0,1,0,2.0,0,0,0,0,0,0,0,0,0,0,0,0,0,0,0,0,0,0,0,0,0,0,0,0,1,0,0,0,0,1,1,1,1
3,2,865.0,20.0,736.0,2.0,3.0,4,1,0,1,1,1,1,0,1,1,2.0,0,1,0,1,0,0,0,0,0,0,0,1,0,1,0,0,0,0,0,0,0,0,0,0,1,0,0,0,1,0,1,0,0
3,2,933.0,20.0,463.0,1.0,9.0,8,0,0,0,0,0,0,0,1,0,2.0,1,0,1,1,1,0,0,1,1,0,1,0,1,0,0,0,0,0,0,0,0,0,0,1,0,0,0,0,1,1,1,1,0
3,2,800.0,29.0,463.0,2.0,15.0,7,0,0,0,0,0,0,0,1,1,2.0,0,0,1,1,0,1,0,1,1,1,1,0,0,0,0,0,0,0,0,1,0,0,0,0,0,0,0,0,0,0,0,1,0
3,2,1100.0,31.0,360.0,2.0,22.0,0,0,0,0,0,0,0,0,1,1,1.0,0,0,0,0,0,0,0,0,0,0,0,0,0,0,0,0,0,0,0,1,0,0,0,0,0,0,1,0,0,0,0,0,0
3,2,650.0,23.0,1064.0,1.0,20.0,4,0,0,0,0,0,0,0,1,0,2.0,0,0,0,0,1,1,0,1,1,0,0,0,0,0,0,0,0,0,0,1,0,0,0,0,0,0,0,0,0,0,0,0,1
3,2,990.0,14.0,454.0,1.0,16.0,14,0,0,0,0,0,0,0,1,0,2.0,1,1,1,1,1,1,1,1,1,1,1,1,1,1,0,0,0,0,0,0,0,0,0,0,0,0,1,0,0,0,0,0,1
3,2,1036.0,33.0,550.0,2.0,2.0,11,0,0,0,0,0,0,0,1,1,2.0,1,1,1,1,1,0,1,1,1,1,1,0,1,0,0,0,0,0,0,1,0,0,0,0,0,0,1,0,0,0,0,0,0
2,1,506.0,20.0,463.0,1.0,9.0,0,0,0,0,0,0,0,0,1,0,2.0,0,0,0,0,0,0,0,0,0,0,0,0,0,0,0,0,0,0,0,0,0,0,0,0,0,0,0,1,0,1,1,1,1
3,2,750.0,20.0,224.0,1.0,24.0,4,0,0,0,0,0,0,0,1,1,2.0,0,0,1,0,1,0,0,1,0,0,0,0,1,0,0,0,0,0,0,1,0,0,0,0,0,0,0,0,0,0,1,0,0
4,3,1645.0,20.0,463.0,2.0,9.0,0,0,0,0,0,0,0,0,1,1,2.0,0,0,0,0,0,0,0,0,0,0,0,0,0,0,0,0,0,0,0,0,0,0,0,0,0,1,1,0,0,1,1,1,0
3,2,926.0,20.0,463.0,2.0,9.0,9,0,0,0,0,0,0,0,1,1,1.0,1,1,1,1,1,0,0,1,1,0,1,0,1,0,0,0,0,0,0,0,0,0,0,0,1,0,0,0,1,1,1,1,0
3,3,1211.0,20.0,463.0,1.0,9.0,0,0,0,0,0,0,0,0,1,0,2.0,0,0,0,0,0,0,0,0,0,0,0,0,0,0,0,0,0,0,0,0,0,0,0,0,0,1,0,0,1,1,1,1,1
3,2,949.0,20.0,635.0,2.0,4.0,10,0,0,0,0,0,0,0,1,1,2.0,0,1,1,1,1,1,1,1,1,0,1,0,1,0,0,0,0,0,0,0,0,0,0,0,1,0,0,0,0,0,1,0,0
3,2,1345.0,17.0,91.0,2.0,7.0,10,0,0,0,0,0,0,0,1,1,2.0,0,0,1,1,1,1,0,1,1,1,1,1,1,0,0,0,0,0,0,1,0,0,0,0,0,0,1,0,0,0,0,0,0
3,2,850.0,10.0,20.0,1.0,23.0,3,0,0,1,1,1,0,0,1,0,1.0,0,0,0,0,0,0,0,1,1,0,1,0,0,0,0,0,0,0,0,0,0,0,0,0,1,0,0,0,0,0,0,0,1
3,2,1029.0,20.0,463.0,1.0,9.0,4,0,0,0,0,0,0,0,0,0,2.0,0,0,0,0,1,0,0,1,1,0,1,0,0,0,0,0,0,0,0,0,0,0,1,0,0,0,0,0,0,1,1,1,0
4,3,1557.0,20.0,463.0,2.0,9.0,14,0,0,0,0,0,0,0,1,0,3.0,1,1,1,1,1,1,1,1,1,1,1,1,1,1,0,0,0,0,0,0,0,0,1,0,0,0,1,0,0,1,1,1,0
3,2,750.0,5.0,300.0,1.0,9.0,2,1,0,1,1,0,0,0,1,0,2.0,0,0,0,0,0,0,0,1,0,0,1,0,0,0,0,0,0,0,0,0,0,0,0,0,1,0,0,0,0,1,0,0,0
4,3,2400.0,20.0,463.0,2.0,9.0,2,0,0,0,0,0,0,0,1,1,3.0,0,0,0,0,1,0,0,1,0,0,0,0,0,0,0,0,0,0,0,1,0,0,0,0,0,0,1,0,0,1,1,1,0
3,2,1130.0,26.0,548.0,2.0,7.0,14,0,0,0,0,0,0,0,1,1,2.0,1,1,1,1,1,1,1,1,1,1,1,1,1,1,0,0,0,0,0,1,0,0,0,0,0,0,1,0,0,0,0,0,0
3,2,750.0,20.0,608.0,1.0,9.0,6,0,0,0,0,0,0,0,1,1,1.0,0,0,0,1,1,0,1,1,1,0,1,0,0,0,0,0,0,0,0,1,0,0,0,0,0,0,0,0,0,1,0,0,0
3,2,786.0,20.0,463.0,1.0,9.0,3,1,0,1,1,1,0,1,1,1,2.0,0,0,0,0,0,1,0,1,0,0,1,0,0,0,0,0,0,0,0,0,0,0,0,0,1,0,0,0,0,1,1,1,1
3,2,880.0,20.0,463.0,1.0,9.0,0,0,0,0,0,0,0,0,1,1,1.0,0,0,0,0,0,0,0,0,0,0,0,0,0,0,0,0,0,0,0,0,0,0,0,0,1,0,0,0,0,1,1,1,1
3,2,887.0,30.0,808.0,1.0,10.0,10,0,0,0,0,0,0,0,1,1,1.0,0,0,1,0,1,1,0,1,1,1,1,1,1,1,0,0,0,0,0,1,0,0,0,0,0,0,1,0,0,0,0,0,0
2,2,708.0,20.0,177.0,1.0,9.0,7,0,0,0,0,0,0,0,1,1,2.0,0,0,1,0,0,0,1,1,1,1,1,0,1,0,0,0,0,0,1,0,0,0,0,0,0,0,1,0,0,0,1,0,0
3,2,790.0,20.0,463.0,1.0,9.0,3,1,0,0,1,0,0,0,1,1,2.0,0,0,0,0,0,0,0,1,1,0,1,0,0,0,0,0,0,0,0,0,0,0,0,0,1,0,0,0,0,0,1,1,0
2,2,1050.0,40.0,1360.0,2.0,6.0,11,0,0,0,0,0,0,0,1,0,3.0,1,0,1,0,1,1,1,1,1,1,1,1,1,0,0,1,0,0,0,0,0,0,0,0,0,0,0,0,1,0,0,0,0
3,2,700.0,23.0,433.0,1.0,24.0,10,0,0,0,0,0,0,0,1,1,2.0,1,0,1,1,1,1,0,1,1,0,1,0,1,1,0,0,0,0,0,1,0,0,0,0,0,0,0,0,0,0,0,0,0
3,1,650.0,20.0,463.0,1.0,9.0,0,0,0,0,0,0,0,0,1,1,2.0,0,0,0,0,0,0,0,0,0,0,0,0,0,0,0,0,0,0,0,0,0,0,0,0,1,0,0,1,0,1,1,1,1
3,2,1055.0,20.0,463.0,1.0,9.0,6,0,0,0,0,0,0,0,1,1,2.0,0,0,1,0,1,0,0,1,1,0,1,0,1,0,0,0,0,0,0,0,0,0,0,0,1,0,0,0,0,1,1,1,1
3,2,900.0,20.0,463.0,2.0,9.0,8,0,0,0,0,0,0,0,1,1,2.0,1,1,1,0,0,1,0,1,1,0,1,0,1,0,0,0,0,0,0,0,0,0,0,0,0,0,1,0,0,1,1,1,0
5,5,5000.0,20.0,391.0,3.0,11.0,13,1,1,0,1,1,0,1,0,0,2.0,1,0,1,1,1,1,1,1,1,1,1,1,1,1,1,0,0,0,0,0,0,0,0,0,0,0,1,0,0,0,1,0,0
1,1,678.0,27.0,303.0,1.0,9.0,4,0,0,0,0,0,0,0,1,0,1.0,0,0,0,1,0,1,0,1,1,0,0,0,0,0,0,0,0,0,0,0,0,0,0,0,0,0,1,0,0,1,0,0,0
3,2,989.0,2.0,669.0,1.0,6.0,2,0,0,0,0,0,0,0,1,1,2.0,0,0,0,1,0,0,0,1,0,0,0,0,0,0,0,0,0,0,0,0,0,0,0,0,1,0,0,0,1,0,0,0,1
3,2,800.0,29.0,463.0,1.0,15.0,7,0,0,0,0,0,0,0,1,1,2.0,0,0,1,1,0,1,0,1,1,1,1,0,0,0,0,0,0,0,0,1,0,0,0,0,0,0,0,0,0,0,0,1,0
3,2,783.0,20.0,463.0,1.0,9.0,4,1,0,0,1,0,0,0,0,0,3.0,0,0,0,0,0,1,0,1,1,0,1,0,0,0,0,0,0,0,0,0,0,0,0,0,1,0,0,0,0,1,1,1,0
3,2,950.0,17.0,592.0,1.0,34.0,6,0,0,0,0,0,0,0,1,0,2.0,1,0,0,0,1,0,1,1,1,0,1,0,0,0,0,0,0,0,0,1,0,0,0,0,0,0,0,0,0,0,0,0,0
4,2,1650.0,20.0,463.0,2.0,9.0,5,0,0,0,0,0,0,0,1,1,3.0,0,0,0,0,1,0,0,1,1,0,1,0,1,0,0,0,0,0,0,0,0,0,0,0,0,1,1,0,0,1,1,1,0
3,2,1130.0,5.0,414.0,1.0,17.0,7,0,0,0,0,0,0,0,0,0,1.0,1,0,1,0,1,0,0,1,1,0,1,0,1,0,0,0,0,0,0,0,0,0,0,0,1,0,0,0,0,0,0,0,0
3,2,754.0,12.0,1000.0,1.0,12.0,5,0,0,0,0,0,0,0,0,0,3.0,0,0,1,0,0,1,0,1,1,0,1,0,0,0,0,0,0,0,0,0,0,0,0,0,1,0,0,0,1,0,0,0,0
2,1,646.0,20.0,463.0,1.0,9.0,0,0,0,0,0,0,0,0,1,0,2.0,0,0,0,0,0,0,0,0,0,0,0,0,0,0,0,0,0,0,0,0,0,0,0,1,0,0,0,0,0,1,1,1,0
2,2,900.0,20.0,463.0,1.0,9.0,0,0,0,0,0,0,0,0,1,0,1.0,0,0,0,0,0,0,0,0,0,0,0,0,0,0,0,0,0,0,0,0,0,0,1,0,0,0,1,0,0,1,1,1,0
3,2,850.0,5.0,463.0,2.0,9.0,1,0,0,0,0,0,0,0,0,0,3.0,0,0,0,0,0,0,0,0,1,0,0,0,0,0,0,0,0,0,0,0,0,0,0,0,0,0,0,0,0,1,0,1,0
3,2,770.0,20.0,463.0,1.0,9.0,4,0,0,0,0,0,0,0,1,1,3.0,0,0,0,0,0,0,0,1,1,0,1,0,1,0,0,0,0,0,0,0,0,0,0,0,0,0,0,1,0,1,1,1,1
3,2,850.0,20.0,536.0,1.0,9.0,14,1,0,0,0,1,0,0,0,1,3.0,1,1,1,1,1,1,1,1,1,1,1,1,1,1,0,0,0,0,0,0,0,0,0,0,1,0,0,0,0,1,1,0,0
2,2,740.0,20.0,426.0,1.0,7.0,7,0,0,0,0,0,0,0,1,1,2.0,1,0,1,0,1,0,0,1,1,0,1,0,1,0,0,0,0,0,0,0,0,0,0,0,0,0,0,0,1,0,0,0,0
3,2,830.0,20.0,463.0,1.0,9.0,6,1,0,1,1,1,0,0,0,0,2.0,0,0,0,0,0,1,1,1,1,0,1,0,1,0,1,0,0,0,0,0,0,0,0,0,0,0,0,0,0,1,1,1,0
3,2,1093.0,20.0,634.0,1.0,9.0,8,1,1,1,0,0,0,0,0,0,2.0,1,0,1,0,0,0,0,1,1,1,1,0,1,1,0,0,0,0,0,0,0,0,0,0,1,0,1,0,0,1,1,0,1
3,2,900.0,20.0,463.0,2.0,9.0,14,0,0,0,0,0,0,0,1,0,2.0,1,1,1,1,1,1,1,1,1,1,1,1,1,1,0,0,0,0,0,0,0,0,0,0,1,0,0,0,1,1,1,1,0
1,1,620.0,38.0,1033.0,1.0,11.0,5,1,1,1,1,1,0,1,1,1,2.0,0,0,1,0,0,0,0,1,1,0,0,1,1,0,1,0,0,0,0,0,0,0,0,0,0,0,0,0,1,0,0,0,1
3,2,700.0,17.0,463.0,1.0,9.0,3,0,0,0,0,0,0,0,0,1,1.0,0,0,0,0,1,0,0,1,1,0,0,0,0,0,0,0,0,0,0,0,0,1,0,0,0,0,0,0,0,1,0,1,1
3,2,700.0,20.0,463.0,2.0,9.0,0,0,0,0,0,0,0,0,1,0,1.0,0,0,0,0,0,0,0,0,0,0,0,0,0,0,0,0,0,0,0,1,0,0,0,0,0,0,0,0,0,1,1,1,0
2,1,719.0,20.0,463.0,1.0,9.0,0,1,0,1,1,0,0,0,1,0,2.0,0,0,0,0,0,0,0,0,0,0,0,0,0,0,1,0,0,0,0,0,0,0,0,0,0,0,0,0,0,1,1,1,1
2,2,900.0,22.0,504.0,1.0,29.0,0,0,0,0,0,0,0,0,1,1,2.0,0,0,0,0,0,0,0,0,0,0,0,0,0,0,0,0,0,0,0,1,0,0,0,0,0,0,1,0,0,0,0,0,0
3,2,1310.0,24.0,1235.0,2.0,2.0,8,0,0,0,0,0,0,0,1,1,2.0,0,0,1,1,1,0,0,1,1,1,1,0,1,0,0,0,0,0,0,1,0,0,0,0,0,0,1,0,0,0,0,0,0
3,2,1207.0,18.0,250.0,2.0,10.0,8,1,0,1,1,0,0,0,0,0,2.0,0,1,0,0,1,1,1,1,1,0,1,0,1,0,1,0,0,0,0,0,0,0,0,0,0,0,0,0,1,0,0,0,0
4,2,940.0,38.0,2647.0,2.0,4.0,10,0,0,0,0,0,0,0,1,1,1.0,1,0,1,0,1,1,1,1,1,0,1,0,1,1,1,0,0,0,0,0,0,0,0,0,0,0,0,0,1,0,0,0,0
3,2,1010.0,5.0,463.0,1.0,9.0,5,0,0,0,0,0,0,0,1,1,3.0,1,0,0,0,0,0,0,1,1,0,1,0,1,0,0,0,0,0,0,0,0,0,0,0,1,0,0,0,0,1,0,1,0
3,2,858.0,24.0,299.0,1.0,16.0,6,0,1,1,1,1,0,1,1,0,2.0,0,0,0,1,0,1,0,1,1,0,1,0,1,0,0,0,0,0,0,0,0,0,0,0,1,0,0,0,0,0,0,0,1
3,2,850.0,12.0,463.0,1.0,23.0,12,1,0,1,1,0,0,0,1,0,2.0,1,1,1,1,1,1,1,1,1,1,1,0,1,0,0,0,0,0,0,0,0,0,0,0,1,0,0,0,0,0,0,1,0
3,2,850.0,5.0,463.0,1.0,9.0,3,0,0,0,0,0,0,0,0,0,1.0,0,0,0,0,0,0,0,1,1,0,1,0,0,0,0,0,0,0,0,0,0,0,0,0,1,0,0,0,0,1,0,1,0
3,2,1338.0,20.0,803.0,2.0,3.0,7,0,0,0,0,0,0,0,1,1,3.0,0,0,1,0,1,0,0,1,1,1,1,0,1,0,0,0,0,0,0,1,0,0,0,0,0,0,1,0,0,0,1,0,0
3,2,748.0,20.0,463.0,1.0,9.0,8,1,1,0,1,0,1,1,0,0,1.0,0,0,1,1,1,1,0,1,1,0,1,0,1,0,1,0,0,0,0,0,0,0,0,0,0,0,1,0,0,1,1,1,0
3,2,656.0,8.0,23.0,1.0,30.0,2,0,0,0,0,0,0,0,1,0,3.0,0,0,0,0,0,0,0,1,0,0,1,0,0,0,0,0,0,0,0,1,0,0,0,0,0,0,0,0,0,0,0,0,1
3,2,1257.0,20.0,463.0,2.0,9.0,10,0,1,0,1,0,0,0,1,0,3.0,1,1,1,0,1,1,1,1,1,0,1,0,1,0,1,0,0,0,0,0,0,0,0,0,0,0,0,0,1,1,1,1,0
3,2,1003.0,12.0,260.0,2.0,17.0,4,0,0,0,0,0,0,0,1,0,1.0,0,0,0,0,1,1,0,1,0,0,1,0,0,0,0,0,0,0,0,0,0,0,0,0,1,0,1,0,0,0,0,0,0
3,2,875.0,10.0,463.0,2.0,9.0,5,1,0,1,1,0,0,0,1,1,2.0,0,0,0,0,1,0,0,1,1,0,1,0,1,0,0,0,0,0,0,0,0,0,0,0,1,0,0,0,0,1,0,1,0
3,2,1400.0,5.0,463.0,1.0,9.0,7,0,0,0,0,0,0,0,1,1,1.0,1,0,1,1,0,0,0,1,1,1,1,0,0,0,0,0,0,0,0,0,0,0,0,0,0,0,0,0,0,1,0,1,1
3,2,1100.0,19.0,463.0,1.0,27.0,7,1,0,1,1,0,0,0,1,0,2.0,1,0,1,0,0,0,0,1,1,1,1,0,1,0,1,0,0,0,0,0,0,0,0,0,0,0,1,0,0,0,0,1,0
2,2,904.0,20.0,463.0,1.0,9.0,6,0,0,0,0,0,0,0,1,1,1.0,0,1,1,0,0,0,0,1,1,0,1,0,1,0,0,0,0,0,0,0,0,0,0,0,0,1,0,0,1,1,1,1,0
3,2,900.0,20.0,463.0,2.0,9.0,2,0,0,0,0,0,0,0,1,1,1.0,0,0,0,0,0,0,0,1,0,0,1,0,0,0,0,0,0,0,0,0,0,0,0,0,0,0,0,0,0,1,1,1,0
3,2,1000.0,20.0,463.0,2.0,3.0,12,0,0,0,0,0,0,0,1,1,1.0,1,0,1,1,1,1,1,1,1,1,1,0,1,1,0,0,0,0,0,1,0,0,0,0,0,0,0,0,0,0,1,1,0
3,2,1020.0,22.0,1343.0,1.0,6.0,14,0,0,0,0,0,0,0,1,1,3.0,1,1,1,1,1,1,1,1,1,1,1,1,1,1,0,0,0,0,0,1,0,0,0,0,0,0,1,0,0,0,0,0,0
3,2,645.0,20.0,463.0,1.0,9.0,2,1,0,0,0,0,1,1,1,1,2.0,0,0,0,0,0,1,0,1,0,0,0,0,0,0,0,0,0,0,0,0,0,0,0,0,1,0,0,0,0,1,1,1,0
3,3,1302.0,20.0,396.0,2.0,16.0,6,0,0,0,0,0,0,0,1,1,3.0,0,0,1,0,1,0,0,1,1,0,1,0,1,0,0,0,0,0,0,1,0,0,0,0,0,0,1,0,0,0,1,0,0
1,1,753.0,16.0,128.0,2.0,6.0,14,0,0,0,0,0,0,0,1,1,3.0,1,1,1,1,1,1,1,1,1,1,1,1,1,1,0,0,0,0,0,0,0,0,0,0,1,0,1,0,0,0,0,0,0
3,2,1091.0,14.0,480.0,1.0,15.0,10,0,0,0,0,0,0,0,1,1,2.0,1,1,1,1,0,1,0,1,1,0,1,1,1,0,0,0,0,0,0,0,0,0,0,0,1,0,1,0,0,0,0,0,0
3,2,1000.0,20.0,1000.0,2.0,9.0,3,0,0,0,0,0,0,0,1,1,3.0,0,0,0,0,1,0,0,1,0,0,1,0,0,0,0,0,0,0,0,1,0,0,0,0,0,0,0,0,1,1,1,0,0
3,2,1018.0,11.0,228.0,1.0,19.0,9,0,0,0,0,0,0,0,1,1,2.0,1,0,1,1,1,1,0,1,1,0,1,0,1,0,0,0,0,0,0,1,0,0,0,0,0,0,1,0,0,0,0,0,0
3,2,936.0,23.0,463.0,1.0,9.0,9,0,0,0,0,0,0,0,0,1,1.0,1,0,1,0,1,1,0,1,1,0,1,0,1,1,0,0,0,0,0,0,0,0,0,0,1,0,1,0,0,1,0,1,0
4,3,1405.0,15.0,192.0,1.0,9.0,14,0,0,0,0,0,0,0,1,1,1.0,1,1,1,1,1,1,1,1,1,1,1,1,1,1,0,0,0,0,0,0,0,0,0,0,1,0,1,0,0,1,0,0,0
2,1,650.0,20.0,463.0,1.0,9.0,0,0,0,0,0,0,0,0,1,0,2.0,0,0,0,0,0,0,0,0,0,0,0,0,0,0,0,0,0,0,0,1,0,0,0,0,0,0,0,0,0,1,1,1,1
3,2,733.0,8.0,480.0,1.0,9.0,8,1,0,1,1,0,0,1,1,1,1.0,0,0,1,0,1,1,0,1,1,1,1,0,1,0,1,0,0,0,0,0,0,0,0,0,0,0,0,0,0,1,0,0,1
3,3,1200.0,20.0,463.0,2.0,9.0,14,0,0,0,0,0,0,0,1,1,3.0,1,1,1,1,1,1,1,1,1,1,1,1,1,1,0,0,0,0,0,0,0,0,0,0,1,0,1,0,0,1,1,1,0
3,2,657.0,20.0,463.0,1.0,9.0,1,1,0,1,1,0,0,1,1,0,2.0,0,0,0,0,0,0,0,0,1,0,0,0,0,0,1,0,0,0,0,0,0,0,0,0,0,0,0,1,0,1,1,1,1
3,2,650.0,14.0,2296.0,1.0,9.0,0,0,0,0,0,0,0,0,1,0,2.0,0,0,0,0,0,0,0,0,0,0,0,0,0,0,0,0,0,0,0,0,0,0,0,0,1,0,0,0,0,1,0,0,0
3,2,819.0,44.0,2136.0,1.0,2.0,6,0,1,0,1,0,0,1,1,0,2.0,0,0,1,0,1,0,0,1,1,0,1,0,1,0,1,0,0,0,0,0,0,0,0,0,0,0,0,0,1,0,0,0,0
3,2,992.0,5.0,463.0,1.0,9.0,4,0,0,0,0,0,0,0,0,1,2.0,0,0,0,1,0,0,0,1,1,0,1,0,0,0,0,0,0,0,0,0,0,0,0,0,1,0,0,1,0,1,0,1,1
5,4,2330.0,20.0,406.0,3.0,2.0,8,0,0,0,0,0,0,0,1,1,1.0,1,0,1,1,1,0,0,1,1,0,1,0,1,0,0,0,0,0,0,1,0,0,0,0,0,0,1,0,0,0,1,0,0
3,2,906.0,21.0,463.0,1.0,9.0,6,0,0,0,0,0,0,0,1,0,3.0,1,0,0,0,1,0,0,1,1,0,1,0,1,0,0,0,0,0,0,0,0,0,0,0,0,0,0,0,0,1,0,1,0
3,2,650.0,20.0,405.0,1.0,9.0,3,0,0,0,0,0,0,0,1,1,2.0,0,0,0,0,0,1,0,1,0,0,1,0,0,0,0,0,0,0,0,1,0,0,0,0,0,0,0,0,0,1,1,0,0
3,2,700.0,20.0,460.0,2.0,9.0,7,0,0,1,0,0,0,0,1,1,2.0,0,0,0,1,1,0,1,1,1,0,1,0,1,0,0,0,0,0,0,0,0,0,0,0,1,0,0,0,0,1,1,0,0
3,2,1110.0,38.0,463.0,2.0,13.0,7,0,0,0,0,0,0,0,1,0,2.0,1,0,1,0,1,0,0,1,0,0,1,1,1,0,0,0,0,0,0,1,0,0,0,0,0,0,1,0,0,0,0,1,0
3,2,887.0,30.0,808.0,1.0,10.0,10,0,0,0,0,0,0,0,1,1,2.0,0,0,1,0,1,1,0,1,1,1,1,1,1,1,0,0,0,0,0,1,0,0,0,0,0,0,1,0,0,0,0,0,0
4,5,1567.0,40.0,463.0,3.0,9.0,8,1,0,0,1,1,0,1,1,1,3.0,1,0,1,1,0,0,0,1,1,1,1,0,1,0,1,0,0,0,0,0,0,0,0,0,0,0,0,0,1,1,0,1,0
3,2,957.0,18.0,332.0,1.0,19.0,5,0,0,0,0,0,1,0,0,1,1.0,0,0,0,0,1,0,0,1,1,0,1,0,1,0,0,0,0,0,0,0,0,0,0,0,1,0,0,0,0,0,0,0,0
3,2,912.0,5.0,463.0,1.0,9.0,9,0,0,0,0,0,0,0,1,1,2.0,1,0,1,1,0,1,1,1,1,1,0,0,1,0,0,0,0,0,0,0,0,0,0,0,0,0,0,0,0,1,0,1,1
3,2,1001.0,4.0,463.0,1.0,18.0,3,0,0,0,0,0,0,0,0,0,1.0,0,0,0,0,0,0,0,1,1,0,1,0,0,0,0,0,0,0,0,0,0,0,0,0,1,0,0,0,0,0,0,1,0
4,3,1300.0,20.0,463.0,2.0,9.0,14,0,0,0,0,0,0,0,1,1,2.0,1,1,1,1,1,1,1,1,1,1,1,1,1,1,0,0,0,0,0,0,0,0,0,0,1,0,1,0,0,1,1,1,0
3,2,721.0,16.0,256.0,1.0,24.0,5,0,0,0,0,0,0,0,1,1,2.0,0,0,0,0,1,0,0,1,1,0,1,0,1,0,0,0,0,0,0,1,0,0,0,0,0,0,1,0,0,0,0,0,0
4,3,1646.0,44.0,378.0,2.0,5.0,9,0,0,0,0,0,0,0,1,1,3.0,1,0,1,0,1,0,1,1,1,1,1,0,1,0,0,0,0,0,0,1,0,0,0,0,0,0,1,0,0,0,0,0,0
3,2,982.0,16.0,463.0,1.0,9.0,5,0,0,1,1,0,0,1,1,1,2.0,0,0,0,0,0,0,0,1,1,0,1,0,1,1,1,0,0,0,0,0,0,0,0,0,0,0,1,0,0,1,0,1,0
3,2,900.0,25.0,300.0,2.0,8.0,10,0,0,0,0,0,0,0,1,1,2.0,1,0,1,0,1,1,1,1,1,1,1,0,1,0,0,0,0,0,0,1,0,0,0,0,0,0,1,0,0,0,0,0,0
3,1,600.0,20.0,463.0,1.0,9.0,3,0,0,0,0,0,0,0,1,0,3.0,0,0,0,1,0,1,0,0,1,0,0,0,0,0,0,0,0,0,0,0,0,0,0,0,1,0,0,1,0,1,1,1,0
3,2,997.0,5.0,400.0,1.0,9.0,13,0,0,0,0,0,0,0,1,1,1.0,1,1,1,1,1,0,1,1,1,1,1,1,1,1,1,0,0,0,0,0,0,0,0,0,0,0,1,0,0,1,0,0,1
3,2,916.0,22.0,328.0,2.0,7.0,6,0,0,0,0,0,0,0,1,0,2.0,0,0,1,0,0,1,0,1,1,0,1,0,1,0,0,0,0,0,0,0,0,0,0,0,0,0,0,0,0,0,0,0,0
3,2,1200.0,20.0,572.0,1.0,9.0,0,1,0,1,1,0,0,1,1,1,3.0,0,0,0,0,0,0,0,0,0,0,0,0,0,0,1,0,0,0,0,0,0,0,0,0,0,0,1,0,0,1,1,0,1
3,2,990.0,20.0,463.0,1.0,9.0,14,0,0,0,0,0,0,0,0,0,1.0,1,1,1,1,1,1,1,1,1,1,1,1,1,1,0,0,0,0,0,0,0,0,0,0,0,0,0,0,0,1,1,1,0
3,2,850.0,13.0,463.0,1.0,14.0,4,0,0,0,0,0,0,0,1,0,2.0,0,0,0,1,0,1,0,0,1,0,1,0,0,0,0,0,0,0,0,0,0,0,0,0,0,0,0,0,0,0,0,1,1
1,1,732.0,18.0,752.0,1.0,23.0,8,0,0,0,0,0,0,0,1,1,2.0,0,1,1,0,1,1,0,1,1,0,1,0,1,0,1,0,0,0,0,0,0,0,0,0,0,0,1,0,0,0,0,0,0
3,2,1066.0,20.0,414.0,2.0,9.0,7,0,0,0,1,0,0,0,1,1,2.0,1,0,0,1,0,0,1,1,1,0,1,0,1,0,0,0,0,0,0,0,0,0,0,0,1,0,1,0,0,1,1,0,0
3,2,750.0,5.0,463.0,1.0,9.0,1,1,1,1,1,1,0,0,0,0,3.0,0,0,0,0,0,0,0,1,0,0,0,0,0,0,0,0,0,0,0,0,0,0,0,0,1,0,0,1,0,1,0,1,1
2,2,1001.0,22.0,1074.0,1.0,13.0,13,0,1,0,0,1,0,0,1,0,1.0,1,1,1,1,1,1,1,1,1,1,1,0,1,1,0,0,0,0,0,0,0,0,0,0,1,0,1,0,0,0,0,0,0
2,2,527.0,20.0,463.0,1.0,9.0,0,0,0,0,0,0,0,0,0,0,3.0,0,0,0,0,0,0,0,0,0,0,0,0,0,0,0,0,0,0,0,0,0,0,0,0,1,0,0,1,0,1,1,1,1
3,2,700.0,31.0,360.0,1.0,22.0,3,0,0,0,0,0,0,0,1,1,1.0,0,0,0,0,1,0,0,1,0,0,1,0,0,0,0,0,0,0,0,1,0,0,0,0,0,0,0,0,0,0,0,0,0
3,5,3072.0,25.0,1200.0,3.0,10.0,9,0,0,0,0,0,0,0,1,1,2.0,1,1,1,1,0,0,1,0,1,0,1,0,1,1,0,0,0,0,0,1,0,0,0,0,0,0,1,0,0,0,0,0,0
4,4,1561.0,32.0,632.0,3.0,3.0,10,0,0,0,0,0,0,0,1,1,2.0,0,0,1,0,1,1,1,1,1,1,1,1,1,0,0,0,0,0,0,1,0,0,0,0,0,0,1,0,0,0,0,0,0
3,2,800.0,5.0,463.0,1.0,9.0,4,0,0,0,0,0,0,0,0,0,2.0,1,0,0,0,0,0,0,1,1,0,1,0,0,0,0,0,0,0,0,0,0,0,0,0,1,0,0,0,0,1,0,1,1
3,2,750.0,32.0,988.0,2.0,26.0,9,0,0,0,0,0,0,0,1,1,2.0,1,0,1,1,1,0,0,1,1,0,1,0,1,1,0,0,0,0,0,1,0,0,0,0,0,0,1,0,0,0,0,0,0
2,1,660.0,20.0,463.0,1.0,9.0,0,0,0,0,0,0,0,0,1,0,2.0,0,0,0,0,0,0,0,0,0,0,0,0,0,0,0,0,0,0,0,0,0,0,1,0,0,0,0,0,0,1,1,1,0
3,2,1523.0,20.0,463.0,1.0,9.0,14,0,0,0,0,0,0,0,1,0,2.0,1,1,1,1,1,1,1,1,1,1,1,1,1,1,1,0,0,0,0,0,0,0,0,0,0,0,1,0,0,1,1,1,1
3,2,1000.0,20.0,463.0,1.0,9.0,0,0,0,0,0,0,0,0,1,1,2.0,0,0,0,0,0,0,0,0,0,0,0,0,0,0,0,0,0,0,0,0,0,0,0,0,0,1,0,0,0,1,1,1,0
3,2,600.0,20.0,463.0,1.0,9.0,5,0,0,0,0,0,0,0,1,0,3.0,0,0,0,1,1,1,0,1,0,0,1,0,0,0,0,0,0,0,0,0,0,0,0,0,0,1,0,0,0,1,1,1,1
3,2,1295.0,6.0,225.0,2.0,8.0,13,0,0,0,0,0,0,0,1,1,2.0,1,1,1,1,1,1,0,1,1,1,1,1,1,1,0,0,0,0,0,1,0,0,0,0,0,0,1,0,0,0,0,0,0
2,2,1077.0,8.0,89.0,2.0,9.0,10,0,0,0,0,0,0,0,1,0,2.0,0,0,1,0,1,1,0,1,1,1,1,1,1,1,0,0,0,0,0,0,0,0,0,1,0,0,0,0,0,1,0,0,0
3,2,1018.0,20.0,463.0,2.0,9.0,6,1,0,1,1,1,0,0,1,0,3.0,0,0,1,0,1,0,0,1,1,0,1,0,1,0,1,0,0,0,0,0,0,0,0,0,0,0,1,0,0,1,1,1,0
4,2,1238.0,27.0,798.0,2.0,15.0,9,0,0,1,1,0,0,0,1,1,1.0,1,1,1,0,0,0,0,1,1,1,1,1,1,0,0,0,0,0,0,0,0,0,0,0,1,0,1,0,0,0,0,0,0
3,2,1288.0,20.0,463.0,1.0,9.0,0,0,0,0,0,0,0,0,1,0,2.0,0,0,0,0,0,0,0,0,0,0,0,0,0,0,0,0,0,0,0,0,0,0,0,1,0,0,0,0,0,1,1,1,1
3,2,730.0,10.0,184.0,1.0,9.0,3,0,0,0,0,0,0,0,1,0,1.0,0,0,0,0,1,0,0,1,0,0,1,0,0,0,0,0,0,0,0,1,0,0,0,0,0,0,0,0,0,1,0,0,0
3,2,1231.0,18.0,569.0,2.0,13.0,5,0,0,1,0,0,0,1,1,1,2.0,0,0,0,0,1,0,0,1,1,0,1,0,1,0,1,0,0,0,0,0,0,0,0,0,0,0,1,0,0,0,0,0,0
3,2,965.0,16.0,228.0,1.0,8.0,4,0,0,0,1,0,0,0,0,0,2.0,0,0,1,0,0,0,0,1,1,0,0,0,1,0,0,0,0,0,0,0,0,0,0,0,1,0,1,0,0,0,0,0,1
3,2,1033.0,12.0,228.0,1.0,9.0,3,1,0,1,1,0,0,0,1,0,2.0,1,0,1,0,0,0,0,0,0,0,1,0,0,0,0,0,0,0,0,0,0,0,0,0,1,0,0,0,1,0,0,0,1
3,2,815.0,20.0,998.0,2.0,19.0,7,1,1,1,0,0,0,0,1,0,2.0,1,0,1,0,0,1,0,1,1,0,1,0,1,0,0,0,0,0,0,0,0,0,0,0,1,0,0,0,0,0,0,0,0
1,1,685.0,20.0,463.0,1.0,9.0,7,0,0,0,0,0,0,0,1,0,3.0,0,0,1,0,1,0,0,1,1,1,1,0,1,0,0,0,0,0,0,0,0,0,0,0,0,0,0,0,1,1,1,1,1
3,2,1022.0,29.0,372.0,2.0,10.0,10,0,0,0,0,0,0,0,1,1,2.0,1,0,1,1,1,1,0,1,1,0,1,0,1,1,0,0,0,0,0,0,0,0,0,0,1,0,1,0,0,0,0,0,0
2,2,550.0,20.0,463.0,1.0,9.0,4,0,0,0,0,0,0,0,0,1,1.0,0,0,0,1,1,0,0,1,0,0,1,0,0,0,0,0,1,0,0,0,0,0,0,0,0,0,0,0,0,1,1,1,1
3,2,1000.0,45.0,938.0,2.0,2.0,4,0,0,0,0,0,0,0,1,1,2.0,1,0,0,0,0,0,1,0,1,0,0,0,1,0,0,0,0,0,0,1,0,0,0,0,0,0,1,0,0,0,0,0,0
3,2,650.0,5.0,463.0,1.0,9.0,5,0,0,0,0,0,0,0,0,0,3.0,0,0,0,0,1,1,0,1,0,0,1,0,1,0,0,0,0,0,0,0,0,0,0,0,1,0,0,1,0,1,0,1,0
3,2,1250.0,30.0,410.0,2.0,6.0,0,0,0,0,0,0,0,0,1,1,3.0,0,0,0,0,0,0,0,0,0,0,0,0,0,0,0,0,0,0,0,1,0,0,0,0,0,0,1,0,0,0,0,0,0
3,2,800.0,4.0,75.0,1.0,9.0,7,0,0,0,0,0,0,0,1,1,3.0,0,0,1,0,0,1,0,1,1,1,1,0,1,0,0,0,0,0,0,0,0,0,0,0,1,0,0,0,0,0,0,0,1
1,1,649.0,56.0,819.0,1.0,1.0,5,0,0,0,0,0,0,0,1,0,2.0,0,0,1,0,0,0,1,0,0,1,1,0,1,0,0,0,0,0,0,0,0,0,1,0,0,0,0,0,1,0,0,0,0
3,2,750.0,20.0,463.0,1.0,9.0,3,0,0,0,1,0,0,0,0,0,1.0,0,0,0,0,0,1,0,0,1,0,1,0,0,0,0,0,0,0,0,0,0,0,0,0,1,0,0,0,0,1,1,1,1
3,2,838.0,22.0,816.0,1.0,16.0,9,0,0,0,0,0,0,0,1,1,2.0,1,0,1,1,1,0,0,1,1,0,1,1,1,0,0,0,0,0,0,1,0,0,0,0,0,0,1,0,0,0,0,0,0
3,2,926.0,32.0,2000.0,1.0,3.0,7,1,0,1,1,0,0,0,1,0,3.0,0,0,1,0,1,1,0,1,1,0,1,0,1,0,1,0,0,0,0,0,0,0,0,0,0,0,1,0,0,0,0,0,1
2,1,553.0,20.0,463.0,1.0,9.0,0,0,0,0,0,0,0,0,0,0,3.0,0,0,0,0,0,0,0,0,0,0,0,0,0,0,1,0,0,0,0,0,0,0,0,0,0,0,0,1,0,1,1,1,1
4,3,1282.0,18.0,453.0,2.0,11.0,13,1,1,1,1,0,0,0,1,1,3.0,1,1,1,1,1,1,1,1,1,1,1,1,1,0,0,0,0,0,0,0,0,0,0,0,1,0,1,0,0,0,0,0,0
3,2,850.0,20.0,463.0,1.0,9.0,0,0,0,1,0,0,0,0,1,1,1.0,0,0,0,0,0,0,0,0,0,0,0,0,0,0,0,0,0,0,0,0,0,0,0,0,1,0,0,0,0,1,1,1,1
3,2,750.0,20.0,463.0,1.0,9.0,5,0,0,0,0,0,0,0,0,0,2.0,0,0,0,1,0,0,1,1,1,0,1,0,0,0,0,0,0,0,0,0,0,0,0,0,1,0,0,0,0,1,1,1,0
3,3,1598.0,42.0,670.0,2.0,6.0,7,0,0,0,0,0,0,0,1,1,2.0,1,0,1,0,1,0,0,1,1,0,1,0,1,0,0,0,0,0,0,1,0,0,0,0,0,0,1,0,0,0,0,0,0
4,2,1001.0,20.0,463.0,1.0,9.0,4,0,0,0,0,0,0,0,1,0,2.0,0,0,0,0,1,0,0,1,1,0,1,0,0,0,0,0,0,0,0,0,0,0,0,0,1,0,0,0,0,1,1,1,1
4,2,1184.0,32.0,2000.0,2.0,3.0,11,1,0,1,1,0,0,0,0,0,2.0,0,0,1,0,1,1,1,1,1,1,1,1,1,1,1,0,0,0,0,0,0,0,0,0,0,0,1,0,0,0,0,0,0
1,1,687.0,20.0,463.0,1.0,9.0,0,0,0,0,0,0,0,0,1,0,2.0,0,0,0,0,0,0,0,0,0,0,0,0,0,0,0,0,0,0,0,0,0,0,0,1,0,0,0,0,0,1,1,1,0
3,2,1005.0,23.0,463.0,1.0,9.0,3,1,0,0,1,1,0,1,0,0,2.0,0,0,0,0,0,1,0,1,0,0,1,0,0,0,1,0,0,0,0,0,0,0,0,0,0,0,1,0,0,1,0,1,1
2,1,750.0,20.0,463.0,1.0,9.0,4,1,1,1,1,0,1,0,1,1,2.0,0,0,0,0,1,0,0,1,1,0,1,0,0,0,1,0,0,0,0,0,0,0,0,0,0,0,0,0,0,1,1,1,0
3,2,730.0,20.0,463.0,1.0,9.0,0,0,0,0,0,0,0,0,1,1,3.0,0,0,0,0,0,0,0,0,0,0,0,0,0,0,0,0,0,0,0,0,0,0,0,0,0,0,0,1,0,1,1,1,1
4,2,1335.0,17.0,950.0,1.0,17.0,9,0,0,0,0,0,0,0,1,1,3.0,0,0,1,1,1,1,1,1,1,0,1,0,1,0,1,0,0,0,0,0,0,0,0,0,0,0,1,0,0,0,0,0,0
3,2,700.0,17.0,3.0,1.0,31.0,0,0,0,0,0,0,0,0,1,0,2.0,0,0,0,0,0,0,0,0,0,0,0,0,0,0,0,0,0,0,0,1,0,0,0,0,0,0,0,0,0,0,0,0,0
3,2,1024.0,4.0,463.0,1.0,9.0,0,0,0,0,0,0,0,0,1,0,1.0,0,0,0,0,0,0,0,0,0,0,0,0,0,0,0,0,0,0,0,0,0,0,0,0,0,0,0,0,0,1,0,1,1
3,2,700.0,20.0,463.0,1.0,9.0,0,0,0,0,0,0,0,0,1,0,2.0,0,0,0,0,0,0,0,0,0,0,0,0,0,0,0,0,0,0,0,0,0,0,0,0,0,1,0,0,0,1,1,1,1
3,2,700.0,20.0,463.0,1.0,9.0,3,0,0,0,0,0,0,0,1,1,1.0,0,0,0,0,1,0,0,1,0,0,1,0,0,0,0,0,0,0,0,1,0,0,0,0,0,0,0,1,0,1,1,1,0
3,1,646.0,23.0,2208.0,1.0,14.0,6,0,0,0,0,0,0,0,0,0,1.0,0,0,0,1,1,1,0,1,1,0,1,0,0,0,0,0,0,0,0,1,0,0,0,0,0,0,0,0,0,0,0,0,1
3,2,800.0,20.0,1900.0,1.0,7.0,3,0,0,0,0,0,0,0,1,0,2.0,0,0,0,0,1,0,0,1,0,0,1,0,0,0,0,0,0,0,0,1,0,0,0,0,0,0,0,0,0,0,1,0,0
2,1,506.0,20.0,463.0,1.0,9.0,0,0,0,0,0,0,0,0,1,1,3.0,0,0,0,0,0,0,0,0,0,0,0,0,0,0,0,0,0,0,0,0,0,0,0,0,0,0,0,0,0,1,1,1,1
1,2,450.0,20.0,463.0,1.0,9.0,11,0,1,0,0,0,0,0,1,1,2.0,1,1,1,1,1,1,1,1,1,0,1,0,1,0,0,0,0,0,0,0,0,0,0,0,1,0,1,0,0,1,1,1,0
3,2,920.0,20.0,463.0,2.0,9.0,10,0,0,0,0,0,0,0,1,1,2.0,1,0,1,1,1,0,1,1,1,1,1,0,1,0,0,0,0,0,0,0,0,0,0,0,0,0,0,0,0,1,1,1,0
3,2,850.0,18.0,200.0,1.0,17.0,10,1,0,1,1,0,0,1,1,0,2.0,1,1,0,1,1,1,1,1,1,0,1,0,1,0,0,0,0,0,0,0,0,0,0,0,1,0,0,0,0,0,0,0,1
1,1,614.0,11.0,488.0,1.0,8.0,0,0,0,0,0,0,0,0,1,1,3.0,0,0,0,0,0,0,0,0,0,0,0,0,0,0,0,0,0,0,0,0,0,0,0,0,0,0,1,0,0,0,0,0,1
3,2,774.0,36.0,630.0,1.0,7.0,9,0,0,1,0,0,0,1,1,0,2.0,0,0,1,1,0,1,0,1,1,0,1,1,1,1,1,0,0,0,0,0,0,0,0,0,0,0,0,0,1,0,0,0,0
3,2,1400.0,16.0,246.0,1.0,13.0,11,0,0,0,0,0,0,0,0,1,2.0,0,0,1,0,1,1,1,1,1,1,1,1,1,1,1,0,0,0,0,0,0,0,0,0,0,0,1,0,0,0,0,0,0
3,2,860.0,11.0,463.0,1.0,9.0,7,0,0,1,1,0,0,0,1,1,1.0,1,0,0,0,1,0,1,1,1,0,1,0,1,0,1,0,0,0,0,0,0,0,0,0,0,0,0,0,0,1,0,1,0
3,2,920.0,20.0,463.0,1.0,9.0,0,1,1,0,0,0,0,1,1,1,2.0,0,0,0,0,0,0,0,0,0,0,0,0,0,0,0,0,0,0,0,0,0,0,0,0,1,0,1,0,0,1,1,1,0
3,3,1238.0,27.0,798.0,1.0,15.0,8,0,0,1,1,0,0,0,1,1,2.0,1,1,1,0,0,0,0,1,1,1,1,1,0,0,0,0,0,0,0,0,0,0,0,0,1,0,1,0,0,0,0,0,1
2,2,720.0,20.0,463.0,1.0,7.0,10,0,0,0,0,0,0,0,1,1,2.0,1,0,1,0,1,1,1,1,1,1,1,0,1,0,0,0,1,0,0,0,0,0,0,0,0,0,0,0,1,0,1,1,1
3,2,750.0,20.0,608.0,1.0,9.0,6,0,0,0,0,0,0,0,1,1,3.0,0,0,0,1,1,0,1,1,1,0,1,0,0,0,0,0,0,0,0,1,0,0,0,0,0,0,0,0,0,1,0,0,0
3,2,1250.0,20.0,428.0,2.0,7.0,11,0,0,0,0,0,0,0,1,1,2.0,1,1,1,1,1,1,1,1,1,0,1,0,1,0,0,0,0,0,0,0,0,0,0,0,1,0,1,0,0,0,1,0,0
1,1,650.0,35.0,457.0,1.0,7.0,14,1,0,1,1,0,0,0,1,1,2.0,1,1,1,1,1,1,1,1,1,1,1,1,1,1,0,0,0,0,0,0,0,0,0,0,1,0,0,0,1,0,0,0,0
3,2,689.0,20.0,463.0,1.0,9.0,4,0,0,0,0,0,0,0,1,1,2.0,0,0,0,1,1,0,0,0,1,0,1,0,0,0,0,0,0,0,0,1,0,0,0,0,0,0,0,0,0,1,1,1,1
3,2,850.0,20.0,463.0,1.0,9.0,8,0,0,0,0,0,0,0,0,0,2.0,0,0,1,0,1,1,1,1,1,0,1,0,1,0,0,0,0,0,0,0,0,0,1,0,0,0,0,0,0,1,1,1,0
1,1,560.0,38.0,1033.0,1.0,11.0,11,1,1,1,1,1,0,1,1,1,3.0,1,0,1,0,1,1,1,1,1,1,1,1,1,0,1,0,0,0,0,0,0,0,0,0,0,0,0,0,1,0,0,0,1
3,2,884.0,20.0,463.0,1.0,9.0,3,0,0,0,0,0,0,0,0,1,2.0,0,0,0,0,0,0,0,1,1,0,1,0,0,0,1,0,0,0,0,0,0,0,0,0,0,0,0,0,0,1,1,1,0
1,1,438.0,20.0,463.0,1.0,9.0,6,0,0,0,0,0,0,0,1,1,3.0,0,1,1,0,1,1,0,1,0,0,1,0,0,0,0,0,0,0,0,0,0,0,1,0,0,0,0,0,1,1,1,1,1
3,2,1038.0,23.0,744.0,2.0,9.0,8,0,0,0,1,0,0,1,1,1,2.0,1,0,1,1,0,1,0,0,1,1,1,0,1,0,0,0,0,0,0,0,0,0,0,0,1,0,0,0,1,0,0,0,0
3,2,947.0,20.0,463.0,2.0,9.0,14,0,0,0,0,0,0,0,1,1,2.0,1,1,1,1,1,1,1,1,1,1,1,1,1,1,0,0,0,0,0,0,0,1,0,0,0,0,0,0,1,1,1,1,0
2,1,551.0,20.0,463.0,1.0,9.0,3,0,0,0,0,0,0,0,1,0,3.0,0,0,0,0,0,1,0,1,1,0,0,0,0,0,1,0,0,0,0,0,0,0,0,0,0,0,0,1,0,1,1,1,1
3,2,1190.0,10.0,463.0,1.0,21.0,8,0,0,0,0,0,0,0,0,1,1.0,1,0,0,0,1,0,1,1,1,0,1,0,1,1,0,0,0,0,0,0,0,0,0,0,1,0,1,0,0,0,0,1,0
3,2,807.0,20.0,463.0,1.0,9.0,2,0,0,0,0,0,0,0,1,1,2.0,0,0,0,0,1,0,0,1,0,0,0,0,0,0,0,0,0,0,0,1,0,0,0,0,0,0,0,0,0,1,1,1,0
1,2,893.0,7.0,160.0,1.0,13.0,10,0,0,0,0,0,0,0,1,1,3.0,1,0,1,1,1,0,1,1,1,1,1,0,1,0,0,0,0,0,0,1,0,0,0,0,0,0,0,0,1,0,0,0,0
3,2,1065.0,23.0,418.0,2.0,9.0,8,0,0,0,0,0,0,0,1,0,2.0,1,0,1,0,1,0,1,1,1,0,1,0,1,0,0,0,0,0,0,0,0,0,0,0,1,0,0,0,1,0,0,0,0
3,2,940.0,13.0,240.0,2.0,9.0,14,0,0,0,0,0,0,0,1,1,2.0,1,1,1,1,1,1,1,1,1,1,1,1,1,1,1,0,0,0,0,0,0,0,0,0,0,0,1,0,0,1,0,0,0
3,2,1350.0,20.0,463.0,2.0,9.0,7,0,0,0,0,0,0,0,1,1,2.0,1,1,1,0,0,0,0,1,1,0,1,0,1,0,0,0,0,0,0,1,0,0,0,0,0,0,0,0,1,1,1,1,0
3,2,1173.0,26.0,727.0,2.0,1.0,9,0,1,1,1,0,0,1,1,0,2.0,1,0,1,1,1,0,1,1,1,0,1,0,1,0,0,0,0,0,0,0,0,0,0,0,1,0,1,0,0,0,0,0,0
3,2,774.0,36.0,630.0,1.0,7.0,14,0,0,1,0,0,0,1,1,0,2.0,1,1,1,1,1,1,1,1,1,1,1,1,1,1,1,0,0,0,0,0,0,0,0,0,0,0,0,0,1,0,0,0,0
3,2,1118.0,20.0,424.0,2.0,6.0,5,0,0,0,0,0,1,0,1,1,1.0,0,0,0,1,0,0,1,0,0,0,1,1,1,0,0,0,0,0,0,0,0,0,0,0,1,0,1,0,0,0,0,0,0
2,2,958.0,20.0,463.0,1.0,9.0,5,0,0,0,0,0,0,0,1,0,1.0,0,0,1,0,1,0,0,1,0,0,1,0,1,0,0,0,0,0,0,0,0,0,0,0,0,1,0,0,1,1,1,1,0
3,2,700.0,12.0,192.0,1.0,28.0,3,0,0,0,0,0,0,0,1,1,2.0,0,0,0,0,1,0,0,1,0,0,1,0,0,0,0,0,0,0,0,1,0,0,0,0,0,0,0,0,0,0,0,0,1
2,1,550.0,20.0,463.0,1.0,9.0,1,0,1,1,1,0,0,1,1,1,2.0,0,0,0,0,0,0,0,1,0,0,0,0,0,0,1,0,0,0,0,0,0,0,0,0,0,0,0,0,0,1,1,1,1
3,2,700.0,24.0,234.0,1.0,9.0,3,0,0,0,0,0,0,0,1,1,2.0,0,0,0,0,1,0,0,1,0,0,1,0,0,0,0,0,0,0,0,1,0,0,0,0,0,0,0,0,0,1,0,0,0
3,3,2219.0,19.0,149.0,3.0,9.0,7,0,0,0,0,0,0,0,1,0,2.0,0,0,1,0,1,0,1,1,1,0,1,0,1,0,0,0,0,0,0,0,0,0,1,0,0,0,1,0,0,0,0,0,0
2,1,410.0,20.0,463.0,1.0,9.0,1,0,0,0,0,0,0,0,1,0,1.0,0,0,0,0,0,0,0,1,0,0,0,0,0,0,0,0,0,0,0,0,0,0,1,0,0,0,0,0,0,1,1,1,0
3,2,910.0,20.0,463.0,1.0,9.0,2,1,0,1,1,0,0,0,0,0,3.0,0,0,0,0,0,0,0,1,0,0,1,0,0,0,0,0,0,0,0,0,0,0,0,0,1,0,0,0,0,1,1,1,1
3,2,829.0,20.0,463.0,2.0,9.0,14,0,0,0,0,0,0,0,1,1,2.0,1,1,1,1,1,1,1,1,1,1,1,1,1,1,0,0,0,0,0,0,0,1,0,0,0,0,0,0,1,1,1,1,0
3,2,883.0,33.0,746.0,1.0,2.0,9,1,0,0,1,0,0,0,1,0,2.0,1,0,1,1,1,0,1,0,1,1,1,0,1,0,0,0,0,0,0,0,0,0,0,0,1,0,0,0,1,0,0,0,1
3,3,1650.0,16.0,470.0,2.0,9.0,9,0,0,0,0,0,0,0,1,1,3.0,1,0,1,0,1,0,1,1,1,1,1,0,1,0,0,0,0,0,0,1,0,0,0,0,0,0,1,0,0,0,0,0,0
5,3,2088.0,19.0,463.0,2.0,9.0,14,0,0,0,0,0,0,0,1,0,3.0,1,1,1,1,1,1,1,1,1,1,1,1,1,1,0,0,0,0,0,0,0,0,0,0,0,0,0,0,1,1,0,1,0
3,3,818.0,20.0,463.0,1.0,9.0,0,0,0,0,0,0,0,0,1,0,2.0,0,0,0,0,0,0,0,0,0,0,0,0,0,0,0,1,0,0,0,0,0,0,0,0,0,0,0,1,0,1,1,1,1
3,2,955.0,20.0,463.0,1.0,9.0,10,0,0,1,1,0,0,1,1,1,1.0,1,1,1,1,0,1,1,1,1,0,1,0,1,0,0,0,0,0,0,0,0,0,0,0,1,0,0,0,0,1,1,1,0
4,2,1000.0,20.0,1443.0,2.0,9.0,11,1,1,1,1,1,0,0,1,0,2.0,1,1,1,1,1,1,1,1,1,0,1,0,1,0,1,0,0,0,0,0,0,0,0,0,0,0,0,0,1,1,1,0,0
3,2,1068.0,30.0,311.0,2.0,7.0,9,0,0,0,0,0,0,0,1,1,3.0,1,0,1,1,0,0,1,1,1,1,1,0,1,0,0,0,0,0,0,0,0,0,0,0,0,0,1,0,0,0,0,0,0
2,1,550.0,20.0,463.0,1.0,9.0,0,0,0,0,0,0,0,0,1,1,3.0,0,0,0,0,0,0,0,0,0,0,0,0,0,0,0,0,0,0,0,1,0,0,0,0,0,0,0,1,0,1,1,1,1
3,2,1035.0,25.0,1255.0,1.0,5.0,14,0,0,0,0,0,0,0,1,1,2.0,1,1,1,1,1,1,1,1,1,1,1,1,1,1,0,0,0,0,0,0,0,0,0,0,0,0,0,0,0,0,0,0,0
3,2,850.0,4.0,348.0,1.0,9.0,5,0,0,0,0,0,0,0,1,1,2.0,0,0,0,1,0,0,0,1,1,0,1,0,1,0,0,0,0,0,0,0,0,0,0,0,0,0,0,1,0,0,0,0,0
1,1,717.0,11.0,463.0,1.0,9.0,9,1,0,1,1,1,0,1,1,1,2.0,1,0,1,0,0,0,0,1,1,1,1,1,1,1,1,0,0,0,0,0,0,0,0,0,0,0,1,0,0,1,0,1,0
3,2,900.0,42.0,2685.0,2.0,4.0,0,0,0,0,0,0,0,0,1,1,2.0,0,0,0,0,0,0,0,0,0,0,0,0,0,0,0,0,0,0,0,1,0,0,0,0,0,0,1,0,0,0,0,0,0
2,2,880.0,20.0,463.0,1.0,9.0,3,0,0,0,0,0,0,0,0,0,2.0,0,0,0,0,1,0,0,1,0,0,0,0,1,0,0,0,0,0,0,0,0,0,1,0,0,0,1,0,0,1,1,1,1
3,2,1081.0,23.0,284.0,2.0,12.0,10,1,0,1,1,0,0,0,1,1,2.0,1,0,1,0,1,1,1,1,1,1,1,0,1,0,1,0,0,0,0,0,0,0,0,0,0,0,1,0,0,0,0,0,0
3,2,1018.0,20.0,463.0,2.0,9.0,6,1,0,1,1,1,0,0,1,0,2.0,0,0,1,0,1,0,0,1,1,0,1,0,1,0,1,0,0,0,0,0,0,0,0,0,0,0,1,0,0,1,1,1,0
3,2,750.0,20.0,463.0,1.0,9.0,0,0,0,0,0,0,0,0,1,1,2.0,0,0,0,0,0,0,0,0,0,0,0,0,0,0,0,0,0,0,0,0,0,0,0,0,0,0,0,1,0,1,1,1,1
2,1,580.0,20.0,463.0,1.0,9.0,0,1,0,1,1,0,0,0,0,0,2.0,0,0,0,0,0,0,0,0,0,0,0,0,0,0,0,0,0,0,0,0,0,0,0,0,1,0,0,0,0,1,1,1,0
4,2,1142.0,24.0,900.0,1.0,8.0,8,0,0,0,0,0,0,0,0,0,2.0,0,0,1,0,1,1,0,1,1,1,1,0,1,0,1,0,0,0,0,0,0,0,0,0,0,0,1,0,0,0,0,0,0
3,2,1600.0,35.0,195.0,2.0,12.0,9,0,0,0,0,0,0,0,1,1,1.0,1,0,1,1,1,0,1,1,1,0,1,0,1,0,0,0,0,0,0,1,0,0,0,0,0,0,1,0,0,0,0,0,0
3,2,650.0,20.0,463.0,1.0,9.0,3,0,0,0,0,0,0,0,1,0,2.0,0,0,0,0,0,1,0,1,1,0,0,0,0,0,0,0,0,0,0,0,0,0,0,0,1,0,0,0,0,1,1,1,0
3,2,1300.0,6.0,225.0,2.0,8.0,13,0,0,0,0,0,0,0,1,1,2.0,1,1,1,1,1,1,0,1,1,1,1,1,1,1,0,0,0,0,0,1,0,0,0,0,0,0,1,0,0,0,0,0,0
4,3,1600.0,26.0,104.0,1.0,17.0,6,0,0,0,0,0,0,0,1,1,2.0,1,0,1,0,0,0,0,1,1,0,1,0,1,0,0,0,0,0,0,1,0,0,0,0,0,0,1,0,0,0,0,0,1
3,2,850.0,12.0,1012.0,1.0,9.0,8,0,0,0,0,0,0,0,1,0,3.0,0,0,1,1,1,0,0,1,1,0,1,0,1,1,0,0,0,0,0,0,0,0,1,0,0,0,0,0,0,1,0,0,0
2,2,750.0,20.0,463.0,1.0,9.0,0,0,0,0,0,0,0,0,1,1,2.0,0,0,0,0,0,0,0,0,0,0,0,0,0,0,0,0,0,0,0,1,0,0,0,0,0,0,1,0,0,1,1,1,0
3,2,780.0,20.0,463.0,1.0,9.0,6,0,0,0,0,0,0,0,1,0,2.0,1,0,0,0,1,1,0,1,1,0,1,0,0,0,0,0,0,0,0,0,0,0,0,0,1,0,0,0,0,1,1,1,0
3,2,837.0,22.0,816.0,1.0,16.0,8,0,0,0,0,0,0,0,1,1,1.0,1,0,1,1,0,0,0,1,1,0,1,1,1,0,0,0,0,0,0,1,0,0,0,0,0,0,1,0,0,0,0,0,0
3,2,700.0,18.0,182.0,1.0,17.0,4,0,0,0,0,0,0,0,1,1,2.0,0,0,0,0,1,0,0,1,1,0,1,0,0,0,0,0,0,0,0,1,0,0,0,0,0,0,0,0,0,0,0,0,0
3,2,700.0,18.0,182.0,1.0,17.0,4,0,0,0,0,0,0,0,1,1,2.0,0,0,0,0,1,0,0,1,1,0,1,0,0,0,0,0,0,0,0,1,0,0,0,0,0,0,0,0,0,0,0,0,0
3,2,963.0,20.0,463.0,1.0,9.0,2,0,0,0,0,0,0,0,0,1,2.0,0,0,0,0,0,0,0,1,0,0,1,0,0,0,0,1,0,0,0,0,0,0,0,0,0,0,0,0,0,1,1,1,0
3,2,1363.0,26.0,360.0,1.0,8.0,0,0,0,0,0,0,0,0,1,0,2.0,0,0,0,0,0,0,0,0,0,0,0,0,0,0,1,0,0,0,0,0,0,0,0,0,0,0,1,0,0,0,0,0,1
3,2,800.0,20.0,80.0,1.0,25.0,2,0,0,0,0,0,0,0,1,1,1.0,0,0,0,0,0,0,0,1,0,0,1,0,0,0,0,0,0,0,0,1,0,0,0,0,0,0,0,0,0,0,0,0,0
1,1,904.0,20.0,463.0,1.0,9.0,4,0,0,0,0,0,0,0,1,1,3.0,0,0,0,0,1,0,0,1,0,0,1,0,1,0,0,0,0,0,1,0,0,0,0,0,0,0,1,0,0,1,1,1,1
3,2,969.0,18.0,332.0,1.0,19.0,2,0,0,0,0,0,1,0,1,1,2.0,0,0,0,0,0,0,0,0,0,0,1,0,1,0,0,0,0,0,0,0,0,0,0,0,1,0,0,0,0,0,0,0,0
3,2,652.0,5.0,463.0,1.0,9.0,0,0,0,0,0,0,0,0,0,1,1.0,0,0,0,0,0,0,0,0,0,0,0,0,0,0,0,0,0,0,0,0,0,0,0,0,1,0,0,0,0,1,0,1,1
3,2,1007.0,20.0,912.0,2.0,3.0,12,0,0,0,0,0,0,0,1,0,2.0,1,1,1,1,1,1,1,1,1,1,1,0,1,0,0,0,0,0,0,0,0,0,1,0,0,0,0,0,1,0,1,0,0
4,3,1050.0,20.0,463.0,2.0,9.0,13,0,0,0,0,0,0,0,1,0,2.0,1,1,1,1,1,1,1,1,1,1,1,1,1,0,1,0,0,0,0,0,0,0,0,0,0,0,1,0,0,1,1,1,0
3,2,800.0,4.0,75.0,2.0,9.0,8,0,0,0,0,0,0,0,1,1,2.0,0,0,1,0,1,1,0,1,1,1,1,0,1,0,0,0,0,0,0,0,0,0,0,0,1,0,0,0,0,0,0,0,0
2,1,700.0,20.0,463.0,1.0,9.0,0,0,0,1,1,0,0,0,1,1,1.0,0,0,0,0,0,0,0,0,0,0,0,0,0,0,1,0,0,0,0,0,0,0,0,0,0,0,0,0,0,1,1,1,1
3,2,1432.0,20.0,684.0,1.0,9.0,10,0,0,0,0,0,0,0,1,1,3.0,1,1,1,1,1,0,1,1,1,0,1,0,1,0,0,0,0,0,0,0,0,0,0,1,0,0,1,0,0,1,1,0,1
3,2,1432.0,20.0,684.0,2.0,9.0,7,0,0,0,0,0,0,0,1,0,3.0,0,0,1,0,1,0,1,1,1,0,1,0,1,0,0,0,0,0,0,0,0,0,0,1,0,0,1,0,0,1,1,0,0
3,2,606.0,17.0,144.0,1.0,15.0,4,1,0,1,1,0,0,1,1,0,2.0,0,0,1,0,0,1,0,0,1,0,1,0,0,0,1,0,0,0,0,0,0,0,0,0,0,0,0,0,0,0,0,0,1
3,2,1023.0,63.0,956.0,2.0,2.0,9,1,1,1,1,0,0,0,1,1,2.0,1,0,1,1,1,0,0,1,1,1,1,0,1,0,1,0,0,0,0,0,0,0,0,0,0,0,0,0,1,0,0,0,0
3,2,835.0,22.0,816.0,1.0,16.0,8,0,0,0,0,0,0,0,1,1,2.0,1,0,1,1,0,0,0,1,1,0,1,1,1,0,0,0,0,0,0,1,0,0,0,0,0,0,1,0,0,0,0,0,0
4,2,1345.0,17.0,91.0,2.0,7.0,9,0,0,0,0,0,0,0,1,1,2.0,0,0,1,1,0,1,0,1,1,1,1,1,1,0,0,0,0,0,0,1,0,0,0,0,0,0,1,0,0,0,0,0,0
3,2,1006.0,20.0,463.0,2.0,9.0,7,0,0,0,0,0,0,0,0,1,2.0,0,0,0,1,1,1,1,1,1,0,1,0,0,0,0,0,0,0,0,0,0,1,0,0,0,0,0,0,0,1,1,1,0
3,2,853.0,20.0,463.0,1.0,7.0,3,0,0,0,0,0,0,0,0,1,2.0,0,0,0,0,0,0,0,1,1,0,1,0,0,0,0,0,0,0,0,0,0,0,0,0,1,0,0,0,0,0,1,1,0
3,2,850.0,20.0,1440.0,1.0,8.0,3,0,0,0,0,0,0,0,1,0,2.0,0,0,0,0,1,0,0,1,0,0,1,0,0,0,0,0,0,0,0,0,0,0,0,0,1,0,1,0,0,0,0,0,0
3,2,918.0,15.0,450.0,1.0,26.0,10,1,1,1,1,0,0,0,1,0,2.0,1,1,1,0,1,1,0,1,1,1,1,0,1,0,1,0,0,0,0,0,0,0,0,0,0,0,1,0,0,0,0,0,0
2,2,604.0,31.0,382.0,2.0,1.0,10,0,0,0,0,0,0,0,1,0,3.0,1,0,1,0,1,1,1,1,1,1,1,0,1,0,0,0,0,0,0,0,0,0,0,0,1,0,0,0,1,0,0,0,0
3,2,880.0,6.0,463.0,1.0,9.0,3,0,1,0,0,0,0,0,1,1,2.0,0,0,0,0,1,0,0,1,1,0,0,0,0,0,0,0,0,0,0,0,0,0,0,0,1,0,0,0,0,1,0,1,0
2,2,900.0,35.0,302.0,1.0,15.0,9,1,1,1,1,1,0,0,1,1,2.0,1,0,1,0,1,0,0,1,1,1,1,1,1,0,1,0,0,0,0,0,0,0,0,0,0,0,1,0,0,0,0,0,0
3,2,688.0,20.0,463.0,1.0,9.0,1,1,0,0,0,0,0,0,0,0,1.0,0,0,0,0,0,0,0,1,0,0,0,0,0,0,0,0,0,0,0,0,0,0,0,0,1,0,0,1,0,1,1,1,0
3,2,1055.0,20.0,463.0,1.0,9.0,0,0,0,0,0,0,0,0,1,1,2.0,0,0,0,0,0,0,0,0,0,0,0,0,0,0,0,0,0,0,0,0,0,0,0,0,1,0,0,0,0,1,1,1,1
3,2,1315.0,20.0,406.0,2.0,2.0,10,0,0,0,0,0,0,0,1,1,2.0,1,0,1,1,1,0,1,1,1,1,1,0,1,0,0,0,0,0,0,1,0,0,0,0,0,0,1,0,0,0,1,0,0
3,1,650.0,20.0,463.0,1.0,9.0,1,0,0,0,0,0,0,0,0,0,2.0,0,0,0,0,0,0,0,0,1,0,0,0,0,0,0,0,0,0,0,0,0,0,0,0,1,0,0,0,0,1,1,1,1
3,2,860.0,27.0,463.0,1.0,18.0,7,0,0,0,0,0,0,0,1,1,2.0,1,0,1,0,1,0,0,1,1,0,1,0,1,0,0,0,0,0,0,1,0,0,0,0,0,0,1,0,0,0,0,1,0
3,2,1450.0,19.0,436.0,1.0,16.0,10,1,1,0,1,1,0,1,0,0,1.0,1,0,1,1,1,1,1,1,1,0,1,0,1,0,1,0,0,0,0,0,0,0,0,0,0,0,1,0,0,0,0,0,0
3,2,800.0,20.0,1900.0,2.0,7.0,3,0,0,0,0,0,0,0,1,0,3.0,0,0,0,0,1,0,0,1,0,0,1,0,0,0,0,0,0,0,0,1,0,0,0,0,0,0,0,0,0,0,1,0,0
3,2,850.0,20.0,435.0,2.0,13.0,4,1,0,1,0,1,0,0,0,1,2.0,0,0,0,0,0,0,1,1,0,0,1,0,1,0,0,0,0,0,0,0,0,0,0,0,1,0,0,0,0,0,1,0,0
3,2,958.0,20.0,1013.0,1.0,18.0,11,0,0,0,0,0,0,0,1,0,3.0,1,0,1,1,1,1,1,1,1,0,1,0,1,1,0,0,0,0,0,0,0,0,0,0,1,0,1,0,0,0,1,0,0
3,2,710.0,5.0,40.0,1.0,9.0,5,0,0,0,0,0,0,0,1,0,2.0,0,0,0,0,0,1,0,1,1,0,1,0,1,0,0,0,0,0,0,0,0,0,0,0,1,0,0,0,0,1,0,0,0
3,2,850.0,20.0,463.0,1.0,9.0,5,0,0,0,0,0,0,0,1,1,1.0,0,0,0,0,1,0,0,1,1,0,1,0,1,0,0,0,0,0,0,0,0,0,0,0,1,0,0,0,0,1,1,1,0
3,2,974.0,10.0,243.0,1.0,13.0,3,0,0,0,0,0,0,0,0,0,2.0,0,0,0,0,0,0,0,1,1,0,1,0,0,0,0,0,0,0,0,0,0,0,0,0,1,0,1,0,0,0,0,0,1
3,2,833.0,24.0,299.0,1.0,16.0,7,0,1,1,1,1,0,1,0,0,3.0,0,0,0,0,1,1,1,1,1,0,1,0,1,0,0,0,0,0,0,0,0,0,0,0,1,0,0,0,0,0,0,0,0
4,2,1680.0,20.0,463.0,1.0,9.0,2,0,0,0,0,0,0,0,1,1,3.0,0,0,0,0,0,0,0,1,0,0,1,0,0,0,0,0,0,0,0,0,0,0,0,1,0,0,0,0,0,1,1,1,1
2,2,855.0,9.0,672.0,1.0,18.0,0,0,0,0,0,0,0,0,1,0,3.0,0,0,0,0,0,0,0,0,0,0,0,0,0,0,1,0,0,0,0,0,0,0,0,0,0,0,1,0,0,0,0,0,0
4,5,2476.0,20.0,228.0,2.0,13.0,9,0,0,0,0,0,0,0,1,1,2.0,0,0,1,0,1,0,1,1,1,1,1,0,1,1,0,0,0,0,0,1,0,0,0,0,0,0,1,0,0,0,1,0,0
3,2,700.0,20.0,463.0,1.0,9.0,2,0,0,0,0,0,0,0,1,1,2.0,0,0,0,0,0,0,0,1,0,0,1,0,0,0,0,0,0,0,0,1,0,0,0,0,0,0,0,0,0,1,1,1,1
3,2,656.0,20.0,463.0,1.0,9.0,0,0,0,0,1,0,0,1,0,0,2.0,0,0,0,0,0,0,0,0,0,0,0,0,0,0,0,0,0,0,0,0,0,0,0,0,1,0,0,0,0,1,1,1,1
3,2,780.0,5.0,281.0,1.0,9.0,4,0,0,0,0,0,0,0,1,1,2.0,1,0,0,0,0,0,0,1,1,0,1,0,0,0,0,0,0,0,0,0,0,0,0,0,1,0,1,0,0,1,0,0,0
2,1,765.0,22.0,1343.0,2.0,6.0,13,0,0,0,0,0,0,0,1,1,2.0,0,1,1,1,1,1,1,1,1,1,1,1,1,1,0,0,0,0,0,1,0,0,0,0,0,0,1,0,0,0,0,0,0
3,2,933.0,20.0,463.0,1.0,9.0,5,0,0,0,0,0,0,0,1,0,3.0,0,0,1,0,1,0,1,1,0,0,0,0,1,0,0,0,0,0,0,0,0,0,0,1,0,0,0,0,1,1,1,1,0
1,1,650.0,20.0,410.0,1.0,9.0,6,0,0,0,0,0,0,0,1,1,2.0,0,0,1,0,1,0,0,1,1,0,1,0,1,0,0,0,0,0,0,1,0,0,0,0,0,0,1,0,0,0,1,0,0
3,2,950.0,15.0,463.0,1.0,9.0,6,0,1,0,1,0,0,0,0,0,1.0,0,0,0,0,1,1,1,1,1,0,1,0,0,0,1,0,0,0,0,0,0,0,0,0,0,0,0,0,0,1,0,1,0
3,2,1200.0,20.0,771.0,2.0,7.0,7,0,0,0,0,0,0,0,1,1,3.0,0,0,1,1,1,0,0,1,1,0,1,0,1,0,0,0,0,0,0,1,0,0,0,0,0,0,1,0,0,0,0,0,0
3,3,1598.0,42.0,670.0,2.0,6.0,8,0,0,0,0,0,0,0,1,1,2.0,1,0,1,0,1,0,1,1,1,0,1,0,1,0,0,0,0,0,0,1,0,0,0,0,0,0,1,0,0,0,0,0,0
3,2,1065.0,20.0,144.0,1.0,9.0,0,0,0,0,0,0,0,0,1,1,2.0,0,0,0,0,0,0,0,0,0,0,0,0,0,0,0,0,0,0,0,0,0,0,0,0,1,0,1,0,0,1,1,0,1
3,2,947.0,22.0,396.0,2.0,6.0,10,0,0,0,0,0,0,0,1,0,3.0,1,1,1,1,1,0,0,1,1,1,1,0,0,1,0,0,0,0,0,1,0,0,0,0,0,0,1,0,0,0,0,0,0
4,3,1646.0,44.0,378.0,2.0,5.0,7,0,0,0,0,0,0,0,1,1,2.0,1,0,1,0,0,0,1,0,1,1,1,0,1,0,0,0,0,0,0,1,0,0,0,0,0,0,1,0,0,0,0,0,0
3,2,995.0,20.0,188.0,1.0,9.0,8,1,0,1,1,0,1,0,1,1,2.0,1,0,1,0,0,1,1,1,1,1,1,0,0,0,1,0,0,0,0,0,0,0,0,0,0,0,0,0,0,1,1,0,0
3,2,1212.0,20.0,538.0,2.0,9.0,7,0,0,0,0,0,0,0,1,1,2.0,0,0,0,1,1,1,1,1,1,0,1,0,0,0,0,0,0,0,0,0,0,0,0,0,1,0,0,0,0,1,1,0,0
3,2,1036.0,33.0,550.0,2.0,2.0,9,0,0,0,0,0,0,0,1,1,2.0,1,1,1,1,0,0,1,0,1,1,1,0,1,0,0,0,0,0,0,1,0,0,0,0,0,0,1,0,0,0,0,0,0
3,2,1349.0,20.0,128.0,2.0,8.0,7,0,0,0,0,0,0,0,1,0,3.0,0,0,1,0,1,0,0,1,1,1,1,0,1,0,0,0,0,0,0,0,0,0,1,0,0,0,1,0,0,0,1,0,0
2,1,516.0,20.0,463.0,1.0,9.0,0,0,0,0,0,0,0,0,1,1,2.0,0,0,0,0,0,0,0,0,0,0,0,0,0,0,0,0,0,0,0,0,0,0,0,0,0,0,0,1,0,1,1,1,1
2,1,527.0,5.0,463.0,1.0,9.0,1,0,0,0,0,0,0,0,1,0,2.0,0,0,0,0,0,0,0,1,0,0,0,0,0,0,0,0,0,0,0,0,0,0,0,0,1,0,0,0,0,1,0,1,1
3,2,624.0,5.0,463.0,1.0,9.0,0,0,0,0,0,0,0,0,1,1,1.0,0,0,0,0,0,0,0,0,0,0,0,0,0,0,0,0,0,0,0,1,0,0,0,0,0,0,0,0,0,1,0,1,1
3,2,1200.0,20.0,196.0,1.0,16.0,10,1,0,1,1,0,0,0,0,1,2.0,1,0,1,1,0,1,1,1,1,1,1,0,1,0,1,0,0,0,0,0,0,0,0,0,0,0,1,0,0,0,0,0,1
3,3,1484.0,20.0,135.0,2.0,9.0,8,0,0,0,0,0,0,0,1,0,2.0,1,0,1,0,1,0,1,1,1,0,1,0,1,0,0,0,0,0,0,0,0,0,1,0,0,0,1,0,0,0,1,0,0
3,2,1085.0,20.0,463.0,1.0,9.0,2,0,0,0,0,0,0,0,1,0,2.0,0,0,0,0,0,0,0,1,0,0,1,0,0,0,0,0,0,0,0,0,0,0,0,1,0,0,0,0,0,1,1,1,0
3,3,890.0,20.0,463.0,2.0,9.0,14,0,0,0,0,0,0,0,1,1,2.0,1,1,1,1,1,1,1,1,1,1,1,1,1,1,0,0,0,0,0,0,0,1,0,0,0,0,1,0,0,1,1,1,0
3,2,1288.0,21.0,455.0,2.0,8.0,9,0,0,0,0,0,0,0,1,1,2.0,1,0,1,1,1,0,1,1,1,0,1,0,1,0,0,0,0,0,0,0,0,0,0,0,1,0,1,0,0,0,0,0,0
1,1,450.0,20.0,463.0,1.0,9.0,4,1,1,1,1,1,0,1,1,0,2.0,0,0,1,0,1,0,0,0,0,0,1,0,1,0,1,0,0,0,0,0,0,0,0,0,0,0,0,0,1,1,1,1,1
3,2,964.0,20.0,463.0,1.0,9.0,10,0,0,0,0,0,0,0,1,0,2.0,1,1,1,1,1,0,1,1,1,0,1,0,1,0,0,0,0,0,0,0,1,0,0,0,0,0,1,0,0,1,1,1,0
3,2,1165.0,20.0,406.0,2.0,2.0,11,0,0,0,0,0,0,0,1,1,2.0,1,0,1,1,1,1,1,1,1,1,1,0,1,0,0,0,0,0,0,1,0,0,0,0,0,0,1,0,0,0,1,0,0
3,2,800.0,20.0,3600.0,1.0,9.0,9,1,1,1,1,1,0,0,0,0,2.0,0,0,1,1,1,1,1,1,1,0,1,0,1,0,1,0,0,0,0,0,0,0,0,0,0,0,0,0,0,1,1,0,0
2,2,615.0,20.0,463.0,1.0,9.0,0,0,0,1,1,0,0,0,1,1,1.0,0,0,0,0,0,0,0,0,0,0,0,0,0,0,0,0,0,0,0,0,0,0,0,0,1,0,0,1,0,1,1,1,1
3,2,1101.0,20.0,463.0,1.0,9.0,0,0,0,0,0,0,0,0,1,0,2.0,0,0,0,0,0,0,0,0,0,0,0,0,0,0,0,0,0,0,0,0,0,0,0,1,0,0,0,1,0,1,1,1,0
3,2,1200.0,38.0,473.0,2.0,5.0,8,0,0,0,0,0,0,0,1,1,1.0,0,0,1,0,0,1,0,1,1,1,1,1,1,0,0,0,0,0,0,1,0,0,0,0,0,0,1,0,0,0,0,0,0
3,2,687.0,20.0,463.0,1.0,9.0,2,0,0,0,1,0,0,0,0,0,2.0,0,0,0,0,0,0,0,0,1,0,1,0,0,0,0,0,0,0,0,0,0,0,0,0,1,0,0,0,0,1,1,1,1
3,2,800.0,20.0,463.0,1.0,9.0,0,1,0,1,1,0,0,0,0,0,2.0,0,0,0,0,0,0,0,0,0,0,0,0,0,0,1,0,0,0,0,0,0,0,0,0,0,0,0,0,0,1,1,1,1
3,2,1002.0,31.0,718.0,2.0,4.0,10,0,0,0,0,0,0,0,1,1,2.0,0,1,1,0,1,1,0,1,1,0,1,1,1,1,1,0,0,0,0,0,0,0,0,0,0,0,0,0,1,0,0,0,0
3,2,700.0,20.0,463.0,1.0,9.0,4,0,0,0,0,0,0,0,1,0,2.0,0,0,0,1,0,0,0,1,0,0,1,0,1,0,0,0,0,0,0,0,0,0,0,0,1,0,0,0,0,1,1,1,0
3,2,1200.0,20.0,698.0,2.0,18.0,10,0,0,0,0,0,0,0,1,0,2.0,1,0,1,1,1,1,0,1,1,1,1,0,1,0,0,0,0,0,0,0,0,0,0,0,0,0,0,0,0,0,1,0,0
3,2,883.0,20.0,463.0,1.0,9.0,5,0,0,0,0,0,0,0,0,0,3.0,0,0,0,1,1,0,0,1,1,0,1,0,0,0,0,0,0,0,0,0,0,1,0,0,0,0,0,0,0,1,1,1,0
3,2,1184.0,17.0,676.0,2.0,3.0,10,0,0,0,0,0,0,0,1,1,2.0,1,0,1,1,1,0,1,1,1,0,1,0,1,1,0,0,0,0,0,0,0,1,0,0,0,0,1,0,0,0,0,0,0
3,2,956.0,19.0,392.0,1.0,9.0,14,0,0,0,0,0,0,0,0,1,3.0,1,1,1,1,1,1,1,1,1,1,1,1,1,1,0,0,0,0,0,0,0,0,0,0,1,0,1,0,0,1,0,0,0
3,2,1128.0,8.0,463.0,1.0,9.0,3,0,0,0,0,0,1,0,1,1,2.0,0,0,0,0,1,0,0,1,0,0,1,0,0,0,0,0,0,0,0,0,0,0,0,0,1,0,0,0,0,1,0,1,0
2,2,904.0,8.0,463.0,1.0,9.0,7,0,0,0,0,0,0,0,1,1,1.0,1,0,0,0,1,0,0,1,1,0,1,0,1,1,0,0,1,0,0,0,0,0,0,0,0,0,1,0,0,1,0,1,0
3,2,950.0,29.0,1709.0,1.0,12.0,8,0,0,0,1,0,0,1,0,0,3.0,0,0,1,1,1,0,1,1,1,0,1,0,1,0,0,0,0,0,0,0,0,0,0,0,1,0,1,0,0,0,0,0,0
3,2,903.0,11.0,463.0,1.0,9.0,7,0,0,0,0,0,0,0,0,1,3.0,0,0,0,0,1,1,0,1,1,1,1,0,1,0,0,0,0,0,0,0,0,0,0,0,1,0,1,0,0,1,0,1,0
3,2,1044.0,5.0,200.0,1.0,19.0,6,1,1,1,1,0,0,1,1,0,2.0,0,0,0,0,1,1,0,1,1,0,1,0,1,0,0,0,0,0,0,0,0,0,0,0,1,0,0,0,0,0,0,0,0
4,3,1300.0,44.0,684.0,3.0,0.0,12,0,0,0,0,0,0,0,1,1,2.0,1,1,1,1,1,1,1,1,1,1,1,0,1,0,1,0,0,0,0,0,0,0,0,0,0,0,0,0,1,0,0,0,0
3,2,1173.0,15.0,463.0,1.0,9.0,6,1,1,1,1,0,0,0,0,0,2.0,0,0,0,0,1,1,0,1,1,0,1,0,1,0,0,0,0,0,0,0,0,0,0,0,1,0,1,0,0,1,0,1,0
2,1,950.0,41.0,1040.0,1.0,8.0,8,1,0,1,1,1,0,0,1,1,3.0,1,0,1,1,0,0,1,0,1,1,1,0,1,0,1,0,0,0,0,0,0,0,0,0,0,0,0,0,1,0,0,0,0
3,2,915.0,5.0,463.0,1.0,9.0,0,0,1,1,1,1,0,0,0,0,3.0,0,0,0,0,0,0,0,0,0,0,0,0,0,0,0,0,0,0,0,0,0,0,0,0,1,0,0,0,0,1,0,1,0
3,2,850.0,20.0,463.0,1.0,9.0,4,0,0,0,0,0,0,0,1,1,2.0,0,0,0,0,0,0,0,1,1,0,1,0,1,0,0,0,0,0,0,0,0,0,0,0,0,0,0,1,0,1,1,1,1
3,2,1100.0,19.0,463.0,1.0,27.0,14,1,0,1,1,0,0,0,1,0,3.0,1,1,1,1,1,1,1,1,1,1,1,1,1,1,1,0,0,0,0,0,0,0,0,0,0,0,1,0,0,0,0,1,1
5,4,1384.0,20.0,463.0,2.0,9.0,10,0,0,0,0,0,0,0,1,1,3.0,0,0,1,0,1,1,0,1,1,1,1,1,1,1,0,0,0,0,0,0,0,0,0,0,0,1,1,0,0,1,1,1,0
3,2,853.0,20.0,463.0,2.0,7.0,5,0,0,0,0,0,0,0,0,1,3.0,0,0,0,0,1,1,0,1,1,0,1,0,0,0,0,0,0,0,0,0,0,0,0,0,1,0,0,0,0,0,1,1,0
3,2,1010.0,20.0,463.0,1.0,9.0,8,1,1,1,1,1,1,1,0,1,2.0,0,0,1,0,1,1,1,1,1,0,1,0,1,0,1,0,0,0,0,0,0,0,0,0,0,0,0,0,1,0,1,1,0
3,2,969.0,23.0,241.0,2.0,3.0,9,0,0,0,0,0,0,0,1,0,1.0,1,0,1,0,1,1,1,1,1,0,1,0,1,0,0,0,0,0,0,0,0,0,0,0,1,0,0,0,1,0,0,0,0
3,2,1200.0,20.0,463.0,1.0,9.0,12,0,0,0,0,0,0,0,1,1,1.0,1,0,1,1,0,1,1,1,1,1,1,1,1,1,0,0,0,0,0,0,0,0,0,0,0,0,0,0,0,1,1,1,1
4,3,1485.0,36.0,236.0,2.0,9.0,10,0,0,1,1,0,0,0,1,0,2.0,1,0,1,0,0,1,0,1,1,1,1,1,1,1,1,0,0,0,0,0,0,0,0,0,0,0,1,0,0,0,0,0,0
3,2,860.0,20.0,463.0,1.0,9.0,4,0,0,0,0,0,0,0,0,0,2.0,0,0,0,0,0,0,0,1,1,0,1,0,1,0,0,0,0,0,0,0,0,0,0,0,1,0,0,0,0,1,1,1,1
3,2,887.0,30.0,808.0,2.0,10.0,10,0,0,0,0,0,0,0,1,1,2.0,0,0,1,0,1,1,0,1,1,1,1,1,1,1,0,0,0,0,0,1,0,0,0,0,0,0,1,0,0,0,0,0,0
3,2,650.0,20.0,463.0,1.0,9.0,0,0,0,0,0,0,0,0,0,1,2.0,0,0,0,0,0,0,0,0,0,0,0,0,0,0,0,0,0,0,0,0,0,0,0,0,1,0,0,0,0,1,1,1,1
3,2,1216.0,20.0,463.0,1.0,9.0,6,0,0,0,0,0,0,0,1,0,1.0,0,0,1,0,1,1,0,1,0,0,1,0,1,0,0,0,0,0,0,0,0,0,1,0,0,0,1,0,0,1,1,1,0
3,1,650.0,20.0,463.0,1.0,9.0,5,0,0,0,0,0,0,0,0,0,2.0,0,0,0,0,1,1,1,1,1,0,0,0,0,0,1,0,0,0,0,0,0,0,0,0,0,0,0,1,0,1,1,1,1
3,2,951.0,20.0,463.0,2.0,9.0,9,0,0,0,0,0,0,0,1,0,2.0,1,0,1,1,1,0,1,1,1,0,1,0,1,0,0,0,0,0,0,0,0,0,0,0,0,1,0,0,1,1,1,1,0
4,2,838.0,15.0,463.0,2.0,9.0,2,1,0,0,1,0,0,0,0,0,2.0,0,0,0,0,0,0,0,1,0,0,1,0,0,0,0,0,0,0,0,0,0,0,0,0,1,0,0,0,0,1,0,1,0
3,2,830.0,14.0,1008.0,1.0,28.0,9,1,0,1,1,1,0,0,1,0,2.0,0,0,1,0,1,1,1,1,1,1,1,0,1,0,1,0,0,0,0,0,0,0,0,0,0,0,1,0,0,0,0,0,0
3,2,1085.0,5.0,469.0,1.0,7.0,4,0,0,0,0,0,0,0,1,1,2.0,0,0,0,1,0,0,0,1,1,0,1,0,0,0,0,0,0,0,0,0,0,0,0,0,1,0,0,0,0,0,0,0,1
2,1,936.0,20.0,463.0,1.0,9.0,9,0,0,0,0,0,0,0,1,0,3.0,0,1,1,1,1,1,1,1,1,0,1,0,0,0,0,0,0,0,0,1,0,0,0,0,0,0,0,0,0,1,1,1,0
3,2,1001.0,20.0,463.0,1.0,9.0,1,0,0,0,0,0,0,0,1,1,3.0,0,0,0,0,0,0,0,1,0,0,0,0,0,0,0,1,0,0,0,0,0,0,0,0,0,0,0,0,0,1,1,1,1
3,2,1346.0,20.0,128.0,2.0,8.0,0,0,0,0,0,0,0,0,1,0,2.0,0,0,0,0,0,0,0,0,0,0,0,0,0,0,0,0,0,0,0,0,0,0,1,0,0,0,1,0,0,0,1,0,0
3,2,700.0,20.0,463.0,1.0,9.0,7,0,0,0,0,0,0,0,0,0,3.0,0,0,0,1,0,1,1,1,1,0,1,0,1,0,0,0,0,0,0,0,0,0,0,0,1,0,0,0,0,1,1,1,1
3,2,991.0,20.0,463.0,1.0,9.0,6,0,0,0,0,0,0,0,1,1,3.0,0,0,1,0,1,0,0,1,1,0,1,0,1,0,0,1,0,0,0,0,0,0,0,0,0,0,1,0,0,1,1,1,1
3,2,861.0,5.0,463.0,1.0,9.0,3,0,0,1,0,1,0,1,1,0,2.0,0,0,0,0,0,0,0,1,1,0,1,0,0,0,1,0,0,0,0,0,0,0,0,0,0,0,0,0,0,1,0,1,1
3,2,800.0,6.0,672.0,1.0,29.0,2,0,0,0,0,0,0,0,1,0,1.0,0,0,0,0,0,0,0,1,0,0,1,0,0,0,0,0,0,0,0,1,0,0,0,0,0,0,0,0,0,0,0,0,0
3,2,1150.0,20.0,463.0,1.0,18.0,7,0,1,0,1,1,0,1,1,1,2.0,1,0,1,0,0,1,0,1,1,0,1,0,1,0,1,0,0,0,0,0,0,0,0,0,0,0,1,0,0,0,1,1,0
3,2,1050.0,20.0,226.0,1.0,9.0,5,0,0,0,0,0,0,0,1,1,2.0,1,0,0,0,0,0,1,0,1,0,1,0,1,0,0,0,0,0,0,0,0,1,0,0,0,0,1,0,0,1,1,0,0
3,2,883.0,20.0,463.0,1.0,9.0,0,0,0,0,1,0,0,0,0,0,2.0,0,0,0,0,0,0,0,0,0,0,0,0,0,0,1,0,0,0,0,0,0,0,0,0,0,0,0,0,0,1,1,1,1
3,2,1023.0,40.0,1052.0,2.0,3.0,14,0,1,1,1,0,0,1,1,0,2.0,1,1,1,1,1,1,1,1,1,1,1,1,1,1,1,0,0,0,0,0,0,0,0,0,0,0,1,0,0,0,0,0,0
3,2,852.0,12.0,463.0,1.0,23.0,11,1,0,1,1,0,0,0,1,0,2.0,1,1,1,1,1,1,1,1,1,0,1,0,1,0,0,0,0,0,0,0,0,0,0,0,1,0,0,0,0,0,0,1,1
2,1,530.0,20.0,463.0,1.0,9.0,1,0,0,0,0,0,0,0,1,1,3.0,0,0,0,0,0,0,0,1,0,0,0,0,0,0,0,0,0,0,0,0,0,0,0,0,0,0,0,1,0,1,1,1,1
2,2,950.0,20.0,450.0,2.0,1.0,0,0,0,0,0,0,0,0,1,1,2.0,0,0,0,0,0,0,0,0,0,0,0,0,0,0,0,0,0,0,0,1,0,0,0,0,0,0,1,0,0,0,1,0,0
3,2,1121.0,25.0,486.0,1.0,5.0,6,0,0,0,1,0,0,0,1,1,2.0,0,0,1,1,0,0,1,1,1,0,0,0,1,0,0,0,0,0,0,0,0,0,0,0,1,0,0,0,1,0,0,0,1
3,2,1313.0,20.0,396.0,3.0,16.0,0,0,0,0,0,0,0,0,1,1,1.0,0,0,0,0,0,0,0,0,0,0,0,0,0,0,0,0,0,0,0,1,0,0,0,0,0,0,1,0,0,0,1,0,0
3,2,1010.0,25.0,2003.0,1.0,4.0,0,0,0,0,0,0,0,0,1,1,2.0,0,0,0,0,0,0,0,0,0,0,0,0,0,0,0,0,0,0,0,0,0,0,0,0,0,0,0,0,1,0,0,0,1
3,2,1100.0,20.0,109.0,1.0,9.0,9,0,0,0,0,0,0,0,1,0,2.0,1,0,1,1,1,0,1,1,1,0,1,0,1,0,0,0,0,0,0,0,0,0,1,0,0,0,1,0,0,1,1,0,0
3,2,830.0,21.0,463.0,2.0,19.0,6,0,0,0,0,0,0,0,1,0,2.0,0,0,0,0,1,1,0,1,1,0,1,0,1,0,0,0,0,0,0,0,0,0,0,0,1,0,1,0,0,0,0,1,0
3,2,762.0,20.0,463.0,1.0,9.0,0,0,0,1,1,0,0,0,1,1,2.0,0,0,0,0,0,0,0,0,0,0,0,0,0,0,0,0,0,0,0,0,0,0,0,0,1,0,0,0,0,1,1,1,0
3,2,860.0,20.0,463.0,1.0,9.0,0,0,0,0,0,0,0,0,1,1,2.0,0,0,0,0,0,0,0,0,0,0,0,0,0,0,0,0,0,0,0,1,0,0,0,0,0,0,0,0,0,1,1,1,0
4,2,1126.0,20.0,226.0,1.0,9.0,9,0,0,0,0,0,0,0,1,1,2.0,1,0,1,0,1,1,1,1,1,0,1,0,1,0,0,0,0,0,0,0,0,1,0,0,0,0,1,0,0,1,1,0,0
4,2,1316.0,18.0,248.0,1.0,9.0,10,0,0,1,1,1,0,0,1,1,1.0,1,1,1,0,1,1,0,1,0,1,1,1,1,0,1,0,0,0,0,0,0,0,0,0,0,0,1,0,0,1,0,0,0
3,2,1144.0,20.0,243.0,1.0,9.0,7,0,0,0,0,0,0,0,1,0,3.0,0,0,0,0,0,1,1,1,1,1,1,0,1,0,0,0,0,0,0,0,0,0,0,0,0,0,0,0,1,1,1,0,0
3,2,858.0,5.0,463.0,1.0,9.0,2,0,1,1,1,1,0,1,1,0,2.0,0,0,0,0,0,0,0,1,1,0,0,0,0,0,0,0,0,0,0,0,0,0,0,0,1,0,0,0,0,1,0,1,0
3,2,1100.0,38.0,787.0,2.0,7.0,8,1,1,1,1,1,0,1,1,0,2.0,1,1,1,1,0,0,1,0,1,0,1,0,1,0,0,0,0,0,0,0,0,0,0,0,1,0,1,0,0,0,0,0,0
4,2,1000.0,20.0,463.0,2.0,9.0,0,1,1,1,1,1,0,0,1,1,2.0,0,0,0,0,0,0,0,0,0,0,0,0,0,0,1,0,0,0,0,0,0,0,0,0,0,0,0,0,1,1,1,1,0
3,2,1250.0,20.0,428.0,1.0,7.0,0,0,0,0,0,0,0,0,1,1,2.0,0,0,0,0,0,0,0,0,0,0,0,0,0,0,0,0,0,0,0,0,0,0,0,0,1,0,1,0,0,0,1,0,1
3,2,613.0,20.0,463.0,1.0,9.0,0,0,0,0,0,0,0,0,1,0,2.0,0,0,0,0,0,0,0,0,0,0,0,0,0,0,0,0,0,0,0,0,0,0,0,0,0,0,0,1,0,1,1,1,0
3,2,1009.0,15.0,464.0,2.0,17.0,7,1,1,1,1,1,0,1,1,1,3.0,0,0,1,0,0,1,0,1,1,0,1,0,1,1,0,0,0,0,0,0,0,0,0,0,1,0,0,0,0,0,0,0,0
2,1,500.0,20.0,463.0,1.0,9.0,0,0,0,0,0,0,0,0,0,1,3.0,0,0,0,0,0,0,0,0,0,0,0,0,0,0,0,0,0,0,0,1,0,0,0,0,0,0,0,1,0,1,1,1,1
3,2,1001.0,44.0,1400.0,1.0,3.0,7,0,0,0,0,0,0,0,1,1,2.0,1,0,1,0,0,0,1,1,1,0,1,0,1,0,1,0,0,0,0,0,0,0,0,0,0,0,1,0,0,0,0,0,0
3,2,1410.0,20.0,463.0,2.0,9.0,0,1,1,1,1,1,0,1,1,0,1.0,0,0,0,0,0,0,0,0,0,0,0,0,0,0,0,0,0,0,0,0,0,0,0,0,1,0,0,0,0,1,1,1,0
3,3,1097.0,20.0,463.0,1.0,9.0,10,0,0,0,0,0,0,0,1,1,2.0,1,0,1,1,1,0,1,1,1,1,1,0,1,0,0,0,0,0,0,0,0,0,0,0,0,0,0,0,1,1,1,1,1
3,2,920.0,15.0,690.0,1.0,24.0,7,1,0,1,1,0,0,1,0,0,2.0,1,0,1,0,0,1,0,1,1,0,1,0,1,0,1,0,0,0,0,0,0,0,0,0,0,0,1,0,0,0,0,0,0
2,2,620.0,20.0,463.0,1.0,9.0,2,0,0,0,0,0,0,0,1,1,1.0,0,0,0,0,0,0,0,1,0,0,1,0,0,0,0,0,0,0,0,0,0,0,0,0,0,1,0,0,0,1,1,1,0
3,2,947.0,22.0,396.0,2.0,6.0,10,0,0,0,0,0,0,0,1,0,1.0,1,1,1,1,1,0,0,1,1,1,1,0,0,1,0,0,0,0,0,1,0,0,0,0,0,0,1,0,0,0,0,0,0
3,2,1288.0,21.0,455.0,1.0,8.0,7,0,0,0,0,0,0,0,1,1,2.0,1,0,1,1,0,0,1,0,1,0,1,0,1,0,0,0,0,0,0,0,0,0,0,0,1,0,1,0,0,0,0,0,1
1,1,557.0,20.0,296.0,1.0,6.0,9,0,0,0,0,0,0,0,1,0,2.0,0,0,1,1,1,1,0,1,1,0,1,1,1,0,0,0,0,0,0,0,0,0,0,0,1,0,1,0,0,0,1,0,1
4,3,1300.0,16.0,128.0,2.0,6.0,14,0,0,0,0,0,0,0,1,1,2.0,1,1,1,1,1,1,1,1,1,1,1,1,1,1,0,0,0,0,0,0,0,0,0,0,1,0,1,0,0,0,0,0,0
3,2,650.0,20.0,463.0,1.0,16.0,2,1,0,1,1,0,1,1,0,1,1.0,0,0,0,0,1,0,0,1,0,0,0,0,0,0,0,0,0,0,0,0,0,0,0,0,1,0,0,0,0,0,1,1,0
3,2,950.0,20.0,635.0,1.0,4.0,0,0,0,0,0,0,0,0,1,1,2.0,0,0,0,0,0,0,0,0,0,0,0,0,0,0,0,0,0,0,0,0,0,0,0,0,1,0,0,0,0,0,1,0,1
3,2,950.0,17.0,463.0,1.0,9.0,6,0,0,0,0,0,0,0,0,0,1.0,1,0,0,0,0,1,0,1,1,0,1,0,1,0,0,0,0,0,0,0,0,0,0,0,0,0,0,0,0,1,0,1,0
3,1,650.0,12.0,3045.0,1.0,9.0,2,1,0,1,1,0,1,1,1,0,1.0,0,0,0,0,0,1,0,0,1,0,0,0,0,0,0,0,0,0,0,0,0,0,0,0,1,0,0,0,0,1,0,0,0
5,5,2415.0,24.0,670.0,1.0,3.0,14,0,0,0,0,0,0,0,1,0,2.0,1,1,1,1,1,1,1,1,1,1,1,1,1,1,0,0,0,0,0,0,0,0,0,0,1,0,1,0,0,0,0,0,1
4,3,1711.0,10.0,210.0,1.0,11.0,13,1,1,1,1,0,0,0,0,1,3.0,1,1,1,1,0,1,1,1,1,1,1,1,1,1,0,0,0,0,0,0,0,0,0,0,1,0,1,0,0,0,0,0,1
3,2,916.0,22.0,328.0,2.0,7.0,6,0,0,0,0,0,0,0,1,0,2.0,0,0,1,0,0,1,0,1,1,0,1,0,1,0,0,0,0,0,0,0,0,0,0,0,0,0,0,0,0,0,0,0,0
3,2,700.0,16.0,256.0,1.0,9.0,5,0,0,0,0,0,0,0,1,1,2.0,1,0,0,1,0,0,0,1,1,0,1,0,0,0,0,0,0,0,0,1,0,0,0,0,0,0,0,0,0,1,0,0,0
3,2,1283.0,35.0,547.0,1.0,9.0,9,0,0,0,0,0,0,0,1,1,2.0,0,0,1,0,1,1,0,1,1,0,1,1,1,1,0,0,0,0,0,1,0,0,0,0,0,0,1,0,0,1,0,0,0
2,2,1010.0,25.0,2003.0,2.0,4.0,14,0,0,0,0,0,0,0,1,1,3.0,1,1,1,1,1,1,1,1,1,1,1,1,1,1,0,0,0,0,0,0,0,0,0,0,0,0,0,0,1,0,0,0,0
3,2,800.0,20.0,1900.0,2.0,7.0,3,0,0,0,0,0,0,0,1,0,3.0,0,0,0,0,1,0,0,1,0,0,1,0,0,0,0,0,0,0,0,1,0,0,0,0,0,0,0,0,0,0,1,0,0
3,3,1200.0,20.0,463.0,3.0,9.0,3,0,0,0,0,0,0,0,1,1,1.0,1,0,1,0,0,0,1,0,0,0,0,0,0,0,1,0,0,0,0,0,0,0,0,0,0,0,1,0,0,1,1,1,0
3,3,1400.0,20.0,463.0,2.0,10.0,9,0,1,1,1,0,0,1,1,1,1.0,1,0,1,1,0,1,1,1,1,0,1,0,1,0,1,0,0,0,0,0,0,0,0,0,0,0,1,0,0,0,1,1,0
3,2,1100.0,30.0,265.0,2.0,1.0,11,1,1,1,1,1,0,0,0,1,1.0,1,1,1,1,1,0,1,1,1,1,1,0,1,0,0,0,0,0,0,0,0,0,0,0,1,0,1,0,0,0,0,0,0
3,1,657.0,20.0,463.0,1.0,9.0,3,0,0,0,0,0,0,0,0,1,1.0,0,0,0,0,1,0,0,1,1,0,0,0,0,0,1,0,0,0,0,0,0,0,0,0,0,0,0,0,0,1,1,1,0
3,2,850.0,20.0,463.0,1.0,9.0,4,0,0,0,0,0,0,0,1,0,2.0,0,0,0,0,0,0,1,0,1,0,1,0,1,0,0,0,0,0,0,0,0,0,1,0,0,0,0,0,0,1,1,1,0
3,2,650.0,11.0,792.0,1.0,21.0,4,1,0,1,1,0,0,1,0,0,2.0,0,0,0,0,0,1,0,1,0,0,1,0,1,0,1,0,0,0,0,0,0,0,0,0,0,0,0,0,0,0,0,0,1
3,2,1100.0,38.0,350.0,2.0,9.0,11,0,0,0,0,0,0,0,1,1,2.0,1,0,1,1,1,0,0,1,1,1,1,1,1,1,0,0,0,0,0,1,0,0,0,0,0,0,1,0,0,1,0,0,0
2,2,850.0,52.0,495.0,1.0,4.0,8,1,0,1,1,1,0,0,1,1,2.0,0,0,1,1,1,0,1,1,0,1,1,0,1,0,1,0,0,0,0,0,0,0,0,0,0,0,0,0,1,0,0,0,0
3,3,1288.0,30.0,808.0,1.0,10.0,10,0,0,0,0,0,0,0,1,1,2.0,0,0,1,0,1,1,0,1,1,1,1,1,1,1,0,0,0,0,0,1,0,0,0,0,0,0,1,0,0,0,0,0,0
2,1,624.0,20.0,463.0,1.0,9.0,0,0,0,0,0,0,0,0,1,0,3.0,0,0,0,0,0,0,0,0,0,0,0,0,0,0,1,0,0,0,0,0,0,0,0,0,0,0,0,1,0,1,1,1,1
3,2,926.0,22.0,1074.0,1.0,13.0,11,0,1,0,0,1,0,0,0,0,2.0,1,1,1,0,1,1,1,1,1,1,1,0,1,0,0,0,0,0,0,0,0,0,0,0,1,0,1,0,0,0,0,0,0
3,2,657.0,20.0,463.0,1.0,9.0,4,0,0,0,0,0,0,0,1,1,2.0,0,0,1,0,0,0,1,0,1,0,1,0,0,0,0,0,0,0,0,0,0,0,0,0,0,1,0,0,1,1,1,1,1
3,2,1200.0,20.0,410.0,2.0,2.0,7,0,0,0,0,0,0,0,1,1,3.0,1,1,0,0,0,0,1,1,1,1,0,0,1,0,0,0,0,0,0,1,0,0,0,0,0,0,1,0,0,0,1,0,0
4,2,1495.0,19.0,463.0,2.0,9.0,7,0,0,0,0,0,0,0,1,1,2.0,0,0,1,0,1,0,1,1,1,0,1,0,1,0,0,0,0,0,0,1,0,0,0,0,0,0,1,0,0,1,0,1,0
3,2,1087.0,6.0,463.0,1.0,9.0,8,1,1,0,1,0,0,1,1,1,2.0,0,0,0,0,1,1,1,1,1,0,1,1,1,0,1,0,0,0,0,0,0,0,0,0,0,0,1,0,0,1,0,1,1
3,1,600.0,20.0,463.0,2.0,9.0,4,0,1,0,1,0,0,0,0,0,2.0,0,0,0,0,0,1,1,1,1,0,0,0,0,0,1,0,0,0,0,0,0,0,0,0,0,0,0,0,0,1,1,1,0
3,2,1115.0,25.0,419.0,2.0,6.0,8,0,0,0,0,0,0,0,1,1,2.0,0,0,1,0,1,1,0,1,1,1,1,0,1,0,0,0,0,0,0,1,0,0,0,0,0,0,1,0,0,0,0,0,0
3,2,720.0,20.0,480.0,2.0,20.0,12,0,0,0,0,0,0,0,1,1,2.0,1,0,1,1,1,1,1,1,1,1,1,0,1,1,0,0,0,0,0,1,0,0,0,0,0,0,1,0,0,0,0,0,0
3,2,900.0,20.0,472.0,1.0,7.0,8,1,1,1,1,1,0,1,0,0,3.0,0,0,0,1,1,1,1,1,1,0,1,0,1,0,1,0,0,0,0,0,0,0,0,0,0,0,1,0,0,0,1,0,0
3,2,1155.0,20.0,463.0,2.0,9.0,5,0,0,0,0,0,0,0,1,0,2.0,0,0,0,0,1,0,0,1,1,0,1,0,1,0,0,0,0,0,0,1,0,0,0,0,0,0,1,0,0,1,1,1,0
3,2,1169.0,24.0,576.0,1.0,29.0,11,1,0,1,1,1,0,0,1,1,3.0,1,0,1,0,1,1,0,1,1,1,1,1,1,1,1,0,0,0,0,0,0,0,0,0,0,0,1,0,0,0,0,0,0
3,2,815.0,20.0,463.0,1.0,9.0,1,1,1,0,0,0,0,0,1,1,2.0,0,0,0,0,0,0,1,0,0,0,0,0,0,0,0,0,0,0,0,0,0,0,0,0,1,0,0,0,1,1,1,1,1
2,2,950.0,20.0,450.0,2.0,1.0,4,0,0,0,0,0,0,0,1,1,2.0,0,0,1,1,0,0,0,1,0,0,1,0,0,0,0,0,0,0,0,1,0,0,0,0,0,0,1,0,0,0,1,0,0
3,3,1200.0,20.0,463.0,2.0,9.0,14,0,0,0,0,0,0,0,1,1,3.0,1,1,1,1,1,1,1,1,1,1,1,1,1,1,0,0,0,0,0,0,0,0,0,0,1,0,1,0,0,1,1,1,0
4,3,1654.0,15.0,198.0,2.0,25.0,11,0,0,0,0,0,0,0,1,1,2.0,1,0,1,1,1,1,1,1,1,1,1,0,1,0,0,0,0,0,0,0,0,1,0,0,0,0,1,0,0,0,0,0,0
2,2,972.0,20.0,42.0,1.0,9.0,5,0,0,0,0,0,0,0,1,1,2.0,0,0,1,0,0,0,1,0,1,0,1,0,1,0,0,0,0,0,0,0,0,0,0,0,0,0,0,0,0,1,1,0,1
3,2,1221.0,5.0,463.0,1.0,9.0,5,0,0,0,0,0,0,0,1,1,2.0,1,0,0,0,0,0,0,1,1,0,1,0,1,0,0,0,0,0,0,0,0,0,0,0,1,0,1,0,0,1,0,1,1
4,2,1349.0,20.0,463.0,1.0,9.0,6,0,0,0,0,0,0,0,1,0,1.0,0,0,1,0,1,0,0,1,1,0,1,0,1,0,0,0,0,0,0,0,0,0,1,0,0,0,1,0,0,1,1,1,0
3,2,750.0,20.0,463.0,1.0,9.0,0,0,0,0,0,0,0,0,0,1,1.0,0,0,0,0,0,0,0,0,0,0,0,0,0,0,0,0,0,0,0,0,0,0,0,0,0,0,0,0,0,1,1,1,1
3,2,1250.0,20.0,461.0,2.0,5.0,8,0,0,0,0,0,0,0,0,1,3.0,0,0,1,1,1,0,1,1,1,0,1,0,1,0,0,0,0,0,0,0,0,0,0,0,1,0,1,0,0,0,1,0,0
3,2,900.0,5.0,463.0,1.0,9.0,4,0,0,0,0,0,0,0,1,1,1.0,0,0,0,0,1,1,0,1,0,0,1,0,0,0,0,0,0,0,0,1,0,0,0,0,0,0,0,0,0,1,0,1,0
3,2,650.0,5.0,463.0,1.0,9.0,0,0,0,0,0,0,0,0,1,1,1.0,0,0,0,0,0,0,0,0,0,0,0,0,0,0,0,0,0,0,0,0,0,0,0,0,1,0,0,1,0,1,0,1,1
3,2,850.0,20.0,463.0,1.0,9.0,0,0,0,0,0,0,0,0,1,0,2.0,0,0,0,0,0,0,0,0,0,0,0,0,0,0,1,0,0,0,0,0,0,0,0,0,0,0,1,0,0,1,1,1,1
5,4,2337.0,38.0,420.0,4.0,12.0,14,0,0,0,0,0,0,0,1,1,3.0,1,1,1,1,1,1,1,1,1,1,1,1,1,1,0,0,0,0,0,1,0,0,0,0,0,0,1,0,0,0,0,0,0
3,2,838.0,22.0,816.0,2.0,16.0,9,0,0,0,0,0,0,0,1,1,2.0,1,0,1,1,1,0,0,1,1,0,1,1,1,0,0,0,0,0,0,1,0,0,0,0,0,0,1,0,0,0,0,0,0
3,2,850.0,20.0,463.0,1.0,9.0,4,0,0,0,1,0,0,0,1,0,2.0,0,0,0,0,1,0,0,1,1,0,1,0,0,0,0,0,0,0,0,0,0,0,0,0,1,0,0,0,0,1,1,1,0
3,2,700.0,20.0,480.0,1.0,20.0,9,0,0,0,0,0,0,0,1,1,3.0,1,0,1,0,1,1,1,1,1,0,1,0,1,0,0,0,0,0,0,1,0,0,0,0,0,0,1,0,0,0,0,0,0
3,2,883.0,24.0,463.0,1.0,9.0,14,0,0,0,0,0,0,0,1,1,3.0,1,1,1,1,1,1,1,1,1,1,1,1,1,1,0,0,0,0,0,1,0,0,0,0,0,0,1,0,0,1,0,1,0
3,2,783.0,20.0,463.0,1.0,9.0,0,1,0,0,1,0,0,0,0,0,2.0,0,0,0,0,0,0,0,0,0,0,0,0,0,0,0,0,0,0,0,0,0,0,0,0,1,0,0,0,0,1,1,1,1
3,2,1265.0,32.0,228.0,2.0,3.0,6,1,0,1,1,0,0,0,1,1,2.0,0,0,1,0,0,0,1,1,1,0,1,0,1,0,1,0,0,0,0,0,0,0,0,0,0,0,1,0,0,0,0,0,0
4,2,920.0,20.0,463.0,1.0,6.0,5,0,0,0,0,0,0,0,1,1,2.0,0,0,0,0,1,0,0,1,1,0,1,0,1,0,0,0,0,0,0,0,0,0,0,0,0,0,0,0,0,0,0,1,1
3,3,1409.0,26.0,220.0,2.0,4.0,7,0,0,0,0,0,0,0,1,1,2.0,0,0,1,0,0,1,0,1,1,0,1,1,1,0,0,0,0,0,0,1,0,0,0,0,0,0,1,0,0,0,0,0,0
3,2,760.0,3.0,463.0,1.0,9.0,1,1,1,1,1,1,1,1,1,1,1.0,0,0,0,0,0,0,0,1,0,0,0,0,0,0,1,0,0,0,0,0,0,0,0,0,0,0,0,0,0,1,0,1,1
3,2,650.0,20.0,463.0,1.0,9.0,1,0,0,0,0,0,0,0,1,1,2.0,0,0,0,0,0,0,0,1,0,0,0,0,0,0,0,0,0,0,0,0,0,0,0,0,1,0,0,1,0,1,1,1,0
3,2,800.0,20.0,463.0,1.0,9.0,3,0,0,0,0,0,0,0,1,0,1.0,0,0,0,1,1,0,0,0,0,0,1,0,0,0,0,0,0,0,0,0,0,0,0,0,1,0,0,1,0,1,1,1,1
1,1,600.0,33.0,384.0,1.0,14.0,6,0,1,1,1,0,0,1,1,0,2.0,0,0,1,0,1,0,0,1,1,0,1,0,1,0,0,0,0,0,0,0,0,0,0,0,1,0,0,0,1,0,0,0,1
3,2,1204.0,20.0,463.0,1.0,9.0,5,0,0,0,0,0,0,0,1,1,2.0,0,0,0,0,1,0,0,1,1,0,1,0,1,0,0,0,0,0,0,0,0,0,1,0,0,0,1,0,0,1,1,1,0
2,1,560.0,20.0,463.0,1.0,9.0,3,0,0,0,0,0,0,0,1,1,2.0,0,1,0,0,0,0,0,0,1,0,1,0,0,0,0,0,0,0,0,0,0,0,0,0,1,0,1,0,0,1,1,1,0
3,2,1000.0,14.0,780.0,1.0,3.0,5,0,0,0,0,0,0,0,1,0,1.0,0,0,0,0,1,0,0,1,1,0,1,0,1,0,0,0,0,0,0,1,0,0,0,0,0,0,0,0,0,0,0,0,0
2,2,1240.0,24.0,463.0,2.0,9.0,10,0,0,0,0,0,0,0,1,1,1.0,1,0,1,1,1,1,0,1,1,1,1,0,1,0,1,0,0,0,0,0,0,0,0,0,0,0,0,0,0,1,0,1,0
4,3,1307.0,28.0,390.0,2.0,9.0,7,0,0,0,0,0,0,0,1,1,2.0,1,0,1,1,0,0,0,1,1,0,1,0,1,0,0,0,0,0,0,1,0,0,0,0,0,0,1,0,0,1,0,0,0
3,2,850.0,49.0,2155.0,2.0,7.0,0,0,0,0,0,0,0,0,1,0,2.0,0,0,0,0,0,0,0,0,0,0,0,0,0,0,0,0,0,0,0,1,0,0,0,0,0,0,1,0,0,0,0,0,0
3,2,1294.0,21.0,286.0,2.0,12.0,13,1,0,1,1,0,0,0,1,0,2.0,1,1,1,1,1,1,1,1,1,1,1,1,1,0,0,0,0,0,0,0,0,0,0,0,1,0,1,0,0,0,0,0,0
3,2,800.0,23.0,433.0,1.0,24.0,9,0,0,0,0,0,0,0,1,1,2.0,1,0,1,1,0,1,0,1,1,0,1,0,1,1,0,0,0,0,0,1,0,0,0,0,0,0,0,0,0,0,0,0,0
3,2,770.0,18.0,200.0,1.0,17.0,0,1,0,1,1,0,0,1,1,0,2.0,0,0,0,0,0,0,0,0,0,0,0,0,0,0,0,0,0,0,0,0,0,0,0,0,1,0,0,0,0,0,0,0,1
3,2,1035.0,25.0,1255.0,1.0,5.0,9,0,0,0,0,0,0,0,1,1,2.0,1,0,1,0,1,0,1,1,1,0,1,0,1,1,0,0,0,0,0,0,0,0,0,0,0,0,0,0,0,0,0,0,1
3,2,700.0,20.0,463.0,1.0,9.0,3,0,0,0,0,0,0,0,1,1,2.0,0,0,0,0,1,0,1,1,0,0,0,0,0,0,0,0,0,0,0,1,0,0,0,0,0,0,0,0,0,1,1,1,0
4,4,2304.0,20.0,463.0,2.0,9.0,10,0,0,0,0,0,0,0,1,1,3.0,0,0,1,0,1,1,0,1,1,1,1,1,1,1,0,0,0,0,0,0,0,0,0,0,0,1,1,0,0,1,1,1,0
3,1,650.0,5.0,463.0,1.0,9.0,3,0,0,1,1,1,0,0,0,1,2.0,0,0,0,0,0,0,0,1,1,0,1,0,0,0,0,0,0,0,0,0,0,0,0,0,1,0,0,0,0,1,0,1,1
3,3,1200.0,20.0,463.0,2.0,9.0,14,0,0,0,0,0,0,0,1,1,3.0,1,1,1,1,1,1,1,1,1,1,1,1,1,1,0,0,0,0,0,0,0,1,0,0,0,0,1,0,0,1,1,1,0
3,2,1000.0,32.0,71.0,2.0,8.0,8,0,0,0,0,0,0,0,1,1,2.0,1,0,1,1,0,0,0,1,1,1,1,0,1,0,0,0,0,0,0,1,0,0,0,0,0,0,1,0,0,0,0,0,0
3,2,850.0,50.0,3600.0,2.0,0.0,14,1,1,1,1,0,1,1,1,1,1.0,1,1,1,1,1,1,1,1,1,1,1,1,1,1,1,0,0,0,0,0,0,0,0,0,0,0,1,0,0,0,0,0,0
3,3,1598.0,42.0,670.0,2.0,6.0,5,0,0,0,0,0,0,0,1,1,3.0,0,0,1,0,1,0,0,1,0,0,1,0,1,0,0,0,0,0,0,1,0,0,0,0,0,0,1,0,0,0,0,0,0
3,2,1080.0,17.0,444.0,2.0,9.0,7,1,1,1,0,1,0,0,1,0,2.0,0,0,1,0,1,0,1,1,1,0,1,0,1,0,0,0,0,0,0,0,0,0,0,0,1,0,0,0,1,1,0,0,0
2,2,950.0,20.0,450.0,2.0,1.0,0,0,0,0,0,0,0,0,1,1,2.0,0,0,0,0,0,0,0,0,0,0,0,0,0,0,0,0,0,0,0,1,0,0,0,0,0,0,1,0,0,0,1,0,0
3,2,850.0,4.0,348.0,1.0,9.0,5,0,0,0,0,0,0,0,1,1,3.0,1,0,0,0,0,0,0,1,1,0,1,0,1,0,0,0,0,0,0,0,0,0,0,0,0,0,0,1,0,0,0,0,0
3,2,1100.0,20.0,240.0,1.0,9.0,3,0,0,0,0,0,0,0,1,0,2.0,0,0,1,0,0,0,0,0,0,0,1,0,1,0,0,0,0,0,0,1,0,0,0,0,0,0,1,0,0,1,1,0,0
3,2,850.0,20.0,635.0,2.0,4.0,9,0,1,0,0,0,0,0,1,1,2.0,0,0,1,1,1,1,0,1,1,1,1,0,1,0,0,0,0,0,0,0,0,0,0,0,1,0,0,0,0,0,1,0,0
3,2,755.0,14.0,336.0,1.0,13.0,5,0,0,0,0,0,0,0,0,1,3.0,0,0,0,0,1,0,0,1,1,0,1,0,1,0,1,0,0,0,0,0,0,0,0,0,0,0,1,0,0,0,0,0,0
3,2,678.0,20.0,463.0,1.0,9.0,2,0,0,0,0,0,0,0,0,1,2.0,0,0,0,0,0,1,0,0,1,0,0,0,0,0,0,0,1,0,0,0,0,0,0,0,0,0,0,1,0,1,1,1,1
3,2,931.0,20.0,516.0,1.0,16.0,5,1,1,1,0,1,1,0,0,0,2.0,0,0,1,0,0,1,1,0,0,0,1,0,1,0,0,0,0,0,0,0,0,0,0,0,1,0,0,0,1,0,1,0,0
3,2,969.0,20.0,1196.0,2.0,4.0,11,0,0,0,0,0,0,1,1,1,2.0,1,0,1,1,1,1,1,1,1,1,1,0,1,0,0,0,0,0,0,0,0,0,0,0,1,0,0,0,0,0,1,0,0
3,2,1540.0,16.0,463.0,2.0,9.0,9,0,0,0,0,0,0,0,1,0,2.0,0,0,1,1,1,1,0,1,1,1,1,0,1,0,0,0,0,0,0,0,0,0,0,0,1,0,1,0,0,1,0,1,0
3,2,1100.0,20.0,463.0,1.0,9.0,5,0,0,0,0,0,0,0,1,1,1.0,0,0,0,0,1,0,0,1,1,0,1,0,1,0,0,0,0,0,0,0,0,0,0,0,0,1,1,0,0,1,1,1,0
2,2,913.0,35.0,302.0,2.0,15.0,8,1,1,1,1,1,0,0,1,1,2.0,1,0,1,0,0,0,0,1,1,1,1,1,1,0,1,0,0,0,0,0,0,0,0,0,0,0,1,0,0,0,0,0,0
3,2,1184.0,20.0,144.0,2.0,9.0,9,1,1,1,1,1,1,0,1,0,2.0,0,1,1,0,1,1,0,1,0,0,1,1,1,1,1,0,0,0,0,0,0,0,0,0,0,0,1,0,0,1,1,0,0
2,2,550.0,20.0,463.0,1.0,9.0,2,0,0,0,0,0,0,0,1,0,2.0,0,0,0,0,1,1,0,0,0,0,0,0,0,0,0,0,0,0,0,1,0,0,0,0,0,0,0,1,0,1,1,1,1
3,2,700.0,22.0,403.0,1.0,23.0,3,0,0,0,0,0,0,0,1,1,1.0,0,0,0,0,1,0,0,1,0,0,1,0,0,0,0,0,0,0,0,1,0,0,0,0,0,0,1,0,0,0,0,0,0
4,3,2750.0,35.0,195.0,2.0,12.0,7,0,0,0,0,0,0,0,1,1,1.0,0,0,1,0,1,0,1,1,1,0,1,0,1,0,0,0,0,0,0,1,0,0,0,0,0,0,1,0,0,0,0,0,0
3,2,700.0,17.0,224.0,1.0,28.0,6,0,0,0,0,0,0,0,1,1,2.0,0,0,0,0,1,1,0,1,1,0,1,0,1,0,0,0,0,0,0,1,0,0,0,0,0,0,0,0,0,0,0,0,0
3,2,1046.0,20.0,463.0,1.0,9.0,7,0,0,0,0,0,0,0,1,0,2.0,0,0,0,0,1,1,1,1,1,0,1,0,1,0,0,0,0,0,0,0,0,0,0,0,1,0,1,0,0,1,1,1,0
3,2,650.0,20.0,463.0,1.0,9.0,0,0,0,0,0,0,0,0,1,1,2.0,0,0,0,0,0,0,0,0,0,0,0,0,0,0,0,0,0,0,0,0,0,0,0,0,0,0,0,0,0,1,1,1,1
5,2,1164.0,5.0,463.0,1.0,9.0,6,0,0,0,0,0,0,0,1,1,2.0,0,0,0,1,0,1,0,1,1,0,1,0,1,0,0,0,0,0,0,0,0,0,0,0,0,0,0,0,0,1,0,1,1
3,2,650.0,20.0,463.0,1.0,9.0,0,0,0,0,1,0,0,0,1,1,1.0,0,0,0,0,0,0,0,0,0,0,0,0,0,0,0,0,0,0,0,0,0,0,0,0,1,0,0,0,0,1,1,1,1
3,2,800.0,20.0,463.0,1.0,9.0,6,0,0,0,0,0,0,0,0,0,1.0,0,0,0,1,1,0,0,1,1,0,1,0,1,0,0,0,0,0,0,0,0,0,0,0,1,0,0,0,0,1,1,1,0
4,2,1062.0,25.0,588.0,1.0,18.0,8,1,1,1,1,0,0,1,1,1,2.0,0,0,0,0,1,1,1,1,1,0,1,0,1,1,0,0,0,0,0,0,0,0,0,0,1,0,0,0,1,0,0,0,1
3,2,960.0,12.0,196.0,1.0,15.0,8,0,0,0,0,0,0,0,0,0,2.0,1,0,1,0,1,1,0,1,1,0,1,0,1,0,0,0,0,0,0,0,0,0,0,0,1,0,1,0,0,0,0,0,0
3,2,700.0,30.0,500.0,1.0,11.0,9,0,0,0,0,0,0,0,1,1,3.0,1,0,1,1,1,0,1,1,1,0,1,0,1,0,0,0,0,0,0,1,0,0,0,0,0,0,0,0,0,0,0,0,0
2,2,620.0,43.0,956.0,1.0,9.0,4,1,1,1,1,1,0,0,1,1,2.0,0,0,1,0,0,1,0,1,0,0,1,0,0,0,0,0,0,0,0,0,0,0,0,0,1,0,1,0,0,1,0,0,0
1,1,434.0,25.0,2003.0,1.0,4.0,0,0,0,0,0,0,0,0,1,1,3.0,0,0,0,0,0,0,0,0,0,0,0,0,0,0,0,0,0,0,0,0,0,0,0,0,0,0,0,0,1,0,0,0,1
3,3,1091.0,30.0,808.0,1.0,10.0,10,0,0,0,0,0,0,0,1,1,2.0,0,0,1,0,1,1,0,1,1,1,1,1,1,1,0,0,0,0,0,1,0,0,0,0,0,0,1,0,0,0,0,0,0
3,2,845.0,21.0,744.0,1.0,21.0,10,0,0,1,1,0,0,0,1,1,2.0,1,0,1,1,0,1,0,1,1,1,1,0,1,1,1,0,0,0,0,0,0,0,0,0,0,0,1,0,0,0,0,0,1
3,2,1055.0,20.0,463.0,2.0,6.0,14,0,0,0,0,0,0,0,1,1,3.0,1,1,1,1,1,1,1,1,1,1,1,1,1,1,0,0,0,0,0,0,0,0,0,0,1,0,0,0,0,0,1,1,0
1,1,450.0,40.0,946.0,1.0,7.0,14,0,0,0,0,0,0,0,0,1,2.0,1,1,1,1,1,1,1,1,1,1,1,1,1,1,0,0,0,0,0,0,0,0,0,0,1,0,1,0,0,0,0,0,0
4,3,1710.0,20.0,1342.0,1.0,1.0,0,0,0,1,1,0,0,0,1,0,2.0,0,0,0,0,0,0,0,0,0,0,0,0,0,0,1,0,0,0,0,0,0,0,0,0,0,0,1,0,0,0,1,0,1
3,2,850.0,35.0,1843.0,1.0,4.0,14,0,0,0,0,0,0,0,0,1,2.0,1,1,1,1,1,1,1,1,1,1,1,1,1,1,0,0,0,0,0,0,0,0,0,0,0,0,0,0,1,0,0,0,0
3,2,1334.0,15.0,463.0,2.0,9.0,7,0,0,0,0,0,0,0,1,1,2.0,1,0,1,0,1,0,0,1,1,0,1,0,1,0,0,0,0,0,0,1,0,0,0,0,0,0,1,0,0,1,0,1,0
3,2,1100.0,20.0,463.0,1.0,9.0,0,0,0,0,0,0,0,0,1,0,2.0,0,0,0,0,0,0,0,0,0,0,0,0,0,0,0,0,0,0,0,0,0,0,0,0,0,0,0,0,0,1,1,1,1
1,1,550.0,35.0,463.0,1.0,7.0,12,0,0,0,0,0,0,0,1,1,3.0,1,0,1,0,1,1,1,1,1,1,1,1,1,1,0,0,0,0,0,0,0,0,0,0,1,0,0,0,1,0,0,1,0
3,2,1366.0,20.0,480.0,1.0,17.0,9,0,0,0,0,1,0,0,1,1,2.0,1,1,1,1,0,1,0,1,1,0,1,0,1,0,0,0,0,0,0,0,0,0,0,0,1,0,1,0,0,0,0,0,0
3,2,850.0,20.0,463.0,2.0,9.0,5,0,0,0,1,0,0,0,1,0,2.0,0,0,0,0,1,0,0,1,1,0,1,0,1,0,0,0,0,0,0,0,0,0,0,0,1,0,0,0,0,1,1,1,0
4,3,1280.0,20.0,463.0,3.0,9.0,14,0,0,0,0,0,0,0,1,1,2.0,1,1,1,1,1,1,1,1,1,1,1,1,1,1,1,0,0,0,0,0,0,0,0,0,0,0,1,0,0,1,1,1,0
3,2,1065.0,4.0,463.0,1.0,9.0,0,0,0,0,0,0,0,0,1,1,2.0,0,0,0,0,0,0,0,0,0,0,0,0,0,0,0,0,0,0,0,0,0,0,0,0,0,0,0,0,1,1,0,1,1
3,2,1117.0,20.0,463.0,1.0,9.0,6,0,0,0,0,0,0,0,0,1,2.0,0,0,1,0,1,0,0,1,1,0,1,0,1,0,0,0,0,0,0,0,1,0,0,0,0,0,0,0,0,1,1,1,1
4,3,1695.0,11.0,1240.0,3.0,23.0,7,0,1,1,1,0,0,1,1,1,3.0,0,0,0,1,1,1,1,1,1,0,1,0,0,0,1,0,0,0,0,0,0,0,0,0,0,0,1,0,0,0,0,0,0
3,2,900.0,12.0,463.0,1.0,9.0,5,1,0,1,1,1,0,0,1,1,1.0,0,0,1,0,0,0,0,1,1,0,1,0,1,0,0,0,0,0,0,0,0,0,0,0,1,0,1,0,0,1,0,1,0
3,2,1334.0,30.0,1039.0,2.0,4.0,12,0,0,1,1,0,0,0,1,1,2.0,1,1,1,1,1,1,1,1,1,0,1,0,1,1,0,0,0,0,0,0,0,0,0,0,1,0,1,0,0,0,0,0,0
3,2,830.0,17.0,463.0,2.0,9.0,0,0,0,0,0,0,0,0,1,1,3.0,0,0,0,0,0,0,0,0,0,0,0,0,0,0,0,0,0,0,0,1,0,0,0,0,0,0,0,0,0,1,0,1,0
3,2,800.0,20.0,224.0,1.0,24.0,8,0,0,0,0,0,0,0,1,1,2.0,0,0,1,0,1,0,1,1,1,1,1,0,1,0,0,0,0,0,0,1,0,0,0,0,0,0,0,0,0,0,1,0,0
3,2,1000.0,20.0,463.0,2.0,9.0,14,0,0,0,0,0,0,0,1,1,2.0,1,1,1,1,1,1,1,1,1,1,1,1,1,1,0,0,0,0,0,0,0,1,0,0,0,0,1,0,0,1,1,1,0
3,2,650.0,20.0,463.0,1.0,9.0,4,0,0,0,0,0,0,0,1,1,2.0,0,0,0,1,0,0,0,1,1,0,1,0,0,0,0,0,0,0,0,1,0,0,0,0,0,0,0,0,0,0,1,1,0
3,2,850.0,4.0,348.0,1.0,9.0,0,0,0,0,0,0,0,0,1,1,2.0,0,0,0,0,0,0,0,0,0,0,0,0,0,0,0,0,0,0,0,0,0,0,0,0,0,0,0,1,0,0,0,0,0
3,2,850.0,20.0,463.0,1.0,9.0,4,0,0,0,1,0,0,0,0,0,1.0,0,0,0,0,1,0,0,1,1,0,1,0,0,0,0,0,0,0,0,0,0,0,0,0,1,0,0,0,0,1,1,1,0
3,3,1765.0,31.0,660.0,1.0,3.0,7,0,0,0,1,0,0,1,1,0,2.0,0,0,1,1,0,0,1,1,1,0,1,0,1,0,0,0,0,0,0,0,0,0,0,0,1,0,0,0,1,0,0,0,1
3,2,850.0,20.0,463.0,3.0,9.0,10,0,0,0,0,0,0,0,0,1,2.0,1,0,1,1,1,1,1,1,1,0,1,0,1,0,0,0,0,0,0,0,0,0,0,0,0,0,0,0,0,1,1,1,0
3,3,1766.0,17.0,328.0,2.0,11.0,0,0,0,0,0,0,0,0,1,1,2.0,0,0,0,0,0,0,0,0,0,0,0,0,0,0,0,0,0,0,0,1,0,0,0,0,0,0,1,0,0,0,0,0,0
3,2,682.0,5.0,463.0,1.0,9.0,5,0,0,1,1,1,0,0,0,1,2.0,0,0,0,1,0,1,0,1,1,0,1,0,0,0,0,0,0,0,0,0,0,0,0,0,1,0,0,0,0,1,0,1,0
4,3,1300.0,44.0,684.0,3.0,0.0,14,0,0,0,0,0,0,0,1,1,2.0,1,1,1,1,1,1,1,1,1,1,1,1,1,1,1,0,0,0,0,0,0,0,0,0,0,0,0,0,1,0,0,0,0
3,2,900.0,22.0,754.0,2.0,15.0,0,0,0,0,0,0,0,0,1,0,2.0,0,0,0,0,0,0,0,0,0,0,0,0,0,0,0,0,0,0,0,1,0,0,0,0,0,0,1,0,0,0,0,0,0
3,2,557.0,33.0,553.0,2.0,5.0,8,1,0,0,1,0,0,0,0,1,1.0,0,0,1,0,1,1,1,1,1,0,1,0,1,0,0,0,0,0,0,0,0,0,0,0,1,0,0,0,1,0,0,0,0
2,1,550.0,22.0,1343.0,1.0,6.0,13,0,0,0,0,0,0,0,1,1,2.0,0,1,1,1,1,1,1,1,1,1,1,1,1,1,0,0,0,0,0,1,0,0,0,0,0,0,1,0,0,0,0,0,1
3,2,819.0,44.0,2136.0,1.0,2.0,6,0,1,0,1,0,0,1,1,0,2.0,0,0,1,0,1,0,0,1,1,0,1,0,1,0,1,0,0,0,0,0,0,0,0,0,0,0,0,0,1,0,0,0,0
3,2,946.0,17.0,616.0,1.0,15.0,7,0,1,1,1,1,0,0,0,0,3.0,0,0,1,0,0,1,0,1,1,1,1,0,1,0,0,0,0,0,0,0,0,0,0,0,1,0,1,0,0,0,0,0,0
3,2,947.0,20.0,463.0,1.0,9.0,0,0,0,0,0,0,0,0,0,0,1.0,0,0,0,0,0,0,0,0,0,0,0,0,0,0,0,0,0,0,0,0,0,0,0,0,0,0,0,0,1,1,1,1,1
3,2,998.0,8.0,400.0,1.0,18.0,9,0,0,0,0,0,0,0,0,0,2.0,0,0,1,1,1,1,1,1,1,0,1,0,1,0,0,0,0,0,0,0,0,0,0,0,1,0,1,0,0,0,0,0,1
3,2,893.0,20.0,463.0,1.0,9.0,3,0,0,0,0,0,0,0,1,0,2.0,0,0,0,0,1,0,0,1,0,0,1,0,0,0,0,0,0,0,0,0,0,0,0,1,0,0,0,0,0,1,1,1,0
1,1,689.0,40.0,1360.0,5.0,6.0,13,0,0,0,0,0,0,0,1,0,2.0,1,1,1,1,1,1,1,1,1,1,1,1,1,0,0,1,0,0,0,0,0,0,0,0,0,0,0,0,1,0,0,0,0
3,4,2124.0,14.0,319.0,1.0,9.0,10,0,0,0,0,0,0,0,1,1,2.0,1,0,1,1,0,1,0,1,1,1,1,0,1,1,0,0,0,0,0,0,0,0,0,0,0,0,0,0,0,1,0,0,0
2,1,700.0,5.0,260.0,1.0,9.0,0,0,0,0,0,0,0,0,0,0,3.0,0,0,0,0,0,0,0,0,0,0,0,0,0,0,0,0,0,0,0,0,0,0,0,0,0,0,0,1,0,1,0,0,1
3,2,900.0,20.0,635.0,2.0,4.0,10,0,0,0,0,0,0,0,1,1,3.0,1,0,1,1,1,1,1,1,1,0,1,0,1,0,0,0,0,0,0,0,0,0,0,0,1,0,0,0,0,0,1,0,0
3,2,1946.0,42.0,150.0,3.0,3.0,11,0,0,0,0,0,0,0,1,1,1.0,1,0,1,1,1,1,1,1,1,1,1,0,1,0,0,0,0,0,0,1,0,0,0,0,0,0,1,0,0,0,0,0,0
3,2,743.0,13.0,463.0,1.0,14.0,3,0,0,0,0,0,0,0,0,0,2.0,0,0,0,0,0,1,0,0,1,0,1,0,0,0,0,0,0,0,0,0,0,0,0,0,0,0,0,0,0,0,0,1,1
3,2,1021.0,20.0,899.0,5.0,10.0,11,0,0,0,0,0,0,0,1,0,1.0,1,0,1,1,1,1,1,1,1,0,1,0,1,1,0,0,0,0,0,0,0,0,0,0,1,0,1,0,0,0,0,0,0
3,2,1000.0,20.0,463.0,1.0,8.0,5,0,0,0,0,0,0,0,1,0,2.0,0,0,1,0,0,0,0,1,1,0,1,0,1,0,0,0,0,0,0,0,0,0,1,0,0,0,1,0,0,0,1,1,0
3,2,1828.0,28.0,238.0,2.0,13.0,8,1,1,1,1,1,1,0,1,1,2.0,1,0,1,0,0,0,0,0,1,1,1,1,1,1,1,0,0,0,0,0,0,0,0,0,0,0,1,0,0,0,0,0,0
3,1,603.0,20.0,463.0,1.0,9.0,3,0,0,0,0,0,0,0,1,0,2.0,0,0,0,0,0,1,0,1,1,0,0,0,0,0,0,0,0,0,0,1,0,0,0,0,0,0,0,1,0,1,1,1,0
3,2,1114.0,20.0,463.0,2.0,9.0,1,0,0,0,0,0,0,0,1,1,2.0,0,0,0,0,0,0,1,0,0,0,0,0,0,0,0,0,0,0,0,1,0,0,0,0,0,0,1,0,0,1,1,1,0
4,5,5619.0,6.0,98.0,4.0,6.0,13,0,0,0,0,0,0,0,1,1,3.0,1,1,1,1,1,0,1,1,1,1,1,1,1,1,0,0,0,0,0,1,0,0,0,0,0,0,1,0,0,0,0,0,0
3,2,1152.0,21.0,792.0,1.0,6.0,6,1,0,1,0,0,0,1,1,0,2.0,1,0,0,1,0,0,0,1,1,0,1,0,1,0,1,0,0,0,0,0,0,0,0,0,0,0,1,0,0,0,0,0,1
3,2,820.0,5.0,480.0,1.0,9.0,6,0,0,0,0,0,0,0,1,1,1.0,1,0,0,1,0,1,0,1,1,0,1,0,0,0,0,0,0,0,0,0,0,0,0,0,1,0,0,0,0,1,0,0,1
4,2,1200.0,20.0,463.0,2.0,9.0,12,0,0,0,0,0,0,0,1,1,2.0,1,1,1,1,1,0,0,1,1,1,1,1,1,1,0,0,0,0,0,0,0,0,0,0,1,0,1,0,0,1,1,1,0
2,1,450.0,20.0,463.0,1.0,9.0,0,0,0,0,0,0,0,0,1,0,2.0,0,0,0,0,0,0,0,0,0,0,0,0,0,0,0,0,0,0,0,0,0,0,0,1,0,0,0,1,0,1,1,1,1
3,2,850.0,21.0,406.0,1.0,25.0,5,0,0,0,0,0,0,0,1,1,1.0,0,0,0,0,1,0,0,1,1,0,1,0,1,0,0,0,0,0,0,1,0,0,0,0,0,0,1,0,0,0,0,0,0
2,2,668.0,44.0,2136.0,1.0,2.0,11,0,1,0,1,0,0,1,1,0,2.0,1,0,1,1,1,1,1,1,1,1,1,0,1,0,1,0,0,0,0,0,0,0,0,0,0,0,0,0,1,0,0,0,0
3,2,1045.0,20.0,440.0,1.0,9.0,10,0,0,0,0,0,0,0,1,1,3.0,1,1,1,1,0,1,0,1,1,0,1,0,1,1,0,0,0,0,0,0,0,0,0,0,0,0,0,0,0,0,1,0,1
3,2,720.0,20.0,463.0,1.0,9.0,1,1,0,0,0,0,0,0,0,0,2.0,0,0,0,0,0,0,0,0,0,0,1,0,0,0,0,0,0,0,0,0,0,0,0,0,1,0,0,0,0,1,1,1,1
3,2,893.0,23.0,763.0,1.0,6.0,8,0,0,0,0,0,0,0,1,1,3.0,1,0,1,1,0,0,1,1,1,0,1,0,1,0,0,0,0,0,0,0,0,0,0,0,1,0,1,0,0,0,0,0,1
3,2,800.0,20.0,463.0,1.0,9.0,0,0,0,0,0,0,0,0,1,0,2.0,0,0,0,0,0,0,0,0,0,0,0,0,0,0,1,0,0,0,0,0,0,0,0,0,0,0,0,0,0,1,1,1,1
2,2,1055.0,40.0,1360.0,5.0,6.0,9,0,0,0,0,0,0,0,1,0,3.0,1,0,1,0,1,0,1,1,1,1,1,0,1,0,0,1,0,0,0,0,0,0,0,0,0,0,0,0,1,0,0,0,0
3,2,1214.0,20.0,374.0,1.0,9.0,2,0,0,0,0,0,0,0,1,1,2.0,0,0,0,0,0,1,0,0,0,0,1,0,0,0,0,0,0,0,0,0,0,0,0,0,0,0,0,0,1,1,1,0,1
3,2,736.0,20.0,596.0,1.0,13.0,4,1,0,0,0,0,1,0,0,1,2.0,0,0,0,0,1,0,0,1,1,0,1,0,0,0,0,0,0,0,0,0,0,0,0,0,1,0,0,0,0,0,1,0,1
3,2,1288.0,20.0,428.0,2.0,7.0,11,0,0,0,0,0,0,0,1,1,2.0,1,0,1,1,1,1,1,1,1,1,1,0,1,0,0,0,0,0,0,0,0,0,0,0,1,0,1,0,0,0,1,0,0
3,2,925.0,11.0,463.0,1.0,9.0,5,0,0,1,0,0,0,0,1,1,2.0,0,0,1,0,0,0,0,1,1,0,1,0,1,0,0,0,0,0,0,0,0,0,0,0,1,0,0,0,0,1,0,1,1
3,1,700.0,5.0,7810.0,1.0,9.0,2,0,1,0,0,0,0,0,1,1,1.0,0,0,0,0,0,0,0,1,1,0,0,0,0,0,0,0,0,0,0,0,0,0,0,0,1,0,0,0,0,1,0,0,1
3,2,930.0,23.0,254.0,1.0,9.0,7,0,0,0,0,0,0,0,0,0,3.0,0,1,1,0,1,0,0,1,1,0,1,0,1,0,0,0,0,0,0,0,0,0,1,0,0,0,1,0,0,1,0,0,0
3,2,1036.0,33.0,550.0,2.0,2.0,9,0,0,0,0,0,0,0,1,1,2.0,1,1,1,1,0,0,1,0,1,1,1,0,1,0,0,0,0,0,0,1,0,0,0,0,0,0,1,0,0,0,0,0,0
3,2,1259.0,20.0,463.0,1.0,9.0,9,0,0,0,0,0,0,0,1,0,2.0,0,1,1,1,1,0,1,1,1,0,1,0,1,0,0,0,0,0,0,0,0,0,0,1,0,0,1,0,0,1,1,1,0
3,2,795.0,20.0,463.0,1.0,9.0,5,0,0,0,0,0,0,0,0,1,1.0,0,0,0,0,0,0,1,1,1,0,1,0,1,0,0,0,0,0,0,0,0,0,1,0,0,0,0,0,0,1,1,1,0
3,2,614.0,22.0,900.0,1.0,14.0,6,0,0,0,0,0,0,0,1,0,2.0,0,0,0,0,1,1,1,1,1,0,1,0,0,0,0,0,0,0,0,1,0,0,0,0,0,0,0,0,0,0,0,0,0
3,2,960.0,9.0,463.0,1.0,9.0,5,0,0,1,0,1,0,1,1,0,3.0,1,0,0,0,0,0,0,1,1,0,1,0,1,0,1,0,0,0,0,0,0,0,0,0,0,0,1,0,0,1,0,1,1
3,2,650.0,10.0,463.0,1.0,16.0,6,1,0,1,1,0,0,0,1,1,2.0,0,0,0,1,1,1,0,1,1,0,1,0,0,0,0,0,0,0,0,0,0,0,0,0,1,0,0,0,0,0,0,1,0
3,2,883.0,37.0,711.0,1.0,4.0,9,1,1,1,1,0,0,1,1,1,2.0,1,0,1,1,0,0,1,1,1,1,1,0,1,0,1,0,0,0,0,0,0,0,0,0,0,0,0,0,1,0,0,0,1
2,2,700.0,20.0,463.0,1.0,9.0,6,0,0,0,0,0,0,0,1,0,1.0,0,0,0,1,0,1,0,1,0,1,1,0,1,0,0,0,0,0,0,0,0,0,1,0,0,0,0,0,0,1,1,1,1
3,2,1173.0,15.0,463.0,1.0,9.0,5,1,1,1,1,0,0,0,0,0,1.0,0,0,0,0,0,1,0,1,1,0,1,0,1,0,0,0,0,0,0,0,0,0,0,0,1,0,1,0,0,1,0,1,1
2,1,657.0,20.0,596.0,1.0,1.0,6,0,1,1,0,0,0,0,1,0,2.0,1,0,0,1,0,0,0,1,1,1,1,0,0,0,0,0,0,0,0,0,0,0,0,0,1,0,0,0,1,0,1,0,1
3,2,1010.0,23.0,375.0,1.0,15.0,8,0,1,0,0,1,0,0,1,1,2.0,0,0,1,0,1,1,1,1,1,0,1,0,1,0,0,0,0,0,0,0,0,0,0,0,1,0,1,0,0,0,0,0,0
3,2,700.0,20.0,205.0,1.0,26.0,5,0,0,0,0,0,0,0,1,1,3.0,0,0,0,1,1,1,0,1,0,0,1,0,0,0,0,0,0,0,0,1,0,0,0,0,0,0,1,0,0,0,0,0,0
3,2,633.0,4.0,463.0,1.0,9.0,2,0,0,0,0,0,0,0,1,0,2.0,0,0,0,0,0,0,0,1,0,0,1,0,0,0,0,0,0,0,0,0,0,0,0,1,0,0,0,0,0,1,0,1,0
3,2,650.0,20.0,463.0,1.0,9.0,0,0,0,0,0,0,0,0,0,0,2.0,0,0,0,0,0,0,0,0,0,0,0,0,0,0,0,0,0,0,0,0,0,0,0,0,1,0,0,1,0,1,1,1,1
6,5,2600.0,36.0,326.0,2.0,12.0,10,0,0,0,0,0,0,0,1,1,2.0,1,1,1,1,0,0,0,1,1,1,1,1,1,0,0,0,0,0,0,1,0,0,0,0,0,0,1,0,0,0,0,0,0
3,2,750.0,5.0,463.0,1.0,9.0,6,0,0,1,0,0,0,0,1,1,1.0,0,0,0,1,0,1,1,1,1,0,1,0,0,0,0,0,0,0,0,0,0,0,0,0,1,0,0,0,0,1,0,1,0
3,2,1150.0,20.0,463.0,1.0,9.0,4,0,0,0,0,0,0,0,1,1,2.0,0,0,0,0,1,0,0,1,0,0,1,0,1,0,0,0,0,0,0,0,0,0,0,0,0,1,1,0,0,1,1,1,0
3,2,818.0,16.0,730.0,2.0,5.0,5,0,0,1,0,0,0,0,0,1,2.0,0,0,0,0,1,0,1,1,1,0,1,0,0,0,0,0,0,0,0,0,0,0,0,0,1,0,0,0,0,0,0,0,0
4,2,1550.0,20.0,600.0,2.0,13.0,7,0,1,0,1,0,0,1,0,1,3.0,0,0,1,1,0,1,0,1,1,0,1,0,1,0,1,0,0,0,0,0,0,0,0,0,0,0,1,0,0,0,1,0,0
4,3,1300.0,20.0,463.0,2.0,9.0,14,0,0,0,0,0,0,0,1,1,2.0,1,1,1,1,1,1,1,1,1,1,1,1,1,1,0,0,0,0,0,0,0,1,0,0,0,0,1,0,0,1,1,1,0
3,2,811.0,4.0,368.0,1.0,27.0,5,1,0,0,0,1,0,0,1,1,1.0,1,0,0,0,0,1,0,1,1,0,1,0,0,0,0,0,0,0,0,0,0,0,0,0,1,0,1,0,0,0,0,0,1
2,2,797.0,20.0,463.0,1.0,9.0,11,0,0,0,0,0,0,0,1,0,2.0,1,0,1,1,1,1,1,1,1,1,1,0,1,0,0,0,0,0,0,0,0,0,0,0,0,0,1,0,0,1,1,1,0
3,2,1100.0,14.0,96.0,1.0,26.0,4,0,0,0,0,0,0,0,1,1,2.0,0,0,0,0,1,0,0,1,0,0,1,0,1,0,0,0,0,0,0,1,0,0,0,0,0,0,1,0,0,0,0,0,0
3,2,975.0,29.0,372.0,2.0,10.0,10,0,0,0,0,0,0,0,1,1,2.0,1,0,1,1,1,1,1,1,1,0,1,0,1,0,0,0,0,0,0,0,0,0,0,0,1,0,1,0,0,0,0,0,0
3,3,1483.0,37.0,299.0,2.0,6.0,9,0,0,0,0,0,0,0,1,1,2.0,1,0,1,0,1,0,1,1,1,1,1,0,1,0,0,0,0,0,0,1,0,0,0,0,0,0,1,0,0,0,0,0,0
3,2,820.0,20.0,463.0,1.0,9.0,1,0,0,0,0,0,0,0,0,1,3.0,0,0,0,0,0,0,0,1,0,0,0,0,0,0,0,0,0,0,0,0,0,0,0,0,1,0,0,0,0,1,1,1,0
3,1,720.0,20.0,463.0,1.0,9.0,0,0,0,0,1,1,0,1,1,1,3.0,0,0,0,0,0,0,0,0,0,0,0,0,0,0,0,0,0,0,0,0,0,0,0,0,1,0,0,0,0,1,1,1,1
3,2,848.0,20.0,463.0,1.0,9.0,0,0,0,0,0,0,0,0,1,1,2.0,0,0,0,0,0,0,0,0,0,0,0,0,0,0,0,0,0,0,0,1,0,0,0,0,0,0,0,1,0,1,1,1,1
3,2,833.0,5.0,463.0,1.0,9.0,7,0,0,0,0,0,0,0,0,0,1.0,1,1,0,1,0,0,1,1,1,0,1,0,0,0,0,0,0,0,0,0,0,0,0,0,1,0,0,0,0,1,0,1,0
3,2,632.0,4.0,463.0,1.0,9.0,2,0,0,0,0,0,0,0,1,0,3.0,0,0,0,0,0,0,0,1,0,0,1,0,0,0,0,0,0,0,0,0,0,0,0,1,0,0,0,0,0,1,0,1,1
3,2,800.0,20.0,309.0,1.0,9.0,2,0,1,0,0,0,1,1,1,1,2.0,0,0,0,0,0,0,0,1,0,0,1,0,0,0,0,0,0,0,0,0,0,0,0,0,1,0,0,0,0,1,1,0,0
3,3,1038.0,20.0,630.0,2.0,1.0,14,0,0,0,0,0,0,0,1,0,2.0,1,1,1,1,1,1,1,1,1,1,1,1,1,1,0,0,0,0,0,0,0,0,1,0,0,0,0,0,1,0,1,0,0
3,2,750.0,18.0,200.0,1.0,17.0,0,1,0,1,1,0,0,1,0,0,2.0,0,0,0,0,0,0,0,0,0,0,0,0,0,0,0,0,0,0,0,0,0,0,0,0,1,0,0,0,0,0,0,0,0
3,2,1076.0,20.0,463.0,1.0,9.0,6,0,0,0,0,0,0,0,1,1,2.0,1,0,1,1,0,0,1,0,1,0,0,0,1,0,0,0,0,0,0,1,0,0,0,0,0,0,0,0,0,1,1,1,1
3,3,1598.0,42.0,670.0,2.0,6.0,5,0,0,0,0,0,0,0,1,1,2.0,0,0,1,0,1,0,0,1,0,0,1,0,1,0,0,0,0,0,0,1,0,0,0,0,0,0,1,0,0,0,0,0,0
1,1,383.0,20.0,463.0,1.0,9.0,0,0,0,0,0,0,0,0,0,0,2.0,0,0,0,0,0,0,0,0,0,0,0,0,0,0,0,0,0,0,0,0,0,0,1,0,0,0,0,0,0,1,1,1,1
1,1,535.0,20.0,356.0,1.0,14.0,0,1,1,1,1,1,0,0,0,0,2.0,0,0,0,0,0,0,0,0,0,0,0,0,0,0,0,0,0,0,0,0,0,0,0,0,1,0,0,0,1,0,1,0,1
1,1,450.0,20.0,196.0,1.0,11.0,9,1,1,1,1,1,0,0,1,0,3.0,1,0,1,1,1,1,0,1,1,0,1,0,1,0,0,0,0,0,0,0,0,0,0,0,1,0,1,0,0,0,1,0,0
3,2,700.0,28.0,463.0,1.0,9.0,3,0,0,0,0,0,0,0,1,1,2.0,0,0,0,0,1,0,0,1,0,0,1,0,0,0,0,0,0,0,0,1,0,0,0,0,0,0,0,0,0,1,0,1,0
3,2,1010.0,22.0,531.0,2.0,12.0,4,0,0,0,0,0,0,0,1,0,2.0,0,0,1,0,0,0,0,1,0,0,1,0,1,0,0,0,0,0,0,1,0,0,0,0,0,0,1,0,0,0,0,0,0
3,2,945.0,4.0,463.0,2.0,9.0,2,1,0,1,1,0,0,1,1,0,1.0,0,0,0,0,0,1,0,1,0,0,0,0,0,0,1,0,0,0,0,0,0,0,0,0,0,0,0,0,0,1,0,1,0
3,2,1276.0,30.0,720.0,2.0,9.0,5,0,0,1,1,0,1,1,1,0,2.0,0,0,1,1,0,0,0,1,0,0,1,0,1,0,1,0,0,0,0,0,0,0,0,0,0,0,1,0,0,1,0,0,0
3,2,745.0,5.0,463.0,1.0,9.0,4,0,0,0,0,0,0,0,1,1,1.0,1,0,0,0,0,0,0,1,1,0,1,0,0,0,0,0,0,0,0,0,0,0,0,0,1,0,0,0,0,1,0,1,0
3,2,940.0,38.0,2647.0,1.0,4.0,0,0,0,0,0,0,0,0,0,1,2.0,0,0,0,0,0,0,0,0,0,0,0,0,0,0,1,0,0,0,0,0,0,0,0,0,0,0,0,0,1,0,0,0,1
4,2,1207.0,18.0,250.0,1.0,10.0,11,1,0,1,1,0,0,0,1,0,2.0,0,1,1,1,1,1,1,1,1,1,1,0,1,0,1,0,0,0,0,0,0,0,0,0,0,0,0,0,1,0,0,0,0
3,2,743.0,20.0,463.0,2.0,9.0,0,0,0,0,0,0,0,0,1,1,3.0,0,0,0,0,0,0,0,0,0,0,0,0,0,0,0,0,0,0,0,0,0,0,0,0,0,0,0,1,0,1,1,1,0
5,5,1850.0,18.0,156.0,3.0,9.0,10,0,0,0,0,0,0,0,1,1,1.0,1,0,1,0,1,1,1,1,1,1,1,0,1,0,1,0,0,0,0,0,0,0,0,0,0,0,1,0,0,0,0,0,0
3,2,1052.0,14.0,244.0,2.0,3.0,10,0,0,0,0,0,0,0,1,1,2.0,1,0,1,1,1,1,1,1,1,0,1,0,1,0,0,0,0,0,0,0,0,0,0,0,1,0,1,0,0,0,0,0,0
1,1,450.0,32.0,704.0,1.0,7.0,10,0,1,0,0,1,0,0,1,0,3.0,1,0,1,1,1,0,1,1,1,1,1,0,1,0,0,0,0,0,0,0,0,0,0,0,1,0,0,0,1,0,0,0,0
3,2,700.0,23.0,433.0,1.0,24.0,10,0,0,0,0,0,0,0,1,1,2.0,1,0,1,1,1,1,0,1,1,0,1,0,1,1,0,0,0,0,0,1,0,0,0,0,0,0,0,0,0,0,0,0,0
2,1,650.0,18.0,1064.0,1.0,25.0,3,1,1,1,1,1,0,0,0,1,3.0,0,0,0,0,1,0,0,1,1,0,0,0,0,0,1,0,0,0,0,0,0,0,0,0,0,0,0,0,0,0,0,0,1
3,2,650.0,10.0,463.0,1.0,16.0,5,1,0,1,1,0,0,0,0,1,2.0,0,0,0,1,0,1,0,1,1,0,1,0,0,0,0,0,0,0,0,0,0,0,0,0,1,0,0,0,0,0,0,1,1
3,2,1153.0,20.0,1000.0,1.0,11.0,13,1,0,1,1,0,1,0,1,1,3.0,1,0,1,1,1,1,1,1,1,1,1,1,1,1,0,0,0,0,0,0,0,0,0,0,1,0,1,0,0,0,1,0,0
3,1,590.0,20.0,463.0,1.0,9.0,0,0,0,0,0,0,0,0,1,0,1.0,0,0,0,0,0,0,0,0,0,0,0,0,0,0,0,0,0,0,0,0,0,0,0,0,1,0,0,1,0,1,1,1,1
3,2,750.0,21.0,838.0,1.0,24.0,7,0,0,0,0,0,0,0,1,1,3.0,1,0,0,1,0,1,0,0,1,1,1,0,1,0,0,0,0,0,0,1,0,0,0,0,0,0,1,0,0,0,0,0,0
3,2,775.0,20.0,463.0,1.0,9.0,0,0,0,0,0,0,0,0,0,0,2.0,0,0,0,0,0,0,0,0,0,0,0,0,0,0,0,0,0,0,0,0,0,0,0,0,1,0,0,0,0,1,1,1,0
3,1,657.0,20.0,463.0,1.0,9.0,4,0,0,0,0,0,0,0,1,0,2.0,0,0,0,0,1,1,0,1,1,0,0,0,0,0,0,0,0,0,0,0,0,0,0,0,1,0,0,1,0,1,1,1,1
3,2,950.0,31.0,4225.0,2.0,8.0,4,1,1,1,1,0,0,1,1,1,2.0,0,0,0,0,0,0,0,1,1,0,1,0,1,0,1,0,0,0,0,0,0,0,0,0,0,0,0,0,1,0,0,0,0
1,1,404.0,31.0,230.0,1.0,9.0,10,0,0,0,0,0,0,0,1,1,2.0,1,0,1,1,1,0,1,1,1,1,1,0,1,0,0,0,0,0,0,1,0,0,0,0,0,0,0,0,1,1,0,0,0
2,2,816.0,22.0,616.0,1.0,7.0,6,1,1,1,0,1,0,1,0,1,2.0,0,0,1,0,0,0,1,1,1,0,1,0,1,0,0,0,0,0,0,0,0,0,0,0,1,0,0,0,1,0,0,0,1
1,1,452.0,18.0,504.0,1.0,7.0,8,1,1,1,1,0,0,0,1,0,2.0,1,0,1,0,1,0,1,1,1,0,1,0,1,0,0,0,0,0,0,0,0,0,0,0,1,0,0,0,1,0,0,0,1
2,1,698.0,20.0,463.0,1.0,7.0,5,1,0,1,1,0,0,1,1,0,2.0,0,0,1,1,0,0,1,1,1,0,0,0,0,0,1,0,0,0,0,0,0,0,0,0,0,0,1,0,0,0,1,1,0
4,2,1206.0,20.0,684.0,2.0,9.0,9,0,0,0,1,0,0,1,1,0,2.0,0,0,1,0,1,1,1,1,1,1,1,0,1,0,0,0,0,0,0,0,0,0,0,0,1,0,1,0,0,1,1,0,0
3,2,642.0,20.0,463.0,1.0,9.0,0,0,0,0,0,0,0,0,1,0,2.0,0,0,0,0,0,0,0,0,0,0,0,0,0,0,0,0,1,0,0,0,0,0,0,0,0,0,0,1,0,1,1,1,1
2,2,1010.0,25.0,2003.0,1.0,4.0,14,0,0,0,0,0,0,0,1,1,2.0,1,1,1,1,1,1,1,1,1,1,1,1,1,1,0,0,0,0,0,0,0,0,0,0,0,0,0,0,1,0,0,0,0
2,2,1311.0,13.0,463.0,2.0,9.0,14,0,0,1,1,0,0,1,1,1,1.0,1,1,1,1,1,1,1,1,1,1,1,1,1,1,1,0,0,0,0,0,0,0,0,0,0,0,1,0,0,1,0,1,0
3,1,650.0,20.0,463.0,1.0,9.0,2,0,0,0,1,0,0,0,0,0,1.0,0,0,0,0,0,0,0,1,0,0,1,0,0,0,0,0,0,0,0,0,0,0,0,0,1,0,0,0,0,1,1,1,1
3,2,1335.0,20.0,463.0,2.0,9.0,10,0,0,0,0,0,0,0,1,1,2.0,0,0,1,1,1,1,0,1,1,1,1,0,1,1,0,0,0,0,0,0,0,0,0,0,1,0,1,0,0,1,1,1,0
3,1,657.0,20.0,463.0,1.0,9.0,6,1,0,1,1,0,0,1,1,0,3.0,0,0,0,0,1,1,1,1,1,0,1,0,0,0,1,0,0,0,0,0,0,0,0,0,0,0,0,0,0,1,1,1,1
3,2,1250.0,30.0,410.0,2.0,6.0,9,0,0,0,0,0,0,0,1,1,3.0,0,0,1,1,1,0,1,1,1,1,1,0,1,0,0,0,0,0,0,1,0,0,0,0,0,0,1,0,0,0,0,0,0
3,2,1012.0,22.0,531.0,2.0,12.0,8,0,0,0,0,0,0,0,1,0,3.0,1,0,1,1,1,0,0,1,1,0,1,0,1,0,0,0,0,0,0,1,0,0,0,0,0,0,1,0,0,0,0,0,0
3,2,833.0,24.0,299.0,1.0,16.0,8,0,1,1,1,1,0,1,1,0,2.0,0,0,0,1,1,1,1,1,1,0,1,0,1,0,0,0,0,0,0,0,0,0,0,0,1,0,0,0,0,0,0,0,0
3,2,750.0,10.0,360.0,2.0,9.0,14,0,0,1,1,1,1,0,0,1,1.0,1,1,1,1,1,1,1,1,1,1,1,1,1,1,0,0,0,0,0,0,0,0,0,0,1,0,0,0,0,1,0,0,0
2,2,1100.0,20.0,320.0,1.0,9.0,10,1,0,1,0,1,0,0,1,1,2.0,1,0,1,1,1,1,0,1,1,0,1,1,1,0,1,0,0,0,0,0,0,0,0,0,0,0,1,0,0,1,0,0,0
2,1,516.0,43.0,200.0,1.0,9.0,8,1,1,1,1,1,0,0,1,1,2.0,1,0,1,1,0,0,0,1,1,1,1,0,1,0,0,0,0,0,0,0,0,0,0,0,1,0,0,0,1,1,0,0,1
3,2,900.0,20.0,463.0,2.0,9.0,13,0,0,0,0,0,0,0,1,1,2.0,1,1,1,1,1,1,1,1,1,0,1,1,1,1,0,0,0,0,0,0,0,0,0,0,1,0,0,0,0,1,1,1,0
4,3,2200.0,20.0,456.0,2.0,7.0,7,0,0,1,0,1,0,0,1,0,1.0,1,0,1,0,1,0,0,1,1,0,1,0,1,0,0,0,0,0,0,0,0,0,0,0,1,0,1,0,0,0,0,0,0
3,2,877.0,13.0,463.0,1.0,14.0,14,1,0,1,1,0,0,0,1,0,2.0,1,1,1,1,1,1,1,1,1,1,1,1,1,1,1,0,0,0,0,0,0,0,0,0,0,0,1,0,0,0,0,1,0
3,2,850.0,24.0,342.0,1.0,25.0,5,0,0,0,0,0,0,0,1,1,2.0,0,0,0,0,1,1,0,1,0,0,1,0,1,0,0,0,0,0,0,1,0,0,0,0,0,0,1,0,0,0,0,0,0
3,2,1100.0,20.0,109.0,1.0,9.0,7,0,0,0,0,0,0,0,1,0,2.0,1,0,1,0,1,0,0,1,1,0,1,0,1,0,0,0,0,0,0,0,0,0,1,0,0,0,1,0,0,1,1,0,0
3,2,1200.0,20.0,771.0,2.0,7.0,6,0,0,0,0,0,0,0,1,1,2.0,0,0,1,1,0,0,0,1,1,0,1,0,1,0,0,0,0,0,0,1,0,0,0,0,0,0,1,0,0,0,0,0,0
3,2,850.0,19.0,180.0,1.0,9.0,6,0,0,0,0,0,0,0,1,1,3.0,0,0,0,0,1,1,1,1,0,0,1,0,1,0,0,0,0,0,0,1,0,0,0,0,0,0,1,0,0,1,0,0,0
3,2,800.0,34.0,1502.0,1.0,6.0,11,1,0,0,1,0,0,0,1,0,2.0,1,0,1,1,1,1,1,1,1,1,1,0,1,0,1,0,0,0,0,0,0,0,0,0,0,0,0,0,0,0,0,0,0
3,2,756.0,20.0,463.0,1.0,9.0,0,0,0,0,0,0,0,1,0,1,2.0,0,0,0,0,0,0,0,0,0,0,0,0,0,0,0,0,0,0,0,0,0,0,0,0,1,0,0,0,0,1,1,1,1
4,3,1285.0,30.0,808.0,1.0,10.0,10,0,0,0,0,0,0,0,1,1,3.0,0,0,1,0,1,1,0,1,1,1,1,1,1,1,0,0,0,0,0,1,0,0,0,0,0,0,1,0,0,0,0,0,0
3,2,802.0,14.0,1008.0,2.0,28.0,1,1,0,1,1,1,0,0,1,0,2.0,0,0,0,0,0,1,0,0,0,0,0,0,0,0,1,0,0,0,0,0,0,0,0,0,0,0,1,0,0,0,0,0,0
4,2,1100.0,42.0,1311.0,2.0,2.0,14,0,0,0,0,0,0,0,1,1,2.0,1,1,1,1,1,1,1,1,1,1,1,1,1,1,0,0,0,0,0,0,0,0,0,0,1,0,1,0,0,0,0,0,0
3,2,901.0,20.0,606.0,1.0,18.0,7,0,0,1,1,0,0,0,1,0,2.0,0,0,1,0,0,1,0,1,1,0,1,0,1,1,0,0,0,0,0,0,0,0,0,0,1,0,1,0,0,0,0,0,0
3,2,1068.0,20.0,944.0,1.0,7.0,1,0,0,0,0,0,0,0,1,0,3.0,0,0,0,0,0,0,0,0,0,0,0,1,0,0,0,0,0,0,0,0,0,0,0,0,0,0,1,0,0,0,1,0,0
3,2,1288.0,20.0,463.0,1.0,9.0,6,0,0,0,0,0,0,0,1,0,1.0,1,0,1,0,1,0,0,1,0,0,1,0,1,0,0,0,0,0,0,0,0,0,1,0,0,0,1,0,0,1,1,1,0
3,2,775.0,18.0,200.0,1.0,17.0,6,1,0,1,1,0,0,1,0,0,1.0,0,0,0,0,1,0,1,1,1,0,1,0,1,0,0,0,0,0,0,0,0,0,0,0,1,0,0,0,0,0,0,0,0
3,2,1260.0,36.0,1338.0,2.0,6.0,11,1,0,1,1,0,0,0,1,0,3.0,1,0,1,1,1,1,1,1,1,1,1,0,1,0,1,0,0,0,0,0,0,0,0,0,0,0,0,0,1,0,0,0,0
3,2,1232.0,22.0,768.0,1.0,9.0,10,0,0,0,0,0,0,0,1,0,2.0,1,0,1,0,1,1,1,1,1,0,1,1,1,0,1,0,0,0,0,0,0,0,0,0,0,0,1,0,0,1,0,0,0
2,1,615.0,20.0,463.0,1.0,9.0,0,0,0,0,0,0,0,0,1,1,1.0,0,0,0,0,0,0,0,0,0,0,0,0,0,0,0,0,0,0,0,0,0,0,1,0,0,0,0,0,0,1,1,1,1
3,2,689.0,11.0,463.0,1.0,9.0,3,0,0,0,0,0,0,0,1,1,2.0,0,0,0,0,1,0,0,1,0,0,1,0,0,0,0,0,0,0,0,0,0,0,0,0,1,0,0,0,0,1,0,1,1
3,2,1270.0,31.0,476.0,2.0,6.0,8,0,0,0,0,0,0,0,1,1,3.0,1,0,1,1,0,0,1,0,1,1,1,0,1,0,0,0,0,0,0,1,0,0,0,0,0,0,1,0,0,0,0,0,0
3,2,700.0,22.0,1008.0,1.0,26.0,3,0,0,0,0,0,0,0,1,1,2.0,0,0,0,0,1,0,0,1,0,0,1,0,0,0,0,0,0,0,0,1,0,0,0,0,0,0,0,0,0,0,0,0,1
3,2,700.0,9.0,155.0,1.0,24.0,2,0,0,0,0,0,0,0,1,1,1.0,0,0,0,0,0,0,0,1,0,0,1,0,0,0,0,0,0,0,0,1,0,0,0,0,0,0,0,0,0,0,0,0,0
2,1,520.0,13.0,1020.0,1.0,9.0,0,0,0,0,0,0,0,0,1,0,3.0,0,0,0,0,0,0,0,0,0,0,0,0,0,0,0,0,0,0,0,1,0,0,0,0,0,0,0,0,0,1,0,0,1
3,2,850.0,15.0,463.0,1.0,10.0,6,1,0,0,1,0,0,0,0,1,2.0,0,0,1,0,0,1,1,1,0,0,1,0,1,0,0,0,0,0,0,0,0,0,0,0,1,0,1,0,0,0,0,1,0
3,2,1246.0,24.0,1235.0,2.0,2.0,9,0,0,0,0,0,0,0,1,1,2.0,1,0,1,1,1,0,0,1,1,1,1,0,1,0,0,0,0,0,0,1,0,0,0,0,0,0,1,0,0,0,0,0,0
3,2,800.0,4.0,75.0,2.0,9.0,6,0,0,0,0,0,0,0,1,1,2.0,0,0,0,1,1,0,1,1,1,0,0,0,1,0,0,0,0,0,0,0,0,0,0,0,1,0,0,0,0,0,0,0,0
3,3,1267.0,20.0,1317.0,1.0,13.0,11,1,1,0,1,1,0,1,0,1,1.0,1,1,1,1,1,1,1,1,1,0,1,0,1,0,1,0,0,0,0,0,0,0,0,0,0,0,1,0,0,0,0,0,0
3,2,800.0,6.0,672.0,1.0,29.0,7,0,0,0,0,0,0,0,1,0,2.0,1,0,0,1,1,0,0,1,1,0,1,0,1,0,0,0,0,0,0,1,0,0,0,0,0,0,0,0,0,0,0,0,0
1,1,527.0,35.0,849.0,1.0,5.0,11,0,0,0,0,0,0,0,0,1,2.0,1,1,1,1,1,0,1,1,1,1,1,0,1,0,0,0,0,0,0,0,0,0,0,0,0,0,0,0,1,0,0,0,1
2,2,832.0,56.0,819.0,2.0,1.0,5,0,0,0,0,0,0,0,1,0,2.0,0,0,1,0,0,0,1,0,0,1,1,0,1,0,0,0,0,0,0,0,0,0,1,0,0,0,0,0,1,0,0,0,0
3,2,753.0,20.0,463.0,1.0,9.0,4,0,0,0,0,0,0,0,1,1,2.0,0,0,0,0,1,0,0,1,1,0,1,0,0,0,0,0,0,0,0,0,0,0,0,0,1,0,0,0,0,1,1,1,0
3,2,1654.0,15.0,198.0,2.0,25.0,6,0,0,0,0,0,0,0,1,1,2.0,0,0,0,0,0,0,0,1,1,0,1,1,1,1,0,0,0,0,0,0,0,1,0,0,0,0,1,0,0,0,0,0,0
4,4,4800.0,31.0,34.0,2.0,9.0,9,0,0,0,0,0,0,0,1,1,2.0,1,0,1,1,0,0,1,1,1,1,1,0,1,0,0,0,0,0,0,1,0,0,0,0,0,0,1,0,0,1,0,0,0
3,2,700.0,20.0,463.0,1.0,9.0,4,0,0,0,0,0,0,0,1,1,2.0,0,0,0,0,1,0,1,1,0,0,1,0,0,0,0,0,0,0,0,1,0,0,0,0,0,0,0,0,0,1,1,1,0
3,2,1005.0,23.0,463.0,1.0,9.0,3,1,0,0,1,1,0,1,0,0,2.0,0,0,0,0,0,1,0,1,0,0,1,0,0,0,1,0,0,0,0,0,0,0,0,0,0,0,1,0,0,1,0,1,1
2,2,715.0,20.0,1388.0,1.0,7.0,10,1,0,0,1,0,0,0,1,1,3.0,1,0,1,0,1,1,1,1,1,1,1,0,1,0,1,0,0,0,0,0,0,0,0,0,0,0,0,0,1,0,1,0,0
3,2,700.0,23.0,463.0,1.0,14.0,7,0,0,0,0,0,0,0,1,1,2.0,1,0,1,1,0,0,1,1,1,0,1,0,0,0,0,0,0,0,0,1,0,0,0,0,0,0,0,0,0,0,0,1,0
3,2,750.0,20.0,463.0,1.0,9.0,0,0,0,0,0,0,0,0,0,0,1.0,0,0,0,0,0,0,0,0,0,0,0,0,0,0,0,0,0,0,0,0,0,0,0,0,1,0,0,0,0,1,1,1,0
2,1,547.0,20.0,463.0,1.0,9.0,2,0,1,0,1,0,0,0,0,0,2.0,0,0,0,0,0,0,0,1,0,0,1,0,0,0,1,0,0,0,0,0,0,0,0,0,0,0,0,1,0,1,1,1,1
3,3,1488.0,15.0,463.0,1.0,9.0,12,0,0,0,0,0,0,0,1,0,3.0,1,0,1,1,1,1,1,1,1,1,1,1,1,0,0,0,0,0,0,0,0,0,1,0,0,0,1,0,0,1,0,1,1
3,2,1200.0,20.0,771.0,2.0,7.0,9,0,0,0,0,0,0,0,1,1,1.0,1,0,1,1,1,0,1,1,1,0,1,0,1,0,0,0,0,0,0,1,0,0,0,0,0,0,1,0,0,0,0,0,0
3,2,712.0,20.0,463.0,1.0,13.0,6,0,0,0,0,0,0,0,1,0,3.0,0,0,0,1,0,1,0,1,1,0,1,0,1,0,0,0,0,0,0,0,0,0,0,0,1,0,0,0,1,0,1,1,0
3,2,650.0,20.0,463.0,1.0,9.0,4,0,0,1,0,0,0,1,1,0,3.0,0,0,0,0,1,1,0,1,1,0,0,0,0,0,1,0,0,0,0,0,0,0,0,0,0,0,0,0,0,1,1,1,1
4,3,1600.0,58.0,1300.0,2.0,9.0,8,1,1,0,1,1,0,1,1,0,2.0,1,0,1,1,0,0,1,0,1,1,1,0,1,0,1,0,0,0,0,0,0,0,0,0,0,0,0,0,1,1,0,0,0
3,2,650.0,20.0,463.0,1.0,9.0,6,0,0,0,0,0,0,0,1,1,1.0,0,0,0,1,1,1,0,1,1,0,1,0,0,0,0,0,0,0,0,1,0,0,0,0,0,0,0,0,0,1,1,1,0
3,2,1261.0,26.0,344.0,2.0,4.0,10,1,1,0,1,0,0,1,1,1,3.0,1,0,1,0,1,1,1,1,1,1,1,0,1,0,1,0,0,0,0,0,0,0,0,0,0,0,1,0,0,0,0,0,0
4,2,1106.0,19.0,392.0,2.0,9.0,12,0,0,0,0,0,0,0,1,1,2.0,1,1,1,1,0,1,1,1,1,1,1,0,1,1,0,0,0,0,0,0,0,0,0,0,1,0,1,0,0,1,0,0,0
3,2,700.0,11.0,100.0,1.0,28.0,2,0,0,0,0,0,0,0,1,1,3.0,0,0,0,0,0,0,0,1,0,0,1,0,0,0,0,0,0,0,0,1,0,0,0,0,0,0,0,0,0,0,0,0,0
3,3,1250.0,20.0,630.0,2.0,1.0,13,0,0,0,0,0,0,0,1,0,3.0,1,1,1,1,1,1,1,1,1,1,1,0,1,1,0,0,0,0,0,0,0,0,1,0,0,0,0,0,1,0,1,0,0
3,2,1222.0,8.0,67.0,2.0,9.0,3,0,0,0,0,0,0,0,1,1,1.0,0,0,0,0,1,0,0,1,0,0,1,0,0,0,0,0,0,0,0,0,0,0,0,0,1,0,0,0,0,1,0,0,0
3,2,974.0,10.0,243.0,1.0,13.0,3,0,0,0,0,0,0,0,1,0,2.0,0,0,0,0,0,0,0,1,1,0,1,0,0,0,0,0,0,0,0,0,0,0,0,0,1,0,1,0,0,0,0,0,1
3,2,1000.0,20.0,463.0,1.0,9.0,3,0,0,0,0,0,0,0,1,1,2.0,0,0,0,0,0,0,0,1,0,1,1,0,0,0,0,0,0,0,0,0,0,0,0,0,1,0,0,0,0,1,1,1,1
3,2,1399.0,20.0,463.0,1.0,9.0,1,0,0,0,0,0,0,0,1,0,1.0,0,0,0,0,0,0,0,0,0,0,1,0,0,0,0,0,0,0,0,0,0,0,0,1,0,0,0,0,0,1,1,1,0
3,2,1018.0,20.0,463.0,2.0,9.0,6,1,0,1,1,1,0,0,1,0,2.0,0,0,1,0,1,0,0,1,1,0,1,0,1,0,1,0,0,0,0,0,0,0,0,0,0,0,1,0,0,1,1,1,0
2,3,1300.0,20.0,463.0,1.0,9.0,9,0,0,0,0,0,0,0,1,0,1.0,0,0,1,1,0,0,0,1,1,1,1,1,1,1,0,0,0,0,0,0,0,0,1,0,0,0,1,0,0,1,1,1,1
3,2,650.0,20.0,463.0,1.0,9.0,5,1,1,1,1,0,0,1,1,0,2.0,0,0,0,0,1,1,0,1,1,0,1,0,0,0,1,0,0,0,0,0,0,0,0,0,0,0,0,0,0,1,1,1,0
4,2,1331.0,17.0,475.0,1.0,10.0,6,0,0,0,0,0,0,0,1,1,2.0,0,0,1,0,0,1,0,1,1,0,1,0,1,0,1,0,0,0,0,0,0,0,0,0,0,0,1,0,0,0,0,0,1
3,2,850.0,5.0,463.0,1.0,9.0,4,1,0,1,1,0,0,0,1,1,2.0,0,0,0,1,0,1,0,0,1,0,1,0,0,0,0,0,0,0,0,0,0,0,0,0,1,0,0,0,0,1,0,1,0
3,2,819.0,44.0,2136.0,1.0,2.0,7,0,1,0,1,0,0,1,1,0,2.0,1,0,1,0,1,0,0,1,1,0,1,0,1,0,1,0,0,0,0,0,0,0,0,0,0,0,0,0,1,0,0,0,0
3,2,893.0,23.0,763.0,2.0,6.0,8,0,0,0,0,0,0,0,1,1,3.0,1,0,1,1,0,0,1,1,1,0,1,0,1,0,0,0,0,0,0,0,0,0,0,0,1,0,0,0,1,0,0,0,0
3,2,870.0,18.0,463.0,1.0,9.0,8,0,0,0,0,0,0,0,0,0,2.0,0,0,1,0,1,1,0,1,1,0,1,1,1,0,0,0,0,0,0,0,0,0,0,0,1,0,0,0,0,1,0,1,1
2,2,1000.0,22.0,500.0,1.0,15.0,6,0,0,1,1,0,0,1,1,0,2.0,1,0,0,0,0,1,0,1,1,0,1,0,1,0,1,0,0,0,0,0,0,0,0,0,0,0,1,0,0,0,0,0,0
3,2,678.0,20.0,463.0,1.0,9.0,0,0,0,0,0,0,0,0,0,1,2.0,0,0,0,0,0,0,0,0,0,0,0,0,0,0,0,0,0,0,0,0,0,0,0,0,1,0,0,1,0,1,1,1,1
3,2,850.0,29.0,463.0,1.0,15.0,7,0,0,0,0,0,0,0,1,1,3.0,0,0,1,1,0,1,0,1,1,1,1,0,0,0,0,0,0,0,0,1,0,0,0,0,0,0,0,0,0,0,0,1,0
3,2,1155.0,20.0,463.0,2.0,9.0,10,0,0,0,0,0,0,0,1,1,2.0,1,0,1,1,1,0,1,1,1,1,1,0,1,0,0,0,0,0,0,1,0,0,0,0,0,0,1,0,0,1,1,1,0
3,2,800.0,18.0,182.0,1.0,17.0,7,0,0,0,0,0,0,0,1,1,2.0,0,0,0,0,1,0,0,1,1,0,1,1,1,1,0,0,0,0,0,1,0,0,0,0,0,0,0,0,0,0,0,0,0
2,1,513.0,20.0,463.0,1.0,9.0,4,0,0,0,0,0,0,0,1,1,3.0,0,0,0,1,0,1,0,1,1,0,0,0,0,0,0,0,0,0,0,0,0,0,0,0,0,0,0,1,0,1,1,1,0
3,2,1185.0,38.0,572.0,1.0,4.0,0,0,0,0,0,0,0,0,1,1,2.0,0,0,0,0,0,0,0,0,0,0,0,0,0,0,0,0,0,0,0,1,0,0,0,0,0,0,0,0,1,0,0,0,1
2,2,872.0,33.0,378.0,1.0,12.0,6,1,1,1,1,0,0,1,1,1,2.0,0,0,1,0,1,1,1,0,0,0,1,0,1,0,1,0,0,0,0,0,0,0,0,0,0,0,0,0,1,0,0,0,1
5,6,2723.0,28.0,182.0,2.0,15.0,9,1,1,1,1,1,1,0,1,1,3.0,1,1,1,0,0,0,0,1,1,1,1,1,1,0,1,0,0,0,0,0,0,0,0,0,0,0,1,0,0,0,0,0,0
3,2,1023.0,20.0,1200.0,2.0,4.0,12,0,0,0,0,0,0,0,1,1,2.0,1,1,1,1,1,1,1,1,1,1,1,0,1,0,0,0,0,0,0,0,0,0,0,0,1,0,1,0,0,0,1,0,0
3,2,915.0,20.0,704.0,1.0,13.0,10,1,0,0,1,0,0,0,1,0,2.0,1,1,1,0,1,1,1,1,1,0,1,0,1,0,0,0,0,0,0,0,0,0,0,0,1,0,0,0,0,0,1,0,0
3,2,580.0,23.0,2208.0,1.0,14.0,4,0,0,0,0,0,0,0,1,0,3.0,0,0,0,1,1,1,0,1,0,0,0,0,0,0,0,0,0,0,0,1,0,0,0,0,0,0,0,0,0,0,0,0,1
4,3,1100.0,20.0,463.0,2.0,9.0,14,0,0,0,0,0,0,0,1,1,2.0,1,1,1,1,1,1,1,1,1,1,1,1,1,1,0,0,0,0,0,0,0,1,0,0,0,0,1,0,0,1,1,1,0
2,2,750.0,40.0,420.0,1.0,6.0,12,0,0,0,0,0,0,0,1,1,2.0,1,0,1,1,1,1,0,1,1,1,1,1,1,1,0,0,0,0,0,1,0,0,0,0,0,0,0,0,1,0,0,0,0
3,2,806.0,20.0,463.0,1.0,9.0,0,0,0,0,0,0,0,0,1,0,2.0,0,0,0,0,0,0,0,0,0,0,0,0,0,0,0,0,0,0,0,0,0,0,0,1,0,0,0,0,0,1,1,1,0
4,2,1364.0,24.0,900.0,1.0,8.0,8,0,0,0,0,0,0,0,1,0,2.0,0,0,1,0,1,1,0,1,1,1,1,0,1,0,1,0,0,0,0,0,0,0,0,0,0,0,1,0,0,0,0,0,0
2,2,818.0,20.0,463.0,3.0,6.0,9,0,0,0,0,0,0,0,1,1,3.0,1,0,1,1,1,0,1,1,1,0,1,0,1,0,0,0,0,0,0,0,0,0,0,1,0,0,1,0,0,0,1,1,0
2,2,818.0,33.0,1002.0,1.0,9.0,14,0,0,1,1,0,0,0,1,0,3.0,1,1,1,1,1,1,1,1,1,1,1,1,1,1,0,0,0,0,0,0,0,0,0,0,1,0,0,0,1,0,0,0,0
3,2,721.0,20.0,463.0,1.0,9.0,1,0,0,0,0,0,0,0,0,0,2.0,0,0,0,0,0,0,0,1,0,0,0,0,0,0,1,0,0,0,0,0,0,0,0,0,0,0,0,1,0,1,1,1,1
3,2,700.0,20.0,463.0,1.0,17.0,6,0,0,0,0,0,0,0,1,1,2.0,1,0,1,1,0,0,0,1,1,0,1,0,0,0,0,0,0,0,0,1,0,0,0,0,0,0,0,0,0,0,0,1,0
3,2,955.0,20.0,463.0,1.0,9.0,0,0,0,0,1,1,0,0,1,1,1.0,0,0,0,0,0,0,0,0,0,0,0,0,0,0,0,0,0,0,0,0,0,0,0,0,1,0,0,0,0,1,1,1,1
3,2,800.0,20.0,3600.0,1.0,9.0,11,1,1,1,1,1,0,0,1,0,2.0,1,1,1,1,1,1,1,1,1,0,1,0,1,0,1,0,0,0,0,0,0,0,0,0,0,0,0,0,1,1,1,0,0
3,2,1012.0,23.0,744.0,2.0,9.0,10,0,0,0,1,0,0,1,1,1,2.0,1,0,1,0,1,1,1,1,1,1,1,0,1,0,0,0,0,0,0,0,0,0,0,0,1,0,0,0,1,0,0,0,0
3,3,1206.0,11.0,488.0,1.0,8.0,0,0,0,0,0,0,0,0,1,1,1.0,0,0,0,0,0,0,0,0,0,0,0,0,0,0,0,0,0,0,0,0,0,0,0,0,0,0,1,0,0,0,0,0,0
3,2,1200.0,18.0,463.0,1.0,9.0,6,0,1,0,1,1,0,1,1,0,2.0,0,0,1,0,0,1,0,1,1,0,1,0,1,0,1,0,0,0,0,0,0,0,0,0,0,0,1,0,0,1,0,1,1
3,2,1155.0,20.0,463.0,3.0,9.0,9,0,0,0,0,0,0,0,1,1,3.0,1,0,1,0,1,1,1,1,1,0,1,0,1,0,0,0,0,0,0,1,0,0,0,0,0,0,1,0,0,1,1,1,0
3,2,1002.0,42.0,1932.0,2.0,6.0,0,0,0,1,1,0,0,0,1,0,1.0,0,0,0,0,0,0,0,0,0,0,0,0,0,0,0,0,0,0,0,0,0,0,0,0,1,0,1,0,0,0,0,0,0
3,2,650.0,20.0,463.0,1.0,9.0,0,0,0,0,0,0,0,0,1,0,3.0,0,0,0,0,0,0,0,0,0,0,0,0,0,0,0,0,0,0,0,0,0,0,0,0,0,1,0,0,0,1,1,1,1
3,3,1285.0,30.0,808.0,1.0,10.0,10,0,0,0,0,0,0,0,1,1,2.0,0,0,1,0,1,1,0,1,1,1,1,1,1,1,0,0,0,0,0,1,0,0,0,0,0,0,1,0,0,0,0,0,0
3,2,850.0,20.0,463.0,2.0,9.0,5,0,0,0,0,0,0,0,1,0,2.0,0,0,0,1,0,0,0,1,1,0,1,0,1,0,0,0,0,0,0,0,0,0,1,0,0,0,0,0,0,1,1,1,0
3,2,755.0,14.0,336.0,1.0,13.0,8,0,0,0,0,0,0,0,1,1,2.0,0,1,1,0,1,1,0,1,1,0,1,0,1,0,1,0,0,0,0,0,0,0,0,0,0,0,1,0,0,0,0,0,0
3,2,680.0,20.0,463.0,1.0,3.0,9,0,0,0,0,0,0,0,1,1,3.0,0,0,1,0,1,1,0,1,1,1,1,0,1,1,0,0,0,0,0,1,0,0,0,0,0,0,0,0,0,0,1,1,0
3,2,1073.0,40.0,1052.0,2.0,3.0,14,0,1,1,1,0,0,1,1,0,2.0,1,1,1,1,1,1,1,1,1,1,1,1,1,1,1,0,0,0,0,0,0,0,0,0,0,0,1,0,0,0,0,0,0
2,2,1066.0,20.0,831.0,2.0,9.0,14,0,0,0,0,0,0,0,1,1,1.0,1,1,1,1,1,1,1,1,1,1,1,1,1,1,0,0,0,1,0,0,0,0,0,0,0,0,0,0,1,1,1,0,0
3,2,700.0,18.0,492.0,1.0,22.0,6,0,0,0,0,0,0,0,1,1,2.0,1,0,0,0,0,0,0,1,1,0,1,0,1,1,0,0,0,0,0,1,0,0,0,0,0,0,0,0,0,0,0,0,0
4,3,2524.0,20.0,463.0,2.0,9.0,0,0,0,0,0,0,0,0,1,1,3.0,0,0,0,0,0,0,0,0,0,0,0,0,0,0,0,0,0,0,0,1,0,0,0,0,0,0,0,0,0,1,1,1,0
3,2,1400.0,18.0,288.0,1.0,9.0,5,1,0,0,1,0,1,1,1,0,2.0,0,0,0,0,1,1,0,1,0,0,1,0,1,0,1,0,0,0,0,0,0,0,0,0,0,0,1,0,0,1,0,0,1
2,2,700.0,30.0,463.0,2.0,9.0,6,0,0,0,0,0,0,0,1,1,2.0,0,0,1,0,1,1,0,1,0,0,1,0,1,0,0,0,0,0,0,1,0,0,0,0,0,0,0,0,0,1,0,1,0
3,2,1540.0,20.0,463.0,1.0,9.0,10,0,0,0,0,0,0,0,1,0,2.0,0,0,1,1,1,1,0,1,1,0,1,1,1,1,0,1,0,0,0,0,0,0,0,0,0,0,1,0,0,1,1,1,1
5,4,2293.0,16.0,520.0,2.0,24.0,14,0,0,0,0,0,0,0,1,1,3.0,1,1,1,1,1,1,1,1,1,1,1,1,1,1,0,0,0,0,0,0,0,0,0,0,1,0,1,0,0,0,0,0,0
3,2,850.0,5.0,463.0,1.0,9.0,6,1,1,1,1,0,0,0,1,0,2.0,1,0,0,0,1,0,0,1,1,0,1,0,1,0,0,0,0,0,0,0,0,0,0,0,1,0,0,0,0,1,0,1,1
3,2,933.0,20.0,463.0,2.0,9.0,7,0,0,0,0,0,0,0,1,0,2.0,0,1,1,0,1,0,0,1,1,0,1,0,1,0,0,0,0,0,0,0,0,0,0,1,0,0,0,0,1,1,1,1,0
3,2,1100.0,14.0,96.0,1.0,26.0,4,0,0,0,0,0,0,0,1,1,2.0,0,0,0,0,1,0,0,1,0,0,1,0,1,0,0,0,0,0,0,1,0,0,0,0,0,0,1,0,0,0,0,0,0
1,1,460.0,12.0,136.0,1.0,3.0,3,1,1,0,1,0,0,0,1,1,2.0,0,0,1,0,0,0,0,0,0,0,1,0,1,0,0,0,0,0,0,0,0,0,0,0,1,0,0,0,1,0,0,0,1
1,1,1008.0,20.0,463.0,1.0,9.0,0,0,0,0,0,0,0,0,1,1,2.0,0,0,0,0,0,0,0,0,0,0,0,0,0,0,0,0,0,0,0,1,0,0,0,0,0,0,0,0,1,1,1,1,0
5,4,2293.0,16.0,520.0,2.0,24.0,14,0,0,0,0,0,0,0,1,1,3.0,1,1,1,1,1,1,1,1,1,1,1,1,1,1,0,0,0,0,0,0,0,0,0,0,1,0,1,0,0,0,0,0,0
3,2,1200.0,20.0,463.0,2.0,9.0,8,1,0,1,1,0,0,0,0,0,2.0,0,1,1,0,1,0,1,1,1,0,1,0,1,0,0,0,0,0,0,0,0,0,0,0,1,0,1,0,0,1,1,1,0
3,1,650.0,20.0,463.0,1.0,9.0,2,1,0,0,1,1,0,0,0,0,3.0,0,0,0,0,0,1,0,0,1,0,0,0,0,0,0,0,0,0,0,0,0,0,0,0,1,0,0,1,0,1,1,1,1
2,1,712.0,20.0,463.0,1.0,9.0,4,0,0,0,0,0,0,0,1,0,2.0,0,0,0,0,0,0,0,1,1,0,1,0,1,0,0,0,0,0,0,0,0,0,1,0,0,0,0,0,0,1,1,1,1
3,2,650.0,20.0,463.0,1.0,9.0,2,0,0,0,0,0,0,0,0,0,1.0,0,0,0,0,0,1,0,0,1,0,0,0,0,0,0,0,0,0,0,0,0,0,0,0,1,0,0,0,0,1,1,1,1
2,2,810.0,25.0,2003.0,1.0,4.0,0,0,0,0,0,0,0,0,1,1,2.0,0,0,0,0,0,0,0,0,0,0,0,0,0,0,0,0,0,0,0,0,0,0,0,0,0,0,0,0,1,0,0,0,1
2,1,570.0,20.0,463.0,1.0,9.0,2,1,0,0,1,1,0,1,0,0,2.0,0,0,0,0,0,0,0,1,1,0,0,0,0,0,1,0,0,0,0,0,0,0,0,0,0,0,0,0,0,1,1,1,0
3,2,850.0,20.0,463.0,1.0,9.0,3,0,0,0,0,0,0,0,1,1,1.0,0,0,0,0,1,0,0,1,0,0,1,0,0,0,0,0,0,0,0,1,0,0,0,0,0,0,0,0,0,1,1,1,0
3,2,935.0,22.0,1008.0,1.0,26.0,11,1,0,0,1,0,0,0,1,1,2.0,1,0,1,1,1,1,1,1,1,1,1,0,1,0,1,0,0,0,0,0,0,0,0,0,0,0,0,0,1,0,0,0,0
4,2,1250.0,20.0,252.0,2.0,7.0,8,0,0,0,0,0,0,0,1,1,3.0,1,0,0,1,1,0,0,1,1,1,1,0,1,0,0,0,0,0,0,1,0,0,0,0,0,0,1,0,0,0,1,0,0
3,2,700.0,16.0,463.0,1.0,9.0,3,0,0,0,0,0,0,0,1,1,1.0,0,0,0,0,1,0,0,1,0,0,1,0,0,0,0,0,0,0,0,1,0,0,0,0,0,0,0,0,0,1,0,1,0
4,4,1364.0,23.0,308.0,2.0,10.0,11,1,1,1,1,0,0,1,1,1,3.0,1,0,1,1,1,1,1,1,1,1,1,0,1,0,1,0,0,0,0,0,0,0,0,0,0,0,1,0,0,0,0,0,0
3,2,775.0,18.0,200.0,1.0,17.0,4,1,0,1,1,0,0,1,0,0,1.0,0,0,0,0,0,1,0,0,1,0,1,0,1,0,0,0,0,0,0,0,0,0,0,0,1,0,0,0,0,0,0,0,1
2,2,886.0,20.0,463.0,1.0,9.0,0,1,0,1,1,0,0,0,1,0,2.0,0,0,0,0,0,0,0,0,0,0,0,0,0,0,1,0,0,0,0,0,0,0,0,0,0,0,0,0,1,1,1,1,1
3,2,1000.0,20.0,463.0,2.0,9.0,5,0,0,0,0,0,0,0,1,1,1.0,0,0,0,0,1,0,0,1,1,0,1,0,1,0,0,0,0,0,0,1,0,0,0,0,0,0,1,0,0,1,1,1,0
3,2,1302.0,17.0,91.0,2.0,7.0,10,0,0,0,0,0,0,0,1,1,2.0,0,0,1,1,1,1,0,1,1,1,1,1,1,0,0,0,0,0,0,1,0,0,0,0,0,0,1,0,0,0,0,0,0
3,2,900.0,20.0,723.0,2.0,3.0,10,0,0,1,1,0,0,0,0,1,2.0,0,0,1,1,1,1,1,1,1,0,1,0,1,1,0,0,0,0,0,0,0,0,0,0,1,0,0,0,0,0,1,0,0
3,2,845.0,20.0,463.0,1.0,9.0,5,0,0,0,0,0,0,0,1,0,1.0,0,0,0,1,0,1,0,1,1,0,1,0,0,0,0,0,0,0,0,0,0,0,1,0,0,0,0,0,0,1,1,1,0
3,2,1100.0,18.0,463.0,1.0,9.0,8,0,1,0,1,1,0,1,1,0,1.0,0,0,1,0,1,1,1,1,1,0,1,0,1,0,1,0,0,0,0,0,0,0,0,0,0,0,1,0,0,1,0,1,0
3,2,1036.0,33.0,550.0,2.0,2.0,11,0,0,0,0,0,0,0,1,1,2.0,1,1,1,1,1,0,1,1,1,1,1,0,1,0,0,0,0,0,0,1,0,0,0,0,0,0,1,0,0,0,0,0,0
3,2,728.0,20.0,463.0,1.0,9.0,0,1,0,0,1,0,0,0,0,0,2.0,0,0,0,0,0,0,0,0,0,0,0,0,0,0,0,0,0,0,0,0,0,0,0,0,1,0,0,1,0,1,1,1,1
3,2,1100.0,32.0,463.0,1.0,28.0,9,0,0,0,0,0,0,0,0,1,3.0,0,0,1,1,1,1,0,1,1,1,1,0,1,0,1,0,0,0,0,0,0,0,0,0,0,0,1,0,0,0,0,1,0
3,2,852.0,12.0,463.0,1.0,23.0,11,1,0,1,1,0,0,0,1,0,2.0,1,1,1,1,1,1,1,1,1,0,1,0,1,0,0,0,0,0,0,0,0,0,0,0,1,0,0,0,0,0,0,1,0
3,2,1012.0,23.0,744.0,2.0,9.0,10,0,0,0,1,0,0,1,1,1,2.0,1,0,1,0,1,1,1,1,1,1,1,0,1,0,0,0,0,0,0,0,0,0,0,0,1,0,0,0,1,0,0,0,0
3,2,1036.0,33.0,550.0,2.0,2.0,11,0,0,0,0,0,0,0,1,1,3.0,1,1,1,1,1,0,1,1,1,1,1,0,1,0,0,0,0,0,0,1,0,0,0,0,0,0,1,0,0,0,0,0,0
4,3,1238.0,35.0,849.0,2.0,5.0,11,0,0,0,0,0,0,0,0,1,2.0,1,1,1,1,1,0,1,1,1,1,1,0,1,0,0,0,0,0,0,0,0,0,0,0,0,0,0,0,1,0,0,0,0
3,2,700.0,20.0,463.0,1.0,9.0,8,0,0,0,0,0,0,0,0,1,2.0,0,0,0,1,1,1,0,1,1,1,0,1,1,0,0,0,0,0,0,0,0,1,0,0,0,0,0,0,0,1,1,1,1
3,2,700.0,20.0,463.0,2.0,9.0,2,0,0,0,0,0,0,0,1,1,3.0,0,0,0,0,0,0,0,1,0,0,1,0,0,0,0,0,0,0,0,1,0,0,0,0,0,0,0,0,0,1,1,1,0
3,2,800.0,18.0,112.0,1.0,9.0,3,0,0,0,0,0,0,0,1,1,3.0,0,0,0,0,1,0,0,1,0,0,1,0,0,0,0,0,0,0,0,1,0,0,0,0,0,0,0,0,0,1,0,0,0
3,1,700.0,20.0,463.0,1.0,9.0,4,0,0,0,0,0,0,0,0,0,1.0,0,0,0,1,0,1,0,1,1,0,0,0,0,0,0,0,0,0,0,0,0,0,1,0,0,0,0,0,0,1,1,1,1
3,2,1150.0,23.0,173.0,1.0,19.0,11,0,0,0,0,0,0,0,1,0,2.0,1,1,1,1,1,1,1,1,1,0,1,0,1,0,0,0,0,0,0,1,0,0,0,0,0,0,1,0,0,0,0,0,0
5,4,2293.0,16.0,520.0,2.0,24.0,14,0,0,0,0,0,0,0,1,1,2.0,1,1,1,1,1,1,1,1,1,1,1,1,1,1,0,0,0,0,0,0,0,0,0,0,1,0,1,0,0,0,0,0,0
3,2,1550.0,39.0,463.0,1.0,25.0,11,1,1,0,1,0,0,0,1,1,2.0,1,0,1,1,0,1,0,1,1,1,1,1,1,1,1,0,0,0,0,0,0,0,0,0,0,0,1,0,0,0,0,1,0
3,2,1009.0,36.0,1338.0,2.0,6.0,11,1,0,1,1,0,0,0,1,0,2.0,1,0,1,1,1,1,1,1,1,1,1,0,1,0,1,0,0,0,0,0,0,0,0,0,0,0,0,0,1,0,0,0,0
4,3,1345.0,20.0,600.0,2.0,9.0,0,0,0,0,0,0,0,0,1,0,3.0,0,0,0,0,0,0,0,0,0,0,0,0,0,0,0,0,0,0,0,0,0,0,0,0,1,0,1,0,0,0,1,0,0
3,2,645.0,20.0,463.0,1.0,9.0,2,0,0,0,1,0,0,0,1,1,2.0,0,0,0,0,0,0,0,1,1,0,0,0,0,0,0,0,0,0,0,0,0,0,0,0,1,0,0,0,0,1,1,1,0
4,3,1650.0,16.0,470.0,2.0,9.0,9,0,0,0,0,0,0,0,1,1,2.0,1,0,1,0,1,0,1,1,1,1,1,0,1,0,0,0,0,0,0,1,0,0,0,0,0,0,1,0,0,0,0,0,0
3,2,1309.0,26.0,286.0,1.0,9.0,8,0,0,0,0,0,0,0,1,0,3.0,0,0,1,1,1,1,0,1,1,0,1,0,1,0,0,0,0,0,0,0,0,0,1,0,0,0,1,0,0,1,0,0,1
4,2,818.0,20.0,463.0,1.0,6.0,7,0,0,0,0,0,0,0,1,1,2.0,1,1,0,0,0,1,0,1,1,0,1,0,1,0,0,0,0,0,0,0,0,0,0,0,0,0,0,0,0,0,0,1,1
3,2,904.0,20.0,463.0,2.0,9.0,14,0,0,0,0,0,0,0,1,1,2.0,1,1,1,1,1,1,1,1,1,1,1,1,1,1,0,0,0,0,0,0,0,1,0,0,0,0,0,0,1,1,1,1,0
3,2,700.0,5.0,463.0,1.0,9.0,0,1,0,0,1,0,0,0,1,0,1.0,0,0,0,0,0,0,0,0,0,0,0,0,0,0,0,0,0,0,0,0,0,0,0,0,1,0,0,0,0,1,0,1,1
3,2,1098.0,20.0,463.0,1.0,9.0,7,1,1,1,1,0,0,0,1,0,3.0,0,0,1,1,0,1,1,1,1,0,1,0,0,0,0,0,0,0,0,0,0,0,0,0,1,0,0,0,0,1,1,1,1
3,1,614.0,20.0,463.0,1.0,9.0,0,0,0,0,0,0,0,0,1,1,3.0,0,0,0,0,0,0,0,0,0,0,0,0,0,0,0,0,0,0,0,1,0,0,0,0,0,0,0,1,0,1,1,1,1
3,2,874.0,13.0,463.0,1.0,14.0,0,1,0,1,1,0,0,0,0,0,1.0,0,0,0,0,0,0,0,0,0,0,0,0,0,0,1,0,0,0,0,0,0,0,0,0,0,0,1,0,0,0,0,1,0
2,2,1066.0,20.0,463.0,1.0,9.0,0,0,0,0,0,0,0,0,1,0,2.0,0,0,0,0,0,0,0,0,0,0,0,0,0,0,0,0,0,0,0,0,0,0,1,0,0,0,0,0,1,1,1,1,0
4,5,2124.0,14.0,319.0,2.0,9.0,8,0,0,0,0,0,0,0,1,1,3.0,1,0,1,0,1,0,0,1,1,1,1,0,1,0,0,0,0,0,0,0,0,0,0,0,0,0,0,0,0,1,0,0,0
2,2,900.0,20.0,463.0,1.0,9.0,5,0,0,0,0,0,0,0,1,0,2.0,0,0,1,0,1,0,0,1,0,0,1,0,1,0,0,0,0,0,0,0,0,0,0,0,0,1,1,0,0,1,1,1,0
4,2,1650.0,24.0,234.0,2.0,9.0,5,0,0,0,0,0,0,0,1,1,3.0,0,0,0,0,1,0,0,1,1,0,1,0,1,0,0,0,0,0,0,1,0,0,0,0,0,0,1,0,0,1,0,0,0
4,2,1365.0,20.0,105.0,1.0,9.0,8,0,0,0,0,0,0,0,1,0,2.0,0,0,1,1,1,0,0,1,1,0,1,0,1,1,0,0,0,0,0,0,0,0,1,0,0,0,1,0,0,1,1,0,0
3,2,650.0,20.0,463.0,1.0,9.0,4,0,0,0,0,0,0,0,1,1,3.0,0,0,0,0,1,0,0,1,1,0,1,0,0,0,0,0,0,0,0,1,0,0,0,0,0,0,0,0,0,1,1,1,0
3,2,680.0,5.0,463.0,1.0,9.0,0,0,0,0,0,0,0,0,0,1,3.0,0,0,0,0,0,0,0,0,0,0,0,0,0,0,0,0,0,0,0,0,0,0,0,0,1,0,0,0,0,1,0,1,1
2,1,494.0,20.0,463.0,1.0,9.0,0,0,0,0,0,0,0,0,1,1,2.0,0,0,0,0,0,0,0,0,0,0,0,0,0,0,0,0,0,0,0,0,0,0,0,0,0,0,0,0,0,1,1,1,1
3,3,1300.0,55.0,360.0,2.0,3.0,4,0,0,0,0,0,0,0,1,1,3.0,0,0,0,0,0,1,0,1,1,0,1,0,0,0,0,0,0,0,0,0,0,0,0,0,0,0,1,0,0,0,0,0,0
3,2,750.0,8.0,224.0,1.0,24.0,4,0,0,0,0,0,0,0,1,1,2.0,0,0,0,0,1,1,0,1,0,0,1,0,0,0,0,0,0,0,0,1,0,0,0,0,0,0,0,0,0,0,0,0,0
3,2,1000.0,20.0,463.0,1.0,8.0,5,0,0,0,0,0,0,0,1,1,1.0,0,0,1,0,0,0,0,1,1,0,1,0,1,0,0,0,0,0,0,0,0,0,1,0,0,0,1,0,0,0,1,1,0
3,2,1100.0,20.0,463.0,1.0,9.0,6,0,0,0,0,0,0,0,1,1,3.0,0,0,1,0,1,0,0,1,1,0,1,0,1,0,0,0,0,0,0,0,0,0,0,0,0,1,0,0,0,1,1,1,0
3,2,900.0,20.0,290.0,1.0,20.0,8,1,1,1,1,1,1,1,1,1,2.0,1,1,0,0,1,1,0,1,1,0,1,0,1,0,1,0,0,0,0,0,0,0,0,0,0,0,1,0,0,0,0,0,0
3,2,1088.0,20.0,809.0,1.0,3.0,4,0,0,0,0,0,0,0,1,1,2.0,0,0,1,0,0,0,0,0,1,1,0,0,1,0,0,1,0,0,0,0,0,0,0,0,0,0,0,0,1,0,1,0,1
2,1,678.0,20.0,463.0,1.0,9.0,5,0,0,0,0,0,0,0,0,0,2.0,0,0,0,0,0,1,0,1,1,0,1,0,1,0,0,0,0,0,0,0,0,0,0,0,1,0,0,0,0,1,1,1,1
2,1,560.0,20.0,463.0,1.0,9.0,0,1,0,1,1,1,0,0,1,0,2.0,0,0,0,0,0,0,0,0,0,0,0,0,0,0,1,0,0,0,0,0,0,0,0,0,0,0,0,1,0,1,1,1,1
5,5,2306.0,5.0,463.0,2.0,9.0,5,0,0,0,0,0,0,0,1,1,3.0,0,0,1,0,1,0,0,1,0,0,1,0,1,0,0,0,0,0,0,1,0,0,0,0,0,0,1,0,0,1,0,1,0
4,4,2883.0,20.0,463.0,2.0,9.0,1,0,0,0,0,0,0,0,1,1,2.0,0,0,0,0,0,0,0,1,0,0,0,0,0,0,0,0,0,1,0,0,0,0,0,0,0,0,0,0,0,1,1,1,0
3,2,820.0,20.0,723.0,2.0,3.0,10,0,0,1,1,0,0,0,1,1,2.0,1,0,1,1,1,1,1,1,1,0,1,0,1,0,0,0,0,0,0,0,0,0,0,0,1,0,0,0,0,0,1,0,0
3,2,1259.0,8.0,463.0,1.0,19.0,7,0,0,1,1,1,0,0,0,0,1.0,0,0,1,0,0,1,0,1,1,0,1,0,1,1,0,0,0,0,0,0,0,0,0,0,1,0,1,0,0,0,0,1,0
3,1,678.0,20.0,463.0,1.0,9.0,4,0,0,0,0,0,0,0,1,0,3.0,0,0,0,1,0,1,0,1,1,0,0,0,0,0,1,0,0,0,0,0,0,0,0,0,0,0,0,0,0,1,1,1,1
3,2,957.0,20.0,463.0,1.0,9.0,6,0,0,0,0,0,0,0,0,0,1.0,0,0,1,0,0,1,0,1,1,0,1,0,1,0,0,0,0,0,0,0,0,0,0,0,0,1,1,0,0,1,1,1,0
3,2,870.0,20.0,463.0,1.0,9.0,3,1,1,0,1,1,0,1,1,0,2.0,0,0,0,0,0,0,0,1,1,0,1,0,0,0,1,0,0,0,0,0,0,0,0,0,0,0,0,0,0,1,1,1,1
2,2,810.0,25.0,2003.0,1.0,4.0,10,0,0,0,0,0,0,0,1,1,2.0,0,1,1,0,1,1,1,1,1,1,1,0,1,0,0,0,0,0,0,0,0,0,0,0,0,0,0,0,1,0,0,0,0
3,2,806.0,20.0,463.0,1.0,9.0,0,0,0,0,0,0,0,0,1,0,2.0,0,0,0,0,0,0,0,0,0,0,0,0,0,0,0,0,0,0,0,0,0,0,0,1,0,0,0,0,0,1,1,1,0
2,2,770.0,21.0,780.0,1.0,9.0,9,0,0,0,0,0,0,0,1,1,2.0,0,1,1,1,0,1,1,0,1,1,1,0,1,0,0,0,0,0,0,0,0,0,0,0,0,0,0,0,1,0,0,0,1
2,1,550.0,20.0,463.0,1.0,9.0,0,0,0,0,0,0,0,0,1,1,2.0,0,0,0,0,0,0,0,0,0,0,0,0,0,0,0,0,0,0,0,1,0,0,0,0,0,0,0,0,0,1,1,1,1
3,2,1000.0,20.0,109.0,1.0,9.0,7,0,0,0,0,0,0,0,1,0,2.0,1,1,1,0,0,0,0,1,1,0,1,0,1,0,0,0,0,0,0,0,0,0,1,0,0,0,1,0,0,1,1,0,1
3,2,650.0,6.0,463.0,1.0,9.0,1,1,0,0,1,0,0,0,0,0,3.0,0,0,0,0,0,0,0,1,0,0,0,0,0,0,0,0,0,0,0,0,0,0,0,0,1,0,0,0,0,1,0,1,1
4,3,1960.0,20.0,463.0,1.0,9.0,10,0,0,0,0,0,0,0,1,0,2.0,1,0,0,1,1,1,1,1,1,0,1,0,1,1,0,1,0,0,0,0,0,0,0,0,0,0,1,0,0,1,1,1,1
3,2,1050.0,8.0,463.0,1.0,9.0,3,0,0,0,0,0,0,0,1,1,2.0,0,0,0,0,1,0,0,1,0,0,1,0,0,0,0,0,0,0,0,1,0,0,0,0,0,0,0,0,0,1,0,1,0
2,1,845.0,20.0,463.0,1.0,9.0,7,1,1,1,1,1,0,1,1,1,3.0,1,0,1,0,0,0,1,0,1,1,1,0,1,0,0,0,0,0,0,0,0,0,0,0,1,0,0,0,1,1,1,1,0
3,2,1035.0,14.0,480.0,1.0,15.0,11,0,0,0,0,0,0,0,1,1,2.0,1,1,1,1,1,1,0,1,1,0,1,1,1,0,0,0,0,0,0,0,0,0,0,0,1,0,1,0,0,0,0,0,0
4,2,1181.0,18.0,608.0,2.0,13.0,9,1,1,1,1,0,0,1,0,0,1.0,1,0,1,0,1,1,1,1,1,0,1,0,1,0,1,0,0,0,0,0,0,0,0,0,0,0,1,0,0,0,0,0,0
1,1,678.0,27.0,303.0,1.0,9.0,0,0,0,0,0,0,0,0,1,0,2.0,0,0,0,0,0,0,0,0,0,0,0,0,0,0,0,0,0,0,0,0,0,0,0,0,0,0,1,0,0,1,0,0,1
4,3,1556.0,5.0,463.0,1.0,9.0,3,1,1,1,0,0,0,0,1,0,1.0,1,0,0,0,0,0,0,1,1,0,0,0,0,0,0,0,0,0,0,0,0,0,0,0,1,0,0,0,0,1,0,1,0
3,2,820.0,15.0,463.0,1.0,9.0,5,0,0,1,1,1,0,0,1,1,2.0,0,0,1,0,0,1,0,1,1,0,1,0,0,0,0,0,0,0,0,0,0,0,0,0,1,0,0,0,0,1,0,1,1
3,2,753.0,5.0,112.0,1.0,9.0,2,1,0,0,0,0,0,0,1,0,2.0,0,0,0,0,0,0,0,1,1,0,0,0,0,0,0,0,0,0,0,0,0,0,0,0,1,0,0,0,0,1,0,0,1
3,2,1200.0,20.0,463.0,2.0,7.0,2,0,0,0,0,0,0,0,1,1,2.0,0,0,0,0,0,0,0,1,0,0,1,0,0,0,0,0,0,0,0,0,0,1,0,0,0,0,1,0,0,0,1,1,0
3,2,1450.0,16.0,470.0,1.0,9.0,8,0,0,0,0,0,0,0,1,1,2.0,1,0,1,0,0,0,1,1,1,1,1,0,1,0,0,0,0,0,0,1,0,0,0,0,0,0,1,0,0,0,0,0,1
3,2,750.0,20.0,463.0,1.0,9.0,14,0,0,1,1,0,0,0,0,1,3.0,1,1,1,1,1,1,1,1,1,1,1,1,1,1,0,0,0,0,0,0,0,0,0,0,1,0,0,0,0,1,1,1,0
4,3,1091.0,30.0,808.0,2.0,10.0,10,0,0,0,0,0,0,0,1,1,3.0,0,0,1,0,1,1,0,1,1,1,1,1,1,1,0,0,0,0,0,1,0,0,0,0,0,0,1,0,0,0,0,0,0
3,3,1409.0,26.0,220.0,2.0,4.0,7,0,0,0,0,0,0,0,1,1,2.0,0,0,1,0,0,1,0,1,1,0,1,1,1,0,0,0,0,0,0,1,0,0,0,0,0,0,1,0,0,0,0,0,0
3,2,950.0,20.0,463.0,1.0,9.0,3,0,0,0,0,0,0,0,1,1,1.0,0,0,0,0,0,0,0,1,0,1,1,0,0,0,0,0,0,0,0,0,0,0,0,0,1,0,0,0,0,1,1,1,1
3,2,700.0,30.0,500.0,1.0,11.0,9,0,0,0,0,0,0,0,1,1,2.0,1,0,1,1,1,0,1,1,1,0,1,0,1,0,0,0,0,0,0,1,0,0,0,0,0,0,0,0,0,0,0,0,0
4,2,1213.0,40.0,500.0,1.0,19.0,10,0,0,0,0,0,0,0,1,1,3.0,1,0,1,0,1,1,0,1,1,1,1,1,1,0,0,0,0,0,0,0,0,0,0,0,0,0,1,0,0,0,0,0,0
3,1,789.0,10.0,320.0,1.0,9.0,4,1,1,0,1,0,1,1,0,0,2.0,0,0,0,0,1,0,0,1,1,0,1,0,0,0,1,0,0,0,0,0,0,0,0,0,0,0,0,0,0,1,0,0,1
1,1,552.0,20.0,463.0,1.0,9.0,7,0,0,0,0,0,0,0,1,0,2.0,1,0,1,0,1,0,0,1,1,0,1,0,1,0,0,0,0,0,0,0,0,0,1,0,0,0,0,0,1,1,1,1,1
3,2,760.0,20.0,463.0,1.0,9.0,0,0,1,1,1,0,0,1,1,0,2.0,0,0,0,0,0,0,0,0,0,0,0,0,0,0,1,0,0,0,0,0,0,0,0,0,0,0,0,0,0,1,1,1,1
3,2,750.0,35.0,463.0,1.0,25.0,6,0,0,0,0,0,0,0,1,1,2.0,0,0,0,1,1,1,0,1,1,0,1,0,0,0,0,0,0,0,0,1,0,0,0,0,0,0,1,0,0,0,0,1,0
3,2,865.0,20.0,463.0,2.0,9.0,9,0,0,0,0,0,0,0,1,1,2.0,0,1,1,1,1,0,1,1,1,0,1,0,1,0,0,0,0,0,0,0,0,0,1,0,0,0,1,0,0,1,1,1,0
2,2,1033.0,20.0,463.0,1.0,9.0,6,0,0,0,0,0,0,0,1,1,2.0,0,0,0,0,0,0,0,0,1,1,1,1,1,1,0,1,0,0,0,0,0,0,0,0,0,0,1,0,0,1,1,1,1
3,2,901.0,20.0,606.0,1.0,18.0,13,0,0,1,1,0,0,0,1,0,3.0,1,1,1,1,1,1,1,1,1,1,1,0,1,1,0,0,0,0,0,0,0,0,0,0,1,0,1,0,0,0,0,0,0
3,2,1020.0,22.0,1343.0,1.0,6.0,13,0,0,0,0,0,0,0,1,1,2.0,0,1,1,1,1,1,1,1,1,1,1,1,1,1,0,0,0,0,0,1,0,0,0,0,0,0,1,0,0,0,0,0,0
3,2,700.0,30.0,500.0,1.0,11.0,9,0,0,0,0,0,0,0,1,1,2.0,1,0,1,1,1,0,1,1,1,0,1,0,1,0,0,0,0,0,0,1,0,0,0,0,0,0,0,0,0,0,0,0,0
3,2,992.0,5.0,463.0,1.0,9.0,0,0,0,0,0,0,0,0,0,1,2.0,0,0,0,0,0,0,0,0,0,0,0,0,0,0,0,0,0,0,0,0,0,0,0,0,1,0,0,0,0,1,0,1,1
2,2,812.0,20.0,463.0,2.0,9.0,14,1,0,1,1,0,0,0,1,1,3.0,1,1,1,1,1,1,1,1,1,1,1,1,1,1,1,0,0,0,0,0,0,0,0,0,0,0,0,0,1,1,1,1,0
3,2,1200.0,20.0,463.0,1.0,9.0,5,0,0,0,0,0,0,0,1,1,3.0,0,0,0,0,1,0,0,1,1,0,1,0,1,0,0,0,0,0,0,0,0,0,0,0,0,0,1,0,0,1,1,1,0
3,2,650.0,5.0,463.0,1.0,9.0,2,0,0,1,1,1,0,0,0,1,2.0,0,0,0,0,0,0,0,0,1,0,1,0,0,0,0,0,0,0,0,0,0,0,0,0,1,0,0,0,0,1,0,1,1
3,2,1100.0,12.0,463.0,1.0,9.0,3,1,1,1,1,0,0,0,1,0,3.0,0,0,0,0,0,0,0,1,1,0,1,0,0,0,1,0,0,0,0,0,0,0,0,0,0,0,1,0,0,1,0,1,0
3,2,1098.0,20.0,684.0,1.0,9.0,7,0,0,0,1,0,0,1,1,0,2.0,1,0,1,1,0,0,1,0,1,1,0,0,1,0,0,0,0,0,0,0,0,0,0,0,1,0,1,0,0,1,1,0,0
3,2,1600.0,20.0,463.0,1.0,9.0,2,0,0,0,0,0,0,0,1,0,2.0,0,0,0,0,0,0,0,1,0,0,1,0,0,0,0,0,0,0,0,0,0,0,0,1,0,0,0,0,0,1,1,1,1
4,2,9376.0,17.0,416.0,1.0,9.0,8,0,0,0,1,0,0,1,0,0,2.0,0,1,0,1,1,1,0,1,1,0,1,0,1,0,0,0,0,0,0,0,0,0,0,0,1,0,1,0,0,1,0,0,0
3,2,800.0,22.0,246.0,1.0,15.0,10,1,1,1,1,0,1,0,1,1,2.0,0,1,1,1,1,1,0,1,1,0,1,0,1,1,1,0,0,0,0,0,0,0,0,0,0,0,1,0,0,0,0,0,0
3,2,1315.0,20.0,406.0,2.0,2.0,8,0,0,0,0,0,0,0,1,1,3.0,1,0,1,1,1,0,0,1,1,0,1,0,1,0,0,0,0,0,0,1,0,0,0,0,0,0,1,0,0,0,1,0,0
1,1,388.0,36.0,756.0,1.0,6.0,4,0,0,0,0,0,0,0,1,0,2.0,0,0,0,0,1,1,0,1,0,0,1,0,0,0,0,0,0,0,0,0,0,0,0,0,0,0,1,0,0,0,0,0,0
3,2,1098.0,20.0,684.0,1.0,9.0,7,0,0,0,1,0,0,1,1,0,2.0,1,0,1,1,0,0,1,0,1,1,0,0,1,0,0,0,0,0,0,0,0,0,0,0,1,0,1,0,0,1,1,0,0
1,1,715.0,20.0,392.0,1.0,9.0,12,0,0,0,0,0,0,0,1,1,2.0,1,1,1,1,1,1,1,1,1,1,1,0,1,0,0,0,0,0,0,0,0,0,0,0,0,0,0,0,0,1,1,0,0
1,1,592.0,18.0,463.0,1.0,9.0,5,0,0,0,0,0,0,0,1,1,2.0,0,0,0,0,1,1,0,1,1,0,1,0,0,0,0,0,0,0,1,0,0,0,0,0,0,0,1,0,0,1,0,1,0
3,2,904.0,12.0,463.0,1.0,9.0,9,1,0,1,1,1,0,0,1,1,2.0,1,0,1,1,1,1,0,1,1,0,1,0,1,0,0,0,0,0,0,0,0,0,0,0,1,0,1,0,0,1,0,1,0
3,2,918.0,15.0,450.0,1.0,26.0,9,1,1,1,1,0,0,0,1,0,2.0,1,1,1,0,0,1,0,1,1,1,1,0,1,0,1,0,0,0,0,0,0,0,0,0,0,0,1,0,0,0,0,0,0
3,2,811.0,4.0,368.0,1.0,27.0,5,1,0,0,0,1,0,0,1,1,2.0,1,0,0,0,0,1,0,1,1,0,1,0,0,0,0,0,0,0,0,0,0,0,0,0,1,0,1,0,0,0,0,0,1
3,3,1251.0,26.0,1326.0,2.0,5.0,11,0,0,0,0,0,0,0,1,1,2.0,0,0,1,1,1,1,1,1,1,1,1,1,1,0,0,0,0,0,0,0,0,1,0,0,0,0,0,0,1,0,0,0,0
3,2,811.0,11.0,220.0,1.0,9.0,3,0,0,1,0,0,0,0,0,1,2.0,0,0,0,0,1,0,0,1,0,0,1,0,0,0,0,0,0,0,0,0,0,0,0,0,1,0,0,0,0,1,0,0,0
3,2,1319.0,29.0,369.0,2.0,6.0,12,1,1,1,1,0,1,0,1,1,3.0,1,1,1,1,1,0,1,1,1,1,1,1,1,0,1,0,0,0,0,0,0,0,0,0,0,0,1,0,0,0,0,0,0
3,2,720.0,17.0,3.0,1.0,31.0,3,0,0,0,0,0,0,0,1,0,2.0,0,0,0,0,1,0,0,1,0,0,1,0,0,0,0,0,0,0,0,1,0,0,0,0,0,0,0,0,0,0,0,0,0
3,2,850.0,8.0,463.0,1.0,23.0,4,0,1,1,1,0,1,1,1,1,2.0,0,0,0,0,0,0,0,1,1,0,1,0,1,0,0,0,0,0,0,0,0,0,0,0,1,0,0,0,0,0,0,1,0
4,2,1333.0,15.0,139.0,2.0,7.0,7,0,0,0,0,0,0,0,1,1,2.0,1,0,1,1,0,0,1,1,0,0,1,0,1,0,0,0,0,0,0,1,0,0,0,0,0,0,1,0,0,0,0,0,0
3,2,782.0,5.0,463.0,1.0,9.0,9,0,0,1,0,1,0,1,1,0,1.0,1,1,1,0,0,1,0,0,1,0,1,1,1,1,1,0,0,0,0,0,0,0,0,0,0,0,0,0,0,1,0,1,1
1,1,547.0,20.0,1196.0,1.0,4.0,10,0,0,0,0,0,0,1,1,1,3.0,1,0,1,0,1,1,1,1,1,1,1,0,1,0,0,0,0,0,0,0,0,0,0,0,1,0,1,0,0,0,1,0,0
3,3,1087.0,12.0,200.0,2.0,9.0,6,0,0,0,0,0,0,0,1,0,2.0,1,0,0,1,0,0,1,0,1,1,1,0,0,0,0,0,0,0,0,0,0,0,0,1,0,0,0,0,0,1,0,0,0
4,2,1206.0,20.0,463.0,1.0,9.0,7,1,0,0,1,0,0,0,0,0,2.0,1,0,0,0,1,0,0,1,1,0,1,0,1,1,1,0,0,0,0,0,0,0,0,0,0,0,1,0,0,1,1,1,0
2,2,700.0,20.0,463.0,2.0,9.0,3,0,0,0,0,0,0,0,1,1,2.0,0,0,0,0,1,0,0,1,0,0,1,0,0,0,0,0,0,0,0,1,0,0,0,0,0,0,1,0,0,1,1,1,0
3,2,920.0,15.0,690.0,2.0,24.0,7,1,0,1,1,0,0,1,1,0,2.0,1,0,1,0,0,1,0,1,1,0,1,0,1,0,1,0,0,0,0,0,0,0,0,0,0,0,1,0,0,0,0,0,0
2,2,972.0,20.0,400.0,1.0,9.0,4,0,0,0,0,0,0,0,1,1,2.0,0,0,1,0,0,0,0,0,1,0,1,1,0,0,0,0,0,0,0,0,0,0,0,0,0,0,0,0,0,1,1,0,1
3,2,1160.0,38.0,463.0,1.0,12.0,9,1,1,1,1,1,0,1,1,1,2.0,1,0,1,0,1,0,0,1,1,0,1,1,1,1,1,0,0,0,0,0,0,0,0,0,0,0,1,0,0,0,0,1,0
3,2,900.0,20.0,463.0,1.0,9.0,0,0,0,0,0,0,0,0,1,0,2.0,0,0,0,0,0,0,0,0,0,0,0,0,0,0,0,1,0,0,0,0,0,0,0,0,0,0,0,0,0,1,1,1,1
3,2,800.0,18.0,182.0,1.0,17.0,6,0,0,0,0,0,0,0,1,1,2.0,0,0,0,0,0,0,0,1,1,0,1,1,1,1,0,0,0,0,0,1,0,0,0,0,0,0,0,0,0,0,0,0,0
3,2,815.0,21.0,463.0,1.0,9.0,6,1,0,1,0,0,1,0,1,0,2.0,0,0,1,0,1,1,0,1,0,0,1,0,1,0,0,0,0,0,0,0,0,0,0,0,1,0,0,0,0,1,0,1,1
3,4,1500.0,43.0,218.0,2.0,8.0,8,0,0,0,0,0,0,0,1,1,3.0,1,0,1,1,0,0,1,0,1,1,1,0,1,0,0,0,0,0,0,1,0,0,0,0,0,0,1,0,0,0,0,0,0
3,2,1254.0,44.0,378.0,2.0,5.0,9,0,0,0,0,0,0,0,1,1,3.0,1,0,1,0,1,0,1,1,1,1,1,0,1,0,0,0,0,0,0,1,0,0,0,0,0,0,1,0,0,0,0,0,0
3,2,800.0,22.0,1343.0,2.0,6.0,13,0,0,0,0,0,0,0,1,1,2.0,0,1,1,1,1,1,1,1,1,1,1,1,1,1,0,0,0,0,0,1,0,0,0,0,0,0,1,0,0,0,0,0,0
4,3,3070.0,20.0,222.0,4.0,8.0,0,0,0,0,0,0,0,0,1,1,3.0,0,0,0,0,0,0,0,0,0,0,0,0,0,0,0,0,0,0,0,1,0,0,0,0,0,0,1,0,0,0,1,0,0
3,2,910.0,20.0,463.0,1.0,9.0,8,0,0,0,0,0,0,0,1,0,2.0,1,0,1,1,0,1,0,0,1,0,1,0,1,1,0,0,0,0,0,0,0,0,0,0,0,1,1,0,0,1,1,1,1
2,2,818.0,20.0,711.0,1.0,9.0,7,0,0,0,0,0,0,0,1,0,2.0,0,0,1,1,0,0,1,1,1,0,1,0,1,0,0,0,0,0,0,0,0,0,0,0,0,0,0,0,0,1,1,0,0
3,2,700.0,30.0,463.0,1.0,9.0,6,0,0,0,0,0,0,0,1,1,2.0,0,0,1,0,1,1,0,1,0,0,1,0,1,0,0,0,0,0,0,1,0,0,0,0,0,0,0,0,0,1,0,1,1
3,2,657.0,20.0,463.0,1.0,9.0,0,0,0,0,0,0,0,0,1,1,2.0,0,0,0,0,0,0,0,0,0,0,0,0,0,0,0,0,0,0,0,0,0,0,0,0,1,0,0,0,0,1,1,1,1
3,3,1642.0,20.0,222.0,2.0,8.0,9,0,0,0,0,0,0,0,1,1,3.0,1,0,1,0,1,0,1,1,1,1,1,0,1,0,0,0,0,0,0,1,0,0,0,0,0,0,1,0,0,0,1,0,0
2,2,875.0,20.0,463.0,1.0,9.0,9,0,0,0,0,0,0,0,1,0,2.0,0,0,0,1,1,1,0,1,1,1,1,1,0,1,0,0,0,0,0,0,0,0,0,1,0,0,0,0,0,1,1,1,1
3,2,820.0,5.0,463.0,1.0,9.0,3,0,0,0,0,0,0,0,1,1,3.0,0,0,0,0,0,0,0,1,1,0,1,0,0,0,0,0,0,0,0,0,0,0,0,0,1,0,0,0,0,1,0,1,0
3,2,1417.0,18.0,752.0,1.0,23.0,0,0,0,0,0,0,0,0,1,0,2.0,0,0,0,0,0,0,0,0,0,0,0,0,0,0,1,0,0,0,0,0,0,0,0,0,0,0,1,0,0,0,0,0,1
3,2,2200.0,19.0,168.0,2.0,9.0,8,0,0,0,0,0,0,0,1,1,3.0,0,0,1,1,1,1,0,1,0,0,1,1,1,0,0,0,0,0,0,1,0,0,0,0,0,0,0,0,0,1,0,0,0
4,2,1142.0,24.0,900.0,1.0,8.0,8,0,0,0,0,0,0,0,1,0,2.0,0,0,1,0,1,1,0,1,1,1,1,0,1,0,1,0,0,0,0,0,0,0,0,0,0,0,1,0,0,0,0,0,0
3,2,810.0,20.0,463.0,1.0,9.0,3,0,1,0,0,0,0,0,1,1,2.0,0,0,0,0,1,0,0,0,1,0,1,0,0,0,0,0,0,0,0,0,0,0,0,0,1,0,0,0,0,1,1,1,1
3,3,1450.0,40.0,486.0,2.0,4.0,10,0,0,0,0,0,0,0,1,1,2.0,1,0,1,1,1,0,1,1,1,1,1,0,1,0,0,0,0,0,0,1,0,0,0,0,0,0,1,0,0,0,0,0,0
5,5,6000.0,20.0,463.0,3.0,9.0,3,0,0,0,0,0,0,0,1,0,3.0,0,0,0,0,1,0,1,1,0,0,0,0,0,0,0,0,0,0,0,0,0,0,1,0,0,0,1,0,0,1,1,1,0
4,2,1487.0,18.0,107.0,1.0,8.0,6,0,0,0,0,0,0,0,1,1,2.0,1,0,1,0,0,0,1,1,0,0,1,0,1,0,0,0,0,0,0,1,0,0,0,0,0,0,1,0,0,0,0,0,1
3,1,630.0,20.0,463.0,1.0,9.0,0,0,0,0,0,0,0,0,1,0,2.0,0,0,0,0,0,0,0,0,0,0,0,0,0,0,1,0,0,0,0,0,0,0,0,0,0,0,0,0,0,1,1,1,1
3,2,1001.0,4.0,463.0,1.0,9.0,0,0,0,0,0,0,0,0,1,0,2.0,0,0,0,0,0,0,0,0,0,0,0,0,0,0,0,0,0,0,0,0,0,0,0,0,0,0,0,0,0,1,0,1,1
3,2,956.0,20.0,463.0,1.0,9.0,5,0,0,0,0,0,0,0,0,1,2.0,0,0,0,0,1,1,0,1,0,0,1,0,1,0,0,0,1,0,0,0,0,0,0,0,0,0,0,0,0,1,1,1,0
1,1,418.0,25.0,1211.0,1.0,9.0,0,0,0,0,0,0,0,0,1,1,2.0,0,0,0,0,0,0,0,0,0,0,0,0,0,0,0,0,0,0,0,0,0,0,0,0,1,0,0,0,1,0,0,0,1
3,2,950.0,20.0,635.0,1.0,4.0,6,0,0,0,0,0,0,0,0,1,2.0,0,0,0,0,1,1,1,1,0,0,1,0,1,0,0,0,0,0,0,0,0,0,0,0,1,0,0,0,0,0,1,0,1
3,2,779.0,7.0,1274.0,1.0,18.0,0,0,0,0,0,0,0,0,0,0,2.0,0,0,0,0,0,0,0,0,0,0,0,0,0,0,0,0,0,0,0,0,0,0,0,0,1,0,0,0,0,0,0,0,1
2,1,550.0,20.0,463.0,1.0,9.0,0,0,0,0,0,0,0,0,1,1,1.0,0,0,0,0,0,0,0,0,0,0,0,0,0,0,0,0,0,0,0,0,0,0,0,0,1,0,0,1,0,1,1,1,1
3,2,850.0,20.0,463.0,1.0,9.0,3,0,0,0,1,0,0,0,1,1,2.0,0,0,0,0,1,0,0,1,0,0,1,0,0,0,0,0,0,0,0,0,0,0,0,0,1,0,0,0,0,1,1,1,0
3,2,958.0,20.0,463.0,1.0,9.0,14,0,0,0,0,0,0,0,1,1,2.0,1,1,1,1,1,1,1,1,1,1,1,1,1,1,0,0,0,0,0,0,0,0,0,0,0,0,0,0,1,1,1,1,1
2,1,514.0,20.0,463.0,1.0,9.0,0,0,0,0,0,0,0,0,1,1,2.0,0,0,0,0,0,0,0,0,0,0,0,0,0,0,0,0,0,0,0,0,0,0,0,0,0,0,0,1,0,1,1,1,1
3,2,916.0,22.0,328.0,1.0,7.0,7,0,0,0,0,0,0,0,1,0,3.0,0,0,1,0,1,1,0,1,1,0,1,0,1,0,0,0,0,0,0,0,0,0,0,0,0,0,0,0,0,0,0,0,0
3,2,1173.0,15.0,463.0,1.0,9.0,6,1,1,1,1,0,0,0,0,0,1.0,0,0,0,0,1,1,0,1,1,0,1,0,1,0,0,0,0,0,0,0,0,0,0,0,1,0,1,0,0,1,0,1,1
4,3,1818.0,24.0,1235.0,2.0,2.0,8,0,0,0,0,0,0,0,1,1,3.0,0,0,1,1,1,0,0,1,1,1,1,0,1,0,0,0,0,0,0,1,0,0,0,0,0,0,1,0,0,0,0,0,0
4,2,1533.0,18.0,500.0,1.0,27.0,8,0,0,0,0,0,0,0,0,1,2.0,1,0,1,0,1,1,1,1,0,0,1,0,1,0,1,0,0,0,0,0,0,0,0,0,0,0,1,0,0,0,0,0,0
2,1,550.0,20.0,463.0,1.0,9.0,0,0,0,0,0,0,0,0,1,0,2.0,0,0,0,0,0,0,0,0,0,0,0,0,0,0,0,0,0,0,0,1,0,0,0,0,0,0,0,0,0,1,1,1,1
4,3,1550.0,20.0,474.0,2.0,7.0,12,0,0,1,1,0,0,0,1,1,2.0,1,0,1,0,1,1,1,1,1,1,1,1,1,1,1,0,0,0,0,0,0,0,0,0,0,0,1,0,0,0,1,0,0
2,2,1329.0,9.0,631.0,1.0,9.0,6,0,0,0,0,0,0,0,1,0,2.0,1,0,1,1,0,0,0,0,1,0,1,0,1,0,0,0,0,0,0,0,0,0,1,0,0,0,0,0,1,0,0,0,0
3,2,645.0,20.0,463.0,1.0,9.0,1,0,0,0,0,0,0,0,1,1,2.0,0,0,0,0,0,0,0,1,0,0,0,0,0,0,0,0,0,0,0,1,0,0,0,0,0,0,0,1,0,1,1,1,1
3,2,689.0,20.0,463.0,1.0,9.0,0,1,0,1,1,0,1,0,1,1,2.0,0,0,0,0,0,0,0,0,0,0,0,0,0,0,0,0,0,0,0,0,0,0,0,0,1,0,0,0,0,1,1,1,0
2,1,873.0,20.0,463.0,1.0,9.0,0,0,0,0,0,0,0,0,1,0,3.0,0,0,0,0,0,0,0,0,0,0,0,0,0,0,0,0,0,0,0,0,0,0,0,0,0,0,1,0,0,1,1,1,1
2,2,751.0,19.0,463.0,1.0,32.0,9,0,0,0,0,1,0,0,1,0,2.0,1,0,0,1,0,1,0,1,1,0,1,1,1,1,0,0,0,0,0,0,0,0,0,0,1,0,1,0,0,0,0,1,1
3,2,660.0,5.0,463.0,1.0,9.0,3,0,0,0,0,0,0,1,0,1,2.0,0,0,0,0,0,0,0,1,1,0,1,0,0,0,0,0,0,0,0,0,0,0,0,0,1,0,0,0,0,1,0,1,1
4,3,1238.0,18.0,181.0,2.0,14.0,5,1,1,1,1,0,0,1,1,1,2.0,0,0,1,0,0,0,0,0,1,1,1,0,1,0,1,0,0,0,0,0,0,0,0,0,0,0,1,0,0,0,0,0,0
1,1,500.0,20.0,259.0,1.0,9.0,14,0,0,0,0,0,0,0,0,1,3.0,1,1,1,1,1,1,1,1,1,1,1,1,1,1,0,0,0,0,0,0,0,0,0,0,1,0,1,0,0,0,0,0,1
3,2,650.0,20.0,463.0,1.0,9.0,5,0,0,0,0,0,0,0,1,0,1.0,0,0,0,1,0,1,0,1,1,0,1,0,0,0,0,0,0,0,0,0,0,0,0,0,1,0,0,0,0,1,1,1,1
2,1,615.0,20.0,1036.0,1.0,15.0,10,0,0,0,0,0,0,0,1,1,2.0,0,0,1,1,1,1,1,0,1,1,1,1,1,0,0,0,0,0,0,0,0,0,0,0,1,0,0,0,0,0,0,0,1
3,3,1539.0,17.0,328.0,2.0,11.0,0,0,0,0,0,0,0,0,1,1,2.0,0,0,0,0,0,0,0,0,0,0,0,0,0,0,0,0,0,0,0,1,0,0,0,0,0,0,1,0,0,0,0,0,0
4,4,2300.0,22.0,79.0,2.0,24.0,9,0,0,0,0,0,0,0,1,1,1.0,1,0,1,1,1,0,1,1,1,0,1,0,1,0,0,0,0,0,0,1,0,0,0,0,0,0,1,0,0,0,0,0,0
5,7,4370.0,6.0,280.0,1.0,8.0,14,0,0,0,0,0,0,0,1,0,3.0,1,1,1,1,1,1,1,1,1,1,1,1,1,1,0,0,0,0,0,0,0,0,0,0,1,0,1,0,0,0,0,0,1
3,2,1200.0,23.0,744.0,2.0,9.0,10,0,0,0,1,0,0,1,1,1,1.0,1,0,1,0,1,1,1,1,1,1,1,0,1,0,0,0,0,0,0,0,0,0,0,0,1,0,0,0,1,0,0,0,0
3,2,1180.0,20.0,771.0,2.0,7.0,6,0,0,0,0,0,0,0,1,1,3.0,0,0,1,1,0,0,0,1,1,0,1,0,1,0,0,0,0,0,0,1,0,0,0,0,0,0,1,0,0,0,0,0,0
3,2,929.0,20.0,463.0,1.0,9.0,0,0,0,0,0,0,0,0,1,0,2.0,0,0,0,0,0,0,0,0,0,0,0,0,0,0,0,0,0,0,0,0,0,0,0,1,0,0,0,0,0,1,1,1,0
3,2,1250.0,30.0,410.0,2.0,6.0,9,0,0,0,0,0,0,0,1,1,2.0,1,0,1,1,1,0,1,1,1,0,1,0,1,0,0,0,0,0,0,1,0,0,0,0,0,0,1,0,0,0,0,0,0
1,1,552.0,20.0,463.0,1.0,9.0,12,0,0,0,0,0,0,0,1,0,3.0,1,1,1,1,1,1,1,1,1,1,1,0,1,0,0,0,0,0,0,0,0,0,1,0,0,0,0,0,1,1,1,1,1
6,4,2045.0,21.0,360.0,2.0,9.0,11,0,0,0,0,0,0,0,1,0,3.0,1,1,1,1,0,1,0,1,1,1,1,0,1,1,0,0,0,0,0,0,0,0,0,0,0,0,1,0,0,1,0,0,0
4,4,1862.0,20.0,463.0,3.0,9.0,13,0,0,0,0,0,0,0,1,1,2.0,1,1,1,0,1,1,1,1,1,1,1,1,1,1,0,0,0,0,0,0,0,0,0,0,0,1,1,0,0,1,1,1,0
3,2,850.0,35.0,1843.0,2.0,4.0,13,0,0,0,0,0,0,0,1,1,3.0,1,1,1,1,0,1,1,1,1,1,1,1,1,1,0,0,0,0,0,0,0,0,0,0,0,0,0,0,1,0,0,0,0
2,1,825.0,21.0,613.0,2.0,2.0,0,0,0,0,0,0,0,0,1,0,2.0,0,0,0,0,0,0,0,0,0,0,0,0,0,0,0,0,0,0,0,0,0,0,0,0,0,0,1,0,0,0,0,0,0
3,2,650.0,20.0,463.0,1.0,9.0,0,0,0,0,0,0,0,0,0,0,2.0,0,0,0,0,0,0,0,0,0,0,0,0,0,0,1,0,0,0,0,0,0,0,0,0,0,0,0,0,0,1,1,1,1
3,2,1018.0,16.0,1000.0,1.0,9.0,7,1,1,1,1,0,0,1,0,0,2.0,0,0,0,1,1,0,1,1,1,0,1,0,1,0,0,0,0,0,0,0,0,0,0,0,1,0,1,0,0,1,0,0,0
3,2,1150.0,14.0,96.0,1.0,26.0,5,0,0,0,0,0,0,0,1,1,1.0,0,0,0,0,1,0,0,1,1,0,1,0,1,0,0,0,0,0,0,1,0,0,0,0,0,0,1,0,0,0,0,0,0
3,2,1010.0,23.0,375.0,1.0,15.0,7,0,1,0,0,1,0,0,0,1,2.0,1,0,1,0,0,1,0,1,1,0,1,0,1,0,0,0,0,0,0,0,0,0,0,0,1,0,1,0,0,0,0,0,1
3,2,770.0,20.0,463.0,1.0,9.0,0,0,0,0,0,0,0,0,0,0,2.0,0,0,0,0,0,0,0,0,0,0,0,0,0,0,0,0,0,0,0,0,0,0,0,0,0,0,0,0,0,1,1,1,0
2,2,715.0,20.0,463.0,1.0,9.0,9,0,0,0,0,0,0,0,1,0,3.0,1,0,1,0,1,1,1,1,1,0,1,0,1,0,0,1,0,0,0,0,0,0,0,0,0,0,0,0,1,1,1,1,1
3,2,979.0,24.0,675.0,2.0,8.0,7,1,1,1,1,0,0,1,1,0,2.0,1,0,1,0,0,0,0,1,1,1,1,0,1,0,0,0,0,0,0,0,0,0,0,0,1,0,0,0,1,0,0,0,0
3,2,1010.0,20.0,463.0,1.0,9.0,0,0,0,0,0,0,0,0,1,0,1.0,0,0,0,0,0,0,0,0,0,0,0,0,0,0,0,0,0,0,0,0,0,0,0,1,0,0,0,0,0,1,1,1,0
3,3,1186.0,38.0,916.0,1.0,6.0,10,0,0,0,0,0,0,0,1,1,2.0,1,0,1,0,1,1,1,1,1,1,1,0,1,0,1,0,0,0,0,0,0,0,0,0,0,0,1,0,0,0,0,0,1
3,2,1300.0,20.0,463.0,1.0,9.0,3,0,0,0,0,0,0,0,1,0,2.0,0,0,0,0,0,0,0,1,0,0,1,0,1,0,0,0,0,0,0,0,0,0,1,0,0,0,1,0,0,1,1,1,0
4,3,1350.0,13.0,198.0,1.0,9.0,2,0,0,0,0,0,0,0,1,1,1.0,1,0,0,0,0,0,1,0,0,0,0,0,0,0,0,0,0,0,0,1,0,0,0,0,0,0,1,0,0,1,0,0,0
3,2,1100.0,20.0,463.0,1.0,9.0,0,0,0,0,0,0,0,0,1,1,2.0,0,0,0,0,0,0,0,0,0,0,0,0,0,0,0,0,1,0,0,0,0,0,0,0,0,0,1,0,0,1,1,1,0
3,3,2101.0,42.0,150.0,3.0,3.0,11,0,0,0,0,0,0,0,1,1,3.0,1,0,1,1,1,1,1,1,1,1,1,0,1,0,0,0,0,0,0,1,0,0,0,0,0,0,1,0,0,0,0,0,0
3,2,753.0,20.0,463.0,1.0,9.0,6,1,1,0,1,0,1,1,0,0,1.0,0,0,1,1,0,1,0,1,0,0,1,0,1,0,1,0,0,0,0,0,0,0,0,0,0,0,1,0,0,1,1,1,0
3,3,1463.0,20.0,463.0,1.0,9.0,8,0,1,1,1,0,1,1,0,0,1.0,0,1,0,1,0,0,1,1,1,0,1,0,1,1,0,0,0,0,0,0,0,0,0,0,1,0,1,0,0,1,1,1,0
3,1,650.0,14.0,90.0,1.0,9.0,4,0,0,1,1,0,0,0,0,1,3.0,0,0,0,0,0,1,0,1,1,0,1,0,0,0,0,0,0,0,0,0,0,0,0,0,1,0,0,0,0,1,0,0,1
3,2,1300.0,4.0,463.0,2.0,9.0,5,0,0,0,0,0,0,0,1,0,2.0,0,0,1,0,1,1,0,1,0,0,1,0,0,0,0,0,0,0,0,0,0,0,0,1,0,0,0,0,0,1,0,1,0
3,2,700.0,5.0,463.0,1.0,9.0,5,0,0,0,0,0,0,0,1,1,2.0,0,0,0,0,1,1,0,1,1,0,1,0,0,0,0,0,0,0,0,1,0,0,0,0,0,0,0,0,0,1,0,1,0
3,2,1092.0,17.0,435.0,2.0,9.0,10,1,0,1,1,0,0,0,1,1,1.0,0,0,1,1,1,1,1,1,1,0,1,0,1,1,1,0,0,0,0,0,0,0,0,0,0,0,1,0,0,0,0,0,0
3,2,850.0,5.0,463.0,1.0,9.0,5,1,0,1,1,1,0,0,1,1,3.0,0,0,0,0,0,1,0,1,1,0,1,0,1,0,0,0,0,0,0,0,0,0,0,0,1,0,0,0,0,1,0,1,0
3,2,753.0,20.0,463.0,2.0,9.0,6,0,0,0,0,0,0,0,1,1,1.0,0,0,0,1,1,1,0,1,1,0,1,0,0,0,0,0,0,0,0,0,0,0,0,0,1,0,0,0,0,1,1,1,0
2,2,799.0,20.0,463.0,1.0,9.0,0,0,0,0,0,0,0,0,1,1,2.0,0,0,0,0,0,0,0,0,0,0,0,0,0,0,0,0,0,1,0,0,0,0,0,0,0,0,0,0,0,1,1,1,0
4,3,1579.0,20.0,350.0,2.0,11.0,14,0,0,0,0,0,0,0,1,1,2.0,1,1,1,1,1,1,1,1,1,1,1,1,1,1,0,0,0,0,0,0,0,0,0,0,1,0,1,0,0,0,1,0,0
3,2,830.0,20.0,635.0,2.0,4.0,9,0,1,0,0,0,0,0,1,1,1.0,0,0,1,1,1,1,0,1,1,1,1,0,1,0,0,0,0,0,0,0,0,0,0,0,1,0,0,0,0,0,1,0,0
3,2,1069.0,38.0,463.0,1.0,13.0,8,0,0,0,0,0,0,0,1,0,2.0,1,0,1,0,1,0,0,1,1,0,1,1,1,0,0,0,0,0,0,1,0,0,0,0,0,0,1,0,0,0,0,1,0
3,2,800.0,21.0,406.0,1.0,25.0,7,0,0,0,0,0,0,0,1,1,1.0,0,0,0,1,1,1,0,1,1,0,1,0,1,0,0,0,0,0,0,1,0,0,0,0,0,0,1,0,0,0,0,0,0
6,5,2750.0,20.0,79.0,1.0,9.0,5,0,0,0,0,0,0,0,1,1,2.0,1,0,1,0,0,0,0,0,1,1,0,0,1,0,0,0,0,0,0,0,0,0,0,0,0,0,1,0,0,1,1,0,1
3,2,828.0,20.0,463.0,1.0,9.0,0,0,0,0,0,0,0,0,0,0,2.0,0,0,0,0,0,0,0,0,0,0,0,0,0,0,0,0,0,0,0,0,0,0,0,0,1,0,0,0,0,1,1,1,1
2,2,565.0,27.0,526.0,2.0,8.0,7,1,1,0,1,0,0,0,1,1,3.0,1,0,1,0,0,0,1,0,1,1,1,0,1,0,1,0,0,0,0,0,0,0,0,0,0,0,0,0,0,0,0,0,0
3,2,1350.0,20.0,809.0,2.0,3.0,9,0,0,0,0,0,0,0,1,1,2.0,1,0,1,0,1,0,1,1,1,1,1,0,1,0,0,1,0,0,0,0,0,0,0,0,0,0,0,0,1,0,1,0,0
3,2,650.0,20.0,463.0,1.0,9.0,0,0,0,0,0,0,0,0,1,1,1.0,0,0,0,0,0,0,0,0,0,0,0,0,0,0,0,0,0,0,0,1,0,0,0,0,0,0,0,1,0,1,1,1,1
3,2,1065.0,9.0,463.0,1.0,9.0,0,0,0,1,1,1,0,0,1,1,2.0,0,0,0,0,0,0,0,0,0,0,0,0,0,0,0,0,0,0,0,0,0,0,0,0,1,0,0,0,0,1,0,1,1
3,2,812.0,33.0,1002.0,2.0,9.0,9,0,0,1,1,0,0,0,1,0,2.0,0,0,1,1,1,1,1,1,1,0,1,0,1,0,0,0,0,0,0,0,0,0,0,0,1,0,0,0,1,0,0,0,0
4,2,1142.0,24.0,900.0,1.0,8.0,5,0,0,0,0,0,0,0,1,0,2.0,0,0,1,0,0,1,0,0,1,1,1,0,0,0,1,0,0,0,0,0,0,0,0,0,0,0,1,0,0,0,0,0,0
3,1,646.0,12.0,556.0,1.0,9.0,3,0,0,0,0,0,0,0,1,0,2.0,0,0,0,0,1,0,0,1,0,0,1,0,0,0,0,0,0,0,0,1,0,0,0,0,0,0,1,0,0,1,0,0,1
2,2,776.0,42.0,670.0,2.0,6.0,5,0,0,0,0,0,0,0,1,1,3.0,0,0,1,0,1,0,0,1,0,0,1,0,1,0,0,0,0,0,0,1,0,0,0,0,0,0,1,0,0,0,0,0,0
3,2,750.0,20.0,608.0,1.0,9.0,4,0,0,0,0,0,0,0,1,1,1.0,0,0,0,0,1,0,0,1,1,0,1,0,0,0,0,0,0,0,0,1,0,0,0,0,0,0,0,0,0,1,0,0,0
3,2,650.0,17.0,463.0,1.0,9.0,3,0,0,0,0,0,0,0,1,1,3.0,0,0,0,0,1,0,0,1,0,0,1,0,0,0,0,0,0,0,0,1,0,0,0,0,0,0,0,0,0,1,0,1,0
3,3,1038.0,20.0,630.0,1.0,1.0,14,0,0,0,0,0,0,0,1,0,1.0,1,1,1,1,1,1,1,1,1,1,1,1,1,1,0,0,0,0,0,0,0,0,1,0,0,0,0,0,1,0,1,0,1
3,2,1165.0,20.0,406.0,2.0,2.0,10,0,0,0,0,0,0,0,1,1,2.0,1,0,1,1,1,0,1,1,1,1,1,0,1,0,0,0,0,0,0,1,0,0,0,0,0,0,1,0,0,0,1,0,0
4,2,1343.0,22.0,144.0,2.0,9.0,7,0,0,0,0,0,0,0,1,1,3.0,0,0,0,0,1,1,0,1,1,1,1,0,1,0,0,0,0,0,0,1,0,0,0,0,0,0,1,0,0,1,0,0,0
3,2,1148.0,17.0,463.0,1.0,9.0,10,0,0,0,0,0,0,0,1,1,3.0,1,0,1,0,1,1,1,1,1,0,1,0,1,1,1,0,0,0,0,0,0,0,0,0,0,0,1,0,0,1,0,1,0
3,2,949.0,20.0,635.0,2.0,4.0,7,0,0,0,0,0,0,0,1,1,2.0,0,0,0,1,1,1,0,1,1,0,1,0,1,0,0,0,0,0,0,0,0,0,0,0,1,0,0,0,0,0,1,0,0
3,2,850.0,4.0,463.0,1.0,9.0,3,0,0,0,0,0,0,0,1,1,2.0,0,0,0,0,0,0,0,1,1,0,1,0,0,0,0,0,0,0,0,0,0,0,0,0,1,0,0,0,0,1,0,1,0
4,3,1202.0,20.0,363.0,2.0,2.0,9,0,0,0,0,0,0,0,1,1,1.0,1,0,1,1,1,0,1,1,1,0,1,0,1,0,0,0,0,0,0,0,0,1,0,0,0,0,1,0,0,0,1,0,0
2,1,517.0,20.0,463.0,1.0,9.0,0,0,0,0,0,0,0,0,1,1,2.0,0,0,0,0,0,0,0,0,0,0,0,0,0,0,0,0,0,0,0,0,0,0,0,0,0,0,0,1,0,1,1,1,1
3,2,670.0,5.0,950.0,1.0,9.0,1,0,0,0,0,0,0,0,1,1,2.0,0,0,0,0,0,0,0,0,0,0,1,0,0,0,0,0,0,0,0,0,0,0,0,0,1,0,0,1,0,1,0,0,1
3,2,650.0,20.0,463.0,1.0,9.0,3,0,0,0,0,0,1,0,0,0,3.0,0,0,0,0,1,0,0,1,0,0,1,0,0,0,0,0,0,0,0,0,0,0,0,0,1,0,0,0,0,1,1,1,1
3,2,606.0,20.0,463.0,1.0,9.0,3,0,0,0,0,0,0,0,1,0,1.0,0,0,0,0,0,0,0,1,1,0,1,0,0,0,0,0,0,0,0,0,0,0,0,0,1,0,0,0,0,1,1,1,0
3,2,990.0,20.0,196.0,2.0,16.0,8,1,0,1,1,0,0,0,1,1,2.0,0,0,1,0,1,1,1,1,1,0,1,0,1,0,1,0,0,0,0,0,0,0,0,0,0,0,1,0,0,0,0,0,0
4,2,1143.0,20.0,664.0,2.0,12.0,13,0,0,0,0,0,0,0,1,0,1.0,1,1,1,1,1,1,1,1,1,1,1,0,1,1,0,0,0,0,0,0,0,0,0,0,1,0,1,0,0,0,1,0,0
3,2,1001.0,20.0,463.0,1.0,9.0,6,0,0,0,0,0,0,0,0,0,2.0,0,0,0,1,0,0,1,1,1,0,1,0,1,0,0,0,0,0,0,0,0,0,0,0,0,1,1,0,0,1,1,1,0
3,2,750.0,20.0,463.0,1.0,9.0,3,0,0,0,0,0,0,0,1,1,2.0,0,0,0,0,1,1,0,1,0,0,0,0,0,0,0,0,0,0,0,1,0,0,0,0,0,0,0,0,0,1,1,1,0
3,2,1116.0,20.0,634.0,1.0,9.0,12,1,1,1,0,0,0,0,0,0,2.0,1,1,1,0,1,1,1,1,1,1,1,0,1,1,0,0,0,0,0,0,0,0,0,0,1,0,1,0,0,1,1,0,1
3,2,1148.0,12.0,463.0,1.0,9.0,5,0,0,0,0,0,0,0,1,1,1.0,0,0,0,0,1,0,1,1,1,0,1,0,0,0,0,0,0,0,0,0,0,0,0,0,1,0,0,0,0,1,0,1,0
4,2,1207.0,18.0,250.0,1.0,10.0,6,1,0,1,1,0,0,0,1,0,1.0,0,1,0,0,0,1,1,0,1,0,1,0,1,0,1,0,0,0,0,0,0,0,0,0,0,0,0,0,1,0,0,0,0
3,2,1000.0,5.0,108.0,1.0,9.0,4,0,0,0,0,0,0,0,1,1,1.0,0,0,1,0,0,0,0,0,0,1,1,0,1,0,0,0,0,0,0,1,0,0,0,0,0,0,1,0,0,1,0,0,0
3,2,960.0,31.0,4225.0,1.0,8.0,4,1,1,1,1,0,0,1,1,1,2.0,0,0,0,0,0,0,0,1,1,0,1,0,1,0,1,0,0,0,0,0,0,0,0,0,0,0,0,0,1,0,0,0,1
5,3,1550.0,20.0,122.0,1.0,8.0,14,1,0,1,1,0,0,0,1,0,2.0,1,1,1,1,1,1,1,1,1,1,1,1,1,1,0,0,0,0,0,0,0,0,0,0,1,0,1,0,0,0,1,0,0
3,2,1036.0,24.0,406.0,1.0,10.0,6,1,1,1,1,0,1,0,1,0,2.0,0,0,0,1,1,1,0,1,1,0,0,0,1,0,0,0,0,0,0,0,0,0,0,0,1,0,0,0,1,0,0,0,0
3,1,707.0,20.0,463.0,1.0,9.0,2,0,0,0,0,0,1,0,0,1,2.0,0,0,0,1,0,0,0,0,1,0,0,0,0,0,0,0,0,0,0,0,0,0,0,0,1,0,0,1,0,1,1,1,1
2,2,1411.0,27.0,176.0,1.0,10.0,9,1,1,1,1,0,0,1,1,1,2.0,1,0,1,0,1,0,0,1,1,1,1,1,1,0,1,0,0,0,0,0,0,0,0,0,0,0,1,0,0,0,0,0,0
3,2,700.0,22.0,463.0,1.0,18.0,3,0,0,0,0,0,0,0,1,0,2.0,0,0,0,0,0,0,0,1,1,0,1,0,0,0,0,0,0,0,0,1,0,0,0,0,0,0,0,0,0,0,0,1,0
4,2,1333.0,25.0,800.0,2.0,9.0,8,1,1,1,1,1,0,0,1,0,2.0,0,1,1,0,1,1,0,1,1,0,1,0,1,0,1,0,0,0,0,0,0,0,0,0,0,0,1,0,0,0,0,0,0
3,2,856.0,9.0,463.0,1.0,9.0,6,0,0,0,0,0,0,0,1,1,1.0,1,0,0,0,0,1,0,1,1,0,1,0,1,0,0,0,0,0,0,0,0,0,0,0,1,0,1,0,0,1,0,1,0
3,2,675.0,20.0,463.0,1.0,9.0,4,0,0,0,0,0,0,0,1,0,2.0,0,0,0,0,1,1,0,1,1,0,0,0,0,0,0,0,0,0,0,0,0,0,0,0,1,0,0,1,0,1,1,1,1
3,2,900.0,20.0,463.0,1.0,9.0,0,0,0,0,0,0,0,0,1,1,1.0,0,0,0,0,0,0,0,0,0,0,0,0,0,0,0,0,0,0,0,0,0,0,0,0,0,0,0,1,0,1,1,1,1
3,2,700.0,30.0,500.0,1.0,11.0,9,0,0,0,0,0,0,0,1,1,2.0,1,0,1,1,1,0,1,1,1,0,1,0,1,0,0,0,0,0,0,1,0,0,0,0,0,0,0,0,0,0,0,0,0
3,2,1110.0,20.0,463.0,2.0,9.0,0,0,0,0,0,0,0,0,1,1,2.0,0,0,0,0,0,0,0,0,0,0,0,0,0,0,0,0,0,0,0,0,0,0,0,0,0,1,1,0,0,1,1,1,0
3,2,667.0,5.0,463.0,1.0,9.0,3,1,0,1,1,1,0,0,1,1,3.0,1,0,0,0,0,0,0,1,1,0,0,0,0,0,0,0,0,0,0,0,0,0,0,0,1,0,0,0,0,1,0,1,1
3,2,1528.0,20.0,846.0,2.0,9.0,10,0,0,0,0,0,0,0,1,1,2.0,1,0,1,1,1,0,1,1,1,1,1,0,1,0,0,0,0,0,0,1,0,0,0,0,0,0,1,0,0,1,1,0,0
3,2,819.0,44.0,2136.0,1.0,2.0,7,0,1,0,1,0,0,1,1,0,2.0,1,0,1,0,1,0,0,1,1,0,1,0,1,0,1,0,0,0,0,0,0,0,0,0,0,0,0,0,1,0,0,0,0
2,2,733.0,12.0,463.0,1.0,9.0,8,0,0,0,0,0,0,0,0,0,2.0,0,0,0,1,1,1,1,1,1,0,1,0,1,0,0,0,0,0,0,0,0,0,0,0,1,0,1,0,0,1,0,1,0
3,1,625.0,20.0,463.0,1.0,9.0,5,0,0,0,0,0,0,0,1,1,3.0,0,0,0,0,1,1,0,1,1,0,1,0,0,0,0,0,0,0,0,1,0,0,0,0,0,0,0,1,0,1,1,1,1
3,2,1180.0,20.0,463.0,1.0,20.0,0,0,0,0,0,0,0,0,1,0,1.0,0,0,0,0,0,0,0,0,0,0,0,0,0,0,0,0,0,0,0,0,0,0,0,0,0,0,0,0,0,0,1,1,1
3,2,1238.0,18.0,715.0,1.0,16.0,14,1,1,1,1,0,0,0,1,0,2.0,1,1,1,1,1,1,1,1,1,1,1,1,1,1,1,0,0,0,0,0,0,0,0,0,0,0,1,0,0,0,0,0,1
3,2,1100.0,19.0,463.0,1.0,27.0,7,1,0,1,1,0,0,0,1,0,2.0,1,0,1,0,0,0,0,1,1,1,1,0,1,0,1,0,0,0,0,0,0,0,0,0,0,0,1,0,0,0,0,1,1
3,2,1424.0,33.0,550.0,3.0,2.0,11,0,0,0,0,0,0,0,1,1,3.0,1,1,1,1,1,0,1,1,1,1,1,0,1,0,0,0,0,0,0,1,0,0,0,0,0,0,1,0,0,0,0,0,0
2,1,650.0,20.0,463.0,1.0,9.0,3,0,0,0,0,0,0,0,1,1,2.0,0,0,0,0,1,0,0,1,0,0,1,0,0,0,0,0,0,0,0,1,0,0,0,0,0,0,1,0,0,1,1,1,0
3,2,955.0,20.0,463.0,1.0,9.0,8,0,0,0,0,0,0,0,1,0,2.0,0,0,1,0,1,1,1,1,1,0,1,0,1,0,0,0,0,0,0,0,0,0,1,0,0,0,1,0,0,1,1,1,0
2,2,915.0,4.0,463.0,1.0,32.0,2,1,1,1,1,0,0,1,1,1,3.0,0,0,0,0,0,0,0,1,0,0,1,0,0,0,0,0,0,0,0,0,0,0,0,0,1,0,1,0,0,0,0,1,0
3,2,960.0,8.0,463.0,1.0,9.0,3,1,0,1,0,0,1,0,1,0,3.0,0,0,0,0,0,0,0,1,1,0,1,0,0,0,0,0,0,0,0,0,0,0,0,0,1,0,0,0,0,1,0,1,0
4,2,850.0,15.0,463.0,1.0,10.0,7,1,0,0,1,0,0,0,1,1,3.0,0,0,1,0,1,1,1,1,0,0,1,0,1,0,0,0,0,0,0,0,0,0,0,0,1,0,1,0,0,0,0,1,0
3,2,1023.0,20.0,463.0,1.0,9.0,0,0,0,0,0,0,0,0,1,1,1.0,0,0,0,0,0,0,0,0,0,0,0,0,0,0,0,0,0,0,0,0,0,0,0,0,0,0,0,0,0,1,1,1,0
2,2,921.0,20.0,463.0,1.0,9.0,0,0,0,0,0,0,0,0,1,0,2.0,0,0,0,0,0,0,0,0,0,0,0,0,0,0,0,0,0,0,0,0,0,0,0,1,0,0,0,0,0,1,1,1,0
3,2,1200.0,20.0,463.0,2.0,9.0,10,0,0,0,0,0,0,0,1,1,2.0,1,0,1,1,1,0,1,1,1,1,1,0,1,0,1,0,0,0,0,0,0,0,0,0,0,0,1,0,0,1,1,1,0
3,2,1228.0,20.0,463.0,2.0,9.0,6,0,0,0,0,0,0,0,1,0,3.0,0,0,1,0,1,0,0,1,1,1,1,0,0,0,0,0,0,0,0,0,0,0,1,0,0,0,1,0,0,1,1,1,0
2,1,721.0,20.0,594.0,2.0,5.0,10,0,0,1,1,0,0,0,1,0,2.0,1,1,1,1,0,0,1,1,1,1,1,0,1,0,0,0,0,0,0,0,0,0,0,0,1,0,1,0,0,0,1,0,0
2,2,1191.0,20.0,973.0,1.0,7.0,7,0,0,0,0,0,0,0,1,0,2.0,0,0,1,0,0,1,1,1,0,1,1,0,1,0,0,0,0,0,0,0,0,0,0,0,0,0,0,0,0,0,0,0,1
3,2,1230.0,27.0,357.0,2.0,6.0,6,0,0,0,0,0,0,0,1,1,3.0,0,0,1,0,1,0,0,1,1,0,1,0,1,0,0,0,0,0,0,1,0,0,0,0,0,0,1,0,0,0,0,0,0
3,2,1050.0,46.0,730.0,3.0,0.0,10,0,0,0,0,0,0,0,1,1,2.0,1,0,1,1,1,1,1,1,1,0,1,0,1,0,0,0,0,0,0,1,0,0,0,0,0,0,1,0,0,0,0,0,0
3,2,1165.0,20.0,406.0,1.0,2.0,6,0,0,0,0,0,0,0,1,1,2.0,1,0,1,1,0,0,0,0,1,0,1,0,1,0,0,0,0,0,0,1,0,0,0,0,0,0,1,0,0,0,1,0,0
3,2,1055.0,5.0,463.0,1.0,9.0,3,0,1,0,1,1,0,0,0,0,2.0,0,0,0,0,0,0,0,0,1,0,1,0,1,0,1,0,0,0,0,0,0,0,0,0,0,0,0,0,0,1,0,1,1
2,1,625.0,20.0,240.0,1.0,9.0,3,0,0,0,0,0,0,0,1,0,2.0,0,0,1,0,0,0,0,0,0,0,1,0,1,0,0,0,0,0,0,1,0,0,0,0,0,0,0,0,1,1,1,0,0
4,2,965.0,14.0,336.0,1.0,13.0,0,0,0,0,0,0,0,0,1,1,2.0,0,0,0,0,0,0,0,0,0,0,0,0,0,0,1,0,0,0,0,0,0,0,0,0,0,0,1,0,0,0,0,0,1
2,2,1270.0,56.0,819.0,2.0,1.0,5,0,0,0,0,0,0,0,0,0,2.0,0,0,1,0,0,0,1,0,0,1,1,0,1,0,0,0,0,0,0,0,0,0,1,0,0,0,0,0,1,0,0,0,0
3,2,845.0,20.0,478.0,2.0,1.0,2,0,0,0,0,0,0,0,1,0,2.0,0,0,0,0,0,0,0,1,1,0,0,0,0,0,0,0,0,0,0,1,0,0,0,0,0,0,1,0,0,0,1,0,0
3,2,680.0,22.0,900.0,1.0,14.0,3,0,0,0,0,0,0,0,1,0,2.0,0,0,0,0,0,0,0,1,1,0,1,0,0,0,0,0,0,0,0,1,0,0,0,0,0,0,0,0,0,0,0,0,1
3,2,720.0,20.0,463.0,1.0,32.0,0,0,0,0,0,0,0,0,1,1,1.0,0,0,0,0,0,0,0,0,0,0,0,0,0,0,0,0,0,0,0,0,0,0,0,0,1,0,0,0,0,0,1,1,1
2,2,890.0,20.0,414.0,1.0,9.0,9,0,0,0,1,0,0,0,1,1,2.0,1,0,1,1,1,0,1,1,1,0,1,0,1,0,0,0,0,0,0,0,0,0,0,0,1,0,0,0,0,1,1,0,0
3,2,1080.0,20.0,463.0,2.0,9.0,14,0,0,0,0,0,0,0,1,1,2.0,1,1,1,1,1,1,1,1,1,1,1,1,1,1,0,0,0,0,0,0,0,0,0,0,1,0,1,0,0,1,1,1,0
3,2,750.0,20.0,463.0,1.0,9.0,0,0,0,0,0,0,0,0,1,1,3.0,0,0,0,0,0,0,0,0,0,0,0,0,0,0,0,0,0,0,0,0,0,0,0,0,0,0,0,1,0,1,1,1,1
2,2,800.0,20.0,463.0,1.0,9.0,13,1,0,0,1,0,0,1,1,1,2.0,1,1,1,1,1,1,1,1,1,1,1,1,1,0,1,0,0,0,0,0,0,0,0,0,0,0,0,0,1,1,1,1,0
3,2,887.0,30.0,808.0,2.0,10.0,10,0,0,0,0,0,0,0,1,1,1.0,0,0,1,0,1,1,0,1,1,1,1,1,1,1,0,0,0,0,0,1,0,0,0,0,0,0,1,0,0,0,0,0,0
3,2,1000.0,20.0,463.0,1.0,9.0,6,0,0,0,0,0,0,0,1,1,2.0,0,0,1,0,0,0,0,0,1,1,1,1,1,0,0,0,0,0,0,0,0,0,0,0,0,1,1,0,0,1,1,1,0
3,3,1398.0,18.0,463.0,1.0,25.0,12,0,0,1,1,0,0,0,1,1,2.0,1,1,1,0,1,1,1,1,1,0,1,1,1,1,0,0,0,0,0,0,0,0,0,0,1,0,1,0,0,0,0,1,0
3,2,800.0,6.0,672.0,2.0,29.0,5,0,0,0,0,0,0,0,1,0,2.0,0,0,0,0,1,0,0,1,1,0,1,0,1,0,0,0,0,0,0,1,0,0,0,0,0,0,0,0,0,0,0,0,0
3,2,764.0,20.0,463.0,1.0,9.0,0,1,1,1,1,0,0,0,1,0,2.0,0,0,0,0,0,0,0,0,0,0,0,0,0,0,1,0,0,0,0,0,0,0,0,0,0,0,0,0,0,1,1,1,0
3,2,850.0,21.0,406.0,1.0,25.0,0,0,0,0,0,0,0,0,1,1,1.0,0,0,0,0,0,0,0,0,0,0,0,0,0,0,0,0,0,0,0,1,0,0,0,0,0,0,1,0,0,0,0,0,0
3,2,918.0,17.0,595.0,2.0,9.0,6,0,0,0,0,0,0,0,1,0,2.0,0,0,0,0,1,1,0,1,1,0,1,0,1,0,1,0,0,0,0,0,0,0,0,0,0,0,0,0,0,1,0,0,0
3,2,1280.0,16.0,463.0,1.0,9.0,6,0,0,0,0,0,0,0,1,1,2.0,0,0,1,0,0,0,0,1,1,0,1,0,1,1,0,0,0,0,0,0,0,0,0,0,1,0,0,0,0,1,0,1,0
3,3,1093.0,20.0,463.0,1.0,9.0,0,0,0,0,0,0,0,0,1,1,2.0,0,0,0,0,0,0,0,0,0,0,0,0,0,0,0,0,0,0,0,0,0,0,0,0,0,0,0,0,1,1,1,1,0
3,2,736.0,20.0,596.0,1.0,13.0,6,1,0,0,0,0,1,0,1,1,2.0,0,0,0,1,1,1,1,1,0,0,1,0,0,0,0,0,0,0,0,0,0,0,0,0,1,0,0,0,0,0,1,0,0
4,3,1300.0,20.0,300.0,1.0,13.0,8,0,0,0,0,0,0,0,1,1,3.0,1,0,1,1,0,1,0,1,1,0,1,0,1,0,0,0,0,0,0,0,0,0,0,0,1,0,1,0,0,0,0,0,1
3,2,990.0,4.0,463.0,1.0,9.0,7,0,0,0,0,0,0,0,1,1,3.0,1,0,0,1,1,1,0,1,1,0,1,0,0,0,0,0,0,0,0,0,0,0,0,0,0,0,0,0,0,1,0,1,1
3,2,1276.0,35.0,463.0,2.0,7.0,10,0,0,0,0,0,0,0,1,1,2.0,1,0,1,0,1,1,1,1,1,1,1,0,1,0,0,0,0,0,0,0,0,0,0,0,1,0,0,0,1,0,0,1,0
3,2,800.0,45.0,1168.0,2.0,5.0,9,0,0,0,0,0,0,0,1,1,3.0,1,0,1,0,1,1,0,1,1,1,1,0,1,0,0,0,0,0,0,1,0,0,0,0,0,0,1,0,0,0,0,0,0
2,1,600.0,20.0,463.0,2.0,9.0,2,0,0,0,0,0,0,0,1,0,1.0,0,0,0,0,0,0,0,1,1,0,0,0,0,0,1,0,0,0,0,0,0,0,0,0,0,0,0,1,0,1,1,1,0
1,1,447.0,21.0,455.0,1.0,8.0,7,0,0,0,0,0,0,0,1,1,2.0,1,0,1,1,0,0,1,0,1,0,1,0,1,0,0,0,0,0,0,0,0,0,0,0,1,0,1,0,0,0,0,0,1
3,2,600.0,20.0,463.0,1.0,9.0,7,1,1,1,1,0,0,1,1,0,2.0,0,0,1,1,0,1,0,1,1,0,1,0,1,0,1,0,0,0,0,0,0,0,0,0,0,0,0,0,0,1,1,1,1
3,2,850.0,20.0,463.0,1.0,9.0,2,1,0,0,0,0,0,1,1,0,1.0,0,0,0,0,0,0,0,0,1,0,1,0,0,0,0,0,0,0,0,0,0,0,0,0,1,0,1,0,0,1,1,1,0
2,2,1213.0,24.0,403.0,2.0,7.0,8,1,1,1,1,0,0,1,1,0,2.0,1,0,1,1,0,0,1,0,1,1,1,0,1,0,1,0,0,0,0,0,0,0,0,0,0,0,1,0,0,0,0,0,0
3,2,818.0,12.0,463.0,1.0,9.0,6,0,0,0,0,0,0,0,1,0,2.0,1,1,0,0,0,1,0,1,0,0,0,0,1,1,1,0,0,0,0,0,0,0,0,0,0,0,1,0,0,1,0,1,1
3,2,900.0,20.0,463.0,1.0,9.0,0,0,0,0,0,0,0,0,0,1,1.0,0,0,0,0,0,0,0,0,0,0,0,0,0,0,0,1,0,0,0,0,0,0,0,0,0,0,0,0,0,1,1,1,1
3,2,907.0,20.0,606.0,1.0,18.0,7,0,0,1,1,0,0,0,1,0,2.0,0,0,1,0,0,1,0,1,1,0,1,0,1,1,0,0,0,0,0,0,0,0,0,0,1,0,1,0,0,0,0,0,0
2,1,506.0,20.0,463.0,1.0,9.0,0,0,0,0,0,0,0,0,1,0,2.0,0,0,0,0,0,0,0,0,0,0,0,0,0,0,0,0,0,0,0,0,0,0,0,0,0,0,0,1,0,1,1,1,1
4,2,1590.0,20.0,654.0,2.0,10.0,13,1,0,1,1,0,0,0,1,1,3.0,1,1,1,1,1,1,1,1,1,1,1,0,1,1,1,0,0,0,0,0,0,0,0,0,0,0,1,0,0,0,1,0,0
3,2,810.0,20.0,463.0,1.0,9.0,2,0,0,0,0,0,0,0,0,0,2.0,0,0,0,0,0,0,0,1,1,0,0,0,0,0,0,0,0,0,0,0,0,0,0,0,1,0,0,1,0,1,1,1,0
2,2,581.0,20.0,463.0,1.0,9.0,6,0,0,0,0,0,0,0,1,0,2.0,0,0,0,1,1,1,1,1,1,0,0,0,0,0,0,0,0,0,0,1,0,0,0,0,0,0,0,0,0,1,1,1,1
3,2,665.0,20.0,463.0,1.0,9.0,0,0,0,0,0,0,0,0,1,0,2.0,0,0,0,0,0,0,0,0,0,0,0,0,0,0,0,0,0,0,0,0,0,0,1,0,0,0,0,0,0,1,1,1,1
3,2,861.0,5.0,463.0,1.0,9.0,5,1,0,1,1,0,0,0,1,1,1.0,1,0,0,1,0,0,0,1,1,0,1,0,0,0,0,0,0,0,0,0,0,0,0,0,1,0,0,0,1,1,0,1,0
3,2,1170.0,15.0,463.0,2.0,9.0,11,1,1,1,1,0,0,0,1,0,2.0,1,1,1,1,0,1,1,1,1,0,1,0,1,1,0,0,0,0,0,0,0,0,0,0,1,0,1,0,0,1,0,1,0
1,1,500.0,29.0,372.0,1.0,10.0,7,0,0,0,0,0,0,0,1,1,2.0,0,0,1,1,0,1,0,1,1,0,1,0,1,0,0,0,0,0,0,0,0,0,0,0,1,0,1,0,0,0,0,0,1
3,2,710.0,20.0,463.0,1.0,9.0,0,0,0,0,0,0,0,0,1,0,2.0,0,0,0,0,0,0,0,0,0,0,0,0,0,0,0,1,0,0,0,0,0,0,0,0,0,0,0,0,0,1,1,1,1
3,2,866.0,20.0,463.0,1.0,9.0,0,0,0,0,0,0,0,0,0,0,1.0,0,0,0,0,0,0,0,0,0,0,0,0,0,0,0,0,0,0,0,0,0,0,1,0,0,0,1,0,0,1,1,1,1
3,2,1500.0,20.0,144.0,4.0,9.0,7,1,0,1,1,0,1,0,1,1,3.0,0,0,1,0,1,0,1,1,1,0,1,0,1,0,0,0,0,0,0,0,0,0,0,0,1,0,0,0,1,1,1,0,0
3,2,700.0,22.0,1008.0,1.0,26.0,3,0,0,0,0,0,0,0,1,1,1.0,0,0,0,0,1,0,0,1,0,0,1,0,0,0,0,0,0,0,0,1,0,0,0,0,0,0,0,0,0,0,0,0,1
4,3,1033.0,12.0,228.0,2.0,9.0,10,1,0,1,1,0,0,0,1,0,2.0,1,0,1,1,1,1,1,1,1,0,1,0,1,0,0,0,0,0,0,0,0,0,0,0,1,0,0,0,1,0,0,0,0
3,2,650.0,20.0,463.0,1.0,9.0,0,0,0,1,1,0,0,0,1,1,2.0,0,0,0,0,0,0,0,0,0,0,0,0,0,0,0,0,0,0,0,0,0,0,0,0,1,0,0,1,0,1,1,1,1
1,1,454.0,20.0,463.0,1.0,9.0,3,0,0,0,0,0,0,0,0,1,2.0,0,0,0,0,1,0,0,1,0,0,1,0,0,0,0,0,1,0,0,0,0,0,0,0,0,0,0,0,0,1,1,1,1
3,2,650.0,20.0,463.0,1.0,9.0,2,1,0,1,1,0,0,0,1,0,2.0,0,0,0,0,1,1,0,0,0,0,0,0,0,0,0,0,0,0,0,0,0,0,0,0,1,0,0,0,0,1,1,1,1
3,2,1050.0,40.0,558.0,2.0,9.0,8,1,1,1,0,0,1,0,1,0,2.0,1,0,1,0,1,0,1,1,1,0,1,0,1,0,1,0,0,0,0,0,0,0,0,0,0,0,0,0,1,1,0,0,0
3,2,798.0,20.0,463.0,1.0,9.0,7,0,0,0,0,0,0,0,0,1,1.0,0,0,0,1,1,1,1,1,1,0,1,0,0,0,0,0,0,0,0,0,1,0,0,0,0,0,0,0,0,1,1,1,0
4,2,844.0,20.0,463.0,1.0,9.0,5,0,0,0,0,0,0,0,0,0,2.0,0,0,0,0,0,0,1,1,1,0,1,0,1,0,0,0,0,0,0,0,0,0,0,0,1,0,0,0,0,1,1,1,0
3,2,1152.0,20.0,463.0,1.0,9.0,7,0,0,0,0,0,0,0,1,1,3.0,0,0,1,0,1,1,0,1,1,0,1,0,1,0,0,0,0,0,0,0,0,0,0,0,0,0,0,0,0,1,1,1,0
3,2,850.0,20.0,1440.0,1.0,8.0,5,0,0,0,0,0,0,0,1,0,2.0,0,0,0,1,1,0,0,1,1,0,1,0,0,0,0,0,0,0,0,0,0,0,0,0,1,0,0,0,0,0,0,0,1
3,2,880.0,5.0,1.0,1.0,9.0,0,0,0,0,0,0,0,0,1,1,2.0,0,0,0,0,0,0,0,0,0,0,0,0,0,0,0,0,0,0,0,0,0,0,0,0,1,0,0,0,0,1,0,0,1
3,3,1288.0,30.0,808.0,1.0,10.0,10,0,0,0,0,0,0,0,1,1,3.0,0,0,1,0,1,1,0,1,1,1,1,1,1,1,0,0,0,0,0,1,0,0,0,0,0,0,1,0,0,0,0,0,0
3,2,1200.0,20.0,698.0,2.0,18.0,10,0,0,0,0,0,0,0,1,0,2.0,1,0,1,1,1,1,0,1,1,1,1,0,1,0,0,0,0,0,0,0,0,0,0,0,0,0,0,0,0,0,1,0,0
3,2,1155.0,20.0,463.0,2.0,9.0,5,0,0,0,0,0,0,0,1,1,2.0,0,0,0,0,1,0,0,1,1,0,1,0,1,0,0,0,0,0,0,1,0,0,0,0,0,0,1,0,0,1,1,1,0
3,2,700.0,5.0,463.0,1.0,9.0,4,0,0,0,0,0,0,0,1,1,2.0,0,0,0,0,0,0,1,1,1,0,1,0,0,0,0,0,0,0,0,0,0,0,0,0,1,0,0,0,0,1,0,1,1
3,2,1275.0,31.0,476.0,2.0,6.0,10,0,0,0,0,0,0,0,1,1,3.0,1,0,1,1,1,0,1,1,1,1,1,0,1,0,0,0,0,0,0,1,0,0,0,0,0,0,1,0,0,0,0,0,0
3,3,840.0,5.0,180.0,1.0,9.0,2,0,0,0,0,0,0,0,1,1,2.0,0,0,0,0,0,0,0,1,1,0,0,0,0,0,0,0,0,0,0,0,0,0,0,0,1,0,0,0,0,1,0,0,1
3,2,887.0,30.0,808.0,2.0,10.0,10,0,0,0,0,0,0,0,1,1,3.0,0,0,1,0,1,1,0,1,1,1,1,1,1,1,0,0,0,0,0,1,0,0,0,0,0,0,1,0,0,0,0,0,0
3,2,906.0,21.0,565.0,1.0,17.0,8,0,0,0,0,0,0,0,1,0,2.0,1,0,1,1,0,0,0,1,1,0,1,0,1,1,0,0,0,0,0,0,0,0,0,0,0,0,0,0,0,0,0,0,1
3,2,1165.0,20.0,406.0,2.0,2.0,10,0,0,0,0,0,0,0,1,1,2.0,1,0,1,1,1,1,1,1,1,0,1,0,1,0,0,0,0,0,0,1,0,0,0,0,0,0,1,0,0,0,1,0,0
3,2,950.0,5.0,463.0,1.0,9.0,4,1,0,1,1,0,0,0,1,0,1.0,0,0,0,0,0,1,0,1,1,0,1,0,0,0,0,0,0,0,0,0,0,0,0,0,1,0,0,0,0,1,0,1,0
4,2,1206.0,20.0,684.0,1.0,9.0,7,0,0,0,1,0,0,1,1,0,2.0,1,0,1,1,0,0,1,0,1,1,0,0,1,0,0,0,0,0,0,0,0,0,0,0,1,0,1,0,0,1,1,0,1
3,2,1126.0,20.0,226.0,1.0,9.0,14,0,0,0,0,0,0,0,0,1,2.0,1,1,1,1,1,1,1,1,1,1,1,1,1,1,0,0,0,0,0,0,0,1,0,0,0,0,1,0,0,1,1,0,0
3,2,780.0,9.0,344.0,1.0,11.0,6,0,0,1,0,0,0,0,1,0,2.0,1,0,0,1,0,1,0,1,1,0,1,0,0,0,0,0,0,0,0,0,0,0,0,0,1,0,1,0,0,0,0,0,0
3,2,1036.0,33.0,550.0,2.0,2.0,11,0,0,0,0,0,0,0,1,1,2.0,1,1,1,1,1,0,1,1,1,1,1,0,1,0,0,0,0,0,0,1,0,0,0,0,0,0,1,0,0,0,0,0,0
2,1,624.0,20.0,463.0,1.0,9.0,0,0,1,0,1,1,0,1,1,0,2.0,0,0,0,0,0,0,0,0,0,0,0,0,0,0,1,0,0,0,0,0,0,0,0,0,0,0,0,1,0,1,1,1,1
3,2,700.0,35.0,463.0,1.0,25.0,5,0,0,0,0,0,0,0,1,1,3.0,0,0,0,1,0,1,0,1,1,0,1,0,0,0,0,0,0,0,0,1,0,0,0,0,0,0,1,0,0,0,0,1,0
3,2,720.0,20.0,463.0,1.0,9.0,3,0,0,0,0,0,0,0,1,1,1.0,0,0,0,0,1,0,0,1,0,0,1,0,0,0,0,0,0,0,0,1,0,0,0,0,0,0,0,0,0,1,1,1,0
3,4,2185.0,6.0,98.0,4.0,6.0,13,0,0,0,0,0,0,0,1,1,2.0,1,1,1,1,1,0,1,1,1,1,1,1,1,1,0,0,0,0,0,1,0,0,0,0,0,0,1,0,0,0,0,0,0
2,2,430.0,20.0,463.0,1.0,2.0,1,1,1,1,1,1,0,1,1,1,2.0,0,0,0,0,0,0,1,0,0,0,0,0,0,0,1,0,0,0,0,0,0,0,0,0,0,0,0,0,1,0,1,1,1
4,2,1262.0,5.0,463.0,2.0,9.0,6,0,0,0,0,0,1,0,1,1,2.0,0,0,1,0,1,0,0,1,1,0,1,0,1,0,0,0,0,0,0,0,0,0,0,0,1,0,0,0,0,1,0,1,0
3,2,1009.0,36.0,1338.0,2.0,6.0,11,1,0,1,1,0,0,0,1,0,1.0,1,0,1,1,1,1,1,1,1,1,1,0,1,0,1,0,0,0,0,0,0,0,0,0,0,0,0,0,1,0,0,0,0
3,2,1270.0,15.0,368.0,1.0,6.0,8,0,0,0,0,0,0,0,0,1,2.0,0,1,0,1,1,0,1,1,1,0,1,0,1,0,1,0,0,0,0,0,0,0,0,0,0,0,1,0,0,0,0,0,0
3,2,650.0,20.0,463.0,1.0,12.0,7,0,0,0,0,0,0,0,0,1,3.0,0,1,1,1,0,0,0,0,1,1,1,0,1,0,0,0,0,0,0,0,0,0,0,0,1,0,0,1,0,0,1,1,1
3,2,1012.0,23.0,744.0,1.0,9.0,8,0,0,0,1,0,0,1,1,1,2.0,1,0,1,1,0,1,0,0,1,1,1,0,1,0,0,0,0,0,0,0,0,0,0,0,1,0,0,0,1,0,0,0,1
3,2,1539.0,20.0,463.0,1.0,9.0,5,0,0,0,0,0,0,0,1,0,3.0,0,0,0,0,1,0,0,1,1,0,1,0,1,0,0,0,0,0,0,0,0,0,0,1,0,0,1,0,0,1,1,1,0
3,2,750.0,5.0,463.0,1.0,9.0,3,0,0,0,0,0,0,0,0,0,2.0,0,0,0,0,0,1,0,0,1,0,1,0,0,0,0,0,0,0,0,0,0,0,0,0,1,0,0,1,0,1,0,1,1
3,2,900.0,20.0,463.0,1.0,9.0,7,0,0,0,0,0,0,0,1,1,2.0,1,0,1,0,1,0,0,1,1,0,1,0,1,0,0,1,0,0,0,0,0,0,0,0,0,0,0,0,0,1,1,1,0
3,2,856.0,13.0,682.0,1.0,8.0,8,0,0,0,0,0,0,0,1,0,2.0,0,0,0,1,1,1,0,1,1,0,1,1,1,0,0,0,0,0,0,0,0,0,0,0,1,0,0,0,0,0,0,0,0
4,3,1386.0,20.0,899.0,2.0,10.0,12,0,0,0,0,0,0,0,1,0,2.0,1,0,1,1,1,1,1,1,1,0,1,1,1,1,0,0,0,0,0,0,0,0,0,0,1,0,1,0,0,0,0,0,0
3,2,1300.0,27.0,299.0,1.0,29.0,14,1,1,1,1,1,1,0,1,1,3.0,1,1,1,1,1,1,1,1,1,1,1,1,1,1,1,0,0,0,0,0,0,0,0,0,0,0,1,0,0,0,0,0,1
3,2,956.0,19.0,392.0,1.0,9.0,12,0,0,0,0,0,0,0,1,1,2.0,1,1,1,1,0,1,1,1,1,1,1,0,1,1,0,0,0,0,0,0,0,0,0,0,1,0,1,0,0,1,0,0,1
4,3,1849.0,7.0,463.0,2.0,9.0,6,0,0,0,0,0,0,0,1,0,3.0,0,0,0,0,1,1,0,1,1,0,1,0,1,0,0,0,0,0,0,0,0,0,0,0,1,0,1,0,0,1,0,1,0
3,2,790.0,20.0,463.0,1.0,9.0,0,1,0,0,1,0,0,0,1,1,3.0,0,0,0,0,0,0,0,0,0,0,0,0,0,0,0,0,0,0,0,0,0,0,0,0,1,0,0,0,0,0,1,1,1
3,2,1068.0,20.0,944.0,1.0,7.0,1,0,0,0,0,0,0,0,1,0,2.0,0,0,0,0,0,0,0,0,0,0,0,1,0,0,0,0,0,0,0,0,0,0,0,0,0,0,1,0,0,0,1,0,0
3,2,900.0,5.0,463.0,1.0,26.0,5,1,1,1,1,0,0,1,0,1,1.0,1,0,0,0,0,1,0,1,1,0,1,0,0,0,0,0,0,0,0,0,0,0,0,0,1,0,0,0,0,0,0,1,1
3,3,1124.0,22.0,616.0,2.0,7.0,6,1,1,1,0,1,0,1,1,1,1.0,0,0,1,0,0,0,1,1,1,0,1,0,1,0,0,0,0,0,0,0,0,0,0,0,1,0,0,0,1,0,0,0,0
3,2,657.0,5.0,463.0,1.0,9.0,0,0,0,1,1,1,0,0,1,1,2.0,0,0,0,0,0,0,0,0,0,0,0,0,0,0,0,0,0,0,0,0,0,0,0,0,1,0,0,1,0,1,0,1,1
1,1,579.0,20.0,463.0,1.0,9.0,0,0,0,0,0,0,0,0,1,1,1.0,0,0,0,0,0,0,0,0,0,0,0,0,0,0,0,0,0,1,0,0,0,0,0,0,0,0,1,0,0,1,1,1,1
3,2,900.0,20.0,463.0,1.0,9.0,0,0,0,0,0,0,0,0,1,1,2.0,0,0,0,0,0,0,0,0,0,0,0,0,0,0,0,0,0,0,0,1,0,0,0,0,0,0,0,0,0,1,1,1,0
3,2,1160.0,18.0,68.0,2.0,27.0,7,0,0,0,0,0,0,0,1,1,2.0,0,0,1,1,1,0,0,1,0,0,1,0,1,1,0,0,0,0,0,1,0,0,0,0,0,0,0,0,0,0,0,0,0
2,1,495.0,20.0,463.0,1.0,9.0,0,0,0,0,0,0,0,0,1,0,1.0,0,0,0,0,0,0,0,0,0,0,0,0,0,0,0,0,0,0,0,0,0,0,0,1,0,0,0,1,0,1,1,1,1
3,2,650.0,3.0,463.0,1.0,8.0,0,0,0,1,1,0,0,0,1,1,1.0,0,0,0,0,0,0,0,0,0,0,0,0,0,0,0,0,0,0,0,0,0,0,0,0,1,0,0,0,0,0,0,1,1
3,2,865.0,15.0,463.0,1.0,9.0,6,0,0,1,1,0,0,0,0,0,3.0,1,1,0,1,0,0,0,1,1,0,1,0,0,0,0,0,0,0,0,0,0,0,0,0,1,0,0,0,0,1,0,1,0
4,2,864.0,5.0,463.0,1.0,9.0,3,1,1,1,0,0,0,0,0,0,2.0,0,0,0,0,0,0,0,1,1,0,1,0,0,0,0,0,0,0,0,0,0,0,0,0,1,0,0,0,0,1,0,1,0
3,1,850.0,20.0,463.0,1.0,9.0,0,0,0,0,0,0,0,0,1,0,2.0,0,0,0,0,0,0,0,0,0,0,0,0,0,0,0,0,0,0,0,0,0,0,0,0,0,1,0,0,0,1,1,1,0
3,1,1349.0,20.0,463.0,1.0,9.0,8,0,0,0,0,0,0,0,1,1,2.0,1,0,1,1,1,0,0,1,1,0,1,0,1,0,0,0,0,0,0,0,0,0,0,0,0,1,1,0,0,1,1,1,0
3,2,1000.0,20.0,224.0,1.0,16.0,0,0,0,0,0,0,0,0,1,1,2.0,0,0,0,0,0,0,0,0,0,0,0,0,0,0,0,0,0,0,0,1,0,0,0,0,0,0,1,0,0,0,0,0,1
3,2,1195.0,18.0,500.0,1.0,27.0,7,0,0,0,0,0,0,0,1,1,2.0,0,0,0,1,1,1,0,1,1,0,1,1,0,0,1,0,0,0,0,0,0,0,0,0,0,0,1,0,0,0,0,0,0
3,2,872.0,11.0,708.0,1.0,9.0,7,0,0,0,0,0,0,0,1,0,1.0,1,1,1,0,0,0,0,0,1,0,1,0,1,1,0,0,0,0,0,0,0,0,0,0,0,0,0,0,0,1,0,0,0
3,1,560.0,20.0,463.0,1.0,18.0,1,0,0,0,0,0,0,0,1,1,3.0,0,0,0,0,1,0,0,0,0,0,0,0,0,0,0,0,0,0,0,1,0,0,0,0,0,0,0,1,0,0,0,1,1
3,2,1100.0,20.0,463.0,2.0,9.0,6,0,0,0,0,0,0,0,1,0,1.0,0,0,1,0,1,0,0,1,1,0,1,0,1,0,0,0,0,0,0,0,0,0,0,1,0,0,1,0,0,1,1,1,0
2,1,517.0,20.0,463.0,1.0,9.0,1,0,0,0,0,0,0,0,1,1,2.0,0,0,0,0,1,0,0,0,0,0,0,0,0,0,0,0,0,0,0,0,0,0,0,0,1,0,0,0,0,1,1,1,1
3,3,1313.0,20.0,396.0,2.0,16.0,5,0,0,0,0,0,0,0,1,1,1.0,0,0,0,0,1,0,0,1,1,0,1,0,1,0,0,0,0,0,0,1,0,0,0,0,0,0,1,0,0,0,1,0,0
3,2,850.0,16.0,730.0,2.0,5.0,7,0,0,1,0,0,0,0,0,1,2.0,0,0,1,1,0,1,1,1,1,0,1,0,0,0,0,0,0,0,0,0,0,0,0,0,1,0,0,0,0,0,0,0,0
3,2,700.0,23.0,433.0,1.0,24.0,9,0,0,0,0,0,0,0,1,1,1.0,1,0,1,1,0,1,0,1,1,0,1,0,1,1,0,0,0,0,0,1,0,0,0,0,0,0,0,0,0,0,0,0,0
3,2,650.0,27.0,454.0,1.0,9.0,3,0,0,0,0,0,0,0,1,1,2.0,0,0,0,0,1,0,0,1,0,0,1,0,0,0,0,0,0,0,0,1,0,0,0,0,0,0,0,0,0,1,0,0,1
3,2,825.0,20.0,359.0,1.0,2.0,6,1,1,1,0,1,1,0,1,0,2.0,0,0,1,0,1,0,1,0,1,0,1,0,1,0,0,0,0,0,0,0,0,0,0,0,1,0,0,0,0,0,1,0,0
3,2,1183.0,20.0,463.0,2.0,9.0,1,0,0,0,0,0,0,0,1,1,2.0,0,0,0,0,0,0,1,0,0,0,0,0,0,0,0,0,0,0,0,1,0,0,0,0,0,0,1,0,0,1,1,1,0
3,2,915.0,20.0,463.0,1.0,9.0,0,0,0,0,0,0,0,0,1,1,1.0,0,0,0,0,0,0,0,0,0,0,0,0,0,0,0,1,0,0,0,0,0,0,0,0,0,0,0,0,0,1,1,1,1
4,2,1353.0,20.0,463.0,2.0,9.0,13,0,0,0,0,0,0,0,0,1,2.0,1,1,1,1,1,1,1,1,1,1,1,1,1,0,0,0,0,0,0,0,0,0,0,0,0,0,0,0,0,1,1,1,0
4,2,1100.0,20.0,463.0,2.0,9.0,14,0,0,0,0,0,0,0,1,1,1.0,1,1,1,1,1,1,1,1,1,1,1,1,1,1,0,0,0,0,0,0,0,0,0,0,1,0,1,0,0,1,1,1,0
1,1,578.0,35.0,1200.0,1.0,20.0,5,1,1,1,1,1,0,1,1,1,3.0,0,0,1,0,1,0,0,1,0,0,1,0,1,0,1,0,0,0,0,0,0,0,0,0,0,0,1,0,0,0,0,0,1
2,2,820.0,20.0,561.0,1.0,9.0,9,0,0,0,0,0,0,0,1,1,2.0,0,0,1,1,0,1,1,1,1,0,1,0,1,1,0,0,0,0,0,0,0,0,0,0,0,0,0,0,0,0,1,0,1
3,2,700.0,21.0,596.0,1.0,25.0,2,0,0,0,0,0,0,0,1,1,2.0,0,0,0,0,1,0,0,0,0,0,1,0,0,0,0,0,0,0,0,1,0,0,0,0,0,0,0,0,0,0,0,0,1
2,2,800.0,20.0,463.0,1.0,9.0,10,1,0,0,1,0,0,1,1,1,2.0,1,0,1,0,1,1,1,1,1,1,1,0,1,0,1,0,0,0,0,0,0,0,0,0,0,0,0,0,1,1,1,1,0
3,2,1616.0,19.0,216.0,1.0,24.0,9,0,0,0,0,0,0,0,1,0,2.0,1,1,1,1,0,0,0,1,1,1,1,0,1,0,0,0,0,0,0,0,0,0,0,0,0,0,1,0,0,0,0,0,1
3,2,1100.0,20.0,109.0,1.0,9.0,9,0,0,0,0,0,0,0,1,0,2.0,1,1,1,0,1,0,0,1,1,1,1,0,1,0,0,0,0,0,0,0,0,0,1,0,0,0,1,0,0,1,1,0,0
1,1,484.0,20.0,1160.0,1.0,10.0,14,0,0,0,0,0,0,0,1,1,2.0,1,1,1,1,1,1,1,1,1,1,1,1,1,1,0,0,0,0,0,0,0,0,0,0,0,0,0,0,1,0,1,0,0
3,2,1200.0,60.0,1516.0,1.0,6.0,11,1,1,1,1,0,0,1,1,1,2.0,1,0,1,1,1,1,0,1,1,1,1,0,1,1,1,0,0,0,0,0,0,0,0,0,0,0,0,0,1,0,0,0,1
2,2,861.0,20.0,463.0,1.0,9.0,3,0,0,0,0,0,0,0,1,0,2.0,0,0,0,0,1,0,0,1,0,0,1,0,0,0,0,1,0,0,0,0,0,0,0,0,0,0,1,0,0,1,1,1,0
3,2,950.0,13.0,72.0,1.0,26.0,5,0,0,0,0,0,0,0,1,1,2.0,0,0,0,0,1,0,0,1,1,0,1,0,1,0,0,0,0,0,0,1,0,0,0,0,0,0,1,0,0,0,0,0,0
3,2,1009.0,36.0,1338.0,2.0,6.0,6,1,0,1,1,0,0,0,1,0,3.0,0,0,0,1,0,1,1,0,1,0,1,0,1,0,1,0,0,0,0,0,0,0,0,0,0,0,0,0,1,0,0,0,0
3,2,987.0,5.0,80.0,1.0,6.0,7,0,0,0,0,0,0,0,1,0,3.0,1,0,0,1,1,0,0,1,1,0,1,0,1,0,0,0,0,0,0,0,0,0,1,0,0,0,0,0,0,0,0,0,0
3,2,700.0,32.0,988.0,1.0,26.0,7,0,0,0,0,0,0,0,1,1,2.0,0,0,1,0,1,0,0,1,1,0,1,0,1,1,0,0,0,0,0,1,0,0,0,0,0,0,1,0,0,0,0,0,0
3,2,883.0,20.0,463.0,1.0,9.0,2,0,0,1,0,0,0,0,1,0,2.0,0,0,0,0,0,0,0,1,1,0,0,0,0,0,0,0,0,0,0,0,0,0,0,0,1,0,0,0,0,1,1,1,0
3,2,1288.0,21.0,455.0,2.0,8.0,9,0,0,0,0,0,0,0,1,1,2.0,1,0,1,1,1,1,1,0,1,0,1,0,1,0,0,0,0,0,0,0,0,0,0,0,1,0,1,0,0,0,0,0,0
4,4,2368.0,20.0,77.0,3.0,14.0,14,1,1,0,1,1,0,1,1,1,2.0,1,1,1,1,1,1,1,1,1,1,1,1,1,1,1,0,0,0,0,0,0,0,0,0,0,0,1,0,0,0,1,0,0
2,2,1480.0,20.0,463.0,1.0,9.0,8,0,0,0,0,0,0,0,1,0,2.0,1,0,0,1,1,0,0,1,1,0,1,0,1,1,0,1,0,0,0,0,0,0,0,0,0,0,1,0,0,1,1,1,1
3,2,1034.0,16.0,122.0,2.0,16.0,7,0,0,0,0,0,0,0,1,1,2.0,0,0,1,0,1,0,0,1,1,1,1,0,1,0,0,0,0,0,0,1,0,0,0,0,0,0,1,0,0,0,0,0,0
3,3,1200.0,5.0,463.0,3.0,9.0,3,1,0,1,1,0,0,1,1,1,1.0,1,0,1,0,0,0,1,0,0,0,0,0,0,0,1,0,0,0,0,0,0,0,0,0,0,0,1,0,0,1,0,1,0
3,2,1050.0,20.0,771.0,2.0,7.0,6,0,0,0,0,0,0,0,1,1,2.0,0,0,1,1,0,0,0,1,1,0,1,0,1,0,0,0,0,0,0,1,0,0,0,0,0,0,1,0,0,0,0,0,0
4,3,1500.0,27.0,152.0,1.0,14.0,7,1,1,1,1,1,0,1,1,1,2.0,0,0,1,0,1,0,0,1,1,1,1,0,1,0,1,0,0,0,0,0,0,0,0,0,0,0,0,0,1,0,0,0,1
3,2,850.0,31.0,836.0,2.0,0.0,3,1,0,1,1,0,0,1,1,1,2.0,1,0,0,1,0,0,0,0,1,0,0,0,0,0,0,0,0,0,0,0,0,0,0,0,1,0,0,0,1,0,0,0,0
3,2,750.0,30.0,500.0,1.0,11.0,9,0,0,0,0,0,0,0,1,1,3.0,1,0,1,1,1,0,1,1,1,0,1,0,1,0,0,0,0,0,0,1,0,0,0,0,0,0,0,0,0,0,0,0,0
3,2,986.0,25.0,585.0,2.0,8.0,13,0,0,0,0,0,0,0,1,1,3.0,1,1,1,1,1,1,1,1,1,1,1,1,1,0,0,0,0,0,0,0,0,0,0,0,0,0,0,0,0,0,0,0,0
2,1,700.0,20.0,463.0,1.0,9.0,3,0,0,0,0,0,0,0,1,1,2.0,0,0,0,0,1,0,0,1,0,0,1,0,0,0,0,0,0,0,0,1,0,0,0,0,0,0,1,0,0,1,1,1,0
2,2,850.0,24.0,508.0,2.0,3.0,9,0,1,0,1,0,0,1,0,1,2.0,1,0,1,1,1,0,1,1,1,0,1,0,1,0,1,0,0,0,0,0,0,0,0,0,0,0,0,0,1,0,0,0,0
3,2,1049.0,12.0,260.0,1.0,17.0,8,0,0,0,0,0,0,0,0,0,2.0,0,0,1,1,1,1,0,1,1,0,1,0,1,0,0,0,0,0,0,0,0,0,0,0,1,0,1,0,0,0,0,0,0
3,2,1006.0,20.0,463.0,2.0,9.0,0,0,0,0,0,0,0,0,1,1,2.0,0,0,0,0,0,0,0,0,0,0,0,0,0,0,0,0,0,0,0,0,0,1,0,0,0,0,0,0,0,1,1,1,0
3,2,850.0,35.0,1843.0,1.0,4.0,13,0,0,0,0,0,0,0,1,1,2.0,1,1,1,1,0,1,1,1,1,1,1,1,1,1,0,0,0,0,0,0,0,0,0,0,0,0,0,0,1,0,0,0,1
3,2,1159.0,20.0,463.0,1.0,9.0,5,0,0,0,0,0,0,0,1,1,2.0,1,0,0,0,1,0,0,1,1,0,1,0,0,0,0,0,0,0,0,1,0,0,0,0,0,0,0,0,0,1,1,1,1
3,2,950.0,20.0,463.0,2.0,9.0,8,0,0,0,0,0,0,0,1,1,2.0,0,0,1,1,1,0,0,1,1,1,1,0,1,0,0,0,0,0,0,0,0,0,0,0,0,0,0,0,1,1,1,1,0
3,2,840.0,25.0,600.0,1.0,8.0,0,0,0,0,0,0,0,0,1,1,2.0,0,0,0,0,0,0,0,0,0,0,0,0,0,0,0,0,0,0,0,0,0,0,0,0,1,0,0,0,1,0,0,0,1
3,2,897.0,20.0,704.0,1.0,13.0,10,1,0,0,1,0,0,0,0,0,1.0,1,1,1,0,1,1,1,1,1,0,1,0,1,0,0,0,0,0,0,0,0,0,0,0,1,0,1,0,0,0,1,0,0
3,2,700.0,18.0,112.0,1.0,9.0,3,0,0,0,0,0,0,0,1,1,2.0,0,0,0,0,1,0,0,1,0,0,1,0,0,0,0,0,0,0,0,1,0,0,0,0,0,0,0,0,0,1,0,0,0
3,2,650.0,5.0,1100.0,1.0,9.0,7,1,0,0,0,0,1,1,1,0,1.0,1,0,0,1,0,1,1,1,1,0,1,0,0,0,0,0,0,0,0,0,0,0,0,0,1,0,0,0,0,1,0,0,1
1,1,535.0,20.0,463.0,1.0,9.0,7,0,0,0,0,0,0,0,1,1,2.0,0,0,1,0,1,0,1,1,0,1,1,0,1,0,0,0,0,0,0,0,0,0,0,0,0,0,0,0,1,1,1,1,1
4,3,1500.0,20.0,463.0,2.0,9.0,12,0,0,0,0,0,0,0,1,1,1.0,1,0,1,1,1,1,1,1,1,1,1,0,1,1,1,0,0,0,0,0,0,0,0,0,0,0,1,0,0,1,1,1,0
3,2,1226.0,38.0,473.0,2.0,5.0,8,0,0,0,0,0,0,0,1,1,3.0,0,0,1,0,0,1,0,1,1,1,1,1,1,0,0,0,0,0,0,1,0,0,0,0,0,0,1,0,0,0,0,0,0
3,3,4500.0,13.0,104.0,2.0,16.0,0,0,0,0,0,0,0,0,1,1,2.0,0,0,0,0,0,0,0,0,0,0,0,0,0,0,1,0,0,0,0,0,0,0,0,0,0,0,1,0,0,0,0,0,0
2,3,950.0,20.0,450.0,2.0,1.0,12,0,0,0,0,0,0,0,1,1,3.0,1,1,1,1,1,1,1,1,1,1,1,0,1,0,0,0,0,0,0,1,0,0,0,0,0,0,1,0,0,0,1,0,0
3,2,1100.0,18.0,463.0,1.0,24.0,10,1,1,1,1,0,0,1,1,1,2.0,1,0,1,0,1,1,1,1,1,0,1,0,1,1,1,0,0,0,0,0,0,0,0,0,0,0,1,0,0,0,0,1,0
3,2,830.0,20.0,463.0,1.0,9.0,3,0,1,1,1,1,0,1,1,0,2.0,0,0,0,1,0,1,0,0,1,0,0,0,0,0,1,0,0,0,0,0,0,0,0,0,0,0,0,0,0,1,1,1,1
3,2,450.0,20.0,1149.0,2.0,8.0,11,0,0,0,0,0,0,0,1,1,2.0,1,0,1,1,1,1,1,1,1,1,1,0,1,0,0,0,0,0,0,0,0,0,0,0,1,0,0,0,1,0,1,0,0
5,4,2987.0,18.0,522.0,2.0,15.0,14,0,0,0,0,0,0,0,1,0,2.0,1,1,1,1,1,1,1,1,1,1,1,1,1,1,0,0,0,0,0,0,0,0,0,0,1,0,1,0,0,0,0,0,0
3,2,904.0,20.0,463.0,1.0,9.0,6,0,0,0,0,0,0,0,1,0,2.0,0,0,1,1,1,0,0,1,1,0,1,0,0,0,0,0,0,0,0,1,0,0,0,0,0,0,0,0,0,1,1,1,0
3,2,1055.0,20.0,463.0,2.0,9.0,14,0,0,0,0,0,0,0,0,1,3.0,1,1,1,1,1,1,1,1,1,1,1,1,1,1,0,0,0,0,0,0,0,0,0,0,1,0,0,0,0,1,1,1,0
3,3,1300.0,26.0,548.0,2.0,7.0,14,0,0,0,0,0,0,0,1,1,1.0,1,1,1,1,1,1,1,1,1,1,1,1,1,1,0,0,0,0,0,1,0,0,0,0,0,0,1,0,0,0,0,0,0
2,1,688.0,20.0,463.0,1.0,9.0,0,0,0,0,0,0,0,0,1,1,2.0,0,0,0,0,0,0,0,0,0,0,0,0,0,0,0,1,0,0,0,0,0,0,0,0,0,0,0,0,1,1,1,1,0
3,2,1114.0,20.0,463.0,2.0,9.0,8,0,0,0,0,0,0,0,1,1,2.0,1,0,1,0,1,0,1,1,1,0,1,0,1,0,0,0,0,0,0,1,0,0,0,0,0,0,1,0,0,1,1,1,0
3,2,990.0,21.0,358.0,1.0,10.0,10,0,1,1,1,1,1,1,1,0,2.0,1,1,1,0,0,1,1,1,1,1,1,0,1,0,0,0,0,0,0,0,0,0,0,0,1,0,1,0,0,0,0,0,1
3,2,789.0,20.0,463.0,1.0,9.0,0,0,0,0,0,0,0,0,1,1,1.0,0,0,0,0,0,0,0,0,0,0,0,0,0,0,0,0,0,0,0,0,0,0,0,0,1,0,0,0,0,1,1,1,1
3,2,1100.0,14.0,96.0,1.0,26.0,3,0,0,0,0,0,0,0,1,1,1.0,0,0,0,0,0,0,0,1,0,0,1,0,1,0,0,0,0,0,0,1,0,0,0,0,0,0,1,0,0,0,0,0,0
3,2,1039.0,5.0,463.0,1.0,9.0,4,1,1,1,1,0,0,1,1,1,1.0,1,0,0,0,0,0,0,1,1,0,1,0,0,0,0,0,0,0,0,0,0,0,0,0,1,0,0,0,0,1,0,1,1
3,2,868.0,15.0,463.0,1.0,16.0,6,0,1,0,0,0,1,1,0,1,2.0,0,0,0,0,1,1,1,1,1,0,1,0,0,0,0,0,0,0,0,0,0,0,0,0,1,0,0,0,0,0,0,1,0
3,2,1222.0,16.0,463.0,1.0,27.0,9,0,0,1,1,0,1,1,1,1,1.0,0,0,1,1,0,1,0,1,1,0,1,1,1,1,1,0,0,0,0,0,0,0,0,0,0,0,1,0,0,0,0,1,1
3,2,750.0,20.0,463.0,1.0,9.0,4,0,0,0,0,0,0,0,1,0,2.0,0,0,0,0,0,1,0,1,1,0,1,0,0,0,0,0,0,0,0,0,0,0,1,0,0,0,0,0,0,1,1,1,1
3,2,1018.0,23.0,299.0,1.0,16.0,6,0,1,1,1,1,0,1,1,0,2.0,0,0,0,1,0,1,0,1,1,0,1,0,1,0,0,0,0,0,0,0,0,0,0,0,1,0,0,0,0,0,0,0,0
2,1,715.0,20.0,392.0,1.0,9.0,14,0,0,0,0,0,0,0,1,1,2.0,1,1,1,1,1,1,1,1,1,1,1,1,1,1,0,0,0,0,0,0,0,0,0,0,0,0,0,0,0,1,1,0,0
3,2,800.0,22.0,463.0,1.0,18.0,4,0,0,0,0,0,0,0,1,0,2.0,0,0,0,0,1,0,0,1,1,0,1,0,0,0,0,0,0,0,0,1,0,0,0,0,0,0,0,0,0,0,0,1,0
3,2,1198.0,20.0,537.0,1.0,7.0,0,1,0,0,0,0,0,1,0,0,2.0,0,0,0,0,0,0,0,0,0,0,0,0,0,0,0,0,0,0,0,0,0,0,0,0,1,0,1,0,0,0,1,0,1
3,1,861.0,20.0,463.0,1.0,9.0,0,0,0,0,0,0,0,0,1,0,2.0,0,0,0,0,0,0,0,0,0,0,0,0,0,0,0,0,0,0,0,0,0,0,0,1,0,0,0,0,0,1,1,1,0
3,2,1100.0,30.0,816.0,4.0,7.0,9,0,0,0,0,0,0,0,1,1,3.0,1,0,1,1,1,0,1,1,1,0,1,0,1,0,0,0,0,0,0,1,0,0,0,0,0,0,1,0,0,0,0,0,0
2,1,650.0,20.0,463.0,1.0,9.0,4,0,0,0,0,0,0,0,1,1,2.0,0,0,0,0,1,1,1,0,0,0,1,0,0,0,0,0,0,0,0,1,0,0,0,0,0,0,0,1,0,1,1,1,1
3,3,1277.0,15.0,138.0,3.0,7.0,7,0,0,0,0,0,0,0,0,0,2.0,0,0,1,0,1,0,1,1,1,0,1,0,1,0,0,0,0,0,0,0,0,0,0,0,1,0,1,0,0,0,0,0,0
3,3,1453.0,9.0,208.0,2.0,25.0,7,0,0,0,0,1,0,0,1,1,2.0,1,0,1,0,0,1,0,1,1,0,1,0,1,0,0,0,0,0,0,0,0,0,0,0,1,0,1,0,0,0,0,0,0
3,2,990.0,58.0,1300.0,2.0,9.0,8,1,1,0,1,1,0,1,1,0,2.0,1,0,1,1,0,0,1,0,1,1,1,0,1,0,1,0,0,0,0,0,0,0,0,0,0,0,0,0,1,1,0,0,0
3,2,838.0,22.0,816.0,2.0,16.0,8,0,0,0,0,0,0,0,1,1,2.0,1,0,1,1,1,0,0,1,1,0,1,0,1,0,0,0,0,0,0,1,0,0,0,0,0,0,1,0,0,0,0,0,0
3,2,1463.0,20.0,1929.0,2.0,10.0,6,0,0,0,0,0,0,0,1,0,2.0,0,0,1,0,0,1,0,1,1,0,1,0,1,0,0,0,0,0,0,0,0,0,0,0,1,0,1,0,0,0,1,0,0
2,2,780.0,20.0,961.0,2.0,4.0,11,0,0,0,0,0,0,0,1,0,2.0,1,0,1,0,1,1,0,1,1,1,1,1,1,1,0,0,0,0,0,0,0,0,0,0,0,0,1,0,0,0,1,0,0
3,2,860.0,27.0,463.0,1.0,18.0,7,0,0,0,0,0,0,0,1,1,2.0,1,0,1,0,1,0,0,1,1,0,1,0,1,0,0,0,0,0,0,1,0,0,0,0,0,0,1,0,0,0,0,1,0
3,2,860.0,20.0,463.0,1.0,9.0,6,0,0,0,0,0,0,0,1,0,2.0,0,0,0,0,1,1,1,1,1,0,1,0,0,0,0,0,0,0,0,1,0,0,0,0,0,0,0,0,0,1,1,1,0
3,2,1048.0,10.0,463.0,1.0,33.0,12,1,0,1,1,0,1,1,1,1,2.0,1,1,1,1,1,1,1,1,1,1,1,0,1,0,0,0,0,0,0,0,0,0,0,0,1,0,0,0,0,0,0,1,0
3,2,950.0,25.0,452.0,2.0,6.0,5,0,0,0,0,0,0,0,0,1,2.0,0,0,1,0,1,0,0,1,1,0,0,0,1,0,0,0,0,0,0,0,0,1,0,0,0,0,1,0,0,0,0,0,0
3,2,1050.0,20.0,463.0,1.0,9.0,1,0,0,0,0,0,0,0,1,0,2.0,0,0,0,0,1,0,0,0,0,0,0,0,0,0,0,0,0,0,0,0,0,0,0,0,1,0,0,0,0,1,1,1,1
3,2,1130.0,20.0,463.0,1.0,9.0,0,0,0,0,0,0,0,0,1,1,2.0,0,0,0,0,0,0,0,0,0,0,0,0,0,0,0,0,0,0,0,0,0,0,0,1,0,0,0,0,1,1,1,1,1
3,2,700.0,5.0,50.0,1.0,9.0,4,0,0,0,0,0,0,0,1,1,2.0,0,0,0,1,0,1,0,0,0,1,1,0,0,0,0,0,0,0,0,1,0,0,0,0,0,0,0,0,0,1,0,0,0
3,2,689.0,17.0,3.0,1.0,31.0,0,0,0,0,0,0,0,0,1,1,1.0,0,0,0,0,0,0,0,0,0,0,0,0,0,0,0,0,0,0,0,1,0,0,0,0,0,0,0,0,0,0,0,0,1
3,2,1116.0,38.0,463.0,2.0,13.0,7,0,0,0,0,0,0,0,1,0,2.0,1,0,1,0,1,0,0,1,0,0,1,1,1,0,0,0,0,0,0,1,0,0,0,0,0,0,1,0,0,0,0,1,0
3,2,1400.0,25.0,285.0,2.0,20.0,8,0,0,0,0,0,0,0,1,1,1.0,1,0,1,0,1,0,0,1,1,1,1,0,1,0,0,0,0,0,0,1,0,0,0,0,0,0,1,0,0,0,0,0,0
3,2,1250.0,20.0,252.0,2.0,7.0,6,0,0,0,0,0,0,0,1,1,2.0,1,0,0,1,0,0,0,1,1,1,0,0,1,0,0,0,0,0,0,1,0,0,0,0,0,0,1,0,0,0,1,0,0
3,2,1007.0,20.0,463.0,1.0,9.0,5,0,0,0,0,0,0,0,0,0,1.0,0,0,1,0,0,0,1,1,1,0,1,0,0,0,0,0,0,0,0,0,0,0,1,0,0,0,0,0,0,1,1,1,0
3,2,860.0,20.0,463.0,1.0,9.0,0,0,0,0,0,0,0,0,1,0,2.0,0,0,0,0,0,0,0,0,0,0,0,0,0,0,0,1,0,0,0,0,0,0,0,0,0,0,0,1,0,1,1,1,1
4,3,1320.0,20.0,463.0,2.0,9.0,13,0,0,0,0,0,0,0,1,1,2.0,0,1,1,1,1,1,1,1,1,1,1,1,1,1,0,0,0,0,0,0,0,0,0,0,0,1,1,0,0,1,1,1,0
2,2,847.0,35.0,463.0,1.0,7.0,0,0,0,0,0,0,0,0,1,1,2.0,0,0,0,0,0,0,0,0,0,0,0,0,0,0,0,0,0,0,0,0,0,0,0,0,1,0,0,0,1,0,0,1,1
3,2,1009.0,36.0,1338.0,2.0,6.0,11,1,0,1,1,0,0,0,1,0,1.0,1,0,1,1,1,1,1,1,1,1,1,0,1,0,1,0,0,0,0,0,0,0,0,0,0,0,0,0,1,0,0,0,0
3,2,915.0,20.0,226.0,1.0,9.0,8,0,0,0,0,0,0,0,1,1,3.0,1,0,1,0,1,0,1,1,1,0,1,0,1,0,0,0,0,0,0,0,0,1,0,0,0,0,1,0,0,1,1,0,1
2,1,530.0,20.0,463.0,1.0,9.0,3,0,1,0,1,1,0,1,0,0,3.0,0,0,0,0,0,1,0,1,1,0,0,0,0,0,1,0,0,0,0,0,0,0,0,0,0,0,0,1,0,1,1,1,0
3,2,850.0,20.0,635.0,2.0,4.0,14,0,1,0,0,0,0,0,1,1,3.0,1,1,1,1,1,1,1,1,1,1,1,1,1,1,0,0,0,0,0,0,0,0,0,0,1,0,0,0,0,0,1,0,0
3,2,1200.0,20.0,450.0,2.0,1.0,12,0,0,0,0,0,0,0,1,1,3.0,1,1,1,1,1,1,1,1,1,1,1,0,1,0,0,0,0,0,0,1,0,0,0,0,0,0,1,0,0,0,1,0,0
3,2,904.0,20.0,463.0,1.0,9.0,2,0,0,0,0,0,0,0,1,1,2.0,0,0,0,0,0,0,0,1,0,0,1,0,0,0,0,0,0,0,0,0,0,0,0,0,0,1,0,0,0,1,1,1,0
3,2,1073.0,20.0,463.0,1.0,9.0,5,1,1,1,1,0,0,0,1,0,3.0,0,0,1,0,1,1,0,1,0,0,1,0,0,0,0,0,0,0,0,0,0,0,0,0,1,0,0,0,0,1,1,1,1
3,2,700.0,23.0,463.0,1.0,14.0,8,0,0,0,0,0,0,0,1,1,3.0,1,0,1,1,1,0,1,1,1,0,1,0,0,0,0,0,0,0,0,1,0,0,0,0,0,0,0,0,0,0,0,1,0
3,2,764.0,18.0,200.0,1.0,17.0,6,1,0,1,1,0,0,1,0,0,2.0,0,0,0,0,1,1,0,1,1,0,1,0,1,0,0,0,0,0,0,0,0,0,0,0,1,0,0,0,0,0,0,0,1
3,2,770.0,20.0,392.0,1.0,9.0,14,0,0,0,0,0,0,0,1,1,2.0,1,1,1,1,1,1,1,1,1,1,1,1,1,1,0,0,0,0,0,0,0,0,0,0,0,0,0,0,0,1,1,0,1
3,2,1100.0,20.0,463.0,2.0,9.0,14,0,0,0,0,0,0,0,1,1,2.0,1,1,1,1,1,1,1,1,1,1,1,1,1,1,0,0,0,0,0,0,0,0,0,0,1,0,1,0,0,1,1,1,0
3,2,1936.0,20.0,463.0,3.0,9.0,1,0,0,0,1,0,0,1,1,0,2.0,0,0,0,0,0,0,1,0,0,0,0,0,0,0,0,0,0,0,0,0,0,0,0,0,1,0,0,0,0,1,1,1,0
4,2,1600.0,24.0,234.0,2.0,9.0,1,0,0,0,0,0,0,0,1,1,2.0,0,0,0,0,0,0,0,1,0,0,0,0,0,0,0,0,0,0,0,1,0,0,0,0,0,0,1,0,0,1,0,0,0
3,2,1141.0,21.0,613.0,1.0,2.0,0,0,0,0,0,0,0,0,1,0,2.0,0,0,0,0,0,0,0,0,0,0,0,0,0,0,0,0,0,0,0,0,0,0,0,0,0,0,0,0,0,0,0,0,1
3,2,800.0,22.0,463.0,1.0,18.0,4,0,0,0,0,0,0,0,1,0,2.0,0,0,0,0,1,0,0,1,1,0,1,0,0,0,0,0,0,0,0,1,0,0,0,0,0,0,0,0,0,0,0,1,1
3,2,1088.0,20.0,809.0,1.0,3.0,9,0,0,0,0,0,0,0,1,1,2.0,1,0,1,0,1,0,1,1,1,1,1,0,1,0,0,1,0,0,0,0,0,0,0,0,0,0,0,0,1,0,1,0,1
3,2,1431.0,15.0,200.0,1.0,36.0,11,0,0,0,0,0,0,0,1,1,2.0,1,0,1,0,1,1,1,1,1,1,1,0,1,1,0,0,0,0,0,0,0,0,0,0,1,0,1,0,0,0,0,0,0
3,2,1100.0,30.0,816.0,2.0,7.0,9,0,0,0,0,0,0,0,1,1,3.0,1,0,1,1,1,0,1,1,1,0,1,0,1,0,0,0,0,0,0,1,0,0,0,0,0,0,1,0,0,0,0,0,0
3,2,800.0,30.0,249.0,1.0,11.0,10,0,0,0,0,0,0,0,1,0,2.0,1,0,1,1,1,0,1,1,1,1,1,0,1,0,0,0,0,0,0,1,0,0,0,0,0,0,0,0,0,0,0,0,0
2,1,560.0,20.0,463.0,1.0,9.0,1,1,0,1,1,1,0,0,1,0,2.0,0,0,0,0,1,0,0,0,0,0,0,0,0,0,1,0,0,0,0,0,0,0,0,0,0,0,0,1,0,1,1,1,1
3,2,1219.0,24.0,1235.0,2.0,2.0,10,0,0,0,0,0,0,0,1,1,3.0,1,0,1,1,1,0,1,1,1,1,1,0,1,0,0,0,0,0,0,1,0,0,0,0,0,0,1,0,0,0,0,0,0
3,3,1195.0,20.0,463.0,2.0,9.0,0,0,0,0,0,0,0,0,1,1,2.0,0,0,0,0,0,0,0,0,0,0,0,0,0,0,0,0,0,0,0,1,0,0,0,0,0,0,1,0,0,1,1,1,0
3,2,1100.0,28.0,650.0,1.0,6.0,7,1,0,1,1,1,0,0,1,0,2.0,1,0,1,1,0,0,1,1,0,0,1,0,1,0,1,0,0,0,0,0,0,0,0,0,0,0,1,0,0,0,0,0,1
3,2,1047.0,33.0,1106.0,2.0,4.0,8,0,0,0,0,0,0,0,1,1,3.0,1,0,1,1,0,0,1,1,1,0,1,0,1,0,0,0,0,0,0,1,0,0,0,0,0,0,1,0,0,0,0,0,0
3,1,592.0,20.0,463.0,1.0,9.0,4,0,0,0,0,0,0,0,1,0,2.0,0,0,0,1,0,1,0,1,1,0,0,0,0,0,0,0,0,0,0,0,0,0,0,0,1,0,0,1,0,1,1,1,0
3,2,850.0,7.0,120.0,1.0,18.0,4,0,0,0,1,0,0,0,1,0,2.0,1,0,0,0,0,0,0,1,1,0,1,0,0,0,0,0,0,0,0,0,0,0,0,0,1,0,0,0,0,0,0,0,0
3,2,1212.0,20.0,538.0,1.0,9.0,2,0,0,0,0,0,0,0,1,1,2.0,0,0,0,0,0,0,0,1,0,0,1,0,0,0,0,0,0,0,0,0,0,0,0,0,1,0,0,0,0,1,1,0,1
3,2,700.0,19.0,180.0,1.0,9.0,7,0,0,0,0,0,0,0,1,1,2.0,0,0,0,1,1,0,1,1,1,0,1,0,1,0,0,0,0,0,0,1,0,0,0,0,0,0,1,0,0,1,0,0,0
3,2,650.0,5.0,720.0,1.0,9.0,3,0,0,1,0,0,0,0,1,0,2.0,0,0,0,0,0,1,0,1,1,0,0,0,0,0,0,0,0,0,0,0,0,0,0,0,1,0,0,1,0,1,0,0,1
3,2,850.0,29.0,463.0,1.0,15.0,3,0,0,0,0,0,0,0,1,1,3.0,0,0,0,0,1,0,0,1,0,0,1,0,0,0,0,0,0,0,0,1,0,0,0,0,0,0,0,0,0,0,0,1,0
4,3,1281.0,22.0,396.0,2.0,6.0,10,0,0,0,0,0,0,0,1,0,3.0,1,1,1,1,1,0,0,1,1,1,1,0,0,1,0,0,0,0,0,1,0,0,0,0,0,0,1,0,0,0,0,0,0
3,2,897.0,20.0,704.0,1.0,13.0,8,1,0,0,1,0,0,0,0,0,2.0,1,1,1,0,0,1,0,1,1,0,1,0,1,0,0,0,0,0,0,0,0,0,0,0,1,0,1,0,0,0,1,0,1
3,2,800.0,6.0,672.0,1.0,29.0,7,0,0,0,0,0,0,0,1,0,2.0,1,0,0,1,1,0,0,1,1,0,1,0,1,0,0,0,0,0,0,1,0,0,0,0,0,0,0,0,0,0,0,0,0
3,2,1100.0,30.0,816.0,2.0,7.0,8,0,0,0,0,0,0,0,1,1,2.0,1,0,1,1,0,0,1,1,1,0,1,0,1,0,0,0,0,0,0,1,0,0,0,0,0,0,1,0,0,0,0,0,0
3,2,855.0,20.0,576.0,1.0,9.0,5,0,0,0,0,0,0,0,1,1,2.0,0,0,1,1,0,0,0,1,0,0,1,0,1,0,0,0,0,0,0,0,0,0,0,0,1,0,0,0,1,1,1,0,1
3,2,934.0,20.0,300.0,1.0,10.0,11,0,0,0,0,0,0,0,1,1,1.0,1,1,1,1,0,1,1,1,1,1,1,0,1,0,0,0,0,0,0,0,0,0,0,0,1,0,1,0,0,0,1,0,1
3,2,1302.0,20.0,350.0,2.0,11.0,14,0,0,0,0,0,0,0,1,1,2.0,1,1,1,1,1,1,1,1,1,1,1,1,1,1,0,0,0,0,0,0,0,0,0,0,1,0,1,0,0,0,1,0,0
3,2,918.0,20.0,463.0,1.0,9.0,6,1,1,1,1,0,0,0,0,0,2.0,0,0,0,0,1,1,1,1,1,0,1,0,0,0,0,0,0,0,0,0,0,0,0,0,1,0,0,0,0,1,1,1,0
3,2,1000.0,20.0,463.0,2.0,3.0,9,0,0,0,0,0,0,0,1,0,3.0,0,0,1,0,1,1,0,1,1,1,1,0,1,1,0,0,0,0,0,1,0,0,0,0,0,0,0,0,0,0,1,1,0
3,2,800.0,20.0,463.0,1.0,9.0,2,0,0,0,0,0,0,0,1,1,3.0,0,0,0,0,0,0,0,0,1,0,1,0,0,0,0,0,0,0,0,0,0,0,0,0,1,0,0,0,0,1,1,1,1
2,2,810.0,25.0,2003.0,1.0,4.0,8,0,0,0,0,0,0,0,1,1,2.0,0,0,1,0,1,0,1,1,1,1,1,0,1,0,0,0,0,0,0,0,0,0,0,0,0,0,0,0,1,0,0,0,1
4,2,833.0,20.0,463.0,1.0,6.0,8,0,0,0,0,0,0,0,1,1,2.0,1,1,0,0,1,1,0,1,1,0,1,0,1,0,0,0,0,0,0,0,0,0,0,0,0,0,0,0,0,0,0,1,1
3,2,1011.0,23.0,744.0,2.0,9.0,10,0,0,0,1,0,0,1,1,1,3.0,1,0,1,0,1,1,1,1,1,1,1,0,1,0,0,0,0,0,0,0,0,0,0,0,1,0,0,0,1,0,0,0,0
4,2,1100.0,20.0,463.0,2.0,9.0,14,0,0,0,0,0,0,0,1,1,2.0,1,1,1,1,1,1,1,1,1,1,1,1,1,1,0,0,0,0,0,0,0,1,0,0,0,0,1,0,0,1,1,1,0
2,2,829.0,20.0,463.0,2.0,9.0,0,0,0,0,0,0,0,0,1,1,2.0,0,0,0,0,0,0,0,0,0,0,0,0,0,0,0,0,0,0,0,0,0,1,0,0,0,0,1,0,0,1,1,1,0
3,2,1076.0,15.0,463.0,1.0,9.0,7,1,0,1,1,1,0,0,1,1,2.0,0,0,1,0,0,1,0,1,1,0,1,0,1,1,0,0,0,0,0,0,0,0,0,0,1,0,1,0,0,1,0,1,0
3,2,1006.0,13.0,463.0,1.0,14.0,4,0,0,0,0,0,0,0,1,0,2.0,0,0,0,1,0,1,0,0,1,0,1,0,0,0,0,0,0,0,0,0,0,0,0,0,0,0,0,0,0,0,0,1,1
3,2,1207.0,18.0,250.0,1.0,10.0,8,1,0,1,1,0,0,0,0,0,2.0,0,1,0,0,1,1,1,1,1,0,1,0,1,0,1,0,0,0,0,0,0,0,0,0,0,0,0,0,1,0,0,0,1
1,1,465.0,21.0,463.0,1.0,19.0,8,0,0,0,0,0,0,0,1,0,3.0,0,0,1,0,1,1,0,1,1,1,1,0,1,0,0,0,0,0,0,0,0,0,0,0,1,0,0,0,0,0,0,1,0
3,2,818.0,20.0,300.0,2.0,9.0,8,0,0,0,0,0,0,0,0,1,1.0,1,0,1,0,1,0,1,1,1,0,1,0,1,0,0,0,0,0,0,0,0,0,0,0,0,0,0,0,0,1,0,0,0
3,2,700.0,19.0,322.0,1.0,24.0,7,0,0,0,0,0,0,0,1,1,1.0,0,0,1,0,1,1,0,1,1,0,1,0,1,0,0,0,0,0,0,1,0,0,0,0,0,0,0,0,0,0,0,0,0
3,2,1302.0,4.0,199.0,1.0,13.0,5,0,0,0,0,0,0,0,0,0,2.0,0,1,1,0,0,0,0,0,1,0,1,0,1,0,0,0,0,0,0,0,0,0,0,0,1,0,0,0,0,0,0,0,0
3,2,700.0,19.0,322.0,1.0,24.0,7,0,0,0,0,0,0,0,1,1,1.0,0,0,1,0,1,1,0,1,1,0,1,0,1,0,0,0,0,0,0,1,0,0,0,0,0,0,0,0,0,0,0,0,0
3,2,850.0,15.0,463.0,1.0,10.0,6,1,0,0,1,0,0,0,0,1,2.0,0,0,1,0,0,1,1,1,0,0,1,0,1,0,0,0,0,0,0,0,0,0,0,0,1,0,1,0,0,0,0,1,1
2,1,581.0,36.0,816.0,1.0,2.0,8,1,1,1,1,0,0,1,1,0,3.0,0,0,1,1,1,0,1,1,1,0,1,0,1,0,0,0,0,0,0,0,0,0,0,0,1,0,0,0,1,0,0,0,0
3,1,657.0,5.0,463.0,1.0,9.0,0,0,0,0,0,0,0,0,0,1,3.0,0,0,0,0,0,0,0,0,0,0,0,0,0,0,0,0,0,0,0,0,0,0,0,0,1,0,0,0,0,1,0,1,1
2,1,521.0,13.0,1020.0,1.0,9.0,0,0,0,0,0,0,0,0,1,1,2.0,0,0,0,0,0,0,0,0,0,0,0,0,0,0,0,0,0,0,0,1,0,0,0,0,0,0,0,0,0,1,0,0,1
3,2,1000.0,20.0,463.0,2.0,9.0,9,0,0,0,0,0,0,0,1,1,2.0,1,1,1,1,1,0,0,1,1,0,1,0,1,0,0,0,0,0,0,1,0,0,0,0,0,0,1,0,0,1,1,1,0
1,1,500.0,20.0,463.0,1.0,9.0,7,0,0,0,0,0,0,0,1,1,2.0,1,0,1,0,0,0,0,0,1,1,1,1,1,0,0,0,0,0,0,0,0,0,0,0,0,1,0,0,1,1,1,1,1
3,2,1490.0,20.0,463.0,2.0,9.0,14,0,0,0,0,0,0,0,1,0,1.0,1,1,1,1,1,1,1,1,1,1,1,1,1,1,1,0,0,0,0,0,0,0,0,0,0,0,1,0,0,1,1,1,0
3,2,800.0,22.0,463.0,1.0,18.0,4,0,0,0,0,0,0,0,1,0,2.0,0,0,0,0,1,0,0,1,1,0,1,0,0,0,0,0,0,0,0,1,0,0,0,0,0,0,0,0,0,0,0,1,0
3,2,1010.0,20.0,1160.0,1.0,10.0,11,0,0,0,0,0,0,0,1,1,2.0,0,0,1,1,1,1,1,1,1,1,1,0,1,1,0,0,0,0,0,0,0,0,0,0,0,0,0,0,1,0,1,0,0
3,2,721.0,15.0,463.0,1.0,15.0,4,1,1,0,1,0,1,1,0,0,2.0,0,0,0,1,0,1,0,1,1,0,0,0,0,0,1,0,0,0,0,0,0,0,0,0,0,0,0,0,0,0,0,1,0
3,2,710.0,5.0,40.0,1.0,9.0,0,0,0,0,0,0,0,0,1,0,2.0,0,0,0,0,0,0,0,0,0,0,0,0,0,0,0,0,0,0,0,0,0,0,0,0,1,0,0,0,0,1,0,0,0
3,2,1012.0,20.0,437.0,1.0,29.0,9,1,0,1,1,0,0,0,1,1,2.0,1,0,0,0,0,1,0,1,1,1,1,1,1,1,1,0,0,0,0,0,0,0,0,0,0,0,1,0,0,0,1,0,1
2,1,550.0,20.0,463.0,1.0,9.0,3,0,0,0,0,0,0,0,1,1,1.0,0,0,0,0,0,1,0,1,1,0,0,0,0,0,0,0,0,0,0,0,0,0,0,0,1,0,0,1,0,1,1,1,0
3,2,770.0,20.0,463.0,1.0,9.0,0,0,0,0,0,0,0,0,1,1,1.0,0,0,0,0,0,0,0,0,0,0,0,0,0,0,0,0,0,0,0,0,0,0,0,0,0,0,0,1,0,1,1,1,1
3,2,1056.0,20.0,463.0,1.0,9.0,11,0,0,0,0,0,0,0,1,0,1.0,1,0,1,1,1,1,1,1,1,1,1,0,1,0,0,0,0,0,1,0,0,0,0,0,0,0,0,0,0,1,1,1,1
3,2,900.0,12.0,463.0,1.0,9.0,5,0,0,0,1,0,0,0,1,0,2.0,0,0,0,0,0,0,0,1,1,0,1,0,1,1,0,0,0,0,0,0,0,0,0,0,1,0,0,0,0,1,0,1,1
3,3,1200.0,20.0,463.0,2.0,9.0,9,0,0,0,0,0,0,0,1,1,2.0,1,0,1,0,1,1,1,1,1,0,1,0,1,0,1,0,0,0,0,0,0,0,0,0,0,0,1,0,0,1,1,1,0
3,2,700.0,7.0,36.0,1.0,9.0,0,0,0,0,0,0,0,0,1,1,2.0,0,0,0,0,0,0,0,0,0,0,0,0,0,0,0,0,0,0,0,1,0,0,0,0,0,0,0,0,0,1,0,0,0
3,2,805.0,6.0,463.0,1.0,18.0,4,0,0,0,0,0,0,0,0,0,1.0,0,0,0,0,1,1,0,1,0,0,1,0,0,0,0,0,0,0,0,0,0,0,0,0,1,0,1,0,0,0,0,1,0
3,2,852.0,5.0,463.0,1.0,8.0,4,1,1,1,1,0,0,1,1,0,2.0,1,0,0,0,0,0,0,1,1,0,1,0,0,0,0,0,0,0,0,0,0,0,0,0,1,0,0,0,0,0,0,1,1
3,2,1600.0,20.0,463.0,1.0,9.0,0,0,0,0,0,0,0,0,1,0,2.0,0,0,0,0,0,0,0,0,0,0,0,0,0,0,0,0,0,0,0,0,0,0,0,1,0,0,1,0,0,1,1,1,1
3,2,850.0,15.0,463.0,1.0,9.0,7,0,0,0,0,0,0,0,1,1,2.0,0,0,0,1,1,1,0,1,1,0,1,0,1,0,0,0,0,0,0,0,0,0,0,0,0,0,0,0,0,1,0,1,1
1,1,450.0,38.0,1424.0,1.0,6.0,14,0,0,0,0,0,0,0,1,1,2.0,1,1,1,1,1,1,1,1,1,1,1,1,1,1,0,0,0,0,0,0,0,0,0,0,1,0,0,0,1,0,0,0,0
3,2,1001.0,21.0,391.0,2.0,9.0,9,1,0,0,1,0,0,0,1,0,3.0,1,0,1,0,1,1,1,1,1,0,1,0,1,0,0,0,0,0,0,0,0,0,0,0,1,0,0,0,1,0,0,0,0
3,2,1144.0,29.0,1709.0,1.0,12.0,3,0,0,0,1,0,0,1,0,0,2.0,0,0,0,1,0,0,0,1,0,0,0,0,1,0,0,0,0,0,0,0,0,0,0,0,1,0,1,0,0,0,0,0,0
3,2,850.0,10.0,20.0,1.0,23.0,5,0,0,1,1,1,0,0,0,0,1.0,0,0,0,0,1,0,0,1,1,0,1,0,1,0,0,0,0,0,0,0,0,0,0,0,1,0,0,0,0,0,0,0,0
1,1,391.0,20.0,463.0,1.0,9.0,6,0,0,0,0,0,0,0,1,0,1.0,0,0,1,1,0,1,0,0,1,0,1,0,1,0,0,0,0,0,0,0,0,0,1,0,0,0,1,0,0,1,1,1,0
2,2,1050.0,40.0,1360.0,2.0,6.0,11,0,0,0,0,0,0,0,1,0,3.0,1,0,1,0,1,1,1,1,1,1,1,1,1,0,0,1,0,0,0,0,0,0,0,0,0,0,0,0,1,0,0,0,0
3,2,700.0,22.0,754.0,1.0,15.0,8,0,0,0,0,0,0,0,1,0,3.0,1,0,0,0,1,0,1,1,1,0,1,0,1,1,0,0,0,0,0,1,0,0,0,0,0,0,1,0,0,0,0,0,0
3,2,650.0,20.0,463.0,1.0,9.0,0,0,0,0,0,0,0,0,0,0,3.0,0,0,0,0,0,0,0,0,0,0,0,0,0,0,0,0,0,0,0,0,0,0,0,0,0,0,0,1,0,1,1,1,1
3,3,1598.0,42.0,670.0,2.0,6.0,8,0,0,0,0,0,0,0,1,1,2.0,1,0,1,0,1,0,1,1,1,0,1,0,1,0,0,0,0,0,0,1,0,0,0,0,0,0,1,0,0,0,0,0,0
3,2,1210.0,21.0,482.0,1.0,7.0,0,0,0,0,0,0,0,0,0,0,2.0,0,0,0,0,0,0,0,0,0,0,0,0,0,0,0,0,0,0,0,0,0,0,0,0,1,0,1,0,0,0,0,0,1
3,2,800.0,18.0,200.0,1.0,17.0,6,1,0,1,1,0,0,1,0,0,3.0,0,0,0,1,0,0,1,1,1,0,1,0,1,0,0,0,0,0,0,0,0,0,0,0,1,0,0,0,0,0,0,0,0
3,2,1338.0,20.0,463.0,2.0,9.0,5,0,0,0,0,0,0,0,1,0,3.0,0,0,1,0,1,0,0,1,0,0,1,0,1,0,0,0,0,0,0,0,0,0,1,0,0,0,1,0,0,1,1,1,0
4,2,1328.0,25.0,800.0,2.0,9.0,10,1,1,1,1,1,0,0,1,0,3.0,1,0,1,1,1,1,1,1,1,0,1,0,1,0,1,0,0,0,0,0,0,0,0,0,0,0,1,0,0,0,0,0,0
3,2,786.0,22.0,816.0,1.0,16.0,8,0,0,0,0,0,0,0,1,1,3.0,1,0,1,1,0,0,0,1,1,0,1,1,1,0,0,0,0,0,0,1,0,0,0,0,0,0,1,0,0,0,0,0,0
2,2,1077.0,8.0,89.0,2.0,9.0,10,0,0,0,0,0,0,0,1,0,2.0,0,0,1,0,1,1,0,1,1,1,1,1,1,1,0,0,0,0,0,0,0,0,0,1,0,0,0,0,0,1,0,0,0
3,2,815.0,5.0,463.0,1.0,9.0,0,0,0,0,0,0,0,0,1,1,2.0,0,0,0,0,0,0,0,0,0,0,0,0,0,0,0,0,0,0,0,0,0,0,0,0,1,0,0,0,0,1,0,1,1
3,2,1190.0,20.0,463.0,2.0,9.0,0,0,0,0,0,0,0,0,1,0,2.0,0,0,0,0,0,0,0,0,0,0,0,0,0,0,0,0,0,0,0,0,0,0,0,1,0,0,1,0,0,1,1,1,0
2,2,769.0,21.0,613.0,2.0,2.0,8,0,0,0,0,0,0,0,1,1,2.0,0,0,1,1,1,1,0,1,1,0,1,0,1,0,0,0,0,0,0,0,0,0,0,0,0,0,1,0,0,0,0,0,0
3,2,904.0,36.0,310.0,2.0,2.0,2,0,0,0,0,0,0,0,1,1,2.0,0,0,0,0,0,0,0,1,0,0,1,0,0,0,0,1,0,0,0,0,0,0,0,0,0,0,1,0,0,0,0,0,0
3,2,1036.0,33.0,550.0,2.0,2.0,11,0,0,0,0,0,0,0,1,1,3.0,1,1,1,1,1,0,1,1,1,1,1,0,1,0,0,0,0,0,0,1,0,0,0,0,0,0,1,0,0,0,0,0,0
3,2,1216.0,20.0,463.0,2.0,9.0,14,0,0,0,0,0,0,0,1,1,2.0,1,1,1,1,1,1,1,1,1,1,1,1,1,1,0,0,0,0,0,0,0,1,0,0,0,0,0,0,1,1,1,1,0
3,2,550.0,20.0,463.0,1.0,9.0,0,0,0,0,0,0,0,0,1,0,3.0,0,0,0,0,0,0,0,0,0,0,0,0,0,0,1,0,0,0,0,0,0,0,0,0,0,0,0,1,0,1,1,1,1
3,2,1023.0,5.0,208.0,1.0,22.0,6,1,0,1,1,0,0,1,1,0,3.0,0,0,0,0,1,1,0,1,1,0,1,0,1,0,1,0,0,0,0,0,0,0,0,0,0,0,1,0,0,0,0,0,0
3,2,1043.0,20.0,326.0,1.0,14.0,6,0,0,1,0,0,0,0,0,1,2.0,1,0,1,1,0,0,1,0,0,0,1,0,1,0,0,0,0,0,0,0,0,0,0,0,1,0,1,0,0,0,1,0,0
1,1,450.0,40.0,946.0,1.0,7.0,0,0,0,0,0,0,0,0,1,1,2.0,0,0,0,0,0,0,0,0,0,0,0,0,0,0,0,0,0,0,0,0,0,0,0,0,1,0,1,0,0,0,0,0,1
2,3,1162.0,40.0,811.0,1.0,12.0,9,1,0,1,1,1,0,1,1,1,3.0,1,1,1,0,1,1,0,1,1,0,1,0,1,0,1,0,0,0,0,0,0,0,0,0,0,0,1,0,0,0,0,0,1
3,1,650.0,20.0,463.0,1.0,9.0,0,1,0,0,0,0,0,0,0,1,3.0,0,0,0,0,0,0,0,0,0,0,0,0,0,0,0,0,0,0,0,0,0,0,0,0,1,0,1,0,0,1,1,1,1
2,2,700.0,20.0,463.0,1.0,9.0,0,0,0,0,0,0,0,0,1,0,1.0,0,0,0,0,0,0,0,0,0,0,0,0,0,0,0,0,0,0,0,1,0,0,0,0,0,0,0,0,0,1,1,1,1
1,1,605.0,20.0,463.0,1.0,9.0,7,0,0,0,0,0,0,0,1,1,2.0,0,0,1,0,1,0,0,1,1,1,1,0,1,0,0,0,1,0,0,0,0,0,0,0,0,0,0,0,1,1,1,1,1
3,2,1050.0,4.0,463.0,1.0,9.0,0,0,0,0,0,0,0,0,1,1,2.0,0,0,0,0,0,0,0,0,0,0,0,0,0,0,0,0,0,0,0,0,0,0,0,0,0,0,0,0,1,1,0,1,0
3,2,900.0,38.0,473.0,2.0,5.0,10,0,0,0,0,0,0,0,1,1,1.0,1,0,1,0,1,1,0,1,1,1,1,1,1,0,0,0,0,0,0,1,0,0,0,0,0,0,1,0,0,0,0,0,0
3,2,907.0,20.0,256.0,1.0,14.0,8,1,0,1,1,0,0,0,1,1,2.0,1,1,1,0,0,0,1,1,1,0,1,0,1,0,0,0,0,0,0,0,0,0,0,0,1,0,1,0,0,0,1,0,0
2,2,1005.0,20.0,1050.0,1.0,5.0,12,0,0,0,0,0,0,0,1,1,2.0,1,0,1,1,1,0,1,1,1,1,1,1,1,1,0,0,0,0,0,0,0,0,0,0,0,0,1,0,0,0,1,0,0
3,2,750.0,20.0,463.0,1.0,9.0,13,0,0,0,0,0,0,0,0,1,1.0,1,1,1,1,1,1,1,1,1,1,1,1,0,1,0,0,0,0,0,0,0,0,0,0,1,0,0,0,0,1,1,1,1
3,2,1155.0,20.0,463.0,2.0,9.0,0,0,0,0,0,0,0,0,1,0,2.0,0,0,0,0,0,0,0,0,0,0,0,0,0,0,0,0,0,0,0,1,0,0,0,0,0,0,1,0,0,1,1,1,0
2,2,680.0,20.0,463.0,1.0,9.0,3,0,0,0,0,0,0,0,0,0,1.0,0,0,0,0,0,0,0,1,1,0,1,0,0,0,0,0,0,0,0,0,0,0,0,0,0,1,0,0,0,1,1,1,0
3,2,1004.0,20.0,463.0,3.0,9.0,14,0,0,0,0,0,0,0,1,1,2.0,1,1,1,1,1,1,1,1,1,1,1,1,1,1,1,0,0,0,0,0,0,0,0,0,0,0,1,0,0,1,1,1,0
3,2,850.0,20.0,1440.0,1.0,8.0,5,0,0,0,0,0,0,0,1,0,1.0,0,0,0,0,1,1,0,1,1,0,1,0,0,0,0,0,0,0,0,0,0,0,0,0,1,0,1,0,0,0,0,0,0
3,2,1002.0,14.0,780.0,1.0,3.0,0,0,0,0,0,0,0,0,1,1,1.0,0,0,0,0,0,0,0,0,0,0,0,0,0,0,0,0,0,0,0,1,0,0,0,0,0,0,0,0,0,0,0,0,0
4,2,864.0,5.0,463.0,1.0,9.0,4,1,1,1,0,0,0,0,1,0,1.0,1,0,0,0,0,0,0,1,1,0,1,0,0,0,0,0,0,0,0,0,0,0,0,0,1,0,0,0,0,1,0,1,0
4,3,1300.0,20.0,463.0,2.0,9.0,14,0,0,0,0,0,0,0,1,1,2.0,1,1,1,1,1,1,1,1,1,1,1,1,1,1,0,0,0,0,0,0,0,1,0,0,0,0,1,0,0,1,1,1,0
3,2,948.0,26.0,462.0,1.0,6.0,10,0,0,0,0,0,0,0,1,1,2.0,0,1,1,1,1,1,1,1,1,0,1,1,0,0,1,0,0,0,0,0,0,0,0,0,0,0,0,0,1,0,0,0,0
3,2,850.0,20.0,1440.0,1.0,8.0,3,0,0,0,0,0,0,0,0,0,2.0,0,0,0,0,1,0,0,1,0,0,1,0,0,0,0,0,0,0,0,0,0,0,0,0,1,0,1,0,0,0,0,0,0
3,2,1100.0,20.0,424.0,2.0,6.0,11,0,0,0,0,0,1,0,1,1,2.0,1,1,1,1,1,0,1,1,1,1,1,0,1,0,0,0,0,0,0,0,0,0,0,0,1,0,1,0,0,0,0,0,0
3,2,1222.0,16.0,463.0,1.0,27.0,11,0,0,1,1,0,1,1,1,1,2.0,0,0,1,1,1,1,0,1,1,1,1,1,1,1,1,0,0,0,0,0,0,0,0,0,0,0,1,0,0,0,0,1,0
3,2,800.0,22.0,1343.0,1.0,6.0,13,0,0,0,0,0,0,0,1,1,2.0,0,1,1,1,1,1,1,1,1,1,1,1,1,1,0,0,0,0,0,1,0,0,0,0,0,0,1,0,0,0,0,0,0
3,2,687.0,20.0,463.0,1.0,9.0,2,0,0,0,1,0,0,0,0,0,3.0,0,0,0,0,0,0,0,0,1,0,1,0,0,0,0,0,0,0,0,0,0,0,0,0,1,0,0,0,0,1,1,1,0
3,2,947.0,20.0,463.0,2.0,9.0,14,0,0,0,0,0,0,0,0,1,3.0,1,1,1,1,1,1,1,1,1,1,1,1,1,1,0,0,0,0,0,0,0,1,0,0,0,0,1,0,0,1,1,1,0
3,2,1100.0,14.0,96.0,1.0,26.0,4,0,0,0,0,0,0,0,1,1,2.0,0,0,0,0,1,0,0,1,0,0,1,0,1,0,0,0,0,0,0,1,0,0,0,0,0,0,1,0,0,0,0,0,1
3,2,1000.0,38.0,900.0,2.0,0.0,6,1,0,1,1,0,0,0,1,0,2.0,1,0,1,0,0,0,1,0,1,1,0,0,1,0,1,0,0,0,0,0,0,0,0,0,0,0,0,0,0,0,0,0,0
3,2,700.0,20.0,463.0,1.0,9.0,4,0,0,0,0,0,0,0,1,0,2.0,0,0,0,1,0,0,0,1,0,0,1,0,1,0,0,0,0,0,0,0,0,0,0,0,1,0,0,0,0,1,1,1,0
3,2,743.0,20.0,463.0,1.0,9.0,3,0,0,0,0,0,0,0,1,1,1.0,0,0,0,0,1,0,0,1,1,0,0,0,0,0,0,0,0,0,0,0,0,0,0,0,1,0,0,0,0,1,1,1,0
3,3,1302.0,20.0,463.0,2.0,9.0,9,0,0,0,0,0,0,0,1,1,2.0,0,0,1,0,1,1,0,1,1,1,1,1,1,0,0,0,0,0,0,1,0,0,0,0,0,0,1,0,0,1,1,1,0
3,2,1130.0,24.0,384.0,1.0,9.0,0,1,1,0,1,0,0,1,1,1,3.0,0,0,0,0,0,0,0,0,0,0,0,0,0,0,1,0,0,0,0,0,0,0,0,0,0,0,1,0,0,1,0,0,0
3,2,738.0,20.0,463.0,1.0,9.0,6,0,0,0,0,0,0,0,1,0,3.0,0,0,1,0,1,0,0,1,1,0,1,0,1,0,0,0,0,0,0,0,0,0,0,0,1,0,0,0,0,1,1,1,0
3,2,751.0,5.0,463.0,1.0,20.0,4,0,0,0,1,0,0,0,0,0,3.0,0,0,0,0,0,1,0,1,1,0,1,0,0,0,0,0,0,0,0,0,0,0,0,0,1,0,0,0,0,0,0,1,1
3,2,700.0,5.0,750.0,1.0,9.0,2,1,0,0,0,0,0,0,0,1,2.0,0,0,0,0,0,0,0,0,1,0,1,0,0,0,0,0,0,0,0,0,0,0,0,0,1,0,0,0,0,1,0,0,0
1,1,450.0,24.0,400.0,1.0,8.0,6,1,1,1,1,0,0,0,1,1,2.0,1,0,1,0,0,0,0,0,1,1,1,0,1,0,0,0,0,0,0,0,0,0,0,0,1,0,1,0,0,0,0,0,1
3,2,650.0,20.0,463.0,1.0,9.0,0,0,0,0,1,0,0,1,1,1,2.0,0,0,0,0,0,0,0,0,0,0,0,0,0,0,0,0,0,0,0,0,0,0,0,0,1,0,0,0,0,1,1,1,0
2,2,700.0,49.0,480.0,1.0,5.0,9,0,0,0,0,0,0,0,1,1,3.0,1,0,1,0,1,0,1,1,1,1,1,0,1,0,0,0,0,0,0,1,0,0,0,0,0,0,0,0,1,0,0,0,0
3,2,1174.0,24.0,312.0,1.0,18.0,13,0,0,0,0,0,0,0,0,0,1.0,1,0,1,1,1,1,1,1,1,1,1,1,1,1,0,0,0,0,0,0,0,0,0,0,1,0,0,0,0,0,0,0,0
2,1,550.0,17.0,224.0,1.0,28.0,3,0,0,0,0,0,0,0,1,1,1.0,0,0,0,0,1,0,0,1,0,0,1,0,0,0,0,0,0,0,0,1,0,0,0,0,0,0,0,0,0,0,0,0,0
1,1,450.0,20.0,196.0,1.0,11.0,0,1,1,1,1,1,0,0,1,0,2.0,0,0,0,0,0,0,0,0,0,0,0,0,0,0,0,0,0,0,0,0,0,0,0,0,1,0,1,0,0,0,1,0,1
3,2,870.0,18.0,463.0,1.0,9.0,8,0,0,0,0,0,0,0,0,0,2.0,0,0,1,0,1,1,0,1,1,0,1,1,1,0,0,0,0,0,0,0,0,0,0,0,1,0,0,0,0,1,0,1,0
3,2,800.0,20.0,463.0,2.0,9.0,0,0,0,0,0,0,0,0,1,0,2.0,0,0,0,0,0,0,0,0,0,0,0,0,0,0,0,0,0,0,0,0,0,0,0,0,0,1,0,0,0,1,1,1,0
3,2,850.0,20.0,463.0,2.0,9.0,6,1,0,1,1,0,0,0,1,0,2.0,0,0,0,1,1,0,1,1,1,0,1,0,0,0,0,0,0,0,0,0,0,0,0,0,1,0,0,0,0,1,1,1,0
3,2,750.0,20.0,463.0,1.0,9.0,0,0,0,0,0,0,0,0,1,1,2.0,0,0,0,0,0,0,0,0,0,0,0,0,0,0,0,0,0,0,0,0,0,0,0,1,0,0,0,0,0,1,1,1,1
2,2,950.0,20.0,463.0,1.0,9.0,4,0,0,0,0,0,0,0,1,0,2.0,0,0,0,0,0,0,0,1,1,0,1,0,1,0,0,0,0,0,0,0,0,0,1,0,0,0,1,0,0,1,1,1,0
3,2,881.0,20.0,463.0,2.0,9.0,9,1,0,0,1,0,0,1,0,1,2.0,1,0,1,0,1,1,1,1,1,0,1,0,1,0,1,0,0,0,0,0,0,0,0,0,0,0,0,0,1,1,1,1,0
1,1,517.0,7.0,297.0,2.0,9.0,5,0,0,0,0,0,0,0,1,1,2.0,0,0,0,0,1,0,0,1,1,0,1,0,1,0,0,0,0,0,0,1,0,0,0,0,0,0,1,0,0,0,0,0,0
3,2,1045.0,13.0,445.0,1.0,16.0,6,0,0,0,0,0,1,0,1,1,2.0,1,0,0,1,0,1,0,1,1,0,1,0,0,0,0,0,0,0,0,0,0,0,0,0,1,0,0,0,0,0,0,0,1
2,2,1311.0,30.0,151.0,2.0,16.0,14,1,1,1,1,0,0,1,1,1,2.0,1,1,1,1,1,1,1,1,1,1,1,1,1,1,1,0,0,0,0,0,0,0,0,0,0,0,1,0,0,0,0,0,0
3,2,1088.0,20.0,809.0,2.0,3.0,4,0,0,0,0,0,0,0,1,1,2.0,0,0,1,0,0,0,0,0,1,1,0,0,1,0,0,1,0,0,0,0,0,0,0,0,0,0,0,0,1,0,1,0,0
3,2,900.0,20.0,463.0,1.0,9.0,3,0,0,0,0,0,0,0,1,1,2.0,0,0,0,0,0,1,0,1,0,0,1,0,0,0,0,0,0,0,0,0,0,0,0,0,0,1,0,0,0,1,1,1,0
3,2,1237.0,8.0,67.0,2.0,9.0,6,0,0,0,0,0,0,0,1,1,2.0,0,0,0,0,1,1,1,1,1,0,1,0,0,0,0,0,0,0,0,0,0,0,0,0,1,0,0,0,0,1,0,0,0
3,2,1063.0,20.0,463.0,1.0,9.0,5,0,0,0,0,0,0,0,1,1,2.0,0,0,1,0,0,0,1,1,1,0,1,0,0,0,0,0,0,0,0,0,0,0,0,0,1,0,0,0,0,1,1,1,1
3,2,838.0,22.0,816.0,1.0,16.0,9,0,0,0,0,0,0,0,1,1,2.0,1,0,1,1,1,0,0,1,1,0,1,1,1,0,0,0,0,0,0,1,0,0,0,0,0,0,1,0,0,0,0,0,0
3,2,850.0,5.0,463.0,1.0,9.0,2,0,0,0,0,0,0,0,1,1,2.0,0,0,0,0,0,0,0,1,0,0,1,0,0,0,0,0,0,0,0,0,0,0,0,0,1,0,0,0,0,1,0,1,1
2,1,550.0,20.0,463.0,1.0,9.0,0,0,0,0,0,0,0,0,1,1,3.0,0,0,0,0,0,0,0,0,0,0,0,0,0,0,0,0,0,0,0,0,0,0,0,0,1,0,0,1,0,1,1,1,1
3,2,1053.0,5.0,469.0,2.0,7.0,5,0,0,0,0,0,0,0,1,1,2.0,0,0,0,1,0,0,1,1,1,0,1,0,0,0,0,0,0,0,0,0,0,0,0,0,1,0,0,0,0,0,0,0,0
3,2,1184.0,20.0,463.0,1.0,9.0,0,0,0,0,0,0,0,0,1,1,2.0,0,0,0,0,0,0,0,0,0,0,0,0,0,0,0,0,0,0,0,0,0,0,0,0,0,0,0,0,0,1,1,1,1
3,2,954.0,20.0,512.0,1.0,10.0,9,0,0,0,0,0,0,0,1,1,2.0,1,0,1,1,1,1,0,1,1,0,1,0,1,0,0,0,0,0,0,0,0,0,0,0,0,0,0,0,1,0,1,0,0
1,1,548.0,20.0,463.0,1.0,9.0,0,0,0,0,0,0,0,0,1,0,2.0,0,0,0,0,0,0,0,0,0,0,0,0,0,0,0,0,0,0,0,0,0,0,0,1,0,0,0,0,1,1,1,1,0
3,2,750.0,20.0,463.0,1.0,9.0,8,0,0,0,0,0,0,0,1,0,2.0,1,0,0,1,0,1,1,1,1,0,1,0,1,0,0,0,0,0,0,0,0,0,0,0,1,0,0,0,0,1,1,1,0
3,2,1040.0,20.0,463.0,1.0,9.0,0,0,0,0,0,0,0,0,0,1,2.0,0,0,0,0,0,0,0,0,0,0,0,0,0,0,0,0,0,0,0,0,0,0,1,0,0,0,0,0,0,1,1,1,1
3,2,1173.0,20.0,463.0,2.0,9.0,14,0,0,0,0,0,0,0,1,1,3.0,1,1,1,1,1,1,1,1,1,1,1,1,1,1,0,0,0,0,0,0,0,0,0,0,0,1,1,0,0,1,1,1,0
3,2,861.0,20.0,463.0,1.0,9.0,2,0,0,0,0,0,0,0,0,1,2.0,0,0,0,0,0,0,0,1,0,0,1,0,0,0,0,0,0,0,0,0,0,0,0,0,0,0,0,0,0,1,1,1,1
3,2,1300.0,10.0,463.0,1.0,9.0,7,0,0,0,0,0,0,0,1,1,2.0,0,0,0,0,1,1,0,1,0,1,1,1,1,0,0,0,0,0,0,1,0,0,0,0,0,0,1,0,0,1,0,1,0
3,2,700.0,5.0,463.0,1.0,9.0,4,1,0,1,1,0,0,1,1,0,3.0,0,0,0,0,1,0,0,1,1,0,1,0,0,0,0,0,0,0,0,0,0,0,0,0,1,0,0,0,0,1,0,1,0
3,2,950.0,20.0,463.0,1.0,9.0,0,0,0,0,0,0,0,0,1,0,3.0,0,0,0,0,0,0,0,0,0,0,0,0,0,0,0,0,0,0,0,0,0,0,0,0,0,0,0,0,0,1,1,1,1
4,3,2214.0,22.0,576.0,4.0,5.0,11,1,1,1,1,0,0,0,1,1,3.0,1,1,1,1,0,1,1,1,1,1,1,0,1,0,0,0,0,0,0,0,0,0,0,0,1,0,0,0,1,0,0,0,0
3,2,1214.0,20.0,374.0,1.0,9.0,12,0,0,0,0,0,0,0,1,1,2.0,1,0,1,1,1,1,0,1,1,1,1,1,1,1,0,0,0,0,0,0,0,0,0,0,0,0,0,0,1,1,1,0,0
3,1,650.0,20.0,463.0,1.0,9.0,0,1,0,0,0,0,0,0,0,1,3.0,0,0,0,0,0,0,0,0,0,0,0,0,0,0,0,0,0,0,0,0,0,0,0,0,1,0,1,0,0,1,1,1,1
3,2,700.0,21.0,520.0,1.0,24.0,2,0,0,0,0,0,0,0,1,1,2.0,0,0,0,0,1,0,0,1,0,0,0,0,0,0,0,0,0,0,0,1,0,0,0,0,0,0,0,0,0,0,0,0,0
4,3,1646.0,44.0,378.0,2.0,5.0,9,0,0,0,0,0,0,0,1,1,2.0,1,0,1,0,1,0,1,1,1,1,1,0,1,0,0,0,0,0,0,1,0,0,0,0,0,0,1,0,0,0,0,0,0
3,2,1222.0,8.0,67.0,2.0,9.0,4,0,0,0,0,0,0,0,1,1,1.0,0,0,0,1,0,0,0,1,1,0,1,0,0,0,0,0,0,0,0,0,0,0,0,0,1,0,0,0,0,1,0,0,0
1,1,547.0,20.0,1196.0,1.0,4.0,10,0,0,0,0,0,0,1,1,1,3.0,1,0,1,0,1,1,1,1,1,1,1,0,1,0,0,0,0,0,0,0,0,0,0,0,1,0,1,0,0,0,1,0,0
3,2,982.0,20.0,463.0,2.0,6.0,7,0,0,0,0,0,0,0,1,0,3.0,0,0,1,0,1,1,0,1,1,0,1,0,1,0,0,0,0,0,0,0,0,0,1,0,0,0,1,0,0,0,1,1,0
3,2,850.0,20.0,463.0,1.0,6.0,8,0,0,0,0,0,0,0,1,1,3.0,1,1,0,0,1,1,0,1,1,0,1,0,1,0,0,0,0,0,0,0,0,0,0,0,0,0,0,0,0,0,0,1,0
2,1,624.0,20.0,463.0,1.0,9.0,0,0,0,0,0,0,0,0,1,0,2.0,0,0,0,0,0,0,0,0,0,0,0,0,0,0,0,0,0,0,0,0,0,0,0,1,0,0,0,0,0,1,1,1,1
3,1,614.0,5.0,463.0,1.0,9.0,0,0,0,0,0,0,0,0,1,1,1.0,0,0,0,0,0,0,0,0,0,0,0,0,0,0,0,0,0,0,0,1,0,0,0,0,0,0,0,0,0,1,0,1,1
3,2,890.0,16.0,196.0,1.0,15.0,10,0,0,0,0,0,0,0,1,0,2.0,1,1,0,1,1,1,1,1,1,0,1,0,1,0,0,0,0,0,0,0,0,0,0,0,0,0,0,0,0,0,0,0,0
2,2,798.0,35.0,3224.0,1.0,5.0,13,0,0,0,0,0,0,0,1,1,3.0,1,1,1,1,1,1,1,1,1,1,1,1,1,0,0,0,0,0,0,0,0,0,0,0,0,0,0,0,1,0,0,0,0
3,2,863.0,20.0,463.0,1.0,9.0,3,1,0,0,1,0,0,0,0,0,2.0,0,0,0,0,0,0,0,1,1,0,1,0,0,0,0,0,0,0,0,0,0,0,0,0,1,0,0,0,0,1,1,1,1
6,5,6800.0,5.0,20.0,3.0,9.0,7,0,0,0,0,0,0,0,1,1,1.0,1,0,1,0,0,0,0,1,1,0,1,1,1,0,0,0,0,0,0,1,0,0,0,0,0,0,1,0,0,1,0,0,0
4,2,991.0,20.0,1255.0,2.0,1.0,10,0,0,0,0,0,0,0,1,1,2.0,1,0,1,0,1,1,1,1,1,1,1,0,1,0,0,0,0,0,0,0,0,0,0,0,1,0,0,0,1,0,1,0,0
2,1,494.0,20.0,463.0,1.0,9.0,0,0,0,0,0,0,0,0,1,1,1.0,0,0,0,0,0,0,0,0,0,0,0,0,0,0,0,0,0,0,0,0,0,0,0,0,0,0,0,0,0,1,1,1,1
3,2,877.0,13.0,463.0,1.0,14.0,9,1,0,1,1,0,0,0,0,0,1.0,1,0,1,0,1,1,1,1,1,0,1,0,1,0,1,0,0,0,0,0,0,0,0,0,0,0,1,0,0,0,0,1,0
3,2,1450.0,3.0,186.0,1.0,34.0,3,0,0,0,0,0,0,0,1,1,2.0,0,0,0,0,0,0,0,1,0,1,1,0,0,0,0,0,0,0,0,1,0,0,0,0,0,0,0,0,0,0,0,0,0
4,1,1059.0,20.0,463.0,1.0,9.0,0,0,0,0,0,0,0,0,1,1,2.0,0,0,0,0,0,0,0,0,0,0,0,0,0,0,0,1,0,0,0,0,0,0,0,0,0,0,0,1,0,1,1,1,1
3,2,850.0,12.0,463.0,1.0,9.0,7,0,0,0,0,0,0,0,1,1,2.0,0,0,0,1,1,1,0,1,1,0,1,0,1,0,0,1,0,0,0,0,0,0,0,0,0,0,0,0,0,1,0,1,0
3,1,680.0,20.0,463.0,1.0,9.0,0,0,0,0,1,0,0,0,0,1,2.0,0,0,0,0,0,0,0,0,0,0,0,0,0,0,0,0,0,0,0,0,0,0,0,0,1,0,0,0,0,1,1,1,1
4,3,1650.0,16.0,470.0,2.0,9.0,8,0,0,0,0,0,0,0,1,1,2.0,1,0,1,0,0,0,1,1,1,1,1,0,1,0,0,0,0,0,0,1,0,0,0,0,0,0,1,0,0,0,0,0,0
3,1,700.0,23.0,2115.0,1.0,20.0,1,0,0,0,0,0,0,0,1,1,2.0,0,0,0,0,0,0,0,1,0,0,0,0,0,0,0,0,0,0,0,1,0,0,0,0,0,0,0,1,0,0,0,0,0
3,2,911.0,24.0,576.0,1.0,29.0,10,1,0,1,1,1,0,0,1,1,2.0,1,0,1,0,0,1,0,1,1,1,1,1,1,1,1,0,0,0,0,0,0,0,0,0,0,0,1,0,0,0,0,0,1
3,2,750.0,20.0,463.0,1.0,9.0,0,0,0,0,0,0,0,0,0,1,2.0,0,0,0,0,0,0,0,0,0,0,0,0,0,0,0,0,0,0,0,0,0,0,0,0,1,0,0,0,0,1,1,1,1
3,2,700.0,18.0,112.0,1.0,9.0,2,0,0,0,0,0,0,0,1,1,2.0,0,0,0,0,0,0,0,1,0,0,1,0,0,0,0,0,0,0,0,1,0,0,0,0,0,0,0,0,0,1,0,0,0
3,2,1155.0,20.0,998.0,1.0,2.0,8,0,0,0,0,0,0,0,1,1,2.0,1,0,1,1,1,0,0,1,1,0,1,0,1,0,0,0,0,0,0,0,0,0,0,0,1,0,0,0,1,0,1,0,1
2,2,430.0,20.0,1100.0,1.0,2.0,0,1,1,1,1,1,0,1,1,0,2.0,0,0,0,0,0,0,0,0,0,0,0,0,0,0,1,0,0,0,0,0,0,0,0,0,0,0,0,0,1,0,1,0,0
3,2,1200.0,20.0,450.0,2.0,1.0,10,0,0,0,0,0,0,0,1,1,2.0,1,0,1,1,1,0,1,1,1,1,1,0,1,0,0,0,0,0,0,1,0,0,0,0,0,0,1,0,0,0,1,0,0
3,2,689.0,18.0,332.0,1.0,19.0,9,1,0,1,1,0,0,0,1,1,1.0,1,1,1,1,0,1,0,1,1,0,1,0,1,0,0,0,0,0,0,0,0,0,0,0,1,0,0,0,0,0,0,0,1
3,2,1000.0,20.0,1000.0,2.0,9.0,3,0,0,0,0,0,0,0,1,1,3.0,0,0,0,0,1,0,0,1,0,0,1,0,0,0,0,0,0,0,0,1,0,0,0,0,0,0,0,0,1,1,1,0,0
3,2,818.0,11.0,708.0,1.0,9.0,7,0,0,0,0,0,0,0,1,0,2.0,1,1,1,0,0,0,0,0,1,0,1,0,1,1,0,0,0,0,0,0,0,0,0,0,0,0,0,0,0,1,0,0,0
3,2,650.0,20.0,463.0,1.0,9.0,5,0,0,0,0,0,0,0,1,1,2.0,0,0,0,0,1,0,0,1,1,0,1,0,1,0,1,0,0,0,0,0,0,0,0,0,0,0,0,0,0,1,1,1,0
3,2,850.0,12.0,1012.0,1.0,9.0,7,0,0,0,0,0,0,0,1,0,1.0,0,0,1,1,0,0,0,1,1,0,1,0,1,1,0,0,0,0,0,0,0,0,1,0,0,0,0,0,0,1,0,0,1
2,2,810.0,25.0,2003.0,1.0,4.0,0,0,0,0,0,0,0,0,1,1,3.0,0,0,0,0,0,0,0,0,0,0,0,0,0,0,0,0,0,0,0,0,0,0,0,0,0,0,0,0,1,0,0,0,1
3,2,1200.0,6.0,116.0,1.0,9.0,7,1,1,1,1,0,0,1,1,1,1.0,1,0,0,1,0,0,1,1,1,0,1,0,1,0,1,0,0,0,0,0,0,0,0,0,0,0,1,0,0,1,0,0,0
3,2,1043.0,20.0,226.0,1.0,9.0,6,0,0,0,0,0,0,0,1,1,3.0,0,0,1,0,1,0,0,1,1,0,1,0,1,0,0,0,0,0,0,0,0,1,0,0,0,0,1,0,0,1,1,0,0
3,2,850.0,10.0,65.0,1.0,9.0,3,0,0,0,0,0,0,0,1,0,1.0,0,0,0,0,0,0,1,0,0,0,1,0,1,0,0,0,0,0,0,0,0,0,0,0,0,0,0,0,1,1,0,0,1
3,2,1000.0,20.0,463.0,1.0,9.0,5,0,0,0,0,0,0,0,1,1,1.0,0,0,0,1,1,0,0,1,1,0,1,0,0,0,0,1,0,0,0,0,0,0,0,0,0,0,0,0,0,1,1,1,1
3,2,798.0,22.0,500.0,1.0,9.0,7,0,1,1,1,0,0,1,1,1,2.0,0,0,1,1,0,1,0,1,1,0,1,0,1,0,1,0,0,0,0,0,0,0,0,0,0,0,0,0,1,1,0,0,1
3,2,760.0,20.0,463.0,1.0,9.0,3,1,0,0,0,0,0,0,0,0,3.0,0,0,0,0,0,0,0,1,1,0,1,0,0,0,0,0,0,0,0,0,0,0,0,0,1,0,0,0,0,1,1,1,0
3,2,900.0,33.0,149.0,2.0,9.0,9,0,0,0,0,0,0,0,0,1,2.0,1,0,1,0,1,1,1,1,1,0,1,0,1,0,1,0,0,0,0,0,0,0,0,0,0,0,1,0,0,1,0,0,0
3,2,1274.0,20.0,215.0,2.0,4.0,5,0,0,0,0,0,0,0,1,1,2.0,0,0,0,1,1,0,0,1,1,0,1,0,0,0,0,0,0,0,0,0,0,0,0,0,1,0,0,0,0,0,1,0,0
4,3,2809.0,15.0,198.0,2.0,25.0,11,0,0,0,0,0,0,0,1,1,3.0,1,0,1,1,1,1,1,1,1,1,1,0,1,0,0,0,0,0,0,0,0,1,0,0,0,0,1,0,0,0,0,0,0
2,2,836.0,20.0,510.0,1.0,3.0,7,0,0,0,0,0,0,0,1,1,2.0,0,0,1,0,1,1,0,1,1,0,1,0,1,0,1,0,0,0,0,0,0,0,0,0,0,0,1,0,0,0,1,0,0
3,2,700.0,18.0,182.0,1.0,17.0,7,0,0,0,0,0,0,0,1,1,2.0,0,0,0,0,1,0,0,1,1,0,1,1,1,1,0,0,0,0,0,1,0,0,0,0,0,0,0,0,0,0,0,0,0
3,1,914.0,20.0,463.0,2.0,9.0,8,0,0,0,0,0,0,0,1,1,2.0,0,0,0,1,1,1,0,1,1,0,1,1,1,0,0,0,0,0,0,0,0,0,0,0,0,0,0,0,0,1,1,1,0
3,2,807.0,20.0,463.0,1.0,9.0,0,0,0,0,0,0,0,0,0,0,1.0,0,0,0,0,0,0,0,0,0,0,0,0,0,0,0,0,0,0,0,0,0,0,0,0,1,0,0,0,0,1,1,1,1
3,2,927.0,5.0,208.0,1.0,22.0,3,1,0,1,1,0,0,1,0,0,2.0,0,0,0,0,0,0,0,1,1,0,1,0,0,0,1,0,0,0,0,0,0,0,0,0,0,0,1,0,0,0,0,0,1
3,1,650.0,20.0,463.0,1.0,9.0,2,0,0,0,0,0,0,0,1,0,1.0,0,0,0,1,0,0,0,0,1,0,0,0,0,0,0,0,0,0,0,0,0,0,0,0,0,0,0,1,0,1,1,1,1
3,2,700.0,20.0,463.0,1.0,9.0,0,0,0,0,0,0,0,0,0,1,3.0,0,0,0,0,0,0,0,0,0,0,0,0,0,0,0,0,0,0,0,0,0,0,0,0,1,0,0,1,0,1,1,1,1
1,1,648.0,20.0,463.0,1.0,9.0,6,0,0,0,0,0,0,0,1,0,2.0,1,0,0,0,1,0,0,1,1,0,1,0,1,0,0,1,0,0,0,0,0,0,0,0,0,0,1,0,0,1,1,1,1
3,2,960.0,20.0,463.0,1.0,9.0,14,1,1,1,0,0,1,0,0,0,2.0,1,1,1,1,1,1,1,1,1,1,1,1,1,1,0,0,0,0,0,0,0,0,0,0,1,0,0,0,0,1,1,1,1
3,2,947.0,14.0,248.0,1.0,9.0,5,0,0,1,0,0,0,0,0,1,2.0,0,0,1,0,0,0,0,1,1,0,1,0,1,0,0,0,0,0,0,0,0,0,0,0,1,0,1,0,0,1,0,0,1
3,2,850.0,5.0,463.0,1.0,9.0,2,0,0,1,1,0,0,0,0,1,2.0,0,0,0,0,0,0,0,1,1,0,0,0,0,0,0,0,0,0,0,0,0,0,0,0,1,0,0,0,0,1,0,1,1
4,2,1650.0,24.0,234.0,2.0,9.0,5,0,0,0,0,0,0,0,1,1,3.0,0,0,0,0,1,0,0,1,1,0,1,0,1,0,0,0,0,0,0,1,0,0,0,0,0,0,1,0,0,1,0,0,0
3,2,1410.0,27.0,569.0,2.0,10.0,9,0,0,0,0,0,0,0,1,0,2.0,0,0,1,1,1,1,0,1,1,0,1,1,1,0,0,0,0,0,0,0,0,0,0,0,1,0,1,0,0,0,0,0,0
2,1,590.0,20.0,139.0,1.0,6.0,0,0,0,0,0,0,0,0,1,0,2.0,0,0,0,0,0,0,0,0,0,0,0,0,0,0,0,0,0,0,0,0,0,0,0,1,0,0,0,0,0,0,1,0,0
3,2,1198.0,20.0,406.0,2.0,2.0,6,0,0,0,0,0,0,0,1,1,2.0,1,0,1,1,0,0,0,0,1,0,1,0,1,0,0,0,0,0,0,1,0,0,0,0,0,0,1,0,0,0,1,0,0
2,2,876.0,20.0,463.0,1.0,9.0,0,0,0,0,0,0,0,0,1,0,2.0,0,0,0,0,0,0,0,0,0,0,0,0,0,0,0,0,0,0,0,0,0,0,0,0,0,0,1,0,0,1,1,1,1
3,2,1206.0,20.0,463.0,1.0,9.0,11,0,0,0,0,0,0,0,1,0,3.0,1,1,1,1,1,1,1,1,1,0,1,0,1,0,0,0,0,0,0,0,0,0,0,1,0,0,1,0,0,1,1,1,0
1,1,547.0,20.0,463.0,1.0,9.0,11,0,0,0,0,0,0,1,1,1,2.0,1,0,1,1,1,1,1,1,1,1,1,0,1,0,0,0,0,0,0,0,0,0,0,0,1,0,1,0,0,1,1,1,0
3,2,600.0,4.0,352.0,1.0,9.0,3,0,0,0,0,0,0,0,0,0,1.0,0,0,0,0,0,0,1,0,1,0,1,0,0,0,0,0,0,0,0,0,0,0,1,0,0,0,0,0,0,1,0,0,1
3,2,882.0,20.0,463.0,1.0,9.0,3,0,0,0,0,0,0,0,1,0,3.0,0,0,0,0,0,0,0,1,0,0,1,0,1,0,0,1,0,0,0,0,0,0,0,0,0,0,0,0,0,1,1,1,0
3,1,650.0,5.0,463.0,1.0,9.0,3,0,0,0,0,0,0,0,0,0,3.0,1,0,0,0,0,0,0,1,0,0,1,0,0,0,0,0,0,0,0,0,0,0,0,0,1,0,0,0,0,1,0,1,1
3,2,853.0,5.0,463.0,1.0,9.0,1,0,0,0,0,1,0,0,1,1,2.0,0,0,0,0,0,0,0,0,0,0,1,0,0,0,0,0,0,0,0,0,0,0,0,0,1,0,0,0,0,1,0,1,0
3,2,936.0,38.0,420.0,2.0,12.0,14,0,0,0,0,0,0,0,1,1,2.0,1,1,1,1,1,1,1,1,1,1,1,1,1,1,0,0,0,0,0,1,0,0,0,0,0,0,1,0,0,0,0,0,0
3,2,1141.0,19.0,486.0,1.0,28.0,12,0,1,0,0,0,0,1,0,0,1.0,1,1,1,1,1,1,0,1,1,1,1,0,1,1,1,0,0,0,0,0,0,0,0,0,0,0,1,0,0,0,0,0,0
3,2,1473.0,25.0,800.0,2.0,9.0,11,1,1,1,1,1,0,0,0,0,3.0,1,0,1,1,1,1,1,1,1,1,1,0,1,0,1,0,0,0,0,0,0,0,0,0,0,0,1,0,0,0,0,0,0
3,2,850.0,5.0,463.0,1.0,9.0,6,0,0,0,0,0,0,0,0,1,1.0,0,0,0,0,1,1,1,1,1,0,1,0,0,0,0,0,1,0,0,0,0,0,0,0,0,0,0,0,0,1,0,1,1
3,2,852.0,17.0,403.0,1.0,9.0,11,0,0,0,0,0,0,0,1,1,2.0,1,0,1,1,1,1,1,1,1,1,1,0,1,0,1,0,0,0,0,0,0,0,0,0,0,0,1,0,0,0,0,0,0
1,2,1060.0,17.0,160.0,1.0,9.0,5,0,0,0,0,0,0,0,1,1,1.0,0,0,0,0,1,0,0,1,1,0,1,0,1,0,0,0,0,0,0,1,0,0,0,0,0,0,1,0,0,1,0,0,0
3,2,730.0,17.0,3.0,1.0,31.0,3,0,0,0,0,0,0,0,1,0,2.0,0,0,0,0,1,0,0,1,0,0,1,0,0,0,0,0,0,0,0,1,0,0,0,0,0,0,0,0,0,0,0,0,0
4,2,1272.0,20.0,463.0,1.0,9.0,11,1,1,1,1,1,0,0,1,0,3.0,0,1,1,1,0,1,1,1,1,0,1,1,1,1,1,0,0,0,0,0,0,0,0,0,0,0,1,0,0,1,1,1,0
3,2,800.0,13.0,463.0,1.0,9.0,4,0,1,1,1,1,0,0,1,0,2.0,0,0,0,0,0,0,0,1,1,0,1,0,1,0,1,0,0,0,0,0,0,0,0,0,0,0,1,0,0,1,0,1,1
3,2,1100.0,20.0,300.0,1.0,13.0,8,1,0,1,1,0,0,1,1,0,2.0,0,0,1,0,1,1,1,1,1,0,1,0,1,0,1,0,0,0,0,0,0,0,0,0,0,0,1,0,0,0,0,0,0
3,2,650.0,20.0,463.0,1.0,9.0,0,0,0,0,0,0,0,0,1,0,2.0,0,0,0,0,0,0,0,0,0,0,0,0,0,0,0,0,0,0,0,1,0,0,0,0,0,0,0,0,0,1,1,1,0
4,2,1271.0,30.0,410.0,2.0,6.0,5,0,0,0,0,0,0,0,1,1,3.0,0,0,0,0,1,0,0,1,1,0,1,0,1,0,0,0,0,0,0,1,0,0,0,0,0,0,1,0,0,0,0,0,0
3,2,815.0,20.0,463.0,1.0,9.0,0,0,0,0,0,0,0,0,1,0,2.0,0,0,0,0,0,0,0,0,0,0,0,0,0,0,0,0,0,0,0,0,0,0,0,1,0,0,1,0,0,1,1,1,1
3,2,657.0,5.0,463.0,1.0,9.0,0,0,0,1,1,1,0,0,1,1,1.0,0,0,0,0,0,0,0,0,0,0,0,0,0,0,0,0,0,0,0,0,0,0,0,0,1,0,0,1,0,1,0,1,1
4,3,1701.0,7.0,297.0,3.0,9.0,14,0,0,0,0,0,0,0,1,1,2.0,1,1,1,1,1,1,1,1,1,1,1,1,1,1,0,0,0,0,0,1,0,0,0,0,0,0,1,0,0,0,0,0,0
3,2,1077.0,12.0,463.0,1.0,9.0,4,0,0,0,0,0,0,0,1,1,3.0,0,0,0,0,1,0,0,1,1,0,1,0,0,0,0,0,0,0,0,0,0,0,0,0,1,0,0,0,0,1,0,1,0
3,2,738.0,20.0,463.0,1.0,9.0,5,0,0,0,0,0,0,0,1,0,1.0,0,0,0,1,0,0,0,1,1,0,1,0,1,0,0,0,0,0,0,0,0,0,1,0,0,0,0,0,0,1,1,1,0
4,3,1642.0,20.0,222.0,2.0,8.0,10,0,0,0,0,0,0,0,1,1,2.0,1,0,1,0,1,1,1,1,1,1,1,0,1,0,0,0,0,0,0,1,0,0,0,0,0,0,1,0,0,0,1,0,0
3,2,753.0,42.0,150.0,2.0,3.0,10,0,0,0,0,0,0,0,1,1,3.0,0,0,1,1,0,1,0,1,1,1,1,1,1,1,0,0,0,0,0,1,0,0,0,0,0,0,0,0,1,0,0,0,0
3,2,1069.0,16.0,463.0,1.0,9.0,8,0,0,0,0,0,0,0,1,0,3.0,0,1,1,0,1,0,1,1,1,0,1,0,1,0,0,0,0,0,0,0,0,0,1,0,0,0,1,0,0,1,0,1,1
3,2,700.0,18.0,182.0,1.0,17.0,6,0,0,0,0,0,0,0,1,1,2.0,0,0,0,0,0,0,0,1,1,0,1,1,1,1,0,0,0,0,0,1,0,0,0,0,0,0,0,0,0,0,0,0,0
4,2,1588.0,4.0,463.0,1.0,9.0,0,0,0,0,1,0,0,0,0,0,2.0,0,0,0,0,0,0,0,0,0,0,0,0,0,0,0,0,0,0,0,0,0,0,0,0,1,0,0,0,0,1,0,1,1
4,3,1508.0,20.0,463.0,2.0,9.0,0,0,0,0,0,0,0,0,1,1,2.0,0,0,0,0,0,0,0,0,0,0,0,0,0,0,1,0,0,0,0,0,0,0,0,0,0,0,1,0,0,1,1,1,0
3,3,1124.0,22.0,616.0,2.0,7.0,11,1,1,1,0,1,0,1,1,1,1.0,1,0,1,1,1,1,1,1,1,1,1,0,1,0,0,0,0,0,0,0,0,0,0,0,1,0,0,0,1,0,0,0,0
3,2,802.0,20.0,463.0,1.0,9.0,0,0,0,0,0,0,0,0,1,0,2.0,0,0,0,0,0,0,0,0,0,0,0,0,0,0,0,0,0,0,0,0,0,0,0,1,0,0,0,0,0,1,1,1,0
4,3,1257.0,12.0,200.0,2.0,9.0,12,0,0,0,0,0,0,0,1,0,2.0,1,1,1,1,1,1,1,1,1,1,1,0,1,0,0,0,0,0,0,0,0,0,0,1,0,0,0,0,0,1,0,0,0
2,2,818.0,20.0,463.0,1.0,6.0,4,0,0,0,0,0,0,0,1,1,3.0,0,0,0,0,1,0,1,1,0,0,1,0,0,0,0,0,0,0,0,0,0,0,0,0,0,0,1,0,0,0,1,1,1
3,2,800.0,20.0,1900.0,1.0,7.0,14,0,0,0,0,0,0,0,1,0,2.0,1,1,1,1,1,1,1,1,1,1,1,1,1,1,0,0,0,0,0,1,0,0,0,0,0,0,0,0,0,0,1,0,0
3,2,883.0,14.0,704.0,1.0,22.0,9,0,0,0,0,0,0,0,1,0,1.0,0,0,1,1,1,1,0,1,1,1,1,0,1,0,0,0,0,0,0,0,0,0,0,0,1,0,1,0,0,0,0,0,0
3,2,1050.0,14.0,463.0,1.0,30.0,0,0,0,0,0,0,0,0,1,1,2.0,0,0,0,0,0,0,0,0,0,0,0,0,0,0,1,0,0,0,0,0,0,0,0,0,0,0,0,0,0,0,0,1,1
3,2,1100.0,20.0,463.0,2.0,9.0,14,0,0,0,0,0,0,0,1,1,2.0,1,1,1,1,1,1,1,1,1,1,1,1,1,1,0,0,0,0,0,0,0,0,0,0,1,0,1,0,0,1,1,1,0
4,3,1646.0,44.0,378.0,1.0,5.0,10,0,0,0,0,0,0,0,1,1,2.0,1,0,1,1,1,0,1,1,1,1,1,0,1,0,0,0,0,0,0,1,0,0,0,0,0,0,1,0,0,0,0,0,1
3,3,1106.0,43.0,493.0,2.0,2.0,7,1,0,1,1,0,0,1,1,0,2.0,0,0,1,0,1,0,0,1,1,1,1,0,1,0,1,0,0,0,0,0,0,0,0,0,0,0,1,0,0,0,0,0,0
3,2,743.0,20.0,306.0,1.0,9.0,4,1,1,0,1,0,0,0,0,1,3.0,0,0,0,0,1,1,0,1,0,0,1,0,0,0,0,0,0,0,0,0,0,0,0,0,1,0,0,0,0,1,1,0,1
4,2,1270.0,31.0,476.0,2.0,6.0,8,0,0,0,0,0,0,0,1,1,3.0,1,0,1,1,0,0,1,0,1,1,1,0,1,0,0,0,0,0,0,1,0,0,0,0,0,0,1,0,0,0,0,0,0
3,1,840.0,11.0,463.0,1.0,27.0,1,0,0,0,0,0,0,0,1,0,2.0,0,0,0,0,0,0,0,1,0,0,0,0,0,0,0,0,0,0,0,1,0,0,0,0,0,0,0,0,0,0,0,1,1
1,1,622.0,38.0,1163.0,1.0,5.0,5,1,0,1,1,1,0,0,1,0,3.0,0,0,1,1,0,0,0,1,0,0,1,0,1,0,1,0,0,0,0,0,0,0,0,0,0,0,0,0,1,0,0,0,0
1,1,592.0,18.0,463.0,1.0,9.0,6,0,0,0,0,0,0,0,1,1,2.0,0,0,0,1,1,0,1,1,1,0,1,0,0,0,0,0,0,0,1,0,0,0,0,0,0,0,1,0,0,1,0,1,0
3,2,950.0,38.0,900.0,2.0,0.0,12,1,0,1,1,0,0,0,1,0,2.0,1,1,1,1,1,1,1,1,1,1,1,0,1,0,1,0,0,0,0,0,0,0,0,0,0,0,0,0,0,0,0,0,0
1,1,409.0,20.0,463.0,1.0,9.0,2,0,0,0,0,0,0,0,1,0,3.0,0,0,0,0,1,0,0,0,0,0,1,0,0,0,0,0,0,0,0,0,0,0,1,0,0,0,0,0,1,1,1,1,1
3,2,1056.0,18.0,715.0,1.0,16.0,6,1,1,1,1,0,0,0,1,0,2.0,0,0,1,0,0,1,0,1,0,0,1,0,1,1,1,0,0,0,0,0,0,0,0,0,0,0,1,0,0,0,0,0,1
1,1,590.0,38.0,1033.0,1.0,11.0,11,1,1,1,1,1,0,1,1,1,3.0,1,0,1,0,1,1,1,1,1,1,1,1,1,0,1,0,0,0,0,0,0,0,0,0,0,0,0,0,1,0,0,0,0
2,2,650.0,44.0,2136.0,1.0,2.0,7,0,1,0,1,0,0,1,1,0,2.0,1,0,1,0,1,0,0,1,1,0,1,0,1,0,1,0,0,0,0,0,0,0,0,0,0,0,0,0,1,0,0,0,0
3,2,1100.0,31.0,360.0,2.0,22.0,0,0,0,0,0,0,0,0,1,1,2.0,0,0,0,0,0,0,0,0,0,0,0,0,0,0,0,0,0,0,0,1,0,0,0,0,0,0,0,0,0,0,0,0,0
3,2,1100.0,30.0,463.0,2.0,10.0,4,0,0,0,0,0,0,0,1,1,2.0,0,0,1,0,0,0,0,1,0,0,1,0,1,0,0,0,0,0,0,1,0,0,0,0,0,0,0,0,1,0,0,1,0
3,2,798.0,20.0,463.0,1.0,9.0,5,0,0,0,0,0,0,0,0,0,1.0,0,0,0,0,0,1,0,1,1,0,1,0,1,0,0,0,0,0,0,0,1,0,0,0,0,0,0,0,0,1,1,1,1
2,1,549.0,20.0,463.0,1.0,9.0,0,1,0,1,1,1,0,0,1,0,1.0,0,0,0,0,0,0,0,0,0,0,0,0,0,0,0,0,0,0,0,0,0,0,0,0,1,0,0,0,0,1,1,1,1
2,2,775.0,17.0,312.0,2.0,9.0,6,0,0,0,0,0,0,0,1,1,2.0,0,0,1,0,0,0,0,1,1,1,1,0,1,0,0,0,0,0,0,1,0,0,0,0,0,0,0,0,1,1,0,0,0
2,2,1195.0,20.0,463.0,1.0,9.0,6,0,0,0,0,0,0,0,1,1,2.0,0,0,1,0,1,0,0,1,1,0,1,0,1,0,0,0,0,0,0,0,0,0,0,0,0,0,1,0,0,1,1,1,0
3,2,1288.0,20.0,463.0,1.0,9.0,0,0,0,0,0,0,0,0,1,0,2.0,0,0,0,0,0,0,0,0,0,0,0,0,0,0,0,0,0,0,0,0,0,0,0,1,0,0,0,0,0,1,1,1,0
4,2,864.0,20.0,463.0,1.0,9.0,0,0,0,0,0,0,0,0,1,0,1.0,0,0,0,0,0,0,0,0,0,0,0,0,0,0,0,0,0,1,0,0,0,0,0,0,0,0,0,1,0,1,1,1,0
2,1,540.0,20.0,463.0,1.0,9.0,5,0,0,0,0,0,0,0,1,1,1.0,0,0,0,0,1,1,0,1,1,0,1,0,0,0,0,0,0,0,0,0,0,0,0,0,1,0,0,0,0,1,1,1,0
5,7,6016.0,18.0,463.0,4.0,9.0,11,0,0,0,0,0,0,0,1,0,3.0,1,1,1,1,0,0,1,1,1,0,1,1,1,1,0,0,0,0,0,0,0,0,1,0,0,0,1,0,0,1,0,1,0
3,1,680.0,20.0,463.0,1.0,9.0,3,0,0,0,0,0,0,0,1,1,2.0,0,0,0,0,1,0,0,1,1,0,0,0,0,0,0,0,0,0,0,1,0,0,0,0,0,0,0,0,0,1,1,1,1
3,3,1450.0,16.0,470.0,2.0,9.0,9,0,0,0,0,0,0,0,1,1,1.0,1,0,1,0,1,0,1,1,1,1,1,0,1,0,0,0,0,0,0,1,0,0,0,0,0,0,1,0,0,0,0,0,0
3,2,1100.0,14.0,96.0,1.0,26.0,4,0,0,0,0,0,0,0,1,1,2.0,0,0,0,0,1,0,0,1,0,0,1,0,1,0,0,0,0,0,0,1,0,0,0,0,0,0,1,0,0,0,0,0,0
3,2,1023.0,63.0,956.0,1.0,2.0,8,1,1,1,1,0,0,0,1,1,2.0,1,0,1,1,0,0,0,1,1,1,1,0,1,0,1,0,0,0,0,0,0,0,0,0,0,0,0,0,1,0,0,0,1
3,2,795.0,7.0,150.0,1.0,9.0,1,0,0,0,0,0,0,0,1,1,2.0,0,0,0,0,0,0,0,1,0,0,0,0,0,0,0,0,0,0,0,1,0,0,0,0,0,0,0,1,0,1,0,0,0
3,2,1200.0,20.0,463.0,1.0,9.0,12,0,0,0,0,0,0,0,1,1,1.0,1,0,1,1,0,1,1,1,1,1,1,1,1,1,0,0,0,0,0,0,0,0,0,0,0,0,0,0,0,1,1,1,1
3,2,1055.0,20.0,463.0,1.0,9.0,14,0,0,0,0,0,0,0,1,1,2.0,1,1,1,1,1,1,1,1,1,1,1,1,1,1,0,0,0,0,0,0,0,0,0,0,1,0,0,0,0,1,1,1,0
3,2,1519.0,20.0,463.0,1.0,9.0,9,0,0,0,0,0,0,0,1,1,2.0,1,0,1,0,0,0,0,1,1,1,1,1,1,1,0,0,0,0,0,0,0,0,0,0,0,1,1,0,0,1,1,1,0
1,1,531.0,20.0,463.0,1.0,9.0,12,0,0,1,0,1,0,0,1,0,2.0,1,1,1,1,1,1,1,1,1,1,1,0,1,0,0,0,0,0,0,0,0,0,0,0,1,0,0,0,1,1,1,1,0
2,2,797.0,20.0,463.0,1.0,9.0,6,0,0,0,0,0,0,0,1,0,3.0,0,0,1,0,1,0,0,1,1,0,1,0,1,0,0,0,0,0,0,0,0,0,0,0,0,0,1,0,0,1,1,1,0
3,2,1270.0,18.0,463.0,1.0,9.0,12,0,0,0,0,0,0,0,1,1,2.0,1,1,1,0,1,1,0,1,1,1,1,1,1,1,1,0,0,0,0,0,0,0,0,0,0,0,1,0,0,1,0,1,0
3,2,778.0,7.0,1274.0,1.0,18.0,3,0,0,0,0,0,0,0,0,0,1.0,0,0,0,0,1,0,0,0,1,0,1,0,0,0,0,0,0,0,0,0,0,0,0,0,1,0,0,0,0,0,0,0,1
3,2,1333.0,35.0,245.0,2.0,4.0,10,1,1,1,1,1,1,0,1,1,3.0,1,0,1,1,1,0,0,1,1,1,1,0,1,1,1,0,0,0,0,0,0,0,0,0,0,0,1,0,0,0,0,0,0
3,2,613.0,20.0,463.0,1.0,9.0,0,0,0,0,0,0,0,0,0,0,1.0,0,0,0,0,0,0,0,0,0,0,0,0,0,0,0,0,0,0,0,0,0,0,0,0,0,0,0,0,0,1,1,1,1
3,2,650.0,16.0,463.0,1.0,9.0,4,0,0,1,0,0,0,0,1,1,2.0,0,0,0,1,0,0,0,1,0,1,0,0,1,0,1,0,0,0,0,0,0,0,0,0,0,0,0,0,0,1,0,1,1
2,1,570.0,20.0,463.0,1.0,9.0,5,0,0,0,0,0,0,0,1,1,1.0,1,0,0,1,0,1,0,1,1,0,0,0,0,0,0,0,0,0,0,0,0,0,0,0,0,0,0,1,0,1,1,1,0
3,2,900.0,20.0,463.0,1.0,9.0,10,0,0,0,0,0,0,0,0,1,2.0,1,0,1,0,1,1,1,1,1,1,1,0,1,0,0,0,0,0,0,0,0,0,0,0,1,0,1,0,0,1,1,1,1
3,2,1399.0,20.0,463.0,1.0,9.0,0,0,0,0,0,0,0,0,1,0,2.0,0,0,0,0,0,0,0,0,0,0,0,0,0,0,0,0,0,0,0,0,0,0,0,1,0,0,0,0,0,1,1,1,1
1,1,720.0,12.0,463.0,1.0,9.0,7,1,1,1,1,1,0,1,1,1,2.0,0,0,1,0,0,1,0,1,0,1,1,0,1,1,1,0,0,0,0,0,0,0,0,0,0,0,1,0,0,1,0,1,1
3,2,1023.0,20.0,1205.0,2.0,4.0,14,0,0,0,0,0,0,0,0,1,3.0,1,1,1,1,1,1,1,1,1,1,1,1,1,1,0,0,0,0,0,0,0,0,0,0,1,0,1,0,0,0,1,0,0
2,1,581.0,20.0,463.0,1.0,9.0,2,0,0,0,0,0,0,0,0,0,1.0,0,0,0,0,0,1,0,0,1,0,0,0,0,0,0,0,0,0,0,0,0,0,0,0,0,0,0,1,0,1,1,1,1
2,1,667.0,20.0,463.0,1.0,9.0,0,0,0,0,0,0,0,0,1,0,3.0,0,0,0,0,0,0,0,0,0,0,0,0,0,0,0,0,0,0,0,0,0,0,1,0,0,0,0,0,0,1,1,1,1
3,2,887.0,30.0,808.0,1.0,10.0,10,0,0,0,0,0,0,0,1,1,2.0,0,0,1,0,1,1,0,1,1,1,1,1,1,1,0,0,0,0,0,1,0,0,0,0,0,0,1,0,0,0,0,0,0
3,2,850.0,20.0,435.0,1.0,13.0,5,1,0,1,0,1,0,0,1,1,2.0,0,0,0,0,1,0,1,1,0,0,1,0,1,0,0,0,0,0,0,0,0,0,0,0,1,0,0,0,0,0,1,0,0
3,2,1050.0,20.0,463.0,2.0,9.0,14,0,0,0,0,0,0,0,1,1,2.0,1,1,1,1,1,1,1,1,1,1,1,1,1,1,0,0,0,0,0,0,0,0,0,0,1,0,1,0,0,1,1,1,0
3,2,900.0,25.0,1168.0,2.0,0.0,7,0,0,0,1,0,0,0,0,1,2.0,0,1,1,0,0,0,0,1,1,0,1,0,1,1,0,0,0,0,0,0,0,0,0,0,1,0,0,0,0,0,0,0,0
3,2,1530.0,12.0,90.0,1.0,9.0,8,0,0,1,1,0,0,1,1,1,1.0,1,0,0,0,1,0,1,1,1,1,1,0,1,0,1,0,0,0,0,0,0,0,0,0,0,0,1,0,0,1,0,0,1
3,2,992.0,20.0,359.0,1.0,2.0,6,1,1,1,0,1,1,0,0,0,3.0,0,0,0,0,1,0,1,1,1,0,1,0,1,0,0,0,0,0,0,0,0,0,0,0,1,0,0,0,0,0,1,0,0
2,2,953.0,36.0,1148.0,1.0,4.0,6,0,0,0,0,0,0,0,1,1,2.0,1,0,1,1,0,0,0,0,1,0,1,0,1,0,0,0,0,0,0,0,0,0,0,0,0,0,0,0,0,0,0,0,0
3,2,1442.0,20.0,463.0,1.0,9.0,6,0,0,0,0,0,0,0,1,1,2.0,0,0,1,0,0,1,0,1,1,0,1,0,1,0,0,0,0,0,0,1,0,0,0,0,0,0,1,0,0,1,1,1,1
2,1,660.0,20.0,463.0,1.0,9.0,0,0,0,0,0,0,0,0,1,0,2.0,0,0,0,0,0,0,0,0,0,0,0,0,0,0,0,0,0,0,0,0,0,0,0,1,0,0,0,0,0,1,1,1,0
3,2,1259.0,22.0,1074.0,1.0,13.0,8,0,1,0,0,1,0,0,0,0,2.0,0,0,1,1,1,0,0,1,1,1,1,0,1,0,0,0,0,0,0,0,0,0,0,0,1,0,1,0,0,0,0,0,0
3,2,920.0,15.0,690.0,1.0,24.0,7,1,0,1,1,0,0,1,0,0,2.0,1,0,1,0,0,1,0,1,1,0,1,0,1,0,1,0,0,0,0,0,0,0,0,0,0,0,1,0,0,0,0,0,0
3,2,700.0,18.0,182.0,1.0,17.0,7,0,0,0,0,0,0,0,1,1,2.0,0,0,0,0,1,0,0,1,1,0,1,1,1,1,0,0,0,0,0,1,0,0,0,0,0,0,0,0,0,0,0,0,0
1,1,497.0,12.0,240.0,1.0,9.0,9,0,1,0,1,1,0,0,1,1,2.0,1,0,0,1,1,1,1,1,1,0,1,0,1,0,1,0,0,0,0,0,0,0,0,0,0,0,0,0,0,1,0,0,0
3,2,935.0,20.0,463.0,1.0,6.0,8,0,0,0,0,0,0,0,0,1,3.0,1,1,0,0,1,1,0,1,1,0,1,0,1,0,0,0,0,0,0,0,0,0,0,0,0,0,0,0,0,0,0,1,0
3,2,982.0,16.0,463.0,1.0,9.0,5,0,0,1,1,0,0,1,1,1,2.0,0,0,0,0,0,0,0,1,1,0,1,0,1,1,1,0,0,0,0,0,0,0,0,0,0,0,1,0,0,1,0,1,1
3,2,1044.0,11.0,628.0,2.0,9.0,14,1,0,1,1,0,0,0,1,0,2.0,1,1,1,1,1,1,1,1,1,1,1,1,1,1,1,0,0,0,0,0,0,0,0,0,0,0,1,0,0,1,0,0,0
1,1,705.0,41.0,1040.0,1.0,8.0,11,1,0,1,1,1,0,0,1,1,2.0,1,0,1,1,1,1,1,1,1,1,1,0,1,0,1,0,0,0,0,0,0,0,0,0,0,0,0,0,1,0,0,0,0
3,2,800.0,8.0,95.0,1.0,9.0,0,0,0,0,0,0,0,0,1,1,2.0,0,0,0,0,0,0,0,0,0,0,0,0,0,0,0,0,0,0,0,1,0,0,0,0,0,0,1,0,0,1,0,0,0
3,2,1550.0,20.0,463.0,1.0,9.0,8,0,0,0,0,0,0,0,1,0,2.0,1,0,1,1,1,0,0,1,1,0,1,0,1,0,0,0,0,0,0,0,0,0,0,1,0,0,1,0,0,1,1,1,0
3,2,904.0,20.0,463.0,1.0,9.0,3,0,0,0,0,0,0,0,1,0,2.0,0,0,0,0,1,0,0,1,0,0,1,0,0,0,0,0,0,0,0,1,0,0,0,0,0,0,0,0,0,1,1,1,0
3,2,1113.0,38.0,463.0,2.0,13.0,7,0,0,0,0,0,0,0,1,0,2.0,1,0,1,0,1,0,0,1,0,0,1,1,1,0,0,0,0,0,0,1,0,0,0,0,0,0,1,0,0,0,0,1,0
3,2,899.0,20.0,463.0,1.0,9.0,4,0,0,0,0,0,0,0,0,1,2.0,0,0,0,1,0,0,0,1,1,0,1,0,0,0,0,0,0,0,0,0,1,0,0,0,0,0,0,0,0,1,1,1,0
3,2,850.0,20.0,463.0,1.0,9.0,3,0,0,0,1,0,0,0,0,1,1.0,0,0,0,0,1,0,0,1,0,0,1,0,0,0,0,0,0,0,0,0,0,0,0,0,1,0,0,0,0,1,1,1,0
3,1,600.0,20.0,463.0,1.0,9.0,3,0,0,0,0,0,0,0,1,0,2.0,0,0,0,0,0,1,0,1,1,0,0,0,0,0,0,0,0,0,0,0,0,0,0,0,1,0,0,1,0,1,1,1,0
4,3,1000.0,50.0,3600.0,2.0,0.0,6,1,1,1,1,0,1,1,1,0,2.0,0,0,1,0,1,0,0,1,1,0,1,0,1,0,1,0,0,0,0,0,0,0,0,0,0,0,1,0,0,0,0,0,0
3,2,657.0,20.0,463.0,1.0,9.0,0,0,0,0,0,0,0,0,1,1,1.0,0,0,0,0,0,0,0,0,0,0,0,0,0,0,0,0,0,0,0,0,0,0,0,0,1,0,0,0,0,1,1,1,1
2,2,753.0,20.0,463.0,1.0,9.0,0,0,0,0,0,0,0,0,1,1,3.0,0,0,0,0,0,0,0,0,0,0,0,0,0,0,0,0,0,0,0,0,0,0,0,0,0,0,0,1,0,1,1,1,1
3,2,650.0,11.0,792.0,1.0,21.0,4,1,0,1,1,0,0,1,0,0,2.0,0,0,0,0,0,1,0,1,0,0,1,0,1,0,1,0,0,0,0,0,0,0,0,0,0,0,0,0,0,0,0,0,1
3,2,911.0,24.0,576.0,1.0,29.0,10,1,0,1,1,1,0,0,1,1,2.0,1,0,1,0,0,1,0,1,1,1,1,1,1,1,1,0,0,0,0,0,0,0,0,0,0,0,1,0,0,0,0,0,1
3,2,963.0,4.0,1.0,1.0,10.0,0,0,0,0,0,0,0,0,1,1,2.0,0,0,0,0,0,0,0,0,0,0,0,0,0,0,0,0,0,0,0,0,0,0,0,0,0,0,0,0,0,0,0,0,1
2,2,1002.0,20.0,363.0,2.0,5.0,5,1,1,1,1,0,1,1,1,1,2.0,1,0,1,0,0,0,1,0,1,0,1,0,0,0,1,0,0,0,0,0,0,0,0,0,0,0,0,0,1,0,1,0,0
3,2,1018.0,20.0,463.0,2.0,9.0,11,1,0,1,1,1,0,0,1,0,2.0,1,1,1,1,1,0,1,1,1,1,1,0,1,0,1,0,0,0,0,0,0,0,0,0,0,0,1,0,0,1,1,1,0
3,2,1100.0,20.0,463.0,2.0,9.0,14,0,0,0,0,0,0,0,1,1,2.0,1,1,1,1,1,1,1,1,1,1,1,1,1,1,0,0,0,0,0,0,0,0,0,0,1,0,1,0,0,1,1,1,0
3,2,925.0,5.0,463.0,1.0,9.0,2,1,0,1,1,0,0,0,1,1,1.0,0,0,0,0,0,0,0,1,0,0,1,0,0,0,0,0,0,0,0,0,0,0,0,0,1,0,0,0,0,1,0,1,0
2,1,570.0,20.0,463.0,1.0,9.0,0,0,0,0,0,0,0,0,1,1,1.0,0,0,0,0,0,0,0,0,0,0,0,0,0,0,0,0,0,0,0,0,0,0,0,0,0,0,0,1,0,1,1,1,1
3,2,1288.0,20.0,463.0,1.0,9.0,0,0,0,0,0,0,0,0,1,0,2.0,0,0,0,0,0,0,0,0,0,0,0,0,0,0,0,0,0,0,0,0,0,0,0,1,0,0,0,0,0,1,1,1,0
2,2,657.0,20.0,463.0,1.0,9.0,0,0,0,0,0,0,0,0,1,0,2.0,0,0,0,0,0,0,0,0,0,0,0,0,0,0,0,0,0,0,0,0,0,0,0,0,0,0,1,0,0,1,1,1,1
3,2,1075.0,16.0,416.0,1.0,16.0,9,0,0,0,0,0,0,0,1,1,2.0,0,1,1,0,1,1,1,1,1,0,1,0,1,0,1,0,0,0,0,0,0,0,0,0,0,0,1,0,0,0,0,0,1
3,3,1830.0,20.0,463.0,2.0,9.0,8,0,0,0,0,0,0,0,1,0,3.0,1,0,1,1,1,0,0,1,1,0,1,0,1,0,0,0,0,0,0,0,0,0,1,0,0,0,1,0,0,1,1,1,0
2,1,608.0,20.0,463.0,1.0,9.0,2,0,0,0,0,0,0,0,0,0,1.0,0,0,0,0,0,0,0,0,1,0,1,0,0,0,0,0,0,0,0,0,0,0,1,0,0,0,0,0,0,1,1,1,1
3,2,700.0,20.0,463.0,2.0,9.0,0,0,0,0,0,0,0,0,1,0,1.0,0,0,0,0,0,0,0,0,0,0,0,0,0,0,0,0,0,0,0,0,0,0,0,0,0,1,0,0,0,1,1,1,0
3,2,820.0,17.0,463.0,1.0,9.0,9,0,0,0,1,0,0,0,0,0,2.0,0,0,0,1,1,1,0,1,1,1,1,1,1,0,0,0,0,0,0,0,0,0,0,0,1,0,1,0,0,1,0,1,1
3,2,1742.0,30.0,600.0,2.0,9.0,9,0,0,0,0,0,0,0,1,1,2.0,1,0,1,1,1,1,0,1,1,0,1,0,1,0,0,0,0,0,0,0,0,0,0,0,1,0,1,0,0,0,0,0,0
2,2,578.0,20.0,463.0,1.0,9.0,9,1,1,1,1,1,0,1,1,1,3.0,1,1,1,1,1,0,0,0,1,1,1,0,1,0,1,0,0,0,0,0,0,0,0,0,0,0,0,0,1,1,1,1,1
4,2,940.0,38.0,2647.0,2.0,4.0,10,0,0,0,0,0,0,0,1,1,2.0,1,0,1,0,1,1,1,1,1,0,1,0,1,1,1,0,0,0,0,0,0,0,0,0,0,0,0,0,1,0,0,0,0
4,3,2184.0,6.0,98.0,4.0,6.0,14,0,0,0,0,0,0,0,1,1,2.0,1,1,1,1,1,1,1,1,1,1,1,1,1,1,0,0,0,0,0,1,0,0,0,0,0,0,1,0,0,0,0,0,0
3,2,917.0,16.0,1.0,1.0,9.0,9,1,1,1,1,0,1,1,1,0,2.0,1,0,1,0,0,1,0,1,1,1,1,1,1,0,1,0,0,0,0,0,0,0,0,0,0,0,0,0,1,0,0,0,1
3,2,1021.0,20.0,551.0,2.0,9.0,0,0,1,0,0,1,0,0,1,1,2.0,0,0,0,0,0,0,0,0,0,0,0,0,0,0,0,0,0,0,0,0,0,0,0,0,1,0,0,0,0,1,1,0,0
3,3,1222.0,20.0,463.0,2.0,9.0,5,0,0,0,0,0,0,0,1,1,3.0,0,0,1,0,1,0,0,1,0,0,1,0,1,0,0,0,0,0,0,0,0,0,0,0,0,1,1,0,0,1,1,1,0
3,2,650.0,3.0,463.0,1.0,8.0,0,0,0,1,1,0,0,0,1,1,1.0,0,0,0,0,0,0,0,0,0,0,0,0,0,0,0,0,0,0,0,0,0,0,0,0,1,0,0,0,0,0,0,1,1
4,2,657.0,20.0,463.0,1.0,9.0,4,0,0,0,0,0,0,0,1,1,2.0,0,0,0,0,1,0,0,1,1,0,1,0,0,0,0,0,0,0,0,1,0,0,0,0,0,0,0,0,0,1,1,1,1
2,2,841.0,4.0,99.0,1.0,9.0,2,0,0,0,0,0,0,0,1,1,2.0,1,0,0,0,0,0,0,0,0,0,1,0,0,0,0,0,0,0,0,0,0,0,0,1,0,0,0,0,0,1,0,0,0
3,2,746.0,20.0,463.0,1.0,9.0,5,0,0,0,0,0,0,0,0,0,1.0,0,0,0,1,1,1,0,1,0,0,1,0,0,0,0,0,0,0,0,0,0,0,0,0,1,0,0,0,0,1,1,1,0
4,2,1650.0,20.0,463.0,1.0,9.0,5,0,0,0,0,0,0,0,1,1,2.0,0,0,0,0,1,0,0,1,1,0,1,0,1,0,0,0,0,0,0,0,0,0,0,0,0,1,1,0,0,1,1,1,0
3,2,1219.0,24.0,1235.0,2.0,2.0,9,0,0,0,0,0,0,0,1,1,3.0,1,0,1,1,1,0,0,1,1,1,1,0,1,0,0,0,0,0,0,1,0,0,0,0,0,0,1,0,0,0,0,0,0
3,2,750.0,5.0,463.0,1.0,9.0,1,0,0,1,0,0,0,0,1,1,1.0,0,0,0,0,0,0,0,1,0,0,0,0,0,0,0,0,0,0,0,0,0,0,0,0,1,0,0,0,0,1,0,1,1
3,2,700.0,20.0,463.0,1.0,9.0,0,0,0,0,0,0,0,0,1,0,2.0,0,0,0,0,0,0,0,0,0,0,0,0,0,0,0,0,0,0,0,0,0,0,0,0,0,1,0,0,0,1,1,1,1
3,2,1169.0,24.0,576.0,1.0,29.0,8,1,0,1,1,1,0,0,1,1,3.0,1,0,1,0,1,1,0,1,1,0,1,0,1,0,1,0,0,0,0,0,0,0,0,0,0,0,1,0,0,0,0,0,0
3,2,1151.0,30.0,600.0,2.0,9.0,10,0,0,0,0,0,0,0,1,1,2.0,1,0,1,1,1,1,0,1,1,1,1,0,1,0,0,0,0,0,0,0,0,0,0,0,1,0,1,0,0,0,0,0,0
3,2,998.0,10.0,463.0,1.0,33.0,5,0,0,0,0,0,0,0,0,0,1.0,0,0,0,0,0,1,0,1,1,0,1,0,1,0,0,0,0,0,0,0,0,0,0,0,1,0,1,0,0,0,0,1,0
3,2,732.0,20.0,463.0,1.0,9.0,0,0,0,0,0,0,0,0,1,0,2.0,0,0,0,0,0,0,0,0,0,0,0,0,0,0,0,0,0,0,0,0,0,0,0,0,1,0,0,0,0,1,1,1,0
3,2,650.0,20.0,463.0,1.0,9.0,0,0,0,0,1,0,0,0,1,1,1.0,0,0,0,0,0,0,0,0,0,0,0,0,0,0,0,0,0,0,0,0,0,0,0,0,1,0,0,0,0,1,1,1,1
3,2,1000.0,20.0,463.0,1.0,9.0,6,0,0,0,0,0,0,0,1,0,1.0,1,0,0,0,0,0,1,1,0,1,0,1,0,1,1,0,0,0,0,0,0,0,0,0,0,0,1,0,0,1,1,1,1
3,2,1275.0,30.0,410.0,2.0,6.0,0,0,0,0,0,0,0,0,1,1,2.0,0,0,0,0,0,0,0,0,0,0,0,0,0,0,0,0,0,0,0,1,0,0,0,0,0,0,1,0,0,0,0,0,0
3,2,850.0,20.0,463.0,1.0,9.0,2,1,0,1,1,0,0,0,1,1,2.0,0,0,0,0,1,0,1,0,0,0,0,0,0,0,0,0,0,0,0,0,0,0,0,0,1,0,0,0,0,1,1,1,1
3,3,1302.0,20.0,396.0,2.0,16.0,5,0,0,0,0,0,0,0,1,1,3.0,0,0,0,0,1,0,0,1,1,0,1,0,1,0,0,0,0,0,0,1,0,0,0,0,0,0,1,0,0,0,1,0,0
4,2,1149.0,20.0,464.0,2.0,9.0,10,1,0,1,1,1,0,1,1,1,3.0,1,1,1,1,1,0,1,1,1,0,1,0,1,0,0,0,0,0,0,0,0,0,0,0,1,0,1,0,0,1,1,0,0
3,2,1133.0,5.0,414.0,1.0,17.0,7,0,0,0,0,0,0,0,1,0,2.0,1,0,1,0,1,0,0,1,1,0,1,0,1,0,0,0,0,0,0,0,0,0,0,0,1,0,0,0,0,0,0,0,0
4,2,1059.0,38.0,2647.0,2.0,4.0,9,0,0,0,0,0,0,0,1,1,3.0,1,0,1,0,1,1,0,1,1,0,1,0,1,1,1,0,0,0,0,0,0,0,0,0,0,0,0,0,1,0,0,0,0
3,2,795.0,5.0,463.0,1.0,9.0,4,1,0,0,1,0,0,0,1,0,3.0,1,0,0,0,0,0,0,1,1,0,1,0,0,0,0,0,0,0,0,0,0,0,0,0,1,0,0,0,0,1,0,1,1
3,3,1409.0,26.0,220.0,2.0,4.0,7,0,0,0,0,0,0,0,1,1,2.0,0,0,1,0,0,1,0,1,1,0,1,1,1,0,0,0,0,0,0,1,0,0,0,0,0,0,1,0,0,0,0,0,0
2,2,950.0,20.0,450.0,2.0,1.0,0,0,0,0,0,0,0,0,1,1,2.0,0,0,0,0,0,0,0,0,0,0,0,0,0,0,0,0,0,0,0,1,0,0,0,0,0,0,1,0,0,0,1,0,0
3,2,1104.0,43.0,493.0,2.0,2.0,8,1,0,1,1,0,0,1,1,0,3.0,1,0,1,0,1,0,0,1,1,1,1,0,1,0,1,0,0,0,0,0,0,0,0,0,0,0,1,0,0,0,0,0,0
3,2,700.0,25.0,463.0,1.0,9.0,4,0,0,0,0,0,0,0,1,0,2.0,0,0,0,0,1,0,0,1,1,0,1,0,0,0,0,0,0,0,0,1,0,0,0,0,0,0,0,0,0,1,0,1,0
3,2,1200.0,20.0,463.0,1.0,9.0,5,0,0,0,0,0,0,0,1,1,3.0,0,0,1,0,0,0,0,1,1,0,1,0,1,0,0,0,0,0,0,0,0,0,0,0,0,1,1,0,0,1,1,1,1
3,2,1200.0,20.0,463.0,1.0,9.0,0,0,0,0,0,0,0,0,1,1,2.0,0,0,0,0,0,0,0,0,0,0,0,0,0,0,0,0,0,0,0,0,0,0,0,0,0,1,1,0,0,1,1,1,1
3,2,860.0,27.0,463.0,2.0,18.0,7,0,0,0,0,0,0,0,1,1,2.0,1,0,1,0,1,0,0,1,1,0,1,0,1,0,0,0,0,0,0,1,0,0,0,0,0,0,1,0,0,0,0,1,0
3,2,1050.0,9.0,36.0,1.0,24.0,3,0,0,0,0,0,0,0,1,1,1.0,0,0,0,0,0,1,0,1,0,0,1,0,0,0,0,0,0,0,0,1,0,0,0,0,0,0,1,0,0,0,0,0,0
3,2,1049.0,12.0,260.0,1.0,17.0,6,0,0,0,0,0,0,0,0,0,3.0,0,0,0,1,1,1,0,1,0,0,1,0,1,0,0,0,0,0,0,0,0,0,0,0,1,0,1,0,0,0,0,0,0
2,2,657.0,20.0,463.0,1.0,9.0,3,0,0,0,0,0,0,0,1,1,2.0,0,0,0,1,0,0,0,1,1,0,0,0,0,0,0,0,0,0,0,1,0,0,0,0,0,0,0,1,0,1,1,1,1
3,2,925.0,20.0,1188.0,1.0,21.0,9,1,1,1,1,0,0,0,1,1,2.0,1,1,1,0,0,1,0,1,1,0,1,0,1,1,0,0,0,0,0,0,0,0,0,0,1,0,1,0,0,0,1,0,0
3,2,700.0,17.0,224.0,1.0,28.0,8,0,0,0,0,0,0,0,1,1,2.0,0,1,0,0,1,1,1,1,1,0,1,0,1,0,0,0,0,0,0,1,0,0,0,0,0,0,0,0,0,0,0,0,0
3,2,720.0,9.0,900.0,1.0,9.0,9,0,0,1,1,0,0,0,0,0,3.0,1,0,0,1,1,1,0,1,1,1,1,0,1,0,1,0,0,0,0,0,0,0,0,0,0,0,0,0,0,1,0,0,1
3,1,750.0,20.0,463.0,1.0,9.0,0,0,0,0,0,0,0,0,1,1,2.0,0,0,0,0,0,0,0,0,0,0,0,0,0,0,0,1,0,0,0,0,0,0,0,0,0,0,0,0,0,1,1,1,1
3,2,753.0,20.0,463.0,1.0,9.0,1,0,0,0,0,0,0,0,0,0,2.0,0,0,0,0,0,0,0,0,1,0,0,0,0,0,0,0,0,0,0,0,0,0,0,0,1,0,0,1,0,1,1,1,1
4,3,1800.0,23.0,91.0,2.0,30.0,11,0,0,0,0,0,0,0,1,1,2.0,1,1,1,1,1,1,1,1,1,0,1,0,1,0,0,0,0,0,0,1,0,0,0,0,0,0,1,0,0,0,0,0,0
2,1,527.0,20.0,463.0,1.0,9.0,2,1,0,0,1,1,0,1,0,0,1.0,0,0,0,0,1,0,0,0,1,0,0,0,0,0,1,0,0,0,0,0,0,0,0,0,0,0,0,1,0,1,1,1,1
2,2,914.0,20.0,463.0,2.0,2.0,6,1,0,1,1,0,0,1,1,1,2.0,0,0,1,0,1,0,0,1,1,0,1,0,1,0,0,0,0,0,0,0,0,0,0,0,1,0,0,0,1,0,1,1,0
3,2,1000.0,20.0,1000.0,2.0,9.0,3,0,0,0,0,0,0,0,1,1,2.0,0,0,0,0,1,0,0,1,0,0,1,0,0,0,0,0,0,0,0,1,0,0,0,0,0,0,0,0,1,1,1,0,0
3,2,973.0,20.0,352.0,1.0,8.0,7,0,0,0,0,0,0,0,1,0,1.0,1,0,1,0,1,0,0,1,1,0,1,0,1,0,0,0,0,0,0,0,0,0,0,0,0,0,1,0,0,0,1,0,0
3,2,848.0,20.0,463.0,2.0,6.0,10,0,0,0,0,0,0,0,1,0,2.0,1,0,1,0,1,1,1,1,1,1,1,0,1,0,0,0,0,0,0,0,0,0,1,0,0,0,1,0,0,0,1,1,0
3,2,1382.0,20.0,396.0,2.0,7.0,11,1,1,0,1,1,0,1,1,0,1.0,1,1,1,1,0,0,0,1,1,1,1,1,1,1,1,0,0,0,0,0,0,0,0,0,0,0,1,0,0,0,1,0,0
2,1,560.0,20.0,463.0,3.0,9.0,3,1,0,1,1,0,0,1,0,0,3.0,0,0,0,0,1,0,0,1,1,0,0,0,0,0,1,0,0,0,0,0,0,0,0,0,0,0,0,1,0,1,1,1,0
3,2,842.0,19.0,408.0,1.0,5.0,7,1,0,0,1,0,0,0,0,0,3.0,0,0,1,0,0,1,1,1,1,0,1,0,1,0,0,0,0,0,0,0,0,0,0,0,1,0,0,0,1,0,0,0,1
3,2,1023.0,20.0,1200.0,2.0,4.0,8,0,0,0,0,0,0,0,1,1,3.0,1,0,1,0,1,0,1,1,1,0,1,0,1,0,0,0,0,0,0,0,0,0,0,0,1,0,1,0,0,0,1,0,0
4,3,1338.0,20.0,803.0,2.0,3.0,11,0,0,0,0,0,0,0,1,1,2.0,1,1,1,1,1,0,1,1,1,1,1,0,1,0,0,0,0,0,0,1,0,0,0,0,0,0,1,0,0,0,1,0,0
3,2,850.0,20.0,891.0,1.0,9.0,14,0,0,0,0,0,0,0,0,0,3.0,1,1,1,1,1,1,1,1,1,1,1,1,1,1,0,0,0,0,0,0,0,0,0,0,1,0,0,0,0,1,1,0,0
3,2,750.0,20.0,463.0,1.0,9.0,6,0,0,0,0,0,0,0,1,1,1.0,0,0,0,1,0,1,1,1,1,0,1,0,0,0,0,0,0,0,0,0,0,0,0,0,1,0,0,0,0,1,1,1,0
3,2,750.0,5.0,40.0,1.0,9.0,5,0,0,0,0,0,0,0,1,0,2.0,0,0,0,0,0,0,1,1,1,0,1,0,1,0,0,0,0,0,0,0,0,0,0,0,1,0,0,0,0,1,0,0,1
3,2,700.0,30.0,463.0,1.0,9.0,6,0,0,0,0,0,0,0,1,1,3.0,0,0,1,0,1,1,0,1,1,0,1,0,0,0,0,0,0,0,0,1,0,0,0,0,0,0,0,0,0,1,0,1,0
3,2,1041.0,20.0,463.0,2.0,9.0,5,0,0,0,0,0,0,0,1,1,2.0,0,0,0,0,1,0,0,1,1,0,1,0,1,0,0,0,0,0,0,0,0,0,0,0,0,1,1,0,0,1,1,1,0
3,2,645.0,20.0,463.0,1.0,9.0,0,0,0,0,1,0,0,0,1,1,1.0,0,0,0,0,0,0,0,0,0,0,0,0,0,0,0,0,0,0,0,0,0,0,0,0,1,0,0,0,0,1,1,1,1
3,2,1090.0,14.0,270.0,1.0,8.0,0,0,0,0,0,0,0,1,1,1,2.0,0,0,0,0,0,0,0,0,0,0,0,0,0,0,0,0,0,0,0,0,0,0,0,0,1,0,0,0,1,0,0,0,1
3,2,1100.0,20.0,463.0,2.0,9.0,14,0,0,0,0,0,0,0,1,0,3.0,1,1,1,1,1,1,1,1,1,1,1,1,1,1,0,0,0,0,0,0,0,0,0,0,0,1,1,0,0,1,1,1,0
3,2,800.0,4.0,75.0,2.0,9.0,8,0,0,0,0,0,0,0,1,1,2.0,0,0,1,1,1,1,0,1,1,0,1,0,1,0,0,0,0,0,0,0,0,0,0,0,1,0,0,0,0,0,0,0,0
4,2,1270.0,27.0,463.0,2.0,18.0,7,0,0,0,0,0,0,0,1,1,2.0,1,0,1,0,1,0,0,1,1,0,1,0,1,0,0,0,0,0,0,1,0,0,0,0,0,0,1,0,0,0,0,1,0
3,2,936.0,38.0,420.0,2.0,12.0,14,0,0,0,0,0,0,0,1,1,2.0,1,1,1,1,1,1,1,1,1,1,1,1,1,1,0,0,0,0,0,1,0,0,0,0,0,0,1,0,0,0,0,0,0
3,2,800.0,6.0,672.0,2.0,29.0,5,0,0,0,0,0,0,0,1,0,2.0,1,0,0,0,1,0,0,1,0,0,1,0,1,0,0,0,0,0,0,1,0,0,0,0,0,0,0,0,0,0,0,0,0
3,2,1180.0,5.0,320.0,1.0,2.0,8,0,0,0,0,0,0,0,0,0,1.0,1,0,1,1,0,0,0,1,1,1,1,0,1,0,0,0,0,0,0,0,0,0,0,0,0,0,0,0,0,0,0,0,0
4,2,1680.0,20.0,463.0,1.0,9.0,1,0,0,0,0,0,0,0,1,0,3.0,0,0,0,0,0,0,0,0,0,0,1,0,0,0,0,0,0,0,0,0,0,0,0,1,0,0,0,0,0,1,1,1,1
3,2,800.0,11.0,1240.0,1.0,23.0,4,0,1,1,1,0,0,1,1,1,1.0,0,0,0,0,0,1,0,1,1,0,1,0,0,0,1,0,0,0,0,0,0,0,0,0,0,0,1,0,0,0,0,0,0
3,2,700.0,11.0,100.0,1.0,28.0,3,0,0,0,0,0,0,0,1,1,2.0,0,0,0,0,1,0,0,1,0,0,1,0,0,0,0,0,0,0,0,1,0,0,0,0,0,0,0,0,0,0,0,0,0
3,2,850.0,4.0,60.0,1.0,29.0,2,0,0,0,0,0,0,0,1,1,2.0,0,0,0,0,0,0,0,1,0,0,1,0,0,0,0,0,0,0,0,1,0,0,0,0,0,0,0,0,0,0,0,0,1
3,3,646.0,4.0,463.0,1.0,9.0,0,0,0,0,1,0,0,0,1,1,1.0,0,0,0,0,0,0,0,0,0,0,0,0,0,0,0,0,0,0,0,0,0,0,0,0,1,0,0,1,0,1,0,1,1
3,2,1023.0,5.0,200.0,1.0,19.0,8,1,1,1,1,0,0,1,1,0,1.0,1,0,0,1,1,1,0,1,1,0,1,0,1,0,0,0,0,0,0,0,0,0,0,0,1,0,0,0,0,0,0,0,1
3,2,748.0,20.0,463.0,1.0,9.0,6,1,1,0,1,0,1,1,0,0,1.0,0,0,1,1,0,1,0,1,0,0,1,0,1,0,1,0,0,0,0,0,0,0,0,0,0,0,1,0,0,1,1,1,0
4,3,3200.0,17.0,702.0,3.0,17.0,6,0,0,1,1,0,0,1,1,0,3.0,0,0,0,0,1,1,0,1,1,0,1,0,1,0,0,0,0,0,0,0,0,0,0,0,1,0,1,0,0,0,0,0,0
2,2,947.0,34.0,462.0,1.0,3.0,6,0,0,0,0,0,0,0,1,1,2.0,1,0,1,1,0,0,1,0,0,0,1,0,1,0,0,0,0,0,0,1,0,0,0,0,0,0,1,0,0,0,0,0,0
3,2,956.0,19.0,392.0,1.0,9.0,13,0,0,0,0,0,0,0,0,1,3.0,1,1,1,1,1,1,1,1,1,1,1,0,1,1,0,0,0,0,0,0,0,0,0,0,1,0,1,0,0,1,0,0,0
3,2,1081.0,23.0,284.0,1.0,12.0,11,1,0,1,1,0,0,0,1,1,2.0,0,1,1,1,0,1,1,1,1,1,1,0,1,1,1,0,0,0,0,0,0,0,0,0,0,0,1,0,0,0,0,0,1
4,3,1300.0,20.0,463.0,2.0,9.0,14,0,0,0,0,0,0,0,0,1,3.0,1,1,1,1,1,1,1,1,1,1,1,1,1,1,0,0,1,0,0,0,0,0,0,0,0,0,1,0,0,1,1,1,0
3,2,700.0,30.0,500.0,1.0,11.0,9,0,0,0,0,0,0,0,1,1,2.0,1,0,1,1,1,0,1,1,1,0,1,0,1,0,0,0,0,0,0,1,0,0,0,0,0,0,0,0,0,0,0,0,0
3,2,811.0,4.0,368.0,1.0,27.0,5,1,0,0,0,1,0,0,1,1,2.0,1,0,0,0,0,1,0,1,1,0,1,0,0,0,0,0,0,0,0,0,0,0,0,0,1,0,1,0,0,0,0,0,0
3,2,800.0,20.0,463.0,1.0,9.0,4,0,1,1,1,0,0,1,1,1,2.0,0,0,1,0,1,0,0,0,0,0,1,0,1,0,0,0,0,0,0,0,0,0,0,0,1,0,1,0,0,1,1,1,0
3,2,950.0,25.0,452.0,2.0,6.0,5,0,0,0,0,0,0,0,0,1,2.0,0,0,1,0,1,0,0,1,1,0,0,0,1,0,0,0,0,0,0,0,0,1,0,0,0,0,1,0,0,0,0,0,0
4,2,1302.0,17.0,91.0,3.0,7.0,9,0,0,0,0,0,0,0,1,1,2.0,0,0,1,1,0,1,0,1,1,1,1,1,1,0,0,0,0,0,0,1,0,0,0,0,0,0,1,0,0,0,0,0,0
2,1,480.0,20.0,463.0,1.0,9.0,2,0,0,0,0,0,1,0,1,1,1.0,0,0,0,0,0,0,0,1,1,0,0,0,0,0,0,0,0,0,0,0,0,0,0,0,1,0,0,1,0,1,1,1,1
3,2,891.0,20.0,280.0,2.0,5.0,5,0,0,1,0,0,0,0,1,1,2.0,0,0,1,0,0,0,1,1,1,0,0,0,1,0,0,0,0,0,0,0,0,0,0,0,1,0,0,0,1,0,1,0,0
2,2,650.0,35.0,1843.0,1.0,4.0,13,0,0,0,0,0,0,0,1,1,3.0,1,1,1,1,0,1,1,1,1,1,1,1,1,1,0,0,0,0,0,0,0,0,0,0,0,0,0,0,1,0,0,0,1
3,2,667.0,20.0,463.0,1.0,9.0,3,0,0,0,0,0,0,0,0,1,3.0,0,0,0,0,0,0,0,1,1,0,1,0,0,0,0,0,0,0,0,0,0,0,0,0,1,0,0,1,0,1,1,1,1
3,2,1010.0,20.0,463.0,1.0,9.0,11,1,1,1,1,1,1,1,0,1,2.0,1,0,1,0,1,1,1,1,1,0,1,1,1,1,1,0,0,0,0,0,0,0,0,0,0,0,0,0,1,0,1,1,0
4,2,1396.0,8.0,414.0,2.0,9.0,14,0,0,0,0,0,0,0,1,1,2.0,1,1,1,1,1,1,1,1,1,1,1,1,1,1,0,0,0,0,0,0,0,0,0,0,1,0,1,0,0,1,0,0,0
3,2,1050.0,10.0,102.0,1.0,16.0,11,0,0,0,0,0,0,0,1,1,2.0,1,0,1,0,1,1,0,1,1,1,1,1,1,1,0,0,0,0,0,0,0,0,0,0,1,0,1,0,0,0,0,0,0
3,1,667.0,20.0,463.0,1.0,9.0,0,0,0,0,0,0,0,0,1,0,2.0,0,0,0,0,0,0,0,0,0,0,0,0,0,0,0,0,0,0,0,0,0,0,0,1,0,0,0,0,0,1,1,1,0
3,2,820.0,5.0,463.0,1.0,9.0,2,0,0,0,0,0,0,0,1,1,2.0,0,0,0,0,0,0,0,1,0,0,1,0,0,0,0,0,0,0,0,1,0,0,0,0,0,0,0,0,0,1,0,1,0
3,2,1098.0,20.0,846.0,2.0,9.0,1,0,0,0,0,0,0,0,1,1,2.0,0,0,0,0,1,0,0,0,0,0,0,0,0,0,0,0,0,0,0,1,0,0,0,0,0,0,1,0,0,1,1,0,0
4,3,1300.0,44.0,684.0,1.0,0.0,14,0,0,0,0,0,0,0,1,1,2.0,1,1,1,1,1,1,1,1,1,1,1,1,1,1,1,0,0,0,0,0,0,0,0,0,0,0,0,0,1,0,0,0,1
3,2,700.0,11.0,100.0,1.0,28.0,3,0,0,0,0,0,0,0,1,1,2.0,0,0,0,0,1,0,0,1,0,0,1,0,0,0,0,0,0,0,0,1,0,0,0,0,0,0,0,0,0,0,0,0,0
3,2,1100.0,19.0,706.0,1.0,13.0,11,0,0,0,0,0,0,0,1,1,1.0,1,0,1,0,1,1,1,1,1,1,1,0,1,1,0,0,0,0,0,1,0,0,0,0,0,0,1,0,0,0,0,0,0
2,2,660.0,20.0,463.0,1.0,9.0,11,0,0,0,0,0,0,0,0,0,2.0,1,1,1,1,1,1,1,1,1,0,1,0,1,0,1,0,0,0,0,0,0,0,0,0,0,0,0,0,1,1,1,1,0
3,2,810.0,20.0,463.0,1.0,9.0,3,0,0,0,0,0,0,0,0,0,1.0,0,0,0,0,0,1,0,1,1,0,0,0,0,0,0,0,0,0,0,0,0,0,0,0,1,0,0,1,0,1,1,1,0
3,1,700.0,22.0,1008.0,1.0,26.0,2,0,0,0,0,0,0,0,1,1,2.0,0,0,0,0,1,0,0,1,0,0,0,0,0,0,0,0,0,0,0,1,0,0,0,0,0,0,0,0,0,0,0,0,0
3,2,980.0,20.0,463.0,1.0,9.0,14,0,0,0,0,0,0,0,1,1,2.0,1,1,1,1,1,1,1,1,1,1,1,1,1,1,0,0,0,0,0,0,0,0,0,0,1,0,1,0,0,1,1,1,0
2,1,650.0,20.0,463.0,1.0,9.0,4,0,0,0,0,0,0,0,1,0,3.0,0,0,0,1,0,1,0,1,1,0,0,0,0,0,0,0,0,0,0,0,0,0,0,1,0,0,0,0,0,1,1,1,0
3,2,786.0,20.0,463.0,1.0,9.0,5,0,0,0,0,0,0,0,0,0,1.0,0,0,0,1,1,1,0,1,1,0,0,0,0,0,0,0,0,0,0,0,0,0,0,0,1,0,0,0,0,1,1,1,0
3,2,775.0,20.0,463.0,1.0,9.0,1,0,0,0,0,0,0,0,0,0,2.0,0,0,0,0,0,0,0,0,0,0,1,0,0,0,0,0,0,0,0,0,0,0,0,0,1,0,0,1,0,1,1,1,1
3,2,1100.0,30.0,816.0,4.0,7.0,9,0,0,0,0,0,0,0,1,1,3.0,1,0,1,1,1,0,1,1,1,0,1,0,1,0,0,0,0,0,0,1,0,0,0,0,0,0,1,0,0,0,0,0,0
3,2,800.0,20.0,463.0,1.0,9.0,4,0,0,0,1,0,0,0,1,1,2.0,0,0,0,1,0,0,0,1,0,0,1,0,1,0,0,0,0,0,0,0,0,0,0,0,1,0,0,0,0,1,1,1,0
3,2,1080.0,4.0,1.0,1.0,9.0,0,0,0,0,0,0,0,0,1,1,2.0,0,0,0,0,0,0,0,0,0,0,0,0,0,0,0,0,0,0,0,0,0,0,0,0,1,0,0,0,0,1,0,0,1
1,1,468.0,20.0,463.0,1.0,9.0,0,0,0,0,0,0,0,0,1,1,2.0,0,0,0,0,0,0,0,0,0,0,0,0,0,0,0,0,0,0,0,0,0,0,0,0,0,1,1,0,0,1,1,1,0
3,2,753.0,20.0,463.0,1.0,9.0,3,0,0,1,1,0,0,0,0,0,3.0,0,0,0,0,0,1,0,1,1,0,0,0,0,0,0,0,0,0,0,0,0,0,0,0,1,0,0,0,0,1,1,1,1
4,2,1180.0,20.0,463.0,1.0,9.0,8,0,0,0,0,0,0,0,1,1,2.0,1,0,1,0,0,1,1,1,1,0,1,0,1,0,0,0,0,0,0,0,0,0,0,0,0,0,0,0,0,1,1,1,1
3,2,900.0,20.0,463.0,2.0,9.0,14,0,0,0,0,0,0,0,0,1,3.0,1,1,1,1,1,1,1,1,1,1,1,1,1,1,0,0,0,0,0,0,0,1,0,0,0,0,1,0,0,1,1,1,0
3,2,1050.0,20.0,463.0,1.0,9.0,9,0,0,0,0,0,0,0,1,1,1.0,1,0,1,1,1,0,1,1,1,0,1,0,1,0,0,1,0,0,0,0,0,0,0,0,0,0,1,0,0,1,1,1,1
3,2,915.0,20.0,463.0,2.0,9.0,0,0,0,0,0,0,0,0,1,1,2.0,0,0,0,0,0,0,0,0,0,0,0,0,0,0,0,0,0,0,0,0,0,0,0,0,0,0,0,0,0,1,1,1,0
3,2,1324.0,20.0,698.0,1.0,9.0,6,0,0,0,0,0,0,0,1,1,1.0,1,0,1,1,0,0,0,0,1,0,1,0,0,1,0,0,0,0,0,0,0,0,0,0,0,0,0,0,0,1,1,0,1
1,1,723.0,21.0,308.0,1.0,9.0,9,1,0,1,0,0,0,0,1,0,2.0,1,0,1,0,1,1,1,1,1,0,1,0,1,0,0,0,0,0,0,0,0,0,0,0,1,0,1,0,0,0,0,0,0
3,2,1040.0,15.0,900.0,1.0,25.0,7,0,1,1,1,0,0,1,1,1,2.0,0,0,1,0,0,1,0,1,1,0,1,1,1,0,1,0,0,0,0,0,0,0,0,0,0,0,0,0,0,0,0,0,1
3,3,1313.0,20.0,396.0,3.0,16.0,5,0,0,0,0,0,0,0,1,1,2.0,0,0,0,0,1,0,0,1,1,0,1,0,1,0,0,0,0,0,0,1,0,0,0,0,0,0,1,0,0,0,1,0,0
3,2,800.0,23.0,433.0,1.0,24.0,10,0,0,0,0,0,0,0,1,1,2.0,1,0,1,1,1,1,0,1,1,0,1,0,1,1,0,0,0,0,0,1,0,0,0,0,0,0,0,0,0,0,0,0,0
3,2,705.0,4.0,328.0,1.0,9.0,5,0,0,0,0,0,0,0,1,0,2.0,0,0,0,1,0,1,0,1,1,0,1,0,0,0,0,0,0,0,0,0,0,0,1,0,0,0,0,0,0,1,0,0,0
3,2,1097.0,20.0,300.0,1.0,9.0,7,0,0,0,0,0,0,0,1,1,2.0,1,0,1,1,0,0,0,1,1,0,1,0,1,0,0,0,0,0,0,0,0,0,0,0,0,0,1,0,0,1,1,0,1
2,1,732.0,20.0,418.0,1.0,7.0,14,0,0,0,0,0,0,0,1,1,2.0,1,1,1,1,1,1,1,1,1,1,1,1,1,1,0,0,0,0,0,0,0,0,0,0,0,0,0,0,1,0,1,0,0
4,3,1357.0,16.0,94.0,2.0,8.0,7,0,0,0,0,0,0,0,0,0,2.0,0,0,1,0,0,1,0,1,1,0,1,1,1,0,0,0,0,0,0,0,0,0,0,0,1,0,1,0,0,0,0,0,0
3,2,925.0,22.0,396.0,2.0,6.0,10,0,0,0,0,0,0,0,1,0,2.0,1,1,1,1,1,0,0,1,1,1,1,0,0,1,0,0,0,0,0,1,0,0,0,0,0,0,1,0,0,0,0,0,0
3,2,904.0,20.0,406.0,2.0,9.0,8,0,0,0,0,0,0,0,1,1,3.0,1,0,1,0,1,0,1,1,1,0,1,0,1,0,0,0,0,0,0,0,0,0,0,0,1,0,0,0,1,1,1,0,0
1,2,442.0,20.0,463.0,1.0,9.0,14,1,0,1,1,0,0,0,1,1,1.0,1,1,1,1,1,1,1,1,1,1,1,1,1,1,1,0,0,0,0,0,0,0,0,0,0,0,0,0,1,1,1,1,0
3,2,838.0,22.0,816.0,1.0,16.0,9,0,0,0,0,0,0,0,1,1,2.0,1,0,1,1,1,0,0,1,1,0,1,1,1,0,0,0,0,0,0,1,0,0,0,0,0,0,1,0,0,0,0,0,1
2,2,783.0,20.0,463.0,1.0,9.0,6,0,0,0,0,0,0,0,1,1,3.0,0,0,1,0,1,1,0,1,0,0,1,0,1,0,0,0,0,0,1,0,0,0,0,0,0,0,0,0,1,1,1,1,0
3,2,1082.0,17.0,444.0,2.0,9.0,7,1,1,1,0,1,0,0,0,0,2.0,0,0,0,0,1,1,1,1,1,0,1,0,1,0,0,0,0,0,0,0,0,0,0,0,1,0,0,0,1,1,0,0,0
3,2,860.0,20.0,463.0,1.0,9.0,7,0,1,0,0,0,0,0,1,1,1.0,0,0,1,0,1,0,1,1,1,0,1,0,1,0,0,0,0,0,0,0,0,0,0,0,1,0,0,0,0,1,1,1,1
4,3,2335.0,38.0,420.0,4.0,12.0,14,0,0,0,0,0,0,0,1,1,2.0,1,1,1,1,1,1,1,1,1,1,1,1,1,1,0,0,0,0,0,1,0,0,0,0,0,0,1,0,0,0,0,0,0
3,2,997.0,20.0,188.0,1.0,9.0,8,1,0,1,1,0,1,0,0,1,2.0,1,0,1,0,0,1,1,1,1,1,1,0,0,0,1,0,0,0,0,0,0,0,0,0,0,0,1,0,0,1,1,0,1
3,2,954.0,20.0,512.0,1.0,10.0,4,0,0,0,0,0,0,0,1,1,2.0,1,0,1,1,0,0,0,0,0,0,0,0,1,0,0,0,0,0,0,0,0,0,0,0,0,0,0,0,1,0,1,0,1
3,2,1035.0,25.0,1255.0,1.0,5.0,0,0,0,0,0,0,0,0,1,1,2.0,0,0,0,0,0,0,0,0,0,0,0,0,0,0,0,0,0,0,0,0,0,0,0,0,0,0,0,0,0,0,0,0,0
3,2,850.0,20.0,478.0,2.0,1.0,2,0,0,0,0,0,0,0,1,0,2.0,0,0,0,0,0,0,0,1,1,0,0,0,0,0,0,0,0,0,0,1,0,0,0,0,0,0,1,0,0,0,1,0,0
3,2,700.0,8.0,68.0,1.0,26.0,3,0,0,0,0,0,0,0,1,1,2.0,0,0,0,0,1,0,0,1,0,0,1,0,0,0,0,0,0,0,0,1,0,0,0,0,0,0,0,0,0,0,0,0,0
3,2,1141.0,20.0,463.0,2.0,9.0,2,0,0,0,0,0,0,0,1,0,1.0,0,0,0,0,0,0,0,1,0,0,1,0,0,0,0,0,0,0,0,0,1,0,0,0,0,0,0,0,0,1,1,1,0
3,2,850.0,20.0,463.0,1.0,9.0,4,0,0,0,0,0,0,0,1,0,1.0,0,0,0,0,0,0,1,0,1,0,1,0,1,0,0,0,0,0,0,0,0,0,1,0,0,0,0,0,0,1,1,1,0
3,2,850.0,16.0,488.0,2.0,25.0,7,0,0,0,0,0,0,0,1,0,1.0,1,0,1,1,0,0,0,1,1,0,1,0,1,0,0,0,0,0,0,1,0,0,0,0,0,0,1,0,0,0,0,0,0
3,2,1105.0,5.0,463.0,1.0,9.0,4,1,0,1,1,0,0,1,1,1,2.0,0,0,0,0,0,0,0,1,1,0,1,0,1,0,0,0,0,0,0,0,0,0,0,0,1,0,0,0,0,1,0,1,0
3,2,1399.0,20.0,463.0,1.0,9.0,4,0,0,0,0,0,0,0,1,0,2.0,0,0,0,1,0,0,0,1,1,0,1,0,0,0,0,0,0,0,0,0,0,0,0,1,0,0,1,0,0,1,1,1,0
2,2,806.0,20.0,463.0,1.0,9.0,0,0,0,0,0,0,0,0,1,0,2.0,0,0,0,0,0,0,0,0,0,0,0,0,0,0,0,0,0,0,0,0,0,0,0,1,0,0,0,0,0,1,1,1,1
3,2,850.0,13.0,463.0,1.0,14.0,4,0,0,0,0,0,0,0,1,0,1.0,0,0,0,1,0,1,0,0,1,0,1,0,0,0,0,0,0,0,0,0,0,0,0,0,0,0,0,0,0,0,0,1,1
3,1,660.0,20.0,463.0,1.0,9.0,0,0,0,0,0,0,0,0,1,0,1.0,0,0,0,0,0,0,0,0,0,0,0,0,0,0,0,1,0,0,0,0,0,0,0,0,0,0,0,1,0,1,1,1,1
3,2,895.0,5.0,240.0,1.0,9.0,3,0,0,0,0,0,0,0,1,1,1.0,0,0,0,0,0,0,1,0,1,0,1,0,0,0,0,0,0,0,0,0,0,0,0,0,1,0,0,0,0,1,0,0,0
2,1,500.0,20.0,463.0,1.0,9.0,4,0,0,0,0,0,0,0,1,1,1.0,0,0,0,0,1,1,0,0,1,0,1,0,0,0,0,0,0,0,0,1,0,0,0,0,0,0,0,0,0,1,1,1,1
2,1,530.0,20.0,463.0,1.0,9.0,2,0,0,0,0,0,0,0,1,1,3.0,0,0,0,0,1,1,0,0,0,0,0,0,0,0,0,0,0,0,0,1,0,0,0,0,0,0,0,1,0,1,1,1,1
3,2,1033.0,18.0,96.0,2.0,9.0,7,0,0,0,0,0,0,0,1,1,2.0,1,0,1,1,0,0,1,1,1,0,1,0,0,0,0,0,0,0,0,1,0,0,0,0,0,0,1,0,0,0,0,0,0
3,2,1111.0,38.0,463.0,2.0,13.0,6,0,0,0,0,0,0,0,1,0,2.0,1,0,1,0,0,0,0,1,0,0,1,1,1,0,0,0,0,0,0,1,0,0,0,0,0,0,1,0,0,0,0,1,0
3,2,775.0,4.0,463.0,1.0,9.0,3,0,0,0,0,0,0,0,1,0,1.0,0,0,0,0,0,0,0,1,1,0,1,0,0,0,0,0,0,0,0,0,0,0,0,1,0,0,0,0,0,1,0,1,0
3,2,900.0,42.0,2685.0,2.0,4.0,5,0,0,0,0,0,0,0,1,1,1.0,0,0,0,0,1,0,0,1,1,0,1,0,1,0,0,0,0,0,0,1,0,0,0,0,0,0,1,0,0,0,0,0,0
3,2,750.0,28.0,422.0,1.0,26.0,11,0,0,0,0,0,0,0,1,1,2.0,1,0,1,0,1,1,1,1,1,1,1,0,1,1,0,0,0,0,0,1,0,0,0,0,0,0,1,0,0,0,0,0,0
2,2,550.0,20.0,463.0,1.0,9.0,0,0,0,0,0,0,0,0,1,1,2.0,0,0,0,0,0,0,0,0,0,0,0,0,0,0,0,0,0,0,0,1,0,0,0,0,0,0,0,1,0,1,1,1,1
2,2,775.0,17.0,312.0,1.0,9.0,6,0,0,0,0,0,0,0,1,1,2.0,0,0,1,0,0,0,0,1,1,1,1,0,1,0,0,0,0,0,0,1,0,0,0,0,0,0,0,0,1,1,0,0,1
4,2,1271.0,30.0,410.0,2.0,6.0,0,0,0,0,0,0,0,0,1,1,2.0,0,0,0,0,0,0,0,0,0,0,0,0,0,0,0,0,0,0,0,1,0,0,0,0,0,0,1,0,0,0,0,0,0
3,2,1142.0,20.0,463.0,1.0,9.0,7,0,0,0,0,0,0,0,1,1,2.0,1,0,1,0,0,1,0,1,1,0,0,0,1,1,0,0,0,0,0,0,0,0,0,0,0,1,1,0,0,1,1,1,0
3,2,1018.0,20.0,463.0,2.0,9.0,6,1,0,1,1,1,0,0,1,0,2.0,0,0,1,0,1,0,0,1,1,0,1,0,1,0,1,0,0,0,0,0,0,0,0,0,0,0,1,0,0,1,1,1,0
3,2,1012.0,32.0,398.0,1.0,2.0,9,0,0,1,1,0,0,0,1,0,2.0,0,0,1,1,1,0,1,1,1,1,1,0,1,0,0,0,0,0,0,0,0,0,0,0,1,0,0,0,1,0,0,0,1
3,2,720.0,17.0,3.0,1.0,31.0,3,0,0,0,0,0,0,0,1,0,2.0,0,0,0,0,1,0,0,1,0,0,1,0,0,0,0,0,0,0,0,1,0,0,0,0,0,0,0,0,0,0,0,0,0
3,2,1233.0,30.0,410.0,2.0,6.0,0,0,0,0,0,0,0,0,1,1,2.0,0,0,0,0,0,0,0,0,0,0,0,0,0,0,0,0,0,0,0,1,0,0,0,0,0,0,1,0,0,0,0,0,0
3,2,887.0,30.0,808.0,1.0,10.0,10,0,0,0,0,0,0,0,1,1,3.0,0,0,1,0,1,1,0,1,1,1,1,1,1,1,0,0,0,0,0,1,0,0,0,0,0,0,1,0,0,0,0,0,0
2,1,409.0,20.0,463.0,1.0,9.0,5,0,0,0,0,0,0,0,1,0,3.0,0,0,0,0,1,0,0,1,1,0,1,0,1,0,0,0,0,0,0,0,0,0,1,0,0,0,0,0,1,1,1,1,1
3,2,650.0,20.0,463.0,1.0,9.0,4,0,0,0,0,0,0,0,1,0,2.0,0,0,0,0,1,1,0,1,0,0,1,0,0,0,0,0,0,0,0,1,0,0,0,0,0,0,0,1,0,1,1,1,1
3,2,626.0,13.0,1020.0,1.0,9.0,3,0,0,0,0,0,0,0,1,0,3.0,0,0,0,0,1,0,0,1,0,0,1,0,0,0,0,0,0,0,0,1,0,0,0,0,0,0,0,0,0,1,0,0,1
3,2,870.0,5.0,463.0,1.0,9.0,4,0,0,0,0,0,0,0,0,0,3.0,1,0,0,0,0,0,0,1,1,0,1,0,0,0,0,0,0,0,0,0,0,0,0,0,1,0,0,0,0,1,0,1,1
2,2,430.0,20.0,463.0,1.0,9.0,5,1,1,0,1,0,0,1,1,1,3.0,0,0,0,0,1,1,0,0,1,0,1,0,1,0,0,0,0,0,0,0,0,0,0,0,1,0,0,0,0,1,1,1,1
2,2,826.0,20.0,363.0,1.0,5.0,5,1,1,1,1,0,1,1,1,1,2.0,1,0,1,0,0,0,1,0,1,0,1,0,0,0,1,0,0,0,0,0,0,0,0,0,0,0,0,0,1,0,1,0,0
3,2,700.0,22.0,754.0,1.0,15.0,5,0,0,0,0,0,0,0,1,0,2.0,0,0,0,0,1,0,0,1,0,0,1,0,1,1,0,0,0,0,0,1,0,0,0,0,0,0,1,0,0,0,0,0,0
3,2,984.0,26.0,420.0,2.0,3.0,0,0,0,0,0,0,0,0,1,1,2.0,0,0,0,0,0,0,0,0,0,0,0,0,0,0,0,0,0,0,0,0,0,0,0,0,1,0,0,0,0,0,0,0,0
3,2,852.0,12.0,463.0,1.0,23.0,10,1,0,1,1,0,0,0,1,0,3.0,1,1,1,1,0,1,1,1,1,0,1,0,1,0,0,0,0,0,0,0,0,0,0,0,1,0,0,0,0,0,0,1,0
4,2,1313.0,20.0,700.0,1.0,10.0,7,0,0,0,0,0,0,0,1,1,2.0,0,0,1,0,0,1,0,1,1,0,1,1,1,0,1,0,0,0,0,0,0,0,0,0,0,0,1,0,0,0,1,0,1
3,2,1200.0,20.0,463.0,2.0,9.0,14,0,0,0,0,0,0,0,1,0,1.0,1,1,1,1,1,1,1,1,1,1,1,1,1,1,1,0,0,0,0,0,0,0,0,0,0,0,1,0,0,1,1,1,0
3,2,700.0,5.0,463.0,1.0,9.0,4,0,0,0,0,0,0,0,1,1,2.0,0,0,0,0,0,0,1,1,1,0,1,0,0,0,0,0,0,0,0,0,0,0,0,0,1,0,0,0,0,1,0,1,0
3,2,999.0,8.0,463.0,1.0,9.0,4,0,0,0,0,0,0,0,0,0,1.0,0,0,0,0,0,0,0,1,1,0,1,0,1,0,0,0,0,0,0,0,0,0,0,0,1,0,1,0,0,1,0,1,0
2,1,494.0,20.0,463.0,1.0,9.0,0,0,0,0,0,0,0,0,1,1,3.0,0,0,0,0,0,0,0,0,0,0,0,0,0,0,0,0,0,0,0,0,0,0,0,0,0,0,0,1,0,1,1,1,1
2,2,735.0,20.0,463.0,1.0,9.0,0,0,0,0,0,0,0,0,1,0,2.0,0,0,0,0,0,0,0,0,0,0,0,0,0,0,0,0,0,0,0,0,0,0,0,1,0,0,0,0,0,1,1,1,0
3,2,790.0,20.0,463.0,1.0,9.0,0,1,0,0,1,0,0,0,1,1,2.0,0,0,0,0,0,0,0,0,0,0,0,0,0,0,0,0,0,0,0,0,0,0,0,0,1,0,0,0,0,0,1,1,1
2,1,520.0,20.0,463.0,1.0,9.0,2,0,0,0,0,0,0,0,0,0,2.0,0,0,0,0,0,1,0,0,1,0,0,0,0,0,0,0,0,0,0,0,0,0,0,0,0,0,0,1,0,1,1,1,1
3,2,1212.0,20.0,538.0,2.0,9.0,14,0,0,0,0,0,0,0,1,1,2.0,1,1,1,1,1,1,1,1,1,1,1,1,1,1,0,0,0,0,0,0,0,0,0,0,1,0,0,0,0,1,1,0,0
3,2,1000.0,38.0,900.0,1.0,0.0,11,1,0,1,1,0,0,0,1,0,2.0,1,0,1,1,1,1,1,1,1,1,1,0,1,0,1,0,0,0,0,0,0,0,0,0,0,0,0,0,0,0,0,0,1
3,2,1105.0,5.0,463.0,1.0,9.0,4,1,0,1,1,0,0,1,1,1,1.0,0,0,0,0,0,0,0,1,1,0,1,0,1,0,0,0,0,0,0,0,0,0,0,0,1,0,0,0,0,1,0,1,0
1,1,650.0,19.0,457.0,1.0,7.0,14,1,1,1,1,0,0,1,1,1,2.0,1,1,1,1,1,1,1,1,1,1,1,1,1,1,0,0,0,0,0,0,0,0,0,0,1,0,1,0,0,0,0,0,0
3,2,1080.0,17.0,444.0,2.0,9.0,3,1,1,1,0,1,0,0,0,0,2.0,0,0,0,0,0,0,1,0,0,0,1,0,1,0,0,0,0,0,0,0,0,0,0,0,1,0,1,0,0,1,0,0,0
1,1,777.0,21.0,336.0,2.0,7.0,12,0,0,0,0,0,0,0,1,0,2.0,1,0,1,0,1,1,1,1,1,1,1,1,1,1,0,0,0,0,0,0,0,0,0,0,1,0,1,0,0,0,0,0,0
4,3,1800.0,14.0,463.0,2.0,9.0,4,0,0,0,0,0,0,0,1,1,1.0,0,0,0,0,1,0,0,1,0,0,1,0,1,0,0,0,0,0,0,1,0,0,0,0,0,0,1,0,0,1,0,1,0
3,2,775.0,34.0,1502.0,1.0,6.0,6,1,0,0,1,0,0,0,1,0,2.0,0,0,1,0,0,1,0,1,1,0,1,0,1,0,1,0,0,0,0,0,0,0,0,0,0,0,0,0,0,0,0,0,1
3,2,1411.0,21.0,286.0,2.0,12.0,9,1,0,1,1,0,0,0,0,0,2.0,1,0,1,1,0,0,1,1,1,0,1,1,1,0,0,0,0,0,0,0,0,0,0,0,1,0,1,0,0,0,0,0,0
1,1,715.0,12.0,392.0,1.0,4.0,12,0,0,0,0,0,0,0,1,1,1.0,1,1,1,1,1,1,1,1,1,1,1,0,1,0,0,0,0,0,0,0,0,0,0,0,0,0,0,0,0,0,0,0,1
3,2,800.0,22.0,463.0,1.0,18.0,5,0,0,0,0,0,0,0,1,0,2.0,0,0,0,1,1,0,0,1,1,0,1,0,0,0,0,0,0,0,0,1,0,0,0,0,0,0,0,0,0,0,0,1,0
3,2,1103.0,12.0,463.0,1.0,9.0,6,0,0,0,0,0,0,0,1,0,2.0,0,0,1,0,1,0,0,1,1,0,1,0,1,0,0,0,0,0,0,0,0,0,0,0,1,0,0,0,0,1,0,1,0
3,2,967.0,20.0,463.0,1.0,9.0,7,0,0,0,0,0,0,0,1,1,2.0,1,0,0,0,1,1,0,1,1,0,1,0,1,0,0,0,0,0,0,0,0,0,0,0,1,0,0,0,0,1,1,1,0
3,2,915.0,4.0,463.0,1.0,32.0,4,1,1,1,1,0,0,1,1,1,2.0,0,0,1,0,0,0,0,1,1,0,1,0,0,0,0,0,0,0,0,0,0,0,0,0,1,0,1,0,0,0,0,1,0
3,2,856.0,20.0,808.0,1.0,9.0,5,0,0,0,0,0,0,0,1,1,2.0,0,0,1,0,1,0,0,1,0,0,1,0,1,0,0,0,0,0,0,1,0,0,0,0,0,0,1,0,0,1,1,0,0
2,2,969.0,44.0,276.0,2.0,5.0,0,0,0,0,0,0,0,0,1,1,3.0,0,0,0,0,0,0,0,0,0,0,0,0,0,0,0,0,0,0,0,0,0,0,0,0,1,0,1,0,0,0,0,0,0
3,2,1109.0,20.0,463.0,1.0,9.0,0,0,0,0,0,0,0,0,1,1,2.0,0,0,0,0,0,0,0,0,0,0,0,0,0,0,0,0,0,0,0,0,0,0,0,0,0,0,1,0,0,1,1,1,1
2,1,542.0,20.0,463.0,1.0,9.0,0,0,0,0,0,0,0,0,1,1,2.0,0,0,0,0,0,0,0,0,0,0,0,0,0,0,0,0,0,0,0,0,0,0,0,0,1,0,0,0,0,1,1,1,1
3,2,872.0,20.0,463.0,2.0,9.0,12,0,0,0,0,0,0,0,1,1,2.0,1,1,1,1,1,1,1,1,1,1,1,0,1,0,0,0,0,0,0,0,0,0,0,0,1,0,0,0,0,1,1,1,0
3,2,800.0,20.0,3600.0,1.0,9.0,9,1,1,1,1,1,0,0,1,0,2.0,0,0,1,1,1,1,1,1,1,0,1,0,1,0,1,0,0,0,0,0,0,0,0,0,0,0,0,0,1,1,1,0,0
3,2,1221.0,20.0,1000.0,1.0,11.0,0,1,0,1,1,0,1,0,1,1,2.0,0,0,0,0,0,0,0,0,0,0,0,0,0,0,0,0,0,0,0,0,0,0,0,0,1,0,1,0,0,0,1,0,0
3,2,866.0,20.0,463.0,1.0,9.0,4,0,0,0,0,0,0,0,1,0,3.0,0,0,0,0,0,0,1,1,1,0,0,0,1,0,0,0,0,0,0,0,0,0,1,0,0,0,0,0,0,1,1,1,0
3,2,818.0,15.0,463.0,1.0,9.0,8,0,0,1,1,1,0,0,1,1,3.0,0,0,1,1,1,1,0,1,1,0,1,0,1,0,0,0,0,0,0,0,0,0,0,0,1,0,0,0,0,1,0,1,0
3,1,700.0,20.0,463.0,1.0,9.0,0,1,0,1,1,0,0,0,0,0,2.0,0,0,0,0,0,0,0,0,0,0,0,0,0,0,0,0,0,0,0,0,0,0,0,0,1,0,0,0,0,1,1,1,1
3,2,648.0,5.0,463.0,1.0,9.0,5,0,0,0,0,0,0,0,1,1,1.0,0,0,0,1,0,0,0,1,1,0,1,0,1,0,0,0,0,0,0,0,0,0,0,0,1,0,0,0,0,1,0,1,0
3,2,850.0,20.0,463.0,1.0,9.0,1,0,0,0,0,0,0,0,1,0,2.0,0,0,0,0,0,0,0,1,0,0,0,0,0,0,0,0,0,0,0,0,0,0,0,1,0,0,0,1,0,1,1,1,1
3,2,1050.0,20.0,463.0,2.0,9.0,5,0,0,0,0,0,0,0,1,0,2.0,0,0,1,0,0,0,0,1,1,0,1,0,1,0,0,0,0,0,0,0,0,0,0,1,0,0,0,0,0,1,1,1,0
4,2,1642.0,20.0,222.0,2.0,8.0,0,0,0,0,0,0,0,0,1,1,2.0,0,0,0,0,0,0,0,0,0,0,0,0,0,0,0,0,0,0,0,1,0,0,0,0,0,0,1,0,0,0,1,0,0
2,2,614.0,20.0,382.0,1.0,5.0,0,0,0,0,0,0,0,0,1,1,2.0,0,0,0,0,0,0,0,0,0,0,0,0,0,0,0,0,0,0,0,0,0,0,0,0,0,0,0,0,0,0,1,0,1
2,2,1019.0,20.0,644.0,1.0,8.0,8,0,0,0,0,0,0,0,1,0,2.0,1,0,1,1,0,0,0,0,1,1,1,0,1,1,0,0,0,0,0,0,0,0,0,0,0,0,1,0,0,0,1,0,1
3,2,1200.0,20.0,771.0,2.0,7.0,6,0,0,0,0,0,0,0,1,1,2.0,0,0,1,1,0,0,0,1,1,0,1,0,1,0,0,0,0,0,0,1,0,0,0,0,0,0,1,0,0,0,0,0,0
6,5,3350.0,24.0,234.0,4.0,9.0,1,0,0,0,0,0,0,0,1,1,3.0,0,0,0,0,0,0,0,1,0,0,0,0,0,0,0,0,0,0,0,1,0,0,0,0,0,0,1,0,0,1,0,0,0
3,2,1072.0,20.0,1000.0,1.0,11.0,13,1,0,1,1,0,1,0,1,1,1.0,1,0,1,1,1,1,1,1,1,1,1,1,1,1,0,0,0,0,0,0,0,0,0,0,1,0,1,0,0,0,1,0,0
3,2,850.0,12.0,1012.0,1.0,9.0,10,0,0,0,0,0,0,0,1,0,2.0,0,0,1,1,1,1,1,1,1,0,1,0,1,1,0,0,0,0,0,0,0,0,1,0,0,0,0,0,0,1,0,0,1
3,2,973.0,20.0,352.0,1.0,8.0,5,0,0,0,0,0,0,0,1,0,2.0,1,0,1,0,0,0,0,0,1,0,1,0,1,0,0,0,0,0,0,0,0,0,0,0,0,0,1,0,0,0,1,0,1
3,2,1250.0,13.0,320.0,1.0,23.0,12,1,1,1,1,0,0,0,1,1,2.0,1,1,1,1,0,1,0,1,1,1,1,1,1,1,1,0,0,0,0,0,0,0,0,0,0,0,1,0,0,0,0,0,1
2,2,750.0,20.0,463.0,1.0,9.0,12,0,0,0,0,0,0,0,1,0,2.0,0,1,1,1,0,1,1,1,1,1,1,1,1,1,0,0,0,0,0,0,0,0,1,0,0,0,0,0,0,1,1,1,0
4,3,1570.0,40.0,580.0,3.0,4.0,9,0,0,0,0,0,0,0,1,0,2.0,1,0,1,1,1,0,1,1,1,0,1,0,1,0,1,0,0,0,0,0,0,0,0,0,0,0,1,0,0,0,0,0,0
3,2,1265.0,32.0,228.0,1.0,3.0,9,1,0,1,1,0,0,0,1,1,2.0,1,0,1,0,1,1,1,1,1,0,1,0,1,0,1,0,0,0,0,0,0,0,0,0,0,0,1,0,0,0,0,0,1
4,3,1645.0,10.0,733.0,2.0,17.0,13,0,0,0,0,0,0,0,0,0,1.0,1,1,1,1,1,1,1,1,1,1,1,0,1,1,0,0,0,0,0,0,0,0,0,0,1,0,1,0,0,0,0,0,0
3,2,1700.0,29.0,447.0,3.0,5.0,8,1,0,1,1,0,0,0,1,0,2.0,1,0,1,0,1,0,1,1,1,0,1,0,1,0,0,0,0,0,0,0,0,0,0,0,1,0,0,0,1,0,0,0,0
3,2,1116.0,38.0,463.0,1.0,13.0,7,0,0,0,0,0,0,0,1,0,2.0,1,0,1,0,1,0,0,1,0,0,1,1,1,0,0,0,0,0,0,1,0,0,0,0,0,0,1,0,0,0,0,1,0
3,2,742.0,5.0,463.0,1.0,9.0,8,1,1,1,1,0,0,1,1,1,1.0,1,0,0,1,1,0,1,1,1,0,1,0,1,0,0,0,0,0,0,0,0,0,0,0,1,0,0,0,0,1,0,1,0
3,2,626.0,13.0,1020.0,1.0,9.0,3,0,0,0,0,0,0,0,1,0,3.0,0,0,0,0,1,0,0,1,0,0,1,0,0,0,0,0,0,0,0,1,0,0,0,0,0,0,0,0,0,1,0,0,1
3,2,882.0,22.0,576.0,2.0,5.0,11,1,1,1,1,0,0,0,1,1,1.0,1,1,1,1,0,1,1,1,1,1,1,0,1,0,0,0,0,0,0,0,0,0,0,0,1,0,0,0,1,0,0,0,0
3,2,806.0,20.0,463.0,1.0,9.0,0,0,0,0,0,0,0,0,1,0,2.0,0,0,0,0,0,0,0,0,0,0,0,0,0,0,0,0,0,0,0,0,0,0,0,1,0,0,0,0,0,1,1,1,0
4,2,893.0,20.0,463.0,1.0,6.0,7,0,0,0,0,0,0,0,0,1,2.0,1,1,0,0,0,1,0,1,1,0,1,0,1,0,0,0,0,0,0,0,0,0,0,0,0,0,0,0,0,0,0,1,1
3,2,650.0,20.0,463.0,1.0,9.0,4,0,0,0,0,0,0,0,1,1,2.0,0,0,0,1,0,0,0,1,1,0,1,0,0,0,0,0,0,0,0,0,0,0,0,0,0,0,0,1,0,1,1,1,0
3,2,700.0,11.0,100.0,1.0,28.0,2,0,0,0,0,0,0,0,1,1,2.0,0,0,0,0,0,0,0,1,0,0,1,0,0,0,0,0,0,0,0,1,0,0,0,0,0,0,0,0,0,0,0,0,0
3,2,700.0,20.0,463.0,1.0,9.0,0,0,0,0,0,0,0,0,0,0,2.0,0,0,0,0,0,0,0,0,0,0,0,0,0,0,1,0,0,0,0,0,0,0,0,0,0,0,0,1,0,1,1,1,0
4,2,1389.0,22.0,800.0,1.0,15.0,11,0,0,0,0,0,0,0,0,0,2.0,1,0,1,1,1,1,1,1,1,1,1,0,1,0,1,0,0,0,0,0,0,0,0,0,0,0,1,0,0,0,0,0,0
3,3,1039.0,20.0,463.0,1.0,9.0,14,0,0,0,0,0,0,0,1,1,3.0,1,1,1,1,1,1,1,1,1,1,1,1,1,1,0,0,0,0,0,0,0,0,0,0,0,0,0,0,1,1,1,1,0
2,2,776.0,42.0,670.0,2.0,6.0,5,0,0,0,0,0,0,0,1,1,2.0,0,0,1,0,1,0,0,1,0,0,1,0,1,0,0,0,0,0,0,1,0,0,0,0,0,0,1,0,0,0,0,0,0
3,2,1195.0,15.0,348.0,1.0,9.0,14,1,1,1,1,0,0,1,1,1,3.0,1,1,1,1,1,1,1,1,1,1,1,1,1,1,1,0,0,0,0,0,0,0,0,0,0,0,1,0,0,1,0,0,1
3,2,700.0,27.0,454.0,1.0,9.0,3,0,0,0,0,0,0,0,1,1,3.0,0,0,0,0,1,0,0,1,0,0,1,0,0,0,0,0,0,0,0,1,0,0,0,0,0,0,0,0,0,1,0,0,0
3,2,1254.0,21.0,256.0,2.0,6.0,8,0,0,0,0,0,0,0,1,1,3.0,1,0,1,0,1,0,1,1,1,0,1,0,1,0,0,0,0,0,0,1,0,0,0,0,0,0,1,0,0,0,0,0,0
3,2,1131.0,20.0,266.0,1.0,9.0,8,0,0,0,0,0,0,0,1,0,3.0,1,0,1,1,0,1,0,1,1,0,1,0,1,0,0,0,0,0,0,0,0,0,0,0,0,0,0,0,0,1,1,0,0
3,2,904.0,20.0,463.0,1.0,9.0,6,1,1,1,1,1,1,1,1,1,3.0,0,0,0,0,1,1,0,1,1,0,1,0,1,0,1,0,0,0,0,0,0,0,0,0,0,0,1,0,0,1,1,1,0
3,2,791.0,20.0,463.0,1.0,9.0,0,0,0,0,0,0,1,0,1,1,2.0,0,0,0,0,0,0,0,0,0,0,0,0,0,0,0,0,0,0,0,0,0,0,0,0,1,0,0,0,0,1,1,1,0
3,2,700.0,18.0,136.0,1.0,29.0,5,0,0,0,0,0,0,0,1,1,2.0,0,0,0,0,1,1,0,1,0,0,1,0,1,0,0,0,0,0,0,1,0,0,0,0,0,0,1,0,0,0,0,0,0
3,2,754.0,20.0,463.0,1.0,9.0,0,0,0,0,0,0,0,0,0,0,1.0,0,0,0,0,0,0,0,0,0,0,0,0,0,0,0,0,0,0,0,0,0,0,0,0,1,0,0,0,0,1,1,1,1
1,1,560.0,46.0,1012.0,2.0,3.0,14,1,0,1,1,1,0,0,1,0,3.0,1,1,1,1,1,1,1,1,1,1,1,1,1,1,0,0,0,0,0,0,0,0,0,0,1,0,0,0,1,0,0,0,0
2,2,883.0,33.0,746.0,2.0,2.0,10,1,0,0,1,0,0,0,0,0,2.0,1,0,1,1,1,0,1,1,1,1,1,0,1,0,0,0,0,0,0,0,0,0,0,0,1,0,1,0,0,0,0,0,0
3,2,1021.0,14.0,463.0,1.0,9.0,2,1,1,1,1,0,0,0,1,1,2.0,0,0,1,0,0,0,0,0,0,0,0,0,0,1,1,0,0,0,0,0,0,0,0,0,0,0,1,0,0,1,0,1,1
3,2,700.0,25.0,463.0,1.0,9.0,3,0,0,0,0,0,0,0,1,0,2.0,0,0,0,0,1,0,0,1,0,0,1,0,0,0,0,0,0,0,0,1,0,0,0,0,0,0,0,0,0,1,0,1,0
4,4,3878.0,20.0,210.0,4.0,7.0,11,0,0,0,0,0,0,0,1,1,1.0,1,1,1,1,1,0,1,1,1,1,1,0,1,0,0,0,0,0,0,1,0,0,0,0,0,0,1,0,0,0,1,0,0
3,2,650.0,3.0,463.0,1.0,8.0,0,0,0,1,1,0,0,0,1,1,2.0,0,0,0,0,0,0,0,0,0,0,0,0,0,0,0,0,0,0,0,0,0,0,0,0,1,0,0,0,0,0,0,1,1
3,2,990.0,35.0,284.0,2.0,2.0,6,1,0,0,1,0,0,1,1,0,3.0,0,0,1,0,1,0,0,1,1,0,1,0,1,0,1,0,0,0,0,0,0,0,0,0,0,0,1,0,0,0,0,0,0
3,2,650.0,20.0,463.0,1.0,9.0,6,0,0,0,0,0,0,0,1,1,1.0,0,0,0,1,1,1,0,1,1,0,1,0,0,0,0,0,0,0,0,1,0,0,0,0,0,0,0,0,0,1,1,1,0
3,2,1091.0,18.0,569.0,1.0,13.0,8,0,0,1,0,0,0,1,1,1,2.0,0,0,1,0,1,1,0,1,1,1,1,0,1,0,1,0,0,0,0,0,0,0,0,0,0,0,1,0,0,0,0,0,0
3,2,907.0,20.0,156.0,1.0,8.0,4,0,0,1,0,0,0,0,1,0,2.0,0,0,0,0,1,0,0,1,1,0,1,0,0,0,0,0,0,0,0,0,0,0,0,0,1,0,0,0,1,0,1,0,0
3,2,850.0,20.0,1900.0,1.0,7.0,5,0,0,0,0,0,0,0,1,0,3.0,0,0,0,0,1,0,0,1,1,0,1,0,1,0,0,0,0,0,0,1,0,0,0,0,0,0,0,0,0,0,1,0,0
3,2,750.0,20.0,463.0,1.0,9.0,3,0,0,0,1,0,0,0,0,0,1.0,0,0,0,0,0,1,0,0,1,0,1,0,0,0,0,0,0,0,0,0,0,0,0,0,1,0,0,0,0,1,1,1,1
3,1,608.0,5.0,463.0,1.0,9.0,0,0,0,1,0,1,0,1,1,0,2.0,0,0,0,0,0,0,0,0,0,0,0,0,0,0,0,0,0,0,0,0,0,0,0,0,1,0,0,0,0,1,0,1,1
3,1,650.0,20.0,463.0,1.0,9.0,0,0,0,0,0,0,0,0,1,0,2.0,0,0,0,0,0,0,0,0,0,0,0,0,0,0,1,0,0,0,0,0,0,0,0,0,0,0,0,0,0,1,1,1,1
3,2,1300.0,20.0,350.0,3.0,11.0,10,0,0,0,0,0,0,0,1,1,2.0,1,0,1,0,1,0,1,1,1,1,1,0,1,1,0,0,0,0,0,0,0,0,0,0,1,0,1,0,0,0,1,0,0
3,3,1406.0,27.0,271.0,2.0,6.0,9,0,1,0,1,0,1,1,1,0,2.0,1,0,1,1,0,0,1,1,1,1,1,0,1,0,0,0,0,0,0,0,0,0,0,0,1,0,0,0,1,0,0,0,0
3,2,1161.0,38.0,406.0,2.0,2.0,6,0,0,0,0,0,0,0,1,1,2.0,1,0,1,1,0,0,0,1,1,0,1,0,0,0,0,0,0,0,0,1,0,0,0,0,0,0,1,0,0,0,0,0,0
4,2,1700.0,17.0,463.0,2.0,30.0,5,0,0,0,0,0,0,0,1,1,3.0,0,0,0,0,1,0,0,1,1,0,1,0,1,0,1,0,0,0,0,0,0,0,0,0,0,0,1,0,0,0,0,1,0
3,2,1205.0,20.0,463.0,2.0,7.0,8,0,0,0,0,0,0,0,1,1,2.0,0,0,1,0,1,1,1,1,1,0,1,0,1,0,0,0,0,0,0,0,0,1,0,0,0,0,1,0,0,0,1,1,0
4,5,2800.0,36.0,180.0,2.0,18.0,11,1,1,0,1,1,0,1,1,1,2.0,1,1,1,1,0,1,0,1,1,1,1,1,1,0,1,0,0,0,0,0,0,0,0,0,0,0,1,0,0,0,0,0,0
2,2,700.0,20.0,463.0,1.0,9.0,2,0,0,0,0,0,0,0,0,0,3.0,0,0,0,0,0,1,0,0,1,0,0,0,0,0,0,0,0,0,0,0,0,0,0,0,0,0,0,0,0,1,1,1,1
3,2,838.0,22.0,816.0,1.0,16.0,9,0,0,0,0,0,0,0,1,1,2.0,1,0,1,1,1,0,0,1,1,0,1,1,1,0,0,0,0,0,0,1,0,0,0,0,0,0,1,0,0,0,0,0,0
4,3,1450.0,20.0,252.0,2.0,7.0,8,0,0,0,0,0,0,0,1,1,3.0,1,0,0,1,1,0,0,1,1,1,1,0,1,0,0,0,0,0,0,1,0,0,0,0,0,0,1,0,0,0,1,0,0
3,2,800.0,24.0,342.0,1.0,25.0,6,0,0,0,0,0,0,0,1,1,2.0,0,0,0,0,1,1,0,1,1,0,1,0,1,0,0,0,0,0,0,1,0,0,0,0,0,0,1,0,0,0,0,0,0
3,2,1000.0,20.0,109.0,1.0,9.0,9,0,0,0,0,0,0,0,1,0,2.0,1,1,1,0,1,0,0,1,1,1,1,0,1,0,0,0,0,0,0,0,0,0,1,0,0,0,1,0,0,1,1,0,0
3,3,1050.0,20.0,463.0,2.0,9.0,14,0,0,0,0,0,0,0,1,0,1.0,1,1,1,1,1,1,1,1,1,1,1,1,1,1,1,0,0,0,0,0,0,0,0,0,0,0,1,0,0,1,1,1,0
3,2,750.0,19.0,322.0,1.0,24.0,5,0,0,0,0,0,0,0,1,1,3.0,0,0,0,0,1,0,0,1,1,0,1,0,1,0,0,0,0,0,0,1,0,0,0,0,0,0,0,0,0,0,0,0,0
3,2,750.0,20.0,463.0,1.0,9.0,0,0,0,0,0,0,0,0,1,1,2.0,0,0,0,0,0,0,0,0,0,0,0,0,0,0,0,0,0,0,0,0,0,0,0,0,1,0,0,0,0,1,1,1,1
2,1,500.0,20.0,463.0,1.0,9.0,2,0,0,0,0,0,0,0,1,1,2.0,0,0,0,0,0,1,0,0,1,0,0,0,0,0,0,0,0,0,0,0,0,0,0,0,0,0,0,1,0,1,1,1,1
4,2,1400.0,12.0,90.0,2.0,9.0,14,0,0,1,1,0,0,1,1,1,1.0,1,1,1,1,1,1,1,1,1,1,1,1,1,1,1,0,0,0,0,0,0,0,0,0,0,0,1,0,0,1,0,0,0
3,2,1017.0,20.0,463.0,2.0,9.0,12,0,0,0,0,0,0,0,1,1,2.0,1,1,1,1,1,1,1,1,1,1,1,0,1,0,0,0,0,0,0,0,0,0,0,0,1,0,0,0,1,1,1,1,0
4,3,1421.0,20.0,376.0,2.0,16.0,14,0,1,1,1,0,0,1,1,1,3.0,1,1,1,1,1,1,1,1,1,1,1,1,1,1,0,0,0,0,0,0,0,0,0,0,1,0,1,0,0,0,1,0,0
3,2,903.0,5.0,469.0,1.0,7.0,6,0,0,0,0,0,0,0,1,1,1.0,0,0,0,1,1,1,0,1,1,0,1,0,0,0,0,0,0,0,0,0,0,0,0,0,1,0,0,0,0,0,0,0,0
2,2,852.0,52.0,1633.0,2.0,4.0,8,1,1,1,1,0,0,1,1,1,1.0,1,0,1,0,1,0,0,1,1,1,1,0,1,0,1,0,0,0,0,0,0,0,0,0,0,0,0,0,1,0,0,0,0
3,2,850.0,20.0,1440.0,1.0,8.0,2,0,0,0,0,0,0,0,1,0,2.0,0,0,0,0,0,0,0,1,0,0,1,0,0,0,0,0,0,0,0,0,0,0,0,0,1,0,1,0,0,0,0,0,0
3,2,850.0,9.0,344.0,1.0,11.0,6,0,0,1,0,0,0,0,0,0,1.0,1,0,0,1,0,1,0,1,1,0,1,0,0,0,0,0,0,0,0,0,0,0,0,0,1,0,0,0,0,0,0,0,1
3,1,680.0,20.0,463.0,1.0,9.0,1,0,0,0,0,0,0,0,1,1,3.0,0,0,0,0,1,0,0,0,0,0,0,0,0,0,0,0,0,0,0,1,0,0,0,0,0,0,0,0,0,1,1,1,1
4,6,1853.0,36.0,245.0,2.0,10.0,11,0,0,0,0,0,0,0,1,1,3.0,1,0,1,0,1,0,1,1,1,1,1,1,1,1,1,0,0,0,0,0,0,0,0,0,0,0,1,0,0,0,0,0,0
3,2,890.0,16.0,196.0,1.0,15.0,9,0,0,0,0,0,0,0,1,0,2.0,0,1,0,1,1,1,1,1,1,0,1,0,1,0,0,0,0,0,0,0,0,0,0,0,0,0,0,0,0,0,0,0,0
3,2,818.0,20.0,463.0,1.0,9.0,0,0,0,0,0,0,0,0,1,0,2.0,0,0,0,0,0,0,0,0,0,0,0,0,0,0,0,0,0,0,0,0,0,0,0,1,0,0,0,0,0,1,1,1,0
3,2,632.0,4.0,463.0,1.0,9.0,2,0,0,0,0,0,0,0,1,0,3.0,0,0,0,0,0,0,0,1,0,0,1,0,0,0,0,0,0,0,0,0,0,0,0,1,0,0,0,0,0,1,0,1,1
3,2,900.0,22.0,754.0,5.0,15.0,5,0,0,0,0,0,0,0,1,0,2.0,0,0,0,0,1,0,0,1,1,0,1,0,1,0,0,0,0,0,0,1,0,0,0,0,0,0,1,0,0,0,0,0,0
3,3,1598.0,42.0,670.0,2.0,6.0,9,0,0,0,0,0,0,0,1,1,2.0,1,0,1,1,1,0,1,1,1,0,1,0,1,0,0,0,0,0,0,1,0,0,0,0,0,0,1,0,0,0,0,0,0
3,2,700.0,20.0,463.0,1.0,9.0,2,0,0,0,0,0,0,0,1,1,1.0,0,0,0,0,0,0,0,1,1,0,0,0,0,0,0,0,0,0,0,1,0,0,0,0,0,0,0,1,0,1,1,1,1
3,2,750.0,5.0,463.0,1.0,9.0,7,1,1,1,1,1,0,0,0,0,2.0,1,0,0,1,0,1,1,1,1,0,0,0,0,1,0,0,0,0,0,0,0,0,0,0,1,0,0,1,0,1,0,1,1
3,2,1399.0,20.0,463.0,1.0,9.0,7,0,0,0,0,0,0,0,1,0,2.0,0,0,0,0,0,1,0,1,1,1,1,1,1,0,0,0,0,0,0,0,0,0,0,1,0,0,1,0,0,1,1,1,0
4,3,1399.0,17.0,676.0,2.0,3.0,5,0,0,0,0,0,0,0,1,1,2.0,0,0,1,1,0,0,0,1,0,0,1,0,1,0,0,0,0,0,0,0,0,1,0,0,0,0,1,0,0,0,0,0,0
3,2,728.0,20.0,463.0,1.0,9.0,0,1,0,0,1,0,0,0,1,0,2.0,0,0,0,0,0,0,0,0,0,0,0,0,0,0,0,0,0,0,0,0,0,0,0,0,1,0,0,1,0,1,1,1,1
1,1,768.0,20.0,463.0,1.0,9.0,10,0,0,0,0,0,0,0,1,0,1.0,1,0,1,0,1,0,0,1,1,1,1,1,1,1,0,0,0,0,1,0,0,0,0,0,0,0,0,0,0,1,1,1,0
3,2,1212.0,20.0,538.0,2.0,9.0,7,0,0,0,0,0,0,0,1,1,2.0,0,0,0,1,1,1,1,1,1,0,1,0,0,0,0,0,0,0,0,0,0,0,0,0,1,0,0,0,0,1,1,0,0
3,1,603.0,20.0,463.0,1.0,9.0,3,1,1,1,1,0,0,1,1,0,3.0,0,0,0,0,1,1,0,1,0,0,0,0,0,0,1,0,0,0,0,0,0,0,0,0,0,0,0,0,0,1,1,1,0
3,2,750.0,32.0,988.0,1.0,26.0,10,0,0,0,0,0,0,0,1,1,3.0,0,1,1,1,1,0,1,1,1,0,1,0,1,1,0,0,0,0,0,1,0,0,0,0,0,0,1,0,0,0,0,0,0
