Bedroom,Bathroom,Property Size,# of Floors,Total Units,Parking Lot,Property Age,Listed_Facility_Count,Has_Bus_Stop,Has_Mall,Has_Park,Has_School,Has_Hospital,Has_Highway,Has_Railway_Station,Is_Non_Bumi_Lot,Freehold Indicator,Floor_Range_Ordinal,Has_Barbeque_Area,Has_Club_House,Has_Gymnasium,Has_Jogging_Track,Has_Lift,Has_Minimart,Has_Multipurpose_Hall,Has_Parking,Has_Playground,Has_Sauna,Has_Security,Has_Squash_Court,Has_Swimming_Pool,Has_Tennis_Court,State_Kuala_Lumpur,State_Melaka,State_Negeri_Sembilan,State_Other,State_Pahang,State_Penang,State_Perak,State_Putrajaya,State_Sabah,State_Sarawak,State_Selangor,State_Unknown,PropertyType_Condominium,PropertyType_Flat,PropertyType_Service_Residence,Property_Age_Missing,Num_Floors_Missing,Total_Units_Missing,Parking_Lot_Missing
1.3862943611198906,1.0986122886681098,6.919683849847411,3.044522437723423,5.6937321388027,0.6931471805599453,1.791759469228055,1.791759469228055,0,0,0,0,0,0,0,1,1,1.0,0,0,0,0,1,0,0,1,1,0,1,0,1,0,0,0,0,0,0,0,0,0,0,0,1,0,0,0,0,0,1,0,1
1.0986122886681098,1.0986122886681098,6.803505257608338,3.044522437723423,4.700480365792417,0.6931471805599453,2.302585092994046,2.5649493574615367,0,0,0,0,0,0,0,1,0,3.0,1,1,1,1,1,0,1,1,1,1,1,1,1,0,0,0,0,0,0,0,0,0,1,0,0,0,1,0,0,1,1,0,0
1.6094379124341003,1.0986122886681098,7.234177179749849,3.044522437723423,3.7612001156935624,0.6931471805599453,2.302585092994046,1.791759469228055,0,0,0,0,0,0,0,1,1,1.0,0,0,1,0,0,0,1,0,1,0,1,0,1,0,0,0,0,0,0,0,0,0,0,0,0,0,0,0,0,1,1,0,1
1.3862943611198906,1.0986122886681098,6.489204931325317,3.044522437723423,6.139884552226255,0.6931471805599453,2.302585092994046,0.0,0,0,0,0,0,0,0,1,1,1.0,0,0,0,0,0,0,0,0,0,0,0,0,0,0,0,0,0,0,0,0,0,0,0,0,1,0,0,0,0,1,1,1,1
1.3862943611198906,1.0986122886681098,6.68586094706836,1.9459101490553132,6.511745329644728,0.6931471805599453,3.4011973816621555,1.0986122886681098,0,0,0,0,0,0,0,1,0,2.0,0,0,0,0,0,0,0,1,0,0,1,0,0,0,0,0,0,0,0,1,0,0,0,0,0,0,0,0,0,0,0,0,0
1.3862943611198906,1.0986122886681098,6.55250788703459,3.044522437723423,6.139884552226255,0.6931471805599453,2.302585092994046,1.791759469228055,0,0,0,0,0,0,0,1,1,1.0,0,0,0,0,1,0,0,1,1,0,1,0,1,0,0,0,0,0,0,1,0,0,0,0,0,0,0,0,0,1,1,1,0
1.3862943611198906,1.0986122886681098,6.9957661563048505,3.4339872044851463,6.695798917058491,0.6931471805599453,2.3978952727983707,2.3978952727983707,0,0,0,0,0,0,0,1,1,2.0,0,0,1,0,1,1,0,1,1,1,1,1,1,1,0,0,0,0,0,1,0,0,0,0,0,0,1,0,0,0,0,0,0
1.3862943611198906,1.0986122886681098,6.648984550024776,1.6094379124341003,6.208590026096629,1.0986122886681098,2.302585092994046,0.0,0,0,0,0,0,0,0,1,0,2.0,0,0,0,0,0,0,0,0,0,0,0,0,0,0,0,0,0,0,0,0,0,0,0,1,0,0,0,0,0,1,0,0,0
1.3862943611198906,1.0986122886681098,6.890609120147166,2.833213344056216,6.139884552226255,0.6931471805599453,2.302585092994046,1.791759469228055,0,0,1,1,0,0,1,1,1,2.0,0,0,0,0,0,0,0,1,1,0,1,0,1,1,1,0,0,0,0,0,0,0,0,0,0,0,1,0,0,1,0,1,1
1.3862943611198906,1.0986122886681098,6.597145701886651,3.044522437723423,6.139884552226255,0.6931471805599453,2.302585092994046,1.6094379124341003,0,0,0,0,0,0,0,1,0,2.0,0,0,0,1,0,0,0,1,1,0,1,0,0,0,0,0,0,0,0,0,0,0,1,0,0,0,0,0,0,1,1,1,1
1.3862943611198906,1.0986122886681098,6.93828448401696,3.044522437723423,6.139884552226255,1.0986122886681098,2.302585092994046,2.70805020110221,0,0,0,0,0,0,0,1,1,1.0,1,1,1,1,1,1,1,1,1,1,1,1,1,1,1,0,0,0,0,0,0,0,0,0,0,0,1,0,0,1,1,1,0
1.3862943611198906,1.0986122886681098,7.147559271189454,3.044522437723423,6.139884552226255,1.0986122886681098,2.302585092994046,1.3862943611198906,0,0,0,0,0,0,0,1,1,2.0,0,0,0,0,1,0,0,1,0,0,1,0,0,0,0,0,0,0,0,1,0,0,0,0,0,0,1,0,0,1,1,1,0
1.3862943611198906,1.0986122886681098,6.699500340161678,3.044522437723423,6.139884552226255,0.6931471805599453,2.302585092994046,1.791759469228055,0,0,0,0,0,0,0,1,0,2.0,0,0,0,0,0,1,1,0,1,0,0,0,1,1,0,0,0,0,0,0,0,0,0,0,0,1,0,0,0,1,1,1,0
1.0986122886681098,1.0986122886681098,6.771935555839602,3.044522437723423,6.139884552226255,0.6931471805599453,2.302585092994046,0.0,0,0,0,0,0,0,0,1,0,2.0,0,0,0,0,0,0,0,0,0,0,0,0,0,0,0,0,0,0,0,0,0,0,0,0,0,0,1,0,0,1,1,1,1
1.3862943611198906,1.0986122886681098,7.327123292259293,3.044522437723423,6.139884552226255,0.6931471805599453,2.302585092994046,2.6390573296152584,0,0,0,0,0,0,0,1,0,3.0,1,1,1,1,1,0,1,1,1,1,1,1,1,1,0,0,0,0,0,0,0,0,0,1,0,0,1,0,0,1,1,1,1
1.6094379124341003,1.3862943611198906,7.122866658599083,3.8066624897703196,6.529418838262226,1.0986122886681098,0.0,0.0,0,0,0,0,0,0,0,1,1,2.0,0,0,0,0,0,0,0,0,0,0,0,0,0,0,1,0,0,0,0,0,0,0,0,0,0,0,0,0,1,0,0,0,0
1.3862943611198906,1.0986122886681098,6.762729506931879,3.258096538021482,6.398594934535208,1.0986122886681098,2.1972245773362196,0.0,0,0,0,0,0,0,0,1,1,2.0,0,0,0,0,0,0,0,0,0,0,0,0,0,0,0,0,0,0,0,0,0,0,0,0,1,0,1,0,0,0,0,0,0
1.6094379124341003,1.0986122886681098,7.147559271189454,3.332204510175204,6.139884552226255,1.0986122886681098,2.9444389791664403,2.0794415416798357,0,0,0,0,0,0,0,1,1,2.0,1,0,1,0,1,0,0,1,1,0,1,0,1,0,0,0,0,0,0,1,0,0,0,0,0,0,1,0,0,0,0,1,0
1.3862943611198906,1.0986122886681098,6.863803391452954,3.044522437723423,6.139884552226255,1.0986122886681098,2.302585092994046,2.70805020110221,0,0,0,0,0,0,0,0,1,3.0,1,1,1,1,1,1,1,1,1,1,1,1,1,1,0,0,0,0,0,0,0,0,0,0,1,0,0,0,1,1,1,1,0
1.3862943611198906,1.0986122886681098,6.55250788703459,1.791759469228055,6.139884552226255,0.6931471805599453,2.302585092994046,1.6094379124341003,1,1,1,1,0,0,1,0,1,2.0,1,0,0,0,0,1,0,1,1,0,0,0,0,0,0,0,0,0,0,0,0,0,0,0,1,0,0,0,0,1,0,1,1
1.3862943611198906,1.0986122886681098,7.0909098220799835,3.044522437723423,6.139884552226255,1.0986122886681098,2.302585092994046,2.70805020110221,0,0,0,0,0,0,0,1,1,2.0,1,1,1,1,1,1,1,1,1,1,1,1,1,1,0,0,0,0,0,0,0,1,0,0,0,0,1,0,0,1,1,1,0
1.6094379124341003,1.0986122886681098,7.13966033596492,1.791759469228055,6.139884552226255,0.6931471805599453,2.302585092994046,1.791759469228055,0,0,1,1,0,0,0,1,1,2.0,1,0,0,0,0,0,0,1,1,0,1,0,1,0,0,0,0,0,0,0,0,0,0,0,1,0,0,0,0,1,0,1,0
1.3862943611198906,1.0986122886681098,6.478509642208569,3.044522437723423,6.139884552226255,0.6931471805599453,2.302585092994046,0.6931471805599453,0,0,0,0,0,0,0,1,1,2.0,0,0,0,0,0,0,0,1,0,0,0,0,0,0,0,0,0,0,0,0,0,0,0,0,1,0,0,1,0,1,1,1,1
1.3862943611198906,1.0986122886681098,6.842683282238422,3.044522437723423,6.139884552226255,1.0986122886681098,2.302585092994046,2.4849066497880004,0,0,0,0,0,0,0,1,1,3.0,1,1,1,1,1,0,1,1,1,0,1,0,1,1,0,0,0,0,0,0,0,0,0,0,1,0,1,0,0,1,1,1,0
1.9459101490553132,2.0794415416798357,8.33758794211651,3.044522437723423,6.313548046277095,1.3862943611198906,2.302585092994046,0.0,0,1,0,0,1,0,0,1,1,2.0,0,0,0,0,0,0,0,0,0,0,0,0,0,0,0,0,0,0,0,0,0,0,0,0,1,0,1,0,0,1,1,0,0
1.0986122886681098,1.0986122886681098,6.532334292222349,3.044522437723423,6.139884552226255,0.6931471805599453,2.302585092994046,1.9459101490553132,0,0,0,0,0,0,0,1,0,2.0,0,0,0,0,0,1,1,1,1,0,1,0,1,0,0,0,0,0,0,0,0,0,1,0,0,0,0,0,0,1,1,1,0
1.0986122886681098,1.0986122886681098,6.8658910748834385,3.367295829986474,7.047517221357296,0.6931471805599453,2.302585092994046,2.302585092994046,0,0,0,0,0,0,0,1,1,2.0,1,0,1,0,0,0,1,0,1,1,1,1,1,1,0,0,0,0,0,0,0,0,0,0,0,0,0,0,1,0,0,0,1
1.3862943611198906,1.0986122886681098,6.974478911025045,3.044522437723423,6.851184927493743,0.6931471805599453,2.0794415416798357,2.3978952727983707,0,0,0,0,0,0,0,1,0,3.0,0,0,1,1,1,1,0,1,1,1,1,1,1,0,0,0,0,0,0,0,0,0,0,0,0,0,1,0,0,0,1,0,0
1.3862943611198906,1.0986122886681098,6.690842277418564,3.044522437723423,6.139884552226255,1.0986122886681098,2.302585092994046,2.3978952727983707,0,0,0,1,1,0,0,1,1,2.0,1,0,1,1,1,1,1,1,1,0,1,0,1,0,0,0,0,0,0,0,0,0,0,0,1,0,0,0,1,1,1,1,0
1.3862943611198906,1.0986122886681098,6.7464121285733745,3.044522437723423,6.285998094508865,0.6931471805599453,2.302585092994046,1.6094379124341003,1,0,0,0,1,0,0,0,1,2.0,0,0,0,1,0,0,0,1,1,0,1,0,0,0,0,0,0,0,0,0,0,0,0,0,1,0,0,0,0,1,1,0,1
1.3862943611198906,1.0986122886681098,6.489204931325317,3.044522437723423,6.139884552226255,0.6931471805599453,2.302585092994046,0.0,0,0,0,0,0,0,0,1,1,2.0,0,0,0,0,0,0,0,0,0,0,0,0,0,0,0,0,0,0,0,0,0,0,0,0,1,0,0,0,0,1,1,1,1
1.3862943611198906,1.0986122886681098,6.7464121285733745,1.791759469228055,6.139884552226255,0.6931471805599453,2.302585092994046,2.70805020110221,1,1,1,1,0,0,0,1,0,2.0,1,1,1,1,1,1,1,1,1,1,1,1,1,1,0,0,0,0,0,0,0,0,0,0,1,0,0,0,0,1,0,1,0
1.3862943611198906,1.0986122886681098,7.170888478512505,3.332204510175204,5.703782474656201,0.6931471805599453,3.4011973816621555,2.70805020110221,1,1,1,1,1,1,0,1,1,2.0,1,1,1,1,1,1,1,1,1,1,1,1,1,1,1,0,0,0,0,0,0,0,0,0,0,0,1,0,0,0,0,0,0
1.0986122886681098,1.0986122886681098,6.621405651764134,3.044522437723423,6.139884552226255,1.0986122886681098,2.302585092994046,1.3862943611198906,0,0,0,0,0,0,0,1,1,2.0,0,0,0,0,1,0,0,0,0,0,1,0,1,0,0,0,0,0,0,0,0,0,0,0,0,0,1,0,0,1,1,1,0
1.3862943611198906,0.6931471805599453,6.520621127558696,3.044522437723423,6.139884552226255,0.6931471805599453,2.302585092994046,0.0,0,0,0,0,0,0,0,1,1,1.0,0,0,0,0,0,0,0,0,0,0,0,0,0,0,0,0,0,0,0,0,0,0,0,0,0,0,0,1,0,1,1,1,1
1.3862943611198906,1.3862943611198906,7.323830566202317,2.772588722239781,5.293304824724492,0.6931471805599453,3.258096538021482,2.6390573296152584,0,0,0,0,0,0,0,1,1,3.0,1,0,1,1,1,1,1,1,1,1,1,1,1,1,0,0,0,0,0,0,0,1,0,0,0,0,1,0,0,0,0,0,0
1.3862943611198906,1.0986122886681098,6.625392368007956,3.044522437723423,6.139884552226255,0.6931471805599453,2.302585092994046,1.0986122886681098,0,1,0,0,0,0,0,1,1,3.0,0,0,0,0,1,0,0,0,1,0,0,0,0,0,0,0,0,0,0,0,0,0,0,0,1,0,0,0,0,1,1,1,1
1.0986122886681098,0.6931471805599453,6.311734809152915,3.044522437723423,6.139884552226255,0.6931471805599453,2.302585092994046,0.0,0,0,0,0,0,0,0,1,0,1.0,0,0,0,0,0,0,0,0,0,0,0,0,0,0,0,0,0,0,0,1,0,0,0,0,0,0,0,1,0,1,1,1,1
1.0986122886681098,1.0986122886681098,6.498282149476434,3.044522437723423,6.580639137284949,0.6931471805599453,2.302585092994046,2.70805020110221,0,0,0,0,0,0,0,1,1,2.0,1,1,1,1,1,1,1,1,1,1,1,1,1,1,0,0,0,0,0,0,0,0,0,0,0,0,0,0,0,1,0,0,0
1.3862943611198906,1.0986122886681098,6.85751406254539,3.044522437723423,5.736572297479192,0.6931471805599453,2.302585092994046,1.3862943611198906,0,1,0,0,0,1,1,1,1,2.0,0,0,0,0,1,0,0,1,0,0,1,0,0,0,0,0,0,0,0,0,0,0,0,0,1,0,0,0,0,1,1,0,0
1.6094379124341003,1.0986122886681098,7.291656209174461,2.9444389791664403,4.68213122712422,1.0986122886681098,2.1972245773362196,1.9459101490553132,0,0,0,0,0,0,0,1,1,2.0,1,0,1,0,0,0,1,1,0,0,1,0,1,0,0,0,0,0,0,1,0,0,0,0,0,0,1,0,0,0,0,0,0
1.3862943611198906,1.0986122886681098,6.75343791859778,3.044522437723423,6.695798917058491,1.0986122886681098,2.302585092994046,1.791759469228055,0,0,0,0,0,0,0,1,1,2.0,0,0,1,0,1,0,0,1,0,0,1,0,1,0,0,0,0,0,0,1,0,0,0,0,0,0,1,0,0,1,1,0,0
1.3862943611198906,0.6931471805599453,6.403574197934815,3.044522437723423,6.139884552226255,0.6931471805599453,2.302585092994046,1.3862943611198906,1,1,1,1,0,0,1,0,0,3.0,0,0,0,0,1,1,1,0,0,0,0,0,0,0,1,0,0,0,0,0,0,0,0,0,0,0,0,0,0,1,1,1,1
1.3862943611198906,1.0986122886681098,6.55250788703459,3.4339872044851463,6.2166061010848646,0.6931471805599453,2.4849066497880004,2.1972245773362196,0,0,0,0,0,0,0,1,1,3.0,1,0,1,1,0,0,1,1,1,0,1,0,1,0,0,0,0,0,0,1,0,0,0,0,0,0,0,0,0,0,0,0,0
1.3862943611198906,1.0986122886681098,6.591673732008658,3.044522437723423,6.139884552226255,0.6931471805599453,2.302585092994046,1.6094379124341003,0,0,0,0,0,0,0,1,1,2.0,0,0,0,0,1,0,0,1,1,0,1,0,0,0,0,0,1,0,0,0,0,0,0,0,0,0,1,0,0,1,1,1,1
1.3862943611198906,1.0986122886681098,6.8501261661455,2.1972245773362196,6.139884552226255,0.6931471805599453,2.302585092994046,1.791759469228055,0,0,0,0,0,0,0,1,0,2.0,0,0,0,0,0,0,0,1,1,1,1,0,1,0,1,0,0,0,0,0,0,0,0,0,0,0,0,0,0,1,0,1,1
1.3862943611198906,1.0986122886681098,6.55250788703459,1.791759469228055,5.8888779583328805,0.6931471805599453,3.4011973816621555,1.6094379124341003,0,0,0,0,0,0,0,1,1,2.0,0,0,0,0,1,0,0,1,1,0,1,0,0,0,0,0,0,0,0,1,0,0,0,0,0,0,1,0,0,0,0,0,0
1.0986122886681098,0.6931471805599453,6.398594934535208,3.044522437723423,6.139884552226255,0.6931471805599453,2.302585092994046,0.0,1,1,1,1,0,0,1,0,0,2.0,0,0,0,0,0,0,0,0,0,0,0,0,0,0,0,0,0,0,0,0,0,0,0,0,1,0,0,1,0,1,1,1,1
1.0986122886681098,0.6931471805599453,6.311734809152915,3.044522437723423,6.139884552226255,1.0986122886681098,2.302585092994046,2.70805020110221,0,0,0,0,0,0,0,0,1,3.0,1,1,1,1,1,1,1,1,1,1,1,1,1,1,0,0,0,0,0,0,0,0,0,0,1,0,1,0,0,1,1,1,0
1.3862943611198906,1.0986122886681098,6.7464121285733745,2.772588722239781,6.139884552226255,0.6931471805599453,2.3978952727983707,1.9459101490553132,1,0,0,1,0,0,0,0,1,2.0,0,0,1,0,0,1,1,1,0,0,1,0,1,0,0,0,0,0,0,0,0,0,0,0,1,0,1,0,0,0,0,1,0
1.3862943611198906,1.0986122886681098,6.55250788703459,3.258096538021482,6.139884552226255,0.6931471805599453,2.302585092994046,1.3862943611198906,0,0,0,0,0,0,0,1,0,2.0,0,0,0,0,1,0,0,1,0,0,1,0,0,0,0,0,0,0,0,1,0,0,0,0,0,0,0,0,0,1,0,1,0
1.3862943611198906,1.0986122886681098,7.00397413672268,3.258096538021482,7.107425474110705,1.0986122886681098,2.995732273553991,2.3978952727983707,1,0,1,1,0,0,0,1,1,1.0,1,0,1,0,1,1,0,1,1,1,1,0,1,1,1,0,0,0,0,0,0,0,0,0,0,0,1,0,0,0,0,0,0
1.0986122886681098,1.0986122886681098,6.7580945044277305,3.8918202981106265,7.195187320178709,1.0986122886681098,2.302585092994046,2.302585092994046,0,0,0,0,0,0,0,1,0,2.0,1,0,1,0,1,0,1,1,1,1,1,0,1,0,1,0,0,0,0,0,0,0,0,0,0,0,1,0,0,1,0,0,0
1.0986122886681098,1.0986122886681098,6.660575149839686,3.044522437723423,6.139884552226255,1.0986122886681098,2.302585092994046,1.6094379124341003,0,0,0,0,0,0,0,1,1,3.0,0,0,0,0,1,0,0,1,1,0,1,0,0,0,0,0,0,0,0,1,0,0,0,0,0,0,0,0,0,1,1,1,0
1.3862943611198906,1.0986122886681098,6.862757913051401,2.8903717578961645,6.39024066706535,0.6931471805599453,2.302585092994046,1.791759469228055,0,0,0,0,0,0,0,1,0,1.0,0,0,0,0,1,0,0,1,1,0,1,0,1,0,1,0,0,0,0,0,0,0,0,0,0,0,0,0,0,1,0,0,0
1.791759469228055,1.0986122886681098,7.060476365999801,1.791759469228055,6.139884552226255,0.6931471805599453,2.302585092994046,1.9459101490553132,0,0,0,0,0,0,0,1,1,2.0,0,0,0,1,0,1,0,1,1,0,1,0,1,0,0,0,0,0,0,0,0,0,0,0,0,0,0,0,0,1,0,1,1
1.0986122886681098,1.3862943611198906,6.85751406254539,3.258096538021482,6.115892125483034,1.0986122886681098,1.9459101490553132,1.791759469228055,0,0,0,0,0,0,0,1,1,2.0,0,0,1,0,1,0,0,1,1,0,0,0,1,0,0,0,0,0,0,0,0,1,0,0,0,0,1,0,0,0,0,0,0
1.3862943611198906,1.0986122886681098,6.732210706467206,3.044522437723423,6.660575149839686,0.6931471805599453,2.302585092994046,0.0,0,0,0,0,0,0,0,1,0,2.0,0,0,0,0,0,0,0,0,0,0,0,0,0,0,1,0,0,0,0,0,0,0,0,0,0,0,0,0,0,1,0,0,1
1.3862943611198906,1.0986122886681098,6.913737350659685,3.1780538303479458,6.139884552226255,0.6931471805599453,2.302585092994046,1.791759469228055,1,0,0,1,1,0,1,0,0,1.0,0,0,0,0,1,1,0,1,1,0,1,0,0,0,1,0,0,0,0,0,0,0,0,0,0,0,1,0,0,1,0,1,0
1.3862943611198906,1.0986122886681098,6.536691597591305,3.044522437723423,6.139884552226255,0.6931471805599453,2.302585092994046,1.791759469228055,1,0,1,1,0,1,0,0,1,2.0,0,0,0,1,0,0,1,1,1,0,1,0,0,0,0,0,0,0,0,0,0,0,0,0,1,0,0,0,0,1,1,1,0
1.6094379124341003,1.0986122886681098,6.823286122355687,3.6635616461296463,7.881559917056899,1.0986122886681098,1.6094379124341003,2.4849066497880004,0,0,0,0,0,0,0,1,1,3.0,1,0,1,1,1,1,1,1,1,0,1,0,1,1,1,0,0,0,0,0,0,0,0,0,0,0,0,0,1,0,0,0,0
1.3862943611198906,1.0986122886681098,7.035268599281097,3.044522437723423,6.139884552226255,1.0986122886681098,2.302585092994046,0.6931471805599453,0,0,0,0,0,0,0,1,0,2.0,0,0,0,0,0,0,0,0,0,0,1,0,0,0,0,0,0,0,0,0,0,0,0,0,0,1,1,0,0,1,1,1,0
1.3862943611198906,1.0986122886681098,6.478509642208569,1.791759469228055,4.51085950651685,0.6931471805599453,2.302585092994046,1.3862943611198906,0,0,0,0,0,0,0,1,0,1.0,0,0,0,0,0,0,0,1,1,0,1,0,0,0,0,0,0,0,0,0,0,0,0,0,1,0,0,0,0,1,0,0,0
1.3862943611198906,1.0986122886681098,6.90875477931522,3.1354942159291497,6.22455842927536,0.6931471805599453,3.4011973816621555,0.0,0,0,0,0,0,0,0,1,1,2.0,0,0,0,0,0,0,0,0,0,0,0,0,0,0,0,0,0,0,0,1,0,0,0,0,0,0,1,0,0,0,0,0,0
0.6931471805599453,0.6931471805599453,6.486160788944089,2.3978952727983707,4.442651256490317,0.6931471805599453,2.302585092994046,2.70805020110221,0,0,0,0,0,0,0,1,1,1.0,1,1,1,1,1,1,1,1,1,1,1,1,1,1,0,0,0,0,0,0,0,0,0,0,1,0,1,0,0,0,0,0,0
1.3862943611198906,1.0986122886681098,6.818924065275521,3.044522437723423,6.139884552226255,0.6931471805599453,2.302585092994046,0.0,0,0,0,0,0,0,0,1,1,2.0,0,0,0,0,0,0,0,0,0,0,0,0,0,0,0,0,0,0,0,0,0,0,1,0,0,0,1,0,0,1,1,1,0
1.3862943611198906,1.0986122886681098,6.831953565565855,3.044522437723423,6.529418838262226,0.6931471805599453,2.302585092994046,2.302585092994046,0,0,0,1,0,0,1,1,0,2.0,0,0,1,0,1,1,1,1,1,1,1,0,1,0,0,0,0,0,0,0,0,0,0,0,1,0,1,0,0,1,1,0,0
1.791759469228055,1.6094379124341003,7.742835955430749,3.4339872044851463,6.695798917058491,1.3862943611198906,2.3978952727983707,2.3978952727983707,0,0,0,0,0,0,0,1,1,3.0,0,0,1,0,1,1,0,1,1,1,1,1,1,1,0,0,0,0,0,1,0,0,0,0,0,0,1,0,0,0,0,0,0
1.3862943611198906,1.0986122886681098,6.639875833826536,2.9444389791664403,5.303304908059076,0.6931471805599453,2.8903717578961645,1.791759469228055,1,0,1,1,0,0,1,0,0,2.0,0,0,0,0,1,0,0,1,1,0,1,0,1,0,0,0,0,0,0,0,0,0,0,0,1,0,0,0,0,0,0,0,1
1.3862943611198906,1.0986122886681098,6.508769136971682,3.044522437723423,6.139884552226255,0.6931471805599453,2.302585092994046,1.0986122886681098,0,0,0,0,0,0,0,1,0,2.0,0,0,0,0,0,1,0,0,0,0,0,0,1,0,0,0,0,0,0,0,0,0,0,0,1,0,0,0,0,1,1,1,1
1.3862943611198906,0.6931471805599453,6.478509642208569,2.5649493574615367,5.37989735354046,0.6931471805599453,2.302585092994046,1.3862943611198906,1,0,1,1,0,0,0,1,1,2.0,0,0,0,0,1,0,0,0,1,0,1,0,0,0,1,0,0,0,0,0,0,0,0,0,0,0,0,0,0,1,0,0,1
1.3862943611198906,0.6931471805599453,6.504288173536645,3.044522437723423,6.139884552226255,0.6931471805599453,2.302585092994046,0.0,0,0,0,0,0,0,0,0,1,2.0,0,0,0,0,0,0,0,0,0,0,0,0,0,0,0,0,0,0,0,0,0,0,0,0,1,0,0,0,0,1,1,1,1
1.3862943611198906,1.0986122886681098,6.78897174299217,3.4339872044851463,6.695798917058491,0.6931471805599453,2.3978952727983707,2.3978952727983707,0,0,0,0,0,0,0,1,1,2.0,0,0,1,0,1,1,0,1,1,1,1,1,1,1,0,0,0,0,0,1,0,0,0,0,0,0,1,0,0,0,0,0,0
1.0986122886681098,1.0986122886681098,6.842683282238422,3.6635616461296463,6.042632833682381,1.0986122886681098,2.5649493574615367,2.70805020110221,0,0,0,0,0,0,0,1,1,2.0,1,1,1,1,1,1,1,1,1,1,1,1,1,1,0,0,0,0,0,1,0,0,0,0,0,0,1,0,0,0,0,0,0
1.3862943611198906,0.6931471805599453,6.582025138892826,3.044522437723423,6.139884552226255,0.6931471805599453,2.302585092994046,1.6094379124341003,0,0,0,0,0,0,0,0,1,2.0,0,0,0,0,1,1,0,1,1,0,0,0,0,0,0,0,1,0,0,0,0,0,0,0,0,0,0,0,0,1,1,1,1
1.3862943611198906,1.0986122886681098,6.602587892189336,3.044522437723423,6.391917113392602,1.0986122886681098,2.6390573296152584,1.6094379124341003,1,0,0,0,0,1,0,1,1,2.0,0,0,0,0,1,0,0,1,1,0,1,0,0,0,0,0,0,0,0,0,0,0,0,0,1,0,0,0,0,0,1,0,0
1.3862943611198906,1.0986122886681098,6.90875477931522,3.044522437723423,6.139884552226255,1.0986122886681098,1.3862943611198906,2.302585092994046,0,0,0,0,0,0,0,1,1,3.0,0,0,1,0,1,1,0,1,1,1,1,0,1,1,0,0,0,0,0,1,0,0,0,0,0,0,0,0,0,0,1,1,0
1.3862943611198906,1.0986122886681098,7.00397413672268,3.258096538021482,7.107425474110705,0.6931471805599453,2.995732273553991,2.3978952727983707,1,0,1,1,0,0,0,1,1,1.0,1,0,1,0,1,1,0,1,1,1,1,0,1,1,1,0,0,0,0,0,0,0,0,0,0,0,1,0,0,0,0,0,0
1.3862943611198906,1.0986122886681098,6.85751406254539,3.091042453358316,6.139884552226255,0.6931471805599453,3.1780538303479458,2.302585092994046,0,0,0,0,0,0,0,1,1,2.0,1,0,1,0,1,1,1,1,1,0,1,1,0,0,0,0,0,0,0,1,0,0,0,0,0,0,1,0,0,0,0,1,0
1.0986122886681098,1.0986122886681098,7.1459844677143876,3.044522437723423,6.139884552226255,0.6931471805599453,2.302585092994046,2.4849066497880004,0,0,0,0,0,0,0,1,0,1.0,0,0,1,1,1,0,1,1,1,1,1,1,1,1,0,0,0,0,0,0,0,0,1,0,0,0,1,0,0,1,1,1,0
1.3862943611198906,1.0986122886681098,6.55250788703459,3.044522437723423,6.139884552226255,0.6931471805599453,2.302585092994046,0.0,0,0,0,0,0,0,0,1,1,1.0,0,0,0,0,0,0,0,0,0,0,0,0,0,0,0,0,0,0,0,1,0,0,0,0,0,0,0,1,0,1,1,1,1
1.0986122886681098,1.0986122886681098,6.803505257608338,3.6635616461296463,6.161207321695077,1.0986122886681098,1.791759469228055,2.1972245773362196,0,0,0,0,0,0,0,1,1,1.0,0,0,1,0,0,1,0,1,1,1,1,1,1,0,0,0,0,0,0,1,0,0,0,0,0,0,1,0,0,0,0,0,0
1.3862943611198906,1.0986122886681098,7.069874128458572,3.4965075614664802,6.139884552226255,0.6931471805599453,3.367295829986474,2.0794415416798357,0,0,0,0,0,0,0,0,1,2.0,0,0,1,0,1,0,0,1,1,1,1,0,1,0,1,0,0,0,0,0,0,0,0,0,0,0,1,0,0,0,0,1,0
1.3862943611198906,1.0986122886681098,6.7464121285733745,3.091042453358316,6.008813185442595,0.6931471805599453,3.258096538021482,1.6094379124341003,0,0,0,0,0,0,0,1,1,1.0,0,0,0,0,1,0,0,1,0,0,1,0,1,0,0,0,0,0,0,1,0,0,0,0,0,0,1,0,0,0,0,0,0
1.3862943611198906,1.0986122886681098,6.8679744089702925,2.5649493574615367,6.175867270105761,0.6931471805599453,3.1780538303479458,2.4849066497880004,0,0,0,0,1,0,0,1,1,2.0,1,0,1,1,1,1,0,1,1,1,1,0,1,1,0,0,0,0,0,0,0,0,0,0,1,0,1,0,0,0,0,0,0
1.3862943611198906,1.0986122886681098,6.672032945461067,1.6094379124341003,6.139884552226255,0.6931471805599453,2.302585092994046,1.0986122886681098,1,0,0,1,0,0,0,1,1,1.0,0,0,0,0,0,0,0,1,1,0,0,0,0,0,0,0,0,0,0,0,0,0,0,0,1,0,0,0,0,1,0,1,0
1.0986122886681098,0.6931471805599453,6.472346294500901,4.1588830833596715,6.863803391452954,0.6931471805599453,1.0986122886681098,2.4849066497880004,1,1,1,1,0,0,0,1,1,2.0,1,1,1,1,1,0,1,1,1,1,1,0,1,0,1,0,0,0,0,0,0,0,0,0,0,0,0,0,1,0,0,0,0
1.3862943611198906,1.0986122886681098,6.957497370876951,3.044522437723423,6.139884552226255,1.0986122886681098,2.302585092994046,2.1972245773362196,0,0,0,0,0,0,0,1,0,2.0,0,0,1,0,1,1,1,1,1,0,1,0,1,0,0,0,0,0,0,0,0,0,0,0,1,0,1,0,0,1,1,1,0
1.0986122886681098,1.0986122886681098,6.752270376141742,2.302585092994046,6.511745329644728,0.6931471805599453,2.9444389791664403,2.1972245773362196,0,0,0,0,0,0,0,1,0,2.0,0,1,1,0,1,0,0,1,1,0,1,0,1,1,1,0,0,0,0,0,0,0,0,0,0,0,1,0,0,0,0,0,1
1.3862943611198906,1.0986122886681098,7.0909098220799835,2.3978952727983707,6.139884552226255,0.6931471805599453,2.302585092994046,1.3862943611198906,0,0,0,0,0,0,0,1,1,2.0,0,0,0,0,1,0,0,1,0,0,1,0,0,0,0,0,0,0,0,1,0,0,0,0,0,0,1,0,0,1,0,1,0
1.3862943611198906,1.0986122886681098,6.516193076042964,1.791759469228055,6.139884552226255,0.6931471805599453,2.302585092994046,1.0986122886681098,0,0,0,0,0,0,0,1,0,3.0,0,0,0,0,0,1,0,1,0,0,0,0,0,0,1,0,0,0,0,0,0,0,0,0,0,0,0,0,0,1,0,1,1
1.6094379124341003,1.3862943611198906,7.415776975415394,3.7376696182833684,5.262690188904886,1.0986122886681098,2.5649493574615367,1.791759469228055,1,1,1,1,1,1,0,1,1,2.0,0,0,1,0,0,0,0,0,1,0,0,1,1,1,1,0,0,0,0,0,0,0,0,0,0,0,1,0,0,0,0,0,0
1.3862943611198906,1.0986122886681098,6.90875477931522,2.9444389791664403,6.139884552226255,0.6931471805599453,2.302585092994046,1.9459101490553132,0,1,0,1,1,0,1,1,0,3.0,0,0,1,0,0,1,0,1,1,0,1,0,1,0,1,0,0,0,0,0,0,0,0,0,0,0,1,0,0,1,0,1,0
1.0986122886681098,1.3862943611198906,7.229113877793302,3.044522437723423,6.139884552226255,0.6931471805599453,2.302585092994046,2.0794415416798357,0,0,0,0,0,0,0,1,0,2.0,1,0,1,0,1,0,0,1,1,0,1,0,1,0,0,0,0,0,0,0,0,0,0,1,0,0,1,0,0,1,1,1,0
1.3862943611198906,1.0986122886681098,6.721425700790643,1.9459101490553132,5.420534999272286,0.6931471805599453,2.302585092994046,1.6094379124341003,0,0,0,0,0,0,0,1,1,2.0,0,0,0,0,0,0,0,1,1,0,1,0,1,0,0,0,0,0,0,0,0,0,0,0,1,0,0,0,0,1,0,0,0
1.3862943611198906,1.0986122886681098,6.759255270663693,3.295836866004329,6.139884552226255,0.6931471805599453,2.302585092994046,2.302585092994046,1,1,1,1,0,0,1,1,1,2.0,1,0,1,0,0,0,0,1,1,1,1,1,1,1,1,0,0,0,0,0,0,0,0,0,0,0,1,0,0,1,0,1,1
1.6094379124341003,1.0986122886681098,7.220373836723949,3.332204510175204,5.093750200806762,0.6931471805599453,1.9459101490553132,2.0794415416798357,0,0,1,1,0,0,0,0,0,2.0,1,0,1,0,0,0,1,1,1,0,1,0,1,0,0,0,0,0,0,0,0,0,0,0,1,0,1,0,0,0,0,0,1
1.0986122886681098,0.6931471805599453,6.398594934535208,3.044522437723423,6.139884552226255,0.6931471805599453,2.302585092994046,1.9459101490553132,0,0,0,0,0,0,0,1,1,3.0,0,0,1,0,1,0,0,1,1,0,1,0,1,0,0,0,0,0,0,0,0,0,0,0,0,1,0,0,1,1,1,1,0
1.3862943611198906,1.0986122886681098,6.90875477931522,3.091042453358316,6.139884552226255,1.0986122886681098,2.302585092994046,1.6094379124341003,0,0,0,0,0,0,0,0,0,2.0,1,0,0,0,0,0,0,1,1,0,1,0,0,0,0,0,0,0,0,0,0,0,0,0,0,0,0,0,0,1,0,1,0
1.0986122886681098,1.3862943611198906,7.2196420401307355,3.044522437723423,5.1647859739235145,0.6931471805599453,2.302585092994046,2.3978952727983707,0,0,0,0,0,0,0,1,1,3.0,1,0,1,1,1,1,0,1,1,1,1,0,1,0,0,0,0,0,0,1,0,0,0,0,0,0,0,0,1,1,1,0,0
1.6094379124341003,1.0986122886681098,6.90875477931522,3.044522437723423,6.90875477931522,0.6931471805599453,2.302585092994046,1.791759469228055,0,0,0,0,0,0,0,1,1,3.0,0,0,0,0,1,0,0,1,1,0,1,0,1,0,0,0,0,0,0,1,0,0,0,0,0,0,0,0,0,1,1,0,1
1.3862943611198906,1.0986122886681098,7.02197642307216,2.70805020110221,5.3230099791384085,0.6931471805599453,3.295836866004329,1.791759469228055,1,1,1,1,0,0,1,1,1,2.0,0,0,1,0,0,0,0,1,1,0,1,0,1,0,1,0,0,0,0,0,0,0,0,0,0,0,1,0,0,0,0,0,1
1.0986122886681098,1.0986122886681098,6.7464121285733745,3.044522437723423,6.139884552226255,0.6931471805599453,2.302585092994046,2.302585092994046,0,0,0,0,0,0,0,0,1,2.0,1,0,1,1,1,0,1,1,1,0,1,0,1,0,0,0,0,0,0,0,0,0,0,0,0,0,0,0,0,1,1,1,1
1.3862943611198906,1.0986122886681098,6.7464121285733745,2.1972245773362196,6.139884552226255,0.6931471805599453,3.1780538303479458,1.6094379124341003,0,1,1,1,0,1,1,1,1,2.0,0,0,0,0,0,0,0,1,1,0,1,0,1,0,0,0,0,0,0,0,0,0,0,0,1,0,0,0,0,0,0,1,0
1.3862943611198906,1.0986122886681098,6.7464121285733745,3.044522437723423,6.139884552226255,0.6931471805599453,2.302585092994046,1.6094379124341003,0,0,0,0,0,0,0,1,1,3.0,0,0,0,0,0,0,0,1,1,0,1,0,1,0,0,0,0,0,0,0,0,0,0,0,0,0,0,1,0,1,1,1,1
1.3862943611198906,1.0986122886681098,7.419979923661835,2.70805020110221,5.41610040220442,1.0986122886681098,2.302585092994046,2.6390573296152584,1,0,0,1,0,0,1,1,1,3.0,1,0,1,1,1,1,1,1,1,1,1,1,1,1,0,0,0,0,0,0,0,0,0,0,1,0,1,0,0,1,0,0,0
1.3862943611198906,1.0986122886681098,7.43307534889858,2.3978952727983707,4.770684624465665,1.0986122886681098,2.302585092994046,1.6094379124341003,0,0,0,0,0,0,0,1,1,1.0,0,0,0,0,1,0,0,1,1,0,1,0,0,0,0,0,0,0,0,0,0,0,0,0,1,0,0,0,0,0,0,0,0
1.6094379124341003,1.0986122886681098,7.237778191923443,3.091042453358316,6.133398042996649,1.0986122886681098,2.302585092994046,2.4849066497880004,0,0,0,0,0,0,0,1,1,1.0,1,1,1,1,1,1,1,1,1,0,1,0,1,0,0,0,0,0,0,0,0,0,0,0,0,0,0,0,1,0,0,0,0
1.0986122886681098,1.3862943611198906,7.8636512654486515,3.044522437723423,6.139884552226255,0.6931471805599453,2.302585092994046,0.0,0,0,0,0,0,0,0,1,1,2.0,0,0,0,0,0,0,0,0,0,0,0,0,0,0,0,0,0,0,0,1,0,0,0,0,0,0,0,0,1,1,1,1,0
1.3862943611198906,1.0986122886681098,6.621405651764134,3.044522437723423,6.139884552226255,0.6931471805599453,2.302585092994046,1.9459101490553132,0,0,0,0,0,0,0,0,0,1.0,0,0,0,1,0,1,1,1,1,0,1,0,0,0,0,0,0,0,0,0,0,0,0,0,1,0,0,0,0,1,1,1,1
1.3862943611198906,1.0986122886681098,6.7464121285733745,3.044522437723423,6.139884552226255,1.0986122886681098,2.302585092994046,2.4849066497880004,0,0,0,0,0,0,0,0,1,2.0,1,0,1,1,1,1,0,1,1,1,1,1,1,0,0,0,0,0,0,0,0,0,0,0,1,0,0,0,0,1,1,1,0
1.3862943611198906,1.0986122886681098,6.55250788703459,2.9444389791664403,4.919980925828125,0.6931471805599453,3.4011973816621555,1.6094379124341003,0,0,0,0,0,0,0,1,1,2.0,0,0,0,0,1,1,0,1,0,0,1,0,0,0,0,0,0,0,0,1,0,0,0,0,0,0,1,0,0,0,0,0,0
1.3862943611198906,1.0986122886681098,7.0909098220799835,3.044522437723423,5.43372200355424,0.6931471805599453,2.302585092994046,1.791759469228055,0,0,0,0,0,0,0,0,0,2.0,1,0,1,0,0,0,0,0,1,0,1,0,1,0,0,0,0,0,0,0,0,0,0,0,1,0,0,0,1,1,1,0,0
1.3862943611198906,1.0986122886681098,6.68586094706836,1.9459101490553132,6.511745329644728,1.0986122886681098,3.4011973816621555,1.0986122886681098,0,0,0,0,0,0,0,1,0,2.0,0,0,0,0,0,0,0,1,0,0,1,0,0,0,0,0,0,0,0,1,0,0,0,0,0,0,0,0,0,0,0,0,0
1.6094379124341003,1.0986122886681098,6.9726062513017535,2.5649493574615367,4.919980925828125,1.0986122886681098,1.3862943611198906,1.9459101490553132,1,1,0,1,0,0,0,1,1,3.0,0,0,1,0,1,0,0,1,1,0,1,0,1,0,0,0,0,0,0,0,0,0,0,0,1,0,1,0,0,0,0,0,0
1.6094379124341003,1.3862943611198906,7.344719054149673,2.70805020110221,6.139884552226255,0.6931471805599453,2.302585092994046,1.791759469228055,1,0,1,1,1,0,0,1,1,1.0,1,0,0,0,0,0,0,1,1,0,1,0,1,0,0,0,0,0,0,0,0,0,0,0,1,0,1,0,0,1,0,1,1
1.3862943611198906,1.0986122886681098,6.811244378601294,2.5649493574615367,6.139884552226255,0.6931471805599453,2.302585092994046,2.0794415416798357,0,0,0,0,0,0,0,1,0,2.0,0,0,1,0,1,1,0,1,1,0,1,0,1,0,0,0,0,0,0,0,0,0,0,0,1,0,1,0,0,1,0,1,0
1.791759469228055,1.6094379124341003,8.268988209506656,3.5263605246161616,5.963579343618446,1.3862943611198906,2.70805020110221,2.302585092994046,1,1,1,1,0,0,1,1,1,3.0,1,0,1,0,1,1,0,1,1,1,1,0,1,0,1,0,0,0,0,0,0,0,0,0,0,0,1,0,0,0,0,0,0
1.0986122886681098,1.0986122886681098,6.920671504248683,2.9444389791664403,6.398594934535208,0.6931471805599453,2.302585092994046,1.9459101490553132,0,1,1,1,0,0,1,1,1,2.0,1,0,0,1,0,1,0,1,1,0,1,0,0,0,1,0,0,0,0,0,0,0,0,0,0,0,1,0,0,1,0,0,0
1.3862943611198906,1.0986122886681098,7.5688956634069955,3.044522437723423,6.139884552226255,1.3862943611198906,2.302585092994046,2.0794415416798357,0,0,0,1,0,0,1,1,0,2.0,0,0,1,0,1,0,1,1,1,0,1,0,1,0,0,0,0,0,0,0,0,0,0,0,1,0,0,0,0,1,1,1,0
1.0986122886681098,0.6931471805599453,6.670766320845874,3.044522437723423,6.139884552226255,0.6931471805599453,2.302585092994046,0.0,0,0,0,0,0,0,0,1,0,3.0,0,0,0,0,0,0,0,0,0,0,0,0,0,0,0,0,0,0,0,0,0,0,0,1,0,0,0,0,1,1,1,1,1
1.3862943611198906,1.0986122886681098,7.134890851565884,3.8066624897703196,5.937536205082426,1.0986122886681098,1.791759469228055,2.302585092994046,0,0,0,0,0,0,0,1,1,2.0,1,0,1,0,1,0,1,1,1,1,1,0,1,0,0,0,0,0,0,1,0,0,0,0,0,0,1,0,0,0,0,0,0
1.3862943611198906,1.0986122886681098,7.077498053569231,3.044522437723423,6.139884552226255,0.6931471805599453,2.302585092994046,0.0,0,0,0,0,0,0,0,1,1,2.0,0,0,0,0,0,0,0,0,0,0,0,0,0,0,0,0,0,0,0,0,0,0,0,0,0,0,0,0,0,1,1,1,1
1.6094379124341003,1.0986122886681098,7.170888478512505,2.995732273553991,4.74493212836325,1.0986122886681098,2.1972245773362196,2.70805020110221,0,0,0,0,0,0,0,1,1,2.0,1,1,1,1,1,1,1,1,1,1,1,1,1,1,0,0,0,0,0,1,0,0,0,0,0,0,1,0,0,0,0,0,0
1.3862943611198906,1.0986122886681098,6.920671504248683,1.791759469228055,6.139884552226255,0.6931471805599453,2.302585092994046,1.791759469228055,0,0,0,0,0,0,0,1,1,1.0,1,0,0,0,0,0,0,1,1,0,1,0,1,0,0,0,0,0,0,0,0,0,0,0,1,0,0,0,0,1,0,1,0
1.3862943611198906,1.0986122886681098,7.001245622069476,3.1354942159291497,5.241747015059643,0.6931471805599453,2.772588722239781,0.0,0,0,0,0,0,0,0,1,1,3.0,0,0,0,0,0,0,0,0,0,0,0,0,0,0,0,0,0,0,0,0,0,0,0,0,0,0,0,0,0,0,0,0,0
1.3862943611198906,1.0986122886681098,7.068172000388042,2.772588722239781,6.139884552226255,0.6931471805599453,2.302585092994046,2.1972245773362196,1,1,1,1,0,0,0,0,0,1.0,0,0,1,1,0,1,1,1,1,0,1,0,1,0,0,0,0,0,0,0,0,0,0,0,1,0,1,0,0,1,0,1,0
1.3862943611198906,1.0986122886681098,6.928537818164665,2.5649493574615367,4.948759890378168,0.6931471805599453,3.5553480614894135,1.9459101490553132,1,1,1,1,0,0,1,1,1,2.0,1,0,1,0,0,0,0,1,1,0,1,0,1,0,1,0,0,0,0,0,0,0,0,0,0,0,1,0,0,0,0,0,1
1.3862943611198906,1.0986122886681098,6.602587892189336,3.044522437723423,6.391917113392602,0.6931471805599453,2.6390573296152584,0.0,1,0,0,0,0,1,0,1,1,2.0,0,0,0,0,0,0,0,0,0,0,0,0,0,0,0,0,0,0,0,0,0,0,0,0,1,0,0,0,0,0,1,0,1
0.6931471805599453,0.6931471805599453,6.066108090103747,3.258096538021482,7.602900462204755,0.6931471805599453,1.6094379124341003,2.1972245773362196,0,0,0,0,0,0,0,1,1,1.0,0,0,1,0,1,0,1,1,1,1,1,0,1,0,0,0,0,0,0,0,0,0,0,0,0,0,0,0,1,0,0,0,0
1.3862943611198906,1.0986122886681098,6.478509642208569,3.044522437723423,6.139884552226255,0.6931471805599453,2.302585092994046,1.0986122886681098,0,1,1,1,0,0,1,1,0,3.0,0,0,0,0,0,1,0,0,1,0,0,0,0,0,0,0,0,0,0,0,0,0,0,0,1,0,0,0,0,1,1,1,0
1.3862943611198906,1.0986122886681098,6.840546529288687,3.58351893845611,5.7430031878094825,1.0986122886681098,1.6094379124341003,1.9459101490553132,1,0,1,1,1,0,1,1,1,3.0,0,0,1,0,0,0,0,1,1,0,1,1,1,0,1,0,0,0,0,0,0,0,0,0,0,0,0,0,1,0,0,0,0
1.6094379124341003,1.3862943611198906,7.313886831633462,3.784189633918261,5.389071729816501,1.0986122886681098,2.1972245773362196,2.4849066497880004,0,0,0,0,0,0,0,1,1,2.0,1,0,1,1,1,1,1,1,1,1,1,0,1,0,0,0,0,0,0,1,0,0,0,0,0,0,1,0,0,0,0,0,0
1.3862943611198906,1.0986122886681098,7.293697720601438,2.70805020110221,7.200424892944957,0.6931471805599453,3.1780538303479458,2.0794415416798357,0,0,0,0,0,0,0,1,1,1.0,0,0,1,0,0,1,0,1,1,1,1,0,1,0,0,0,0,0,0,0,0,0,0,0,1,0,1,0,0,0,0,0,0
1.3862943611198906,1.0986122886681098,6.625392368007956,3.044522437723423,6.139884552226255,0.6931471805599453,2.302585092994046,0.0,0,0,0,1,0,0,0,1,0,2.0,0,0,0,0,0,0,0,0,0,0,0,0,0,0,0,0,0,0,0,0,0,0,0,0,1,0,0,0,0,1,1,1,0
1.3862943611198906,1.0986122886681098,6.478509642208569,3.044522437723423,6.139884552226255,0.6931471805599453,2.302585092994046,1.9459101490553132,0,0,0,0,0,0,0,1,1,2.0,0,0,0,1,1,0,1,1,1,0,1,0,0,0,0,0,0,0,0,1,0,0,0,0,0,0,0,0,0,0,1,1,1
1.3862943611198906,1.0986122886681098,6.7464121285733745,2.8903717578961645,6.0014148779611505,0.6931471805599453,2.302585092994046,0.0,0,0,0,0,0,0,0,1,1,2.0,0,0,0,0,0,0,0,0,0,0,0,0,0,0,1,0,0,0,0,0,0,0,0,0,0,0,1,0,0,0,0,0,0
1.3862943611198906,1.0986122886681098,7.002155954403621,3.044522437723423,6.240275845170769,0.6931471805599453,2.3978952727983707,0.0,0,0,0,0,0,0,0,1,1,2.0,0,0,0,0,0,0,0,0,0,0,0,0,0,0,0,0,0,0,0,0,0,0,0,0,0,0,0,0,1,0,1,0,1
1.6094379124341003,1.3862943611198906,7.298445101508147,3.1354942159291497,5.438079308923196,1.0986122886681098,2.1972245773362196,2.5649493574615367,0,0,0,0,0,0,0,1,1,2.0,1,0,1,1,1,1,1,1,1,1,1,1,1,0,0,0,0,0,0,0,0,0,0,0,1,0,1,0,0,0,0,0,0
1.6094379124341003,1.0986122886681098,6.968850378341948,3.258096538021482,6.3784261836515865,0.6931471805599453,2.9444389791664403,2.1972245773362196,1,1,1,1,0,0,1,1,1,2.0,0,0,0,0,1,1,1,1,1,0,1,0,1,1,0,0,0,0,0,0,0,0,0,0,1,0,0,0,1,0,0,0,0
1.3862943611198906,1.0986122886681098,6.981934677156389,3.6635616461296463,6.075346031088684,0.6931471805599453,2.0794415416798357,2.0794415416798357,0,0,0,0,0,0,0,1,1,1.0,1,0,1,1,0,0,0,0,1,1,1,0,1,0,0,0,0,0,0,1,0,0,0,0,0,0,1,0,0,0,0,0,1
1.3862943611198906,0.6931471805599453,6.484635235635252,2.0794415416798357,3.6109179126442243,0.6931471805599453,2.302585092994046,1.6094379124341003,0,0,0,0,0,0,0,1,1,3.0,0,0,0,0,1,0,1,1,0,0,1,0,0,0,0,0,0,0,0,1,0,0,0,0,0,0,0,0,0,1,0,0,0
1.3862943611198906,1.0986122886681098,6.501289670540389,3.1780538303479458,6.139884552226255,0.6931471805599453,2.70805020110221,2.1972245773362196,0,0,0,0,0,0,0,1,1,2.0,1,0,1,1,1,0,1,1,1,0,1,0,0,0,0,0,0,0,0,1,0,0,0,0,0,0,0,0,0,0,0,1,0
1.6094379124341003,1.3862943611198906,7.511524648390866,3.044522437723423,5.971261839790462,1.0986122886681098,2.4849066497880004,2.6390573296152584,1,1,0,1,1,0,1,1,0,2.0,1,0,1,1,1,1,1,1,1,1,1,1,1,1,1,0,0,0,0,0,0,0,0,0,0,0,1,0,0,0,1,0,0
1.3862943611198906,1.0986122886681098,7.00397413672268,2.8903717578961645,6.139884552226255,0.6931471805599453,2.302585092994046,1.9459101490553132,1,1,0,1,1,0,1,1,1,2.0,0,0,1,0,1,0,0,1,1,0,1,0,1,0,1,0,0,0,0,0,0,0,0,0,0,0,1,0,0,1,0,1,0
1.3862943611198906,1.0986122886681098,6.85751406254539,2.8903717578961645,6.385194398997726,0.6931471805599453,3.5553480614894135,1.791759469228055,0,0,0,0,0,0,0,1,0,2.0,0,0,0,0,1,0,1,1,1,0,1,0,0,0,0,0,0,0,0,1,0,0,0,0,0,0,0,0,0,0,0,0,0
1.3862943611198906,1.0986122886681098,6.55250788703459,3.4339872044851463,6.2166061010848646,0.6931471805599453,2.4849066497880004,2.302585092994046,0,0,0,0,0,0,0,1,1,2.0,1,0,1,1,1,0,1,1,1,0,1,0,1,0,0,0,0,0,0,1,0,0,0,0,0,0,0,0,0,0,0,0,0
1.3862943611198906,1.3862943611198906,7.170888478512505,3.295836866004329,6.3080984415095305,1.0986122886681098,2.0794415416798357,2.70805020110221,0,0,0,0,0,0,0,1,1,2.0,1,1,1,1,1,1,1,1,1,1,1,1,1,1,0,0,0,0,0,1,0,0,0,0,0,0,1,0,0,0,0,0,0
1.6094379124341003,1.0986122886681098,6.873163834212518,2.70805020110221,5.820082930352362,1.0986122886681098,2.6390573296152584,0.0,0,0,0,0,0,0,0,1,1,2.0,0,0,0,0,0,0,0,0,0,0,0,0,0,0,1,0,0,0,0,0,0,0,0,0,0,0,1,0,0,0,0,0,0
1.3862943611198906,1.0986122886681098,6.7464121285733745,3.1354942159291497,6.705639094860003,0.6931471805599453,2.833213344056216,2.302585092994046,0,0,0,0,0,0,0,1,1,2.0,1,0,1,1,1,0,0,1,1,0,1,1,1,0,0,0,0,0,0,1,0,0,0,0,0,0,1,0,0,0,0,0,0
1.3862943611198906,1.0986122886681098,6.968850378341948,3.091042453358316,6.68586094706836,0.6931471805599453,2.8903717578961645,0.0,0,0,0,0,0,0,0,1,0,2.0,0,0,0,0,0,0,0,0,0,0,0,0,0,0,1,0,0,0,0,0,0,0,0,0,0,0,0,0,0,0,0,0,1
1.0986122886681098,1.0986122886681098,6.902742737158593,2.9444389791664403,6.398594934535208,0.6931471805599453,2.302585092994046,1.9459101490553132,0,1,1,1,0,0,1,1,1,1.0,1,0,0,1,0,1,0,1,1,0,1,0,0,0,1,0,0,0,0,0,0,0,0,0,0,0,1,0,0,1,0,0,0
1.3862943611198906,0.6931471805599453,6.478509642208569,3.044522437723423,6.139884552226255,0.6931471805599453,2.302585092994046,1.6094379124341003,0,0,0,0,0,0,0,1,1,2.0,0,0,0,0,1,0,1,1,0,0,1,0,0,0,0,0,0,0,0,1,0,0,0,0,0,0,0,0,0,1,1,1,1
0.6931471805599453,0.6931471805599453,5.638354669333745,3.044522437723423,6.139884552226255,0.6931471805599453,2.302585092994046,2.6390573296152584,1,1,1,1,1,0,1,1,0,2.0,1,1,1,1,1,1,1,0,1,1,1,1,1,1,1,0,0,0,0,0,0,0,0,0,0,0,0,0,1,1,1,1,1
1.0986122886681098,0.6931471805599453,6.437751649736401,3.044522437723423,6.139884552226255,0.6931471805599453,2.302585092994046,0.0,0,0,0,0,0,0,0,1,0,2.0,0,0,0,0,0,0,0,0,0,0,0,0,0,0,0,0,0,0,0,0,0,0,0,1,0,0,0,0,0,1,1,1,1
1.6094379124341003,1.0986122886681098,6.957497370876951,1.791759469228055,6.139884552226255,0.6931471805599453,2.302585092994046,1.9459101490553132,0,1,0,1,1,0,0,0,0,2.0,1,0,0,0,0,1,0,1,1,0,1,0,1,0,1,0,0,0,0,0,0,0,0,0,0,0,1,0,0,1,0,1,1
1.3862943611198906,1.0986122886681098,7.113142108707088,3.7376696182833684,7.017506142941256,1.0986122886681098,1.791759469228055,2.70805020110221,0,0,1,1,0,0,1,1,1,2.0,1,1,1,1,1,1,1,1,1,1,1,1,1,1,1,0,0,0,0,0,0,0,0,0,0,0,0,0,1,0,0,0,0
1.3862943611198906,0.6931471805599453,6.478509642208569,1.791759469228055,6.139884552226255,0.6931471805599453,2.302585092994046,0.6931471805599453,0,0,1,0,1,0,1,1,0,3.0,0,0,0,0,0,0,0,0,1,0,0,0,0,0,0,0,0,0,0,0,0,0,0,0,1,0,0,1,0,1,0,1,1
1.3862943611198906,1.0986122886681098,6.860663671448287,3.044522437723423,5.638354669333745,0.6931471805599453,1.3862943611198906,2.4849066497880004,0,0,1,1,0,0,0,1,1,2.0,1,1,1,1,1,0,1,1,1,1,1,0,1,0,0,0,0,0,0,0,0,0,0,0,1,0,1,0,0,0,1,0,1
1.3862943611198906,1.0986122886681098,6.7464121285733745,3.044522437723423,6.139884552226255,0.6931471805599453,2.302585092994046,1.6094379124341003,0,0,0,0,0,0,0,0,0,2.0,0,0,0,0,1,0,0,1,1,0,1,0,0,0,0,0,0,0,0,0,0,0,0,0,1,0,0,0,0,1,1,1,1
1.3862943611198906,1.0986122886681098,7.00397413672268,2.70805020110221,6.175867270105761,0.6931471805599453,2.772588722239781,2.4849066497880004,0,0,0,0,0,0,0,1,1,2.0,1,1,1,1,1,1,0,1,1,0,1,1,1,0,0,0,0,0,0,0,0,0,0,0,1,0,1,0,0,0,0,0,0
1.3862943611198906,1.0986122886681098,6.736966958001855,2.995732273553991,6.013715156042802,0.6931471805599453,1.791759469228055,2.1972245773362196,1,0,0,1,0,0,0,0,0,2.0,0,0,1,0,1,1,1,1,1,0,1,0,1,0,0,0,0,0,0,0,0,0,0,0,1,0,0,0,1,0,0,0,0
1.3862943611198906,1.0986122886681098,7.1316985104669115,3.044522437723423,6.163314804034641,1.0986122886681098,2.0794415416798357,1.9459101490553132,0,0,1,1,0,0,0,1,1,2.0,0,0,1,0,1,0,0,1,1,0,1,0,1,0,1,0,0,0,0,0,0,0,0,0,0,0,1,0,0,0,1,0,0
1.3862943611198906,1.0986122886681098,7.066466970136958,3.044522437723423,5.198497031265826,0.6931471805599453,2.0794415416798357,2.4849066497880004,0,0,1,0,1,0,0,1,0,1.0,1,0,1,1,1,1,1,1,1,1,1,0,1,0,1,0,0,0,0,0,0,0,0,0,0,0,1,0,0,0,1,0,0
1.6094379124341003,1.0986122886681098,7.157735484249907,2.4849066497880004,5.4680601411351315,0.6931471805599453,3.295836866004329,2.3978952727983707,0,1,1,1,1,1,0,1,1,2.0,1,0,1,0,0,1,1,1,1,1,1,1,1,0,0,0,0,0,0,0,0,0,0,0,1,0,1,0,0,0,0,0,1
1.3862943611198906,1.0986122886681098,7.068172000388042,2.772588722239781,6.139884552226255,0.6931471805599453,2.302585092994046,2.1972245773362196,1,1,1,1,0,0,0,0,0,2.0,0,0,1,0,1,1,1,1,1,0,1,0,1,0,0,0,0,0,0,0,0,0,0,0,1,0,1,0,0,1,0,1,0
1.3862943611198906,1.0986122886681098,6.9167150203536085,2.5649493574615367,5.726847747587197,0.6931471805599453,2.1972245773362196,1.791759469228055,0,0,0,0,0,0,0,1,1,2.0,0,0,0,0,1,0,0,1,1,0,1,0,1,0,0,0,0,0,0,0,0,0,0,0,1,0,1,0,0,0,0,0,1
1.3862943611198906,1.0986122886681098,6.8885724595653635,3.044522437723423,6.139884552226255,0.6931471805599453,2.302585092994046,1.9459101490553132,0,0,0,0,0,0,0,1,1,1.0,1,0,0,1,0,0,0,1,1,0,1,0,1,0,0,1,0,0,0,0,0,0,0,0,0,0,0,0,0,1,1,1,0
1.6094379124341003,1.0986122886681098,7.204892510204673,2.8903717578961645,4.5217885770490405,1.0986122886681098,2.0794415416798357,2.5649493574615367,0,0,0,0,0,0,0,1,1,2.0,0,1,1,1,1,1,1,1,1,1,1,1,1,0,0,0,0,0,0,1,0,0,0,0,0,0,1,0,0,0,0,0,0
1.3862943611198906,1.0986122886681098,6.55250788703459,3.091042453358316,6.255750041753367,0.6931471805599453,3.2188758248682006,2.0794415416798357,0,0,0,0,0,0,0,1,1,3.0,0,0,1,1,1,0,0,1,1,0,1,0,1,0,0,0,0,0,0,1,0,0,0,0,0,0,0,0,0,0,0,0,0
1.6094379124341003,1.0986122886681098,7.147559271189454,3.332204510175204,6.139884552226255,1.0986122886681098,2.9444389791664403,2.0794415416798357,0,0,0,0,0,0,0,1,1,2.0,1,0,1,0,1,0,0,1,1,0,1,0,1,0,0,0,0,0,0,1,0,0,0,0,0,0,1,0,0,0,0,1,0
1.3862943611198906,1.0986122886681098,6.90975328164481,1.6094379124341003,6.139884552226255,0.6931471805599453,2.302585092994046,0.0,0,0,0,0,0,0,0,1,0,3.0,0,0,0,0,0,0,0,0,0,0,0,0,0,0,0,0,0,0,0,0,0,0,0,0,0,0,0,0,0,1,0,1,0
1.3862943611198906,1.0986122886681098,6.769641976852503,3.4011973816621555,5.971261839790462,0.6931471805599453,2.0794415416798357,1.9459101490553132,0,0,0,0,0,0,0,1,0,2.0,0,0,1,0,1,0,0,1,1,0,1,0,1,0,0,0,0,0,0,0,0,0,1,0,0,0,1,0,0,0,0,0,0
1.3862943611198906,1.3862943611198906,7.109062135687172,3.4339872044851463,6.695798917058491,1.0986122886681098,2.3978952727983707,2.3978952727983707,0,0,0,0,0,0,0,1,1,2.0,0,0,1,0,1,1,0,1,1,1,1,1,1,1,0,0,0,0,0,1,0,0,0,0,0,0,1,0,0,0,0,0,0
1.3862943611198906,1.0986122886681098,6.851184927493743,3.044522437723423,6.139884552226255,0.6931471805599453,2.302585092994046,0.0,0,0,1,1,0,0,1,1,1,2.0,0,0,0,0,0,0,0,0,0,0,0,0,0,0,0,0,0,0,0,0,0,0,0,0,1,0,0,0,0,1,1,1,1
1.3862943611198906,1.0986122886681098,7.170888478512505,2.772588722239781,5.910796644040527,0.6931471805599453,1.9459101490553132,1.791759469228055,0,0,0,0,0,0,0,0,1,2.0,0,0,0,0,1,0,0,1,1,0,1,0,1,0,1,0,0,0,0,0,0,0,0,0,0,0,1,0,0,0,0,0,0
1.3862943611198906,1.0986122886681098,7.017506142941256,3.6635616461296463,6.139884552226255,0.6931471805599453,2.6390573296152584,2.0794415416798357,0,0,0,0,0,0,0,1,0,2.0,1,0,1,0,1,0,0,1,0,0,1,1,1,0,0,0,0,0,0,1,0,0,0,0,0,0,1,0,0,0,0,1,0
1.9459101490553132,1.791759469228055,8.006700845440367,3.044522437723423,5.54907608489522,1.0986122886681098,2.772588722239781,2.302585092994046,0,0,0,0,0,0,0,1,1,3.0,1,0,1,0,1,0,0,1,1,1,1,0,1,1,0,0,0,0,0,1,0,0,0,0,0,0,1,0,0,0,1,0,0
1.3862943611198906,1.0986122886681098,6.957497370876951,2.5649493574615367,5.638354669333745,1.0986122886681098,2.1972245773362196,2.302585092994046,1,0,1,1,0,0,1,1,0,2.0,0,1,1,0,1,1,1,1,1,0,1,0,1,0,1,0,0,0,0,0,0,0,0,0,0,0,1,0,0,0,0,0,0
1.3862943611198906,1.0986122886681098,6.792344427470809,3.1354942159291497,5.988961416889864,0.6931471805599453,2.70805020110221,1.6094379124341003,0,0,0,0,0,0,0,1,0,2.0,0,0,0,0,1,0,0,1,0,0,1,0,1,0,0,0,0,0,0,1,0,0,0,0,0,0,0,0,0,0,0,0,0
1.3862943611198906,1.0986122886681098,6.648984550024776,2.9444389791664403,5.303304908059076,0.6931471805599453,2.8903717578961645,0.0,1,0,1,1,0,0,1,1,0,2.0,0,0,0,0,0,0,0,0,0,0,0,0,0,0,0,0,0,0,0,0,0,0,0,0,1,0,0,0,0,0,0,0,1
1.6094379124341003,1.3862943611198906,7.27655640271871,3.044522437723423,6.124683390894205,0.6931471805599453,2.0794415416798357,2.1972245773362196,0,0,1,0,1,0,0,1,0,2.0,1,0,1,0,1,0,1,1,1,0,1,0,1,0,0,0,0,0,0,0,0,0,0,0,1,0,1,0,0,0,0,0,1
1.6094379124341003,1.6094379124341003,8.699681400989514,3.044522437723423,6.139884552226255,1.3862943611198906,2.302585092994046,2.70805020110221,0,0,0,0,0,0,0,1,1,3.0,1,1,1,1,1,1,1,1,1,1,1,1,1,1,0,0,0,0,0,1,0,0,0,0,0,0,1,0,0,1,1,1,0
1.3862943611198906,1.0986122886681098,6.478509642208569,3.044522437723423,6.139884552226255,0.6931471805599453,2.302585092994046,0.0,0,0,0,0,0,0,0,1,1,3.0,0,0,0,0,0,0,0,0,0,0,0,0,0,0,0,0,0,0,0,0,0,0,0,0,0,0,0,1,0,1,1,1,1
1.3862943611198906,1.0986122886681098,6.55250788703459,3.1780538303479458,6.139884552226255,0.6931471805599453,2.70805020110221,2.1972245773362196,0,0,0,0,0,0,0,1,1,2.0,1,0,1,1,1,0,1,1,1,0,1,0,0,0,0,0,0,0,0,1,0,0,0,0,0,0,0,0,0,0,0,1,0
1.3862943611198906,1.0986122886681098,6.68586094706836,3.044522437723423,6.139884552226255,0.6931471805599453,2.302585092994046,1.0986122886681098,0,0,0,0,0,0,0,1,0,2.0,0,0,0,0,0,0,0,1,1,0,0,0,0,0,0,0,0,0,0,0,0,0,0,0,0,0,0,0,0,1,1,1,1
1.3862943611198906,1.0986122886681098,7.0909098220799835,3.4339872044851463,6.705639094860003,1.6094379124341003,2.0794415416798357,2.302585092994046,0,0,0,0,0,0,0,1,1,2.0,1,0,1,1,1,0,1,1,1,0,1,0,1,0,0,0,0,0,0,1,0,0,0,0,0,0,1,0,0,0,0,0,0
1.0986122886681098,1.0986122886681098,6.716594773520978,3.5553480614894135,6.297109319933935,1.0986122886681098,1.9459101490553132,1.9459101490553132,0,1,1,1,0,0,1,1,0,2.0,0,0,1,0,1,0,0,1,1,0,1,0,1,0,1,0,0,0,0,0,0,0,0,0,0,0,0,0,1,0,0,0,0
1.3862943611198906,1.0986122886681098,6.852242569051878,1.791759469228055,6.139884552226255,0.6931471805599453,2.302585092994046,1.3862943611198906,0,0,0,0,0,0,0,1,0,1.0,1,0,0,0,0,0,0,1,0,0,1,0,0,0,1,0,0,0,0,0,0,0,0,0,0,0,0,0,0,1,0,1,1
1.3862943611198906,1.0986122886681098,6.7580945044277305,3.044522437723423,6.139884552226255,0.6931471805599453,2.302585092994046,2.1972245773362196,0,0,0,1,0,0,0,1,1,1.0,0,0,0,1,1,1,1,1,1,0,1,0,1,0,0,0,0,0,0,0,0,0,0,0,1,0,0,0,0,1,1,1,0
1.3862943611198906,1.0986122886681098,7.030857476116121,3.295836866004329,6.3080984415095305,1.0986122886681098,2.0794415416798357,2.70805020110221,0,0,0,0,0,0,0,1,1,2.0,1,1,1,1,1,1,1,1,1,1,1,1,1,1,0,0,0,0,0,1,0,0,0,0,0,0,1,0,0,0,0,0,0
1.3862943611198906,1.0986122886681098,6.621405651764134,3.044522437723423,6.139884552226255,0.6931471805599453,2.302585092994046,2.302585092994046,0,0,0,0,0,0,0,1,1,2.0,1,0,1,1,1,1,1,1,1,0,1,0,0,0,0,0,0,0,0,0,0,1,0,0,0,0,0,0,0,1,1,1,0
1.3862943611198906,1.3862943611198906,6.957497370876951,3.044522437723423,6.139884552226255,0.6931471805599453,2.302585092994046,2.3978952727983707,0,0,0,0,0,0,0,1,1,1.0,1,0,1,1,1,0,1,1,1,1,1,0,1,0,0,0,0,0,0,0,0,0,0,0,0,0,0,0,1,1,1,1,1
1.3862943611198906,1.0986122886681098,7.00397413672268,1.9459101490553132,5.198497031265826,0.6931471805599453,2.302585092994046,2.302585092994046,1,0,0,1,0,0,0,0,0,2.0,0,0,1,1,1,1,0,1,1,0,1,0,1,1,1,0,0,0,0,0,0,0,0,0,0,0,1,0,0,1,0,0,0
1.3862943611198906,1.0986122886681098,6.90975328164481,3.044522437723423,5.993961427306569,0.6931471805599453,2.302585092994046,2.302585092994046,0,0,0,0,0,0,0,1,0,1.0,1,1,1,0,1,0,0,1,1,1,1,0,1,0,0,0,0,0,0,0,0,0,0,0,0,0,0,0,0,1,1,0,1
1.0986122886681098,1.0986122886681098,6.588926477533519,2.4849066497880004,7.123672785204607,0.6931471805599453,3.1780538303479458,1.6094379124341003,0,1,1,1,0,0,1,0,1,2.0,0,0,0,0,0,1,0,1,1,0,1,0,0,0,1,0,0,0,0,0,0,0,0,0,0,0,1,0,0,0,0,0,1
1.3862943611198906,1.0986122886681098,6.7464121285733745,3.1354942159291497,6.705639094860003,0.6931471805599453,2.833213344056216,2.302585092994046,0,0,0,0,0,0,0,1,1,2.0,1,0,1,1,1,0,0,1,1,0,1,1,1,0,0,0,0,0,0,1,0,0,0,0,0,0,1,0,0,0,0,0,0
1.3862943611198906,1.0986122886681098,6.70808408385307,3.044522437723423,6.139884552226255,0.6931471805599453,1.9459101490553132,2.0794415416798357,0,0,0,0,0,0,0,1,1,2.0,1,1,0,0,0,1,0,1,1,0,1,0,1,0,0,0,0,0,0,0,0,0,0,0,0,0,0,0,0,0,0,1,1
1.3862943611198906,0.6931471805599453,6.790097235513905,3.044522437723423,6.139884552226255,0.6931471805599453,2.302585092994046,0.0,0,0,0,0,0,0,0,1,1,1.0,0,0,0,0,0,0,0,0,0,0,0,0,0,0,1,0,0,0,0,0,0,0,0,0,0,0,0,0,0,1,1,1,0
1.3862943611198906,1.0986122886681098,6.7464121285733745,3.044522437723423,6.139884552226255,0.6931471805599453,2.302585092994046,0.0,0,0,0,0,0,0,0,1,1,2.0,0,0,0,0,0,0,0,0,0,0,0,0,0,0,0,0,0,0,0,0,0,0,0,0,0,1,0,0,0,1,1,1,0
1.3862943611198906,1.0986122886681098,7.0909098220799835,3.044522437723423,6.111467339502679,1.0986122886681098,0.6931471805599453,2.0794415416798357,0,0,0,0,0,0,0,1,1,2.0,0,0,1,0,1,0,0,1,1,1,1,0,1,0,0,0,0,0,0,1,0,0,0,0,0,0,1,0,0,0,1,0,0
1.3862943611198906,1.0986122886681098,6.78105762593618,1.791759469228055,4.51085950651685,0.6931471805599453,2.302585092994046,1.6094379124341003,0,0,0,0,0,0,0,1,0,2.0,0,0,0,0,1,0,0,1,1,0,1,0,0,0,0,0,0,0,0,0,0,0,0,0,1,0,0,0,0,1,0,0,0
1.3862943611198906,1.0986122886681098,7.16703787691222,1.9459101490553132,5.420534999272286,1.0986122886681098,2.1972245773362196,2.6390573296152584,0,0,0,0,0,0,0,1,1,2.0,1,1,1,1,1,1,0,1,1,1,1,1,1,1,0,0,0,0,0,1,0,0,0,0,0,0,1,0,0,0,0,0,0
1.3862943611198906,0.6931471805599453,6.559615237493242,3.044522437723423,6.139884552226255,0.6931471805599453,2.302585092994046,1.0986122886681098,1,0,1,1,0,0,0,0,0,2.0,0,0,0,0,0,0,0,1,0,0,1,0,0,0,0,0,0,0,0,0,0,0,0,0,1,0,0,1,0,1,1,1,1
1.3862943611198906,1.0986122886681098,6.8658910748834385,1.791759469228055,6.139884552226255,0.6931471805599453,2.302585092994046,1.6094379124341003,0,0,1,1,0,0,0,1,0,3.0,0,0,0,0,0,1,0,1,1,0,1,0,0,0,0,0,0,0,0,0,0,0,0,0,1,0,0,0,0,1,0,1,1
1.0986122886681098,0.6931471805599453,6.437751649736401,3.044522437723423,6.139884552226255,0.6931471805599453,2.302585092994046,0.0,0,0,0,0,0,0,0,1,0,2.0,0,0,0,0,0,0,0,0,0,0,0,0,0,0,0,0,0,0,0,0,0,0,0,1,0,0,0,0,0,1,1,1,1
1.6094379124341003,1.0986122886681098,7.201170883281678,2.995732273553991,6.07993319509559,0.6931471805599453,2.833213344056216,2.0794415416798357,1,1,0,1,1,0,1,0,0,1.0,0,0,1,0,1,1,0,1,1,0,1,0,1,0,1,0,0,0,0,0,0,0,0,0,0,0,1,0,0,0,0,0,0
1.3862943611198906,1.0986122886681098,7.011213987350367,3.044522437723423,6.139884552226255,0.6931471805599453,2.302585092994046,2.302585092994046,0,0,0,0,0,0,0,1,0,3.0,0,1,1,1,1,1,0,1,1,0,1,0,1,0,0,0,0,0,0,0,0,0,0,1,0,0,1,0,0,1,1,1,0
1.3862943611198906,1.0986122886681098,6.698268054115413,3.044522437723423,6.139884552226255,0.6931471805599453,2.302585092994046,0.0,0,0,0,0,0,0,0,0,0,2.0,0,0,0,0,0,0,0,0,0,0,0,0,0,0,0,0,0,0,0,0,0,0,0,0,1,0,0,1,0,1,1,1,0
1.3862943611198906,1.0986122886681098,7.1308988302963465,3.5263605246161616,5.54907608489522,1.0986122886681098,1.3862943611198906,2.0794415416798357,0,0,0,0,0,0,0,1,1,2.0,0,0,1,0,0,1,0,1,1,1,1,0,1,0,0,0,0,0,0,1,0,0,0,0,0,0,1,0,0,0,0,0,0
1.3862943611198906,1.0986122886681098,6.55250788703459,2.5649493574615367,6.139884552226255,1.0986122886681098,3.1780538303479458,0.0,0,0,0,0,0,0,0,1,1,2.0,0,0,0,0,0,0,0,0,0,0,0,0,0,0,0,0,0,0,0,1,0,0,0,0,0,0,0,0,0,0,0,1,0
1.3862943611198906,1.0986122886681098,6.8308742346461795,2.833213344056216,5.2832037287379885,1.0986122886681098,2.772588722239781,0.0,0,0,0,0,0,0,0,1,0,3.0,0,0,0,0,0,0,0,0,0,0,0,0,0,0,0,0,0,0,0,0,0,0,0,0,0,0,0,0,0,0,0,0,0
1.3862943611198906,1.0986122886681098,6.803505257608338,3.7612001156935624,7.895808377083183,1.0986122886681098,1.6094379124341003,1.791759469228055,0,0,0,0,0,0,0,1,1,1.0,0,0,0,0,1,0,0,1,1,0,1,0,1,0,0,0,0,0,0,1,0,0,0,0,0,0,1,0,0,0,0,0,0
1.3862943611198906,1.0986122886681098,6.784457062637643,3.5263605246161616,6.616065185132817,1.0986122886681098,1.0986122886681098,2.302585092994046,1,0,0,1,0,0,0,1,0,2.0,1,0,1,1,1,0,1,0,1,1,1,0,1,0,0,0,0,0,0,0,0,0,0,0,1,0,0,0,1,0,0,0,0
1.3862943611198906,1.0986122886681098,6.580639137284949,3.044522437723423,6.139884552226255,0.6931471805599453,2.302585092994046,1.3862943611198906,1,0,0,1,0,0,0,0,0,3.0,0,0,0,0,0,0,0,1,1,0,1,0,0,0,0,0,0,0,0,0,0,0,0,0,1,0,0,0,0,1,1,1,1
1.3862943611198906,1.0986122886681098,6.710523109452428,3.044522437723423,6.139884552226255,1.0986122886681098,2.302585092994046,1.3862943611198906,0,0,1,1,0,0,0,0,1,1.0,0,0,0,0,0,0,0,1,1,0,1,0,0,0,0,0,0,0,0,0,0,0,0,0,1,0,0,0,0,1,1,1,0
1.3862943611198906,1.0986122886681098,6.8308742346461795,1.791759469228055,6.139884552226255,0.6931471805599453,2.302585092994046,1.9459101490553132,1,0,1,1,0,0,0,1,1,1.0,1,0,0,1,0,1,0,1,1,0,1,0,0,0,0,0,0,0,0,0,0,0,0,0,1,0,0,0,0,1,0,1,0
0.6931471805599453,1.0986122886681098,6.139884552226255,3.044522437723423,6.139884552226255,0.6931471805599453,2.302585092994046,0.0,0,0,0,0,0,0,0,1,1,2.0,0,0,0,0,0,0,0,0,0,0,0,0,0,0,0,0,0,0,0,0,0,0,0,0,0,0,1,0,0,1,1,1,1
1.3862943611198906,1.3862943611198906,7.4067107301776405,3.8066624897703196,5.937536205082426,1.0986122886681098,1.791759469228055,2.302585092994046,0,0,0,0,0,0,0,1,1,3.0,1,0,1,0,1,0,1,1,1,1,1,0,1,0,0,0,0,0,0,1,0,0,0,0,0,0,1,0,0,0,0,0,0
1.3862943611198906,1.0986122886681098,7.438971592395862,3.044522437723423,6.139884552226255,0.6931471805599453,2.302585092994046,0.0,0,0,0,0,0,0,0,1,0,3.0,0,0,0,0,0,0,0,0,0,0,0,0,0,0,0,0,0,0,0,0,0,0,0,1,0,0,1,0,0,1,1,1,0
1.3862943611198906,1.0986122886681098,6.957497370876951,2.70805020110221,6.139884552226255,0.6931471805599453,3.4339872044851463,0.0,0,0,0,0,0,0,0,1,1,2.0,0,0,0,0,0,0,0,0,0,0,0,0,0,0,1,0,0,0,0,0,0,0,0,0,0,0,0,0,0,0,0,1,0
1.3862943611198906,1.0986122886681098,6.70808408385307,1.791759469228055,6.139884552226255,0.6931471805599453,2.302585092994046,1.791759469228055,0,0,0,0,0,0,0,0,1,1.0,0,0,0,0,1,0,0,1,1,0,1,0,1,0,0,0,0,0,0,0,0,0,0,0,1,0,0,0,0,1,0,1,0
1.3862943611198906,1.0986122886681098,6.831953565565855,3.044522437723423,6.139884552226255,1.0986122886681098,2.302585092994046,2.302585092994046,0,0,0,0,0,0,0,1,1,1.0,1,1,1,1,1,0,0,1,1,0,1,0,1,0,0,0,0,0,0,0,0,0,0,0,1,0,0,0,1,1,1,1,0
1.3862943611198906,1.3862943611198906,7.506591780070841,3.044522437723423,5.43372200355424,1.0986122886681098,2.6390573296152584,2.1972245773362196,0,0,0,0,0,0,0,1,1,3.0,0,0,1,0,1,0,0,1,1,1,1,0,1,1,0,0,0,0,0,1,0,0,0,0,0,0,1,0,0,0,1,0,0
1.3862943611198906,1.0986122886681098,6.942156705699469,3.044522437723423,6.226536669287466,1.0986122886681098,2.302585092994046,2.1972245773362196,0,0,0,0,0,0,0,1,1,2.0,1,1,1,0,1,0,0,1,1,0,1,0,1,0,0,0,0,0,0,0,0,0,0,0,1,0,0,0,0,1,1,0,0
1.0986122886681098,0.6931471805599453,6.398594934535208,1.6094379124341003,5.262690188904886,1.0986122886681098,2.302585092994046,1.6094379124341003,1,1,0,1,1,0,1,1,1,2.0,1,0,0,0,0,0,0,1,1,0,1,0,0,0,1,0,0,0,0,0,0,0,0,0,0,0,0,0,0,1,0,0,0
1.3862943611198906,1.0986122886681098,6.580639137284949,2.8903717578961645,1.3862943611198906,0.6931471805599453,3.4657359027997265,1.0986122886681098,0,0,0,0,0,0,0,1,0,2.0,0,0,0,0,1,0,0,1,0,0,0,0,0,0,0,0,0,0,0,1,0,0,0,0,0,0,0,0,0,0,0,0,0
1.3862943611198906,1.0986122886681098,6.7464121285733745,3.044522437723423,6.139884552226255,0.6931471805599453,2.302585092994046,0.0,0,0,0,0,0,0,0,1,1,2.0,0,0,0,0,0,0,0,0,0,0,0,0,0,0,0,0,0,0,0,0,0,0,0,0,0,0,0,0,0,1,1,1,1
1.3862943611198906,1.0986122886681098,6.835184586147301,3.044522437723423,6.139884552226255,1.0986122886681098,2.302585092994046,2.302585092994046,0,0,0,0,0,0,0,0,1,2.0,0,0,1,1,1,1,0,1,1,1,1,0,1,0,0,0,1,0,0,0,0,0,0,0,0,0,0,0,0,1,1,1,0
1.3862943611198906,1.3862943611198906,7.325807502595773,3.044522437723423,6.139884552226255,0.6931471805599453,2.302585092994046,2.5649493574615367,1,1,0,1,0,0,1,0,0,2.0,1,1,1,0,1,1,1,1,1,1,1,0,1,1,1,0,0,0,0,0,0,0,0,0,0,0,0,0,1,1,1,1,1
0.6931471805599453,0.6931471805599453,6.478509642208569,3.044522437723423,6.139884552226255,0.6931471805599453,2.302585092994046,1.9459101490553132,0,0,0,0,0,0,0,1,1,2.0,1,0,0,1,1,1,0,1,0,0,1,0,0,0,0,0,0,0,1,0,0,0,0,0,0,0,0,0,0,1,0,1,0
1.3862943611198906,1.0986122886681098,6.602587892189336,3.044522437723423,6.391917113392602,0.6931471805599453,2.6390573296152584,0.0,1,0,0,0,0,1,0,1,1,1.0,0,0,0,0,0,0,0,0,0,0,0,0,0,0,0,0,0,0,0,0,0,0,0,0,1,0,0,0,0,0,1,0,1
1.3862943611198906,1.0986122886681098,6.9440872082295275,3.044522437723423,6.139884552226255,1.0986122886681098,2.302585092994046,0.0,0,0,0,0,0,0,0,1,1,2.0,0,0,0,0,0,0,0,0,0,0,0,0,0,0,0,0,0,0,0,0,0,0,0,0,0,0,0,0,1,1,1,1,0
1.0986122886681098,1.0986122886681098,6.478509642208569,3.8066624897703196,7.667158255319148,0.6931471805599453,1.0986122886681098,2.0794415416798357,0,1,0,1,0,0,1,1,0,3.0,1,0,1,0,1,0,0,1,1,0,1,0,1,0,1,0,0,0,0,0,0,0,0,0,0,0,0,0,1,0,0,0,0
1.3862943611198906,1.3862943611198906,7.1316985104669115,3.6109179126442243,6.889591308354466,1.0986122886681098,2.1972245773362196,2.4849066497880004,0,0,0,0,0,0,0,1,1,2.0,1,0,1,1,1,0,1,1,1,1,1,0,1,1,1,0,0,0,0,0,0,0,0,0,0,0,1,0,0,0,0,0,0
1.3862943611198906,1.0986122886681098,6.748759547491679,2.5649493574615367,6.139884552226255,0.6931471805599453,3.1780538303479458,1.9459101490553132,1,0,1,1,0,0,0,1,0,3.0,0,0,0,0,1,1,1,1,1,0,1,0,0,0,0,0,0,0,0,0,0,0,0,0,1,0,0,0,0,0,0,1,0
1.6094379124341003,1.6094379124341003,7.509335266016592,2.5649493574615367,5.1298987149230735,0.6931471805599453,2.302585092994046,1.9459101490553132,0,0,0,0,0,0,0,1,0,2.0,0,0,1,0,1,0,0,1,1,0,1,0,1,0,0,0,0,0,0,0,0,0,1,0,0,0,1,0,0,1,0,0,0
1.3862943611198906,1.0986122886681098,6.769641976852503,3.4011973816621555,5.971261839790462,0.6931471805599453,2.0794415416798357,2.302585092994046,0,0,0,0,0,0,0,1,0,2.0,0,0,1,1,1,1,0,1,1,1,1,0,1,0,0,0,0,0,0,0,0,0,1,0,0,0,0,0,1,0,0,0,0
1.6094379124341003,1.3862943611198906,7.1316985104669115,3.044522437723423,6.139884552226255,0.6931471805599453,2.302585092994046,2.5649493574615367,0,0,0,0,0,0,0,1,1,1.0,1,0,1,1,0,1,1,1,1,1,1,1,1,1,0,0,0,0,0,0,0,0,0,0,0,0,0,0,0,1,1,1,1
1.3862943611198906,1.0986122886681098,6.915723448631314,3.044522437723423,6.816735880594968,1.0986122886681098,1.3862943611198906,2.5649493574615367,0,0,0,0,0,0,0,0,0,1.0,1,1,1,1,1,1,1,1,1,1,1,0,1,0,0,0,0,0,0,0,0,0,1,0,0,0,1,0,0,0,1,0,0
1.3862943611198906,1.0986122886681098,6.478509642208569,2.772588722239781,6.139884552226255,0.6931471805599453,2.302585092994046,1.0986122886681098,0,1,1,1,1,0,1,1,0,2.0,0,0,0,0,0,0,0,1,0,0,1,0,0,0,1,0,0,0,0,0,0,0,0,0,0,0,0,0,0,1,0,1,1
1.3862943611198906,1.0986122886681098,6.814542897259958,2.772588722239781,6.139884552226255,0.6931471805599453,2.833213344056216,2.1972245773362196,0,1,0,0,0,1,1,1,1,1.0,1,0,0,0,1,1,1,1,1,0,1,0,1,0,0,0,0,0,0,0,0,0,0,0,1,0,0,0,0,0,0,1,0
1.3862943611198906,1.3862943611198906,7.111512116496157,3.044522437723423,6.139884552226255,0.6931471805599453,1.9459101490553132,1.791759469228055,0,0,0,0,0,0,0,1,1,2.0,0,0,0,0,1,0,1,1,1,0,0,0,1,0,0,0,0,0,0,0,0,0,0,0,0,0,1,0,0,0,1,1,0
1.3862943611198906,1.0986122886681098,6.55250788703459,3.044522437723423,6.139884552226255,0.6931471805599453,2.302585092994046,0.6931471805599453,1,0,1,1,0,0,1,1,0,2.0,0,0,0,0,1,0,0,0,0,0,0,0,0,0,1,0,0,0,0,0,0,0,0,0,0,0,0,1,0,1,1,1,1
1.3862943611198906,1.0986122886681098,6.803505257608338,3.784189633918261,6.163314804034641,0.6931471805599453,2.0794415416798357,1.6094379124341003,0,0,0,0,0,0,0,1,1,2.0,0,0,0,0,0,0,0,1,1,0,1,0,1,0,0,0,0,0,0,0,0,0,0,0,1,0,1,0,0,0,0,0,1
1.3862943611198906,1.0986122886681098,6.842683282238422,3.6635616461296463,6.042632833682381,1.3862943611198906,2.5649493574615367,2.70805020110221,0,0,0,0,0,0,0,1,1,2.0,1,1,1,1,1,1,1,1,1,1,1,1,1,1,0,0,0,0,0,1,0,0,0,0,0,0,1,0,0,0,0,0,0
1.3862943611198906,1.0986122886681098,6.803505257608338,1.791759469228055,6.139884552226255,0.6931471805599453,3.295836866004329,1.791759469228055,1,1,1,1,0,0,1,1,1,2.0,1,0,0,0,0,1,0,1,1,0,1,0,0,0,0,0,0,0,0,0,0,0,0,0,1,0,0,0,0,0,0,1,1
1.6094379124341003,1.0986122886681098,7.45182223652793,3.044522437723423,6.139884552226255,0.6931471805599453,2.302585092994046,2.302585092994046,0,0,0,0,0,0,0,1,1,1.0,0,0,1,1,1,0,0,1,1,0,1,1,1,1,0,0,0,0,0,0,0,0,0,0,0,0,1,0,0,1,1,1,1
1.3862943611198906,1.0986122886681098,6.834108738813838,3.044522437723423,6.139884552226255,1.0986122886681098,2.302585092994046,1.3862943611198906,1,1,1,1,1,0,1,1,0,2.0,0,0,0,0,1,0,0,1,0,0,1,0,0,0,0,0,0,0,0,0,0,0,0,0,1,0,0,0,0,1,1,1,0
0.6931471805599453,0.6931471805599453,6.421622267806518,2.4849066497880004,6.192362489474872,0.6931471805599453,2.1972245773362196,2.0794415416798357,0,0,0,0,0,0,0,1,1,1.0,0,0,1,0,1,0,0,1,1,1,1,0,1,0,0,0,0,0,0,0,0,0,0,0,0,0,1,0,0,0,0,0,0
1.3862943611198906,1.0986122886681098,7.030857476116121,3.044522437723423,6.139884552226255,1.0986122886681098,2.302585092994046,2.3978952727983707,0,0,0,0,0,0,0,1,1,3.0,1,0,1,1,1,0,1,1,1,0,1,1,1,0,0,0,0,0,0,1,0,0,0,0,0,0,1,0,0,1,1,1,0
1.3862943611198906,1.0986122886681098,7.057897937411856,2.3978952727983707,5.983936280687191,0.6931471805599453,2.833213344056216,1.791759469228055,1,1,1,1,0,0,0,1,1,1.0,0,0,1,0,0,0,0,1,1,0,1,0,1,0,0,0,0,0,0,0,0,0,0,0,1,0,1,0,0,0,0,0,0
1.3862943611198906,1.0986122886681098,6.769641976852503,3.4011973816621555,5.971261839790462,0.6931471805599453,2.0794415416798357,2.302585092994046,0,0,0,0,0,0,0,1,0,2.0,0,0,1,1,1,1,1,1,1,0,1,0,1,0,0,0,0,0,0,0,0,0,1,0,0,0,0,0,1,0,0,0,0
1.3862943611198906,1.0986122886681098,6.818924065275521,3.044522437723423,6.139884552226255,0.6931471805599453,2.302585092994046,0.0,0,0,0,0,0,0,0,1,1,1.0,0,0,0,0,0,0,0,0,0,0,0,0,0,0,0,1,0,0,0,0,0,0,0,0,0,0,0,0,0,1,1,1,1
1.3862943611198906,1.0986122886681098,6.7464121285733745,3.044522437723423,6.139884552226255,0.6931471805599453,2.302585092994046,1.791759469228055,0,0,0,0,0,0,0,0,0,1.0,0,0,0,0,1,1,0,1,1,0,1,0,0,0,0,0,0,0,0,0,0,0,0,0,1,0,0,0,0,1,1,1,0
1.0986122886681098,0.6931471805599453,6.311734809152915,3.044522437723423,6.139884552226255,0.6931471805599453,2.302585092994046,0.0,0,1,0,1,1,0,1,0,0,1.0,0,0,0,0,0,0,0,0,0,0,0,0,0,0,1,0,0,0,0,0,0,0,0,0,0,0,0,1,0,1,1,1,1
1.6094379124341003,1.3862943611198906,7.415776975415394,3.7376696182833684,5.262690188904886,1.0986122886681098,2.5649493574615367,2.0794415416798357,1,1,1,1,1,1,0,1,1,2.0,0,0,1,0,1,0,0,0,1,0,1,1,1,1,1,0,0,0,0,0,0,0,0,0,0,0,1,0,0,0,0,0,0
1.3862943611198906,1.0986122886681098,6.933423025730715,3.4965075614664802,5.43372200355424,0.6931471805599453,1.3862943611198906,2.0794415416798357,1,0,1,1,0,0,0,1,1,1.0,0,0,1,0,0,1,1,1,1,0,1,0,1,0,1,0,0,0,0,0,0,0,0,0,0,0,1,0,0,0,0,0,0
1.3862943611198906,1.0986122886681098,6.478509642208569,1.0986122886681098,6.139884552226255,0.6931471805599453,2.302585092994046,0.0,0,0,1,1,0,0,0,1,1,2.0,0,0,0,0,0,0,0,0,0,0,0,0,0,0,0,0,0,0,0,0,0,0,0,0,1,0,0,0,0,1,0,1,0
1.3862943611198906,1.0986122886681098,6.92951677076365,3.044522437723423,6.139884552226255,0.6931471805599453,2.302585092994046,2.70805020110221,1,1,1,1,1,0,0,1,0,3.0,1,1,1,1,1,1,1,1,1,1,1,1,1,1,1,0,0,0,0,0,0,0,0,0,0,0,0,0,1,1,1,1,0
0.6931471805599453,0.6931471805599453,6.452048954437226,3.091042453358316,6.580639137284949,0.6931471805599453,2.302585092994046,2.3978952727983707,1,1,1,1,0,0,1,1,0,1.0,1,1,1,1,1,1,0,1,1,0,1,0,1,0,1,0,0,0,0,0,0,0,0,0,0,0,0,0,1,0,0,0,1
0.6931471805599453,0.6931471805599453,6.1675164908883415,3.044522437723423,6.331501849893691,0.6931471805599453,2.302585092994046,2.302585092994046,0,0,0,0,0,0,0,1,1,2.0,0,0,1,1,0,1,1,1,1,0,1,0,1,1,0,0,0,0,0,0,0,0,0,0,0,0,0,0,0,0,1,0,1
1.3862943611198906,1.0986122886681098,6.90875477931522,3.6635616461296463,5.318119993844216,1.0986122886681098,2.3978952727983707,2.70805020110221,0,0,0,0,0,0,0,1,1,1.0,1,1,1,1,1,1,1,1,1,1,1,1,1,1,0,0,0,0,0,1,0,0,0,0,0,0,1,0,0,0,0,0,0
1.3862943611198906,1.0986122886681098,7.288927694521257,3.5263605246161616,6.19644412779452,0.6931471805599453,1.3862943611198906,2.1972245773362196,0,0,0,0,0,0,0,1,1,2.0,1,0,1,1,1,0,1,1,0,0,1,0,1,0,0,0,0,0,0,1,0,0,0,0,0,0,1,0,0,0,0,0,1
1.0986122886681098,1.3862943611198906,6.85751406254539,3.044522437723423,6.111467339502679,1.0986122886681098,0.6931471805599453,0.0,0,0,0,0,0,0,0,1,1,2.0,0,0,0,0,0,0,0,0,0,0,0,0,0,0,0,0,0,0,0,1,0,0,0,0,0,0,1,0,0,0,1,0,0
1.3862943611198906,1.0986122886681098,6.55250788703459,3.044522437723423,6.139884552226255,0.6931471805599453,2.302585092994046,1.0986122886681098,0,0,0,0,0,0,0,1,1,2.0,0,0,0,0,0,0,0,1,1,0,0,0,0,0,0,0,0,0,0,0,0,1,0,0,0,0,0,0,0,1,1,1,1
1.3862943611198906,1.0986122886681098,6.55250788703459,3.091042453358316,6.008813185442595,0.6931471805599453,3.258096538021482,1.9459101490553132,0,0,0,0,0,0,0,1,1,2.0,0,0,0,0,1,1,0,1,1,0,1,0,1,0,0,0,0,0,0,1,0,0,0,0,0,0,1,0,0,0,0,0,0
1.3862943611198906,1.0986122886681098,6.68586094706836,1.6094379124341003,6.139884552226255,0.6931471805599453,2.302585092994046,0.0,0,0,0,0,1,0,0,1,1,3.0,0,0,0,0,0,0,0,0,0,0,0,0,0,0,0,0,0,0,0,0,0,0,0,0,1,0,0,1,0,1,0,1,0
1.3862943611198906,1.0986122886681098,6.7464121285733745,3.912023005428146,7.6760099320288875,1.0986122886681098,2.0794415416798357,0.0,0,0,0,0,0,0,0,1,0,2.0,0,0,0,0,0,0,0,0,0,0,0,0,0,0,0,0,0,0,0,1,0,0,0,0,0,0,1,0,0,0,0,0,0
1.3862943611198906,1.0986122886681098,7.16703787691222,3.044522437723423,6.139884552226255,0.6931471805599453,2.302585092994046,2.1972245773362196,1,1,1,1,1,1,1,1,1,2.0,1,0,0,1,0,1,0,1,1,0,1,0,1,1,1,0,0,0,0,0,0,0,0,0,0,0,1,0,0,1,1,1,1
1.3862943611198906,1.0986122886681098,6.803505257608338,3.044522437723423,6.139884552226255,0.6931471805599453,2.302585092994046,1.9459101490553132,0,0,0,0,0,0,0,1,0,3.0,0,0,0,1,0,1,0,1,0,1,1,0,1,0,0,0,0,0,0,1,0,0,0,0,0,0,0,0,0,1,1,1,0
1.3862943611198906,1.0986122886681098,6.932447891572509,1.6094379124341003,6.139884552226255,0.6931471805599453,2.302585092994046,0.0,0,0,0,0,0,0,0,1,0,1.0,0,0,0,0,0,0,0,0,0,0,0,0,0,0,0,0,0,0,0,0,0,0,0,0,0,0,0,0,0,1,0,1,1
1.0986122886681098,0.6931471805599453,6.329720905522696,3.044522437723423,6.139884552226255,0.6931471805599453,2.302585092994046,0.0,1,1,1,1,0,0,1,1,1,3.0,0,0,0,0,0,0,0,0,0,0,0,0,0,0,0,0,0,0,0,0,0,0,0,0,1,0,0,1,0,1,1,1,1
1.0986122886681098,0.6931471805599453,6.311734809152915,3.044522437723423,6.139884552226255,0.6931471805599453,2.302585092994046,0.0,0,0,0,0,0,0,0,1,0,1.0,0,0,0,0,0,0,0,0,0,0,0,0,0,0,0,0,0,0,0,0,0,0,0,0,0,0,0,1,0,1,1,1,0
1.3862943611198906,1.0986122886681098,6.947937068614969,3.367295829986474,6.55250788703459,0.6931471805599453,2.0794415416798357,2.0794415416798357,1,1,1,1,1,0,0,1,0,2.0,0,1,1,0,0,1,0,1,1,0,1,0,1,0,1,0,0,0,0,0,0,0,0,0,0,0,0,0,1,0,0,0,1
1.3862943611198906,1.0986122886681098,6.728628613084702,2.772588722239781,6.139884552226255,0.6931471805599453,2.302585092994046,1.0986122886681098,1,0,0,1,0,0,0,0,0,2.0,0,0,0,0,0,0,0,1,0,0,1,0,0,0,0,0,0,0,0,0,0,0,0,0,1,0,0,0,0,1,0,1,1
1.3862943611198906,1.0986122886681098,6.7464121285733745,3.044522437723423,6.139884552226255,0.6931471805599453,2.302585092994046,0.0,0,0,0,0,0,0,0,1,1,1.0,0,0,0,0,0,0,0,0,0,0,0,0,0,0,0,0,0,0,0,0,0,0,0,0,0,0,0,0,0,1,1,1,0
1.3862943611198906,1.0986122886681098,6.90875477931522,3.044522437723423,6.139884552226255,0.6931471805599453,2.302585092994046,1.791759469228055,0,0,0,0,0,0,0,1,0,2.0,0,0,1,0,1,0,0,1,0,0,1,0,1,0,0,0,0,0,0,0,0,0,0,1,0,0,0,0,0,1,1,1,0
1.3862943611198906,1.0986122886681098,7.1316985104669115,3.4339872044851463,6.135564891081739,0.6931471805599453,1.6094379124341003,0.0,0,0,0,0,0,0,0,0,1,2.0,0,0,0,0,0,0,0,0,0,0,0,0,0,0,0,0,0,0,0,0,0,0,0,0,1,0,1,0,0,0,0,0,1
1.3862943611198906,1.0986122886681098,6.981934677156389,3.044522437723423,6.139884552226255,0.6931471805599453,2.302585092994046,1.9459101490553132,0,0,0,0,0,0,0,1,1,2.0,1,0,1,1,0,0,1,0,1,0,0,0,1,0,0,0,0,0,0,1,0,0,0,0,0,0,0,0,0,1,1,1,1
1.6094379124341003,1.6094379124341003,7.444833273892193,3.044522437723423,6.508769136971682,1.0986122886681098,2.302585092994046,2.5649493574615367,1,0,1,1,0,0,0,1,1,1.0,1,1,1,1,1,0,1,1,1,1,1,1,1,0,1,0,0,0,0,0,0,0,0,0,0,0,1,0,0,0,1,0,0
1.3862943611198906,1.0986122886681098,6.7464121285733745,3.044522437723423,6.139884552226255,0.6931471805599453,2.302585092994046,1.3862943611198906,0,0,0,0,0,0,0,1,0,2.0,0,0,0,0,0,0,0,1,1,0,1,0,0,0,0,0,0,0,0,0,0,0,0,0,0,1,0,0,0,1,1,1,0
1.3862943611198906,1.0986122886681098,6.85751406254539,3.044522437723423,6.139884552226255,0.6931471805599453,2.302585092994046,0.0,0,0,0,0,0,0,0,1,0,2.0,0,0,0,0,0,0,0,0,0,0,0,0,0,0,0,0,0,0,0,0,0,0,0,0,0,0,0,0,0,1,1,1,1
1.3862943611198906,1.0986122886681098,6.959398512133975,3.044522437723423,6.139884552226255,1.0986122886681098,2.302585092994046,0.0,0,0,0,0,0,0,0,1,1,2.0,0,0,0,0,0,0,0,0,0,0,0,0,0,0,0,0,0,0,0,0,0,0,0,0,0,1,0,0,0,1,1,1,0
1.3862943611198906,1.0986122886681098,6.795705775173514,3.912023005428146,7.6760099320288875,0.6931471805599453,2.0794415416798357,2.0794415416798357,0,0,0,0,0,0,0,1,0,2.0,0,0,1,0,1,0,1,1,1,0,1,0,1,0,0,0,0,0,0,1,0,0,0,0,0,0,1,0,0,0,0,0,1
1.3862943611198906,1.0986122886681098,7.113142108707088,2.8903717578961645,6.517671272912275,1.0986122886681098,1.3862943611198906,2.0794415416798357,0,0,0,0,0,0,0,1,1,3.0,0,0,1,1,1,0,0,1,1,0,1,0,1,0,0,0,0,0,0,0,0,1,0,0,0,0,1,0,0,0,0,0,0
1.3862943611198906,1.3862943611198906,7.351158226430694,3.044522437723423,6.139884552226255,1.0986122886681098,2.302585092994046,2.0794415416798357,0,0,0,0,0,0,0,1,0,2.0,1,0,1,0,1,0,0,1,1,0,1,0,1,0,0,0,0,0,0,0,0,0,1,0,0,0,1,0,0,1,1,1,0
1.0986122886681098,0.6931471805599453,6.621405651764134,3.044522437723423,6.139884552226255,0.6931471805599453,2.302585092994046,0.6931471805599453,0,0,0,0,0,0,0,1,1,1.0,0,0,0,0,0,1,0,0,0,0,0,0,0,0,0,0,0,0,0,0,0,0,1,0,0,0,0,1,0,1,1,1,1
1.3862943611198906,1.0986122886681098,6.962243464266207,3.1354942159291497,6.980075940561763,0.6931471805599453,2.6390573296152584,2.302585092994046,0,1,0,0,1,0,0,1,0,3.0,0,0,1,1,1,0,0,1,1,1,1,0,1,1,0,0,0,0,0,0,0,0,0,0,1,0,1,0,0,0,0,0,0
1.3862943611198906,1.0986122886681098,6.959398512133975,3.6635616461296463,6.139884552226255,0.6931471805599453,2.6390573296152584,2.0794415416798357,0,0,0,0,0,0,0,1,0,2.0,1,0,1,0,1,0,0,1,0,0,1,1,1,0,0,0,0,0,0,1,0,0,0,0,0,0,1,0,0,0,0,1,0
1.3862943611198906,1.0986122886681098,6.7464121285733745,3.1354942159291497,6.705639094860003,1.0986122886681098,2.833213344056216,2.302585092994046,0,0,0,0,0,0,0,1,1,2.0,1,0,1,1,1,0,0,1,1,0,1,1,1,0,0,0,0,0,0,1,0,0,0,0,0,0,1,0,0,0,0,0,0
0.6931471805599453,0.6931471805599453,6.133398042996649,3.091042453358316,6.139884552226255,0.6931471805599453,2.995732273553991,2.302585092994046,0,0,0,0,0,0,0,1,0,2.0,0,0,1,1,1,1,0,1,1,0,1,0,1,1,0,0,0,0,0,0,0,0,0,0,1,0,1,0,0,0,0,1,0
1.6094379124341003,1.0986122886681098,6.968850378341948,3.258096538021482,6.3784261836515865,0.6931471805599453,2.9444389791664403,2.1972245773362196,1,1,1,1,0,0,1,1,1,1.0,0,0,0,0,1,1,1,1,1,0,1,0,1,1,0,0,0,0,0,0,0,0,0,0,1,0,0,0,1,0,0,0,0
1.3862943611198906,1.0986122886681098,7.01571242048723,3.6635616461296463,6.139884552226255,1.0986122886681098,2.6390573296152584,2.0794415416798357,0,0,0,0,0,0,0,1,0,3.0,1,0,1,0,1,0,0,1,0,0,1,1,1,0,0,0,0,0,0,1,0,0,0,0,0,0,1,0,0,0,0,1,0
1.3862943611198906,1.0986122886681098,7.183111701743281,3.044522437723423,6.139884552226255,0.6931471805599453,2.302585092994046,1.9459101490553132,0,0,0,0,0,0,0,1,0,2.0,0,0,0,1,0,0,0,1,1,0,1,0,1,1,0,0,0,0,0,0,0,0,0,1,0,0,1,0,0,1,1,1,0
1.3862943611198906,1.0986122886681098,7.075808863978387,3.258096538021482,5.707110264748875,1.0986122886681098,2.1972245773362196,2.3978952727983707,0,0,0,0,0,0,0,1,1,2.0,1,0,1,0,1,1,1,1,1,1,1,0,1,0,0,0,0,0,0,1,0,0,0,0,0,0,1,0,0,0,0,0,0
1.3862943611198906,1.0986122886681098,6.78897174299217,3.4339872044851463,6.695798917058491,1.0986122886681098,2.3978952727983707,2.3978952727983707,0,0,0,0,0,0,0,1,1,2.0,0,0,1,0,1,1,0,1,1,1,1,1,1,1,0,0,0,0,0,1,0,0,0,0,0,0,1,0,0,0,0,0,0
1.0986122886681098,0.6931471805599453,6.398594934535208,3.044522437723423,6.139884552226255,0.6931471805599453,2.302585092994046,2.70805020110221,0,0,0,0,0,0,0,1,0,2.0,1,1,1,1,1,1,1,1,1,1,1,1,1,1,0,0,0,0,0,0,0,0,0,0,0,0,0,1,0,1,1,1,1
1.3862943611198906,1.0986122886681098,6.68586094706836,3.044522437723423,7.550135342488429,1.0986122886681098,2.0794415416798357,1.3862943611198906,0,0,0,0,0,0,0,1,0,2.0,0,0,0,0,1,0,0,1,0,0,1,0,0,0,0,0,0,0,0,1,0,0,0,0,0,0,0,0,0,0,1,0,0
1.0986122886681098,0.6931471805599453,6.535241271013659,3.044522437723423,6.139884552226255,0.6931471805599453,2.302585092994046,0.0,0,0,0,0,0,0,0,1,1,2.0,0,0,0,0,0,0,0,0,0,0,0,0,0,0,0,1,0,0,0,0,0,0,0,0,0,0,0,0,1,1,1,1,0
1.3862943611198906,1.0986122886681098,6.959398512133975,3.044522437723423,6.139884552226255,0.6931471805599453,2.302585092994046,0.0,0,0,0,0,0,0,0,1,1,2.0,0,0,0,0,0,0,0,0,0,0,0,0,0,0,0,0,0,0,0,0,0,0,0,0,1,0,0,0,0,1,1,1,1
1.3862943611198906,1.0986122886681098,6.854354502255021,3.1354942159291497,5.983936280687191,1.0986122886681098,1.9459101490553132,2.302585092994046,0,0,0,0,0,0,0,1,0,2.0,1,1,1,1,0,0,0,1,1,1,1,0,0,1,0,0,0,0,0,1,0,0,0,0,0,0,1,0,0,0,0,0,0
1.3862943611198906,1.0986122886681098,6.848005274576363,2.1972245773362196,6.139884552226255,0.6931471805599453,2.302585092994046,1.791759469228055,0,0,0,0,0,0,0,0,0,1.0,0,0,0,0,0,0,0,1,1,1,1,0,1,0,1,0,0,0,0,0,0,0,0,0,0,0,0,0,0,1,0,1,0
1.3862943611198906,1.0986122886681098,6.55250788703459,3.1354942159291497,6.139884552226255,0.6931471805599453,2.9444389791664403,1.6094379124341003,0,0,0,0,0,0,0,1,0,2.0,0,0,0,0,1,0,0,1,1,0,1,0,0,0,0,0,0,0,0,1,0,0,0,0,0,0,0,0,0,0,0,1,0
1.3862943611198906,1.0986122886681098,6.674561391814426,3.044522437723423,6.139884552226255,0.6931471805599453,2.302585092994046,1.6094379124341003,0,0,0,0,0,1,0,0,1,3.0,0,0,0,0,0,0,0,1,1,0,1,0,0,1,0,0,0,0,0,0,0,0,0,0,1,0,0,0,0,1,1,1,0
0.6931471805599453,0.6931471805599453,6.075346031088684,3.044522437723423,6.139884552226255,0.6931471805599453,2.302585092994046,1.791759469228055,0,0,0,0,0,0,0,1,1,2.0,0,0,0,0,1,1,0,0,1,0,1,0,1,0,0,0,0,0,0,0,0,0,0,0,0,0,0,0,0,1,1,1,1
1.3862943611198906,1.0986122886681098,6.728628613084702,3.044522437723423,6.139884552226255,0.6931471805599453,2.302585092994046,0.0,1,0,0,0,1,0,1,0,0,1.0,0,0,0,0,0,0,0,0,0,0,0,0,0,0,0,0,0,0,0,0,0,0,0,0,1,0,0,0,0,1,1,1,1
1.3862943611198906,1.0986122886681098,6.566672429803241,2.9444389791664403,6.139884552226255,0.6931471805599453,2.302585092994046,0.0,0,0,0,0,0,0,0,1,1,3.0,0,0,0,0,0,0,0,0,0,0,0,0,0,0,0,0,0,0,0,0,0,0,0,0,1,0,0,0,0,1,0,1,0
1.6094379124341003,1.791759469228055,7.726212650507529,3.367295829986474,6.139884552226255,0.6931471805599453,2.302585092994046,2.1972245773362196,0,0,0,0,0,0,0,1,0,3.0,0,0,1,0,0,1,0,1,1,1,1,0,1,1,0,0,0,0,0,0,0,0,1,0,0,0,1,0,0,1,0,1,1
1.3862943611198906,1.0986122886681098,6.621405651764134,3.044522437723423,6.139884552226255,0.6931471805599453,2.302585092994046,1.6094379124341003,0,0,0,0,0,0,0,1,1,3.0,0,0,0,0,1,1,0,1,0,0,1,0,0,0,0,0,0,0,0,0,0,0,0,0,1,0,0,0,0,1,1,1,0
1.3862943611198906,1.0986122886681098,7.049254841255837,3.044522437723423,6.139884552226255,0.6931471805599453,2.302585092994046,1.3862943611198906,0,0,0,0,0,0,0,1,1,2.0,0,0,0,0,1,0,0,1,0,0,1,0,0,0,0,0,0,0,0,0,0,0,0,0,0,0,0,0,1,1,1,1,0
1.3862943611198906,1.0986122886681098,7.030857476116121,1.791759469228055,6.139884552226255,0.6931471805599453,2.302585092994046,0.0,0,0,0,0,0,0,0,1,1,3.0,0,0,0,0,0,0,0,0,0,0,0,0,0,0,0,0,0,0,0,0,0,0,0,0,0,0,0,0,0,1,0,1,1
1.3862943611198906,1.0986122886681098,7.377133712833954,3.7612001156935624,6.508769136971682,1.0986122886681098,1.9459101490553132,2.0794415416798357,0,0,0,0,0,0,0,1,1,2.0,0,0,1,0,1,0,1,1,1,0,1,0,1,0,0,0,0,0,0,1,0,0,0,0,0,0,1,0,0,0,0,0,0
1.791759469228055,1.6094379124341003,7.640603826393634,3.044522437723423,6.54965074223381,0.6931471805599453,2.9444389791664403,0.0,0,0,0,0,0,0,0,1,0,2.0,0,0,0,0,0,0,0,0,0,0,0,0,0,0,0,0,0,0,0,0,0,0,0,0,0,0,0,0,0,0,1,0,1
1.0986122886681098,0.6931471805599453,6.398594934535208,1.9459101490553132,5.351858133476067,0.6931471805599453,2.995732273553991,1.791759469228055,0,0,0,0,0,0,0,1,0,1.0,0,0,0,0,1,1,0,1,1,0,1,0,0,0,0,0,0,0,0,1,0,0,0,0,0,0,0,0,0,0,0,0,0
1.6094379124341003,1.0986122886681098,7.2078598714324755,3.367295829986474,4.90527477843843,0.6931471805599453,2.772588722239781,2.1972245773362196,0,0,0,0,0,0,0,1,1,1.0,1,0,1,0,1,0,1,1,1,0,1,0,1,0,0,0,0,0,0,1,0,0,0,0,0,0,1,0,0,0,0,0,0
1.3862943611198906,1.0986122886681098,6.698268054115413,3.044522437723423,6.139884552226255,0.6931471805599453,2.302585092994046,0.0,0,0,0,0,0,0,0,1,0,2.0,0,0,0,0,0,0,0,0,0,0,0,0,0,0,1,0,0,0,0,0,0,0,0,0,0,0,0,0,1,1,1,1,0
1.3862943611198906,1.0986122886681098,6.920671504248683,3.1780538303479458,6.61338421837956,1.3862943611198906,2.302585092994046,2.3978952727983707,0,0,0,1,0,0,1,1,1,2.0,1,0,1,0,1,1,1,1,1,1,1,0,1,0,0,0,0,0,0,0,0,0,0,0,1,0,0,0,1,0,0,0,0
0.6931471805599453,0.6931471805599453,6.428105272684596,3.367295829986474,6.148468295917647,0.6931471805599453,2.1972245773362196,2.302585092994046,0,0,1,0,0,0,0,1,0,2.0,1,1,1,1,0,0,1,1,1,1,1,0,0,0,1,0,0,0,0,0,0,0,0,0,0,0,0,0,1,0,0,0,1
1.3862943611198906,1.0986122886681098,6.8885724595653635,1.791759469228055,6.139884552226255,0.6931471805599453,2.302585092994046,1.9459101490553132,1,0,1,1,0,0,0,1,0,1.0,1,0,0,1,0,1,0,1,1,0,1,0,0,0,0,0,0,0,0,0,0,0,0,0,1,0,0,0,0,1,0,1,0
1.3862943611198906,1.0986122886681098,6.55250788703459,2.8903717578961645,1.3862943611198906,0.6931471805599453,3.4657359027997265,0.0,0,0,0,0,0,0,0,1,0,2.0,0,0,0,0,0,0,0,0,0,0,0,0,0,0,0,0,0,0,0,1,0,0,0,0,0,0,0,0,0,0,0,0,0
1.3862943611198906,1.0986122886681098,6.990256500493881,3.2188758248682006,6.148468295917647,1.0986122886681098,2.70805020110221,2.4849066497880004,1,0,0,1,1,0,1,1,1,2.0,1,1,1,1,0,1,0,1,1,0,1,1,1,1,1,0,0,0,0,0,0,0,0,0,0,0,0,0,1,0,0,0,0
1.3862943611198906,1.0986122886681098,6.947937068614969,3.367295829986474,6.55250788703459,1.0986122886681098,2.0794415416798357,2.0794415416798357,1,1,1,1,1,0,0,1,0,3.0,0,1,1,0,0,1,0,1,1,0,1,0,1,0,1,0,0,0,0,0,0,0,0,0,0,0,0,0,1,0,0,0,0
1.3862943611198906,1.0986122886681098,6.523562306149512,3.1354942159291497,6.5722825426940075,0.6931471805599453,2.302585092994046,1.9459101490553132,0,0,0,0,0,0,0,1,0,1.0,0,0,0,0,1,1,1,1,1,0,1,0,0,0,0,0,0,0,0,1,0,0,0,0,0,0,0,0,0,1,0,0,0
1.3862943611198906,1.0986122886681098,6.923628628138427,3.091042453358316,6.68586094706836,0.6931471805599453,2.8903717578961645,2.0794415416798357,1,0,0,1,1,0,1,1,0,3.0,0,0,0,0,1,1,1,1,1,0,1,0,1,0,1,0,0,0,0,0,0,0,0,0,0,0,0,0,0,0,0,0,0
1.3862943611198906,1.0986122886681098,6.7464121285733745,3.044522437723423,6.139884552226255,1.0986122886681098,2.302585092994046,0.0,0,0,0,1,0,0,0,1,1,2.0,0,0,0,0,0,0,0,0,0,0,0,0,0,0,0,0,0,0,0,0,0,0,0,0,1,0,0,0,0,1,1,1,0
1.791759469228055,1.6094379124341003,7.783640596221253,3.044522437723423,6.139884552226255,1.3862943611198906,2.302585092994046,2.3978952727983707,0,0,0,0,0,0,0,1,1,3.0,0,0,1,0,1,1,0,1,1,1,1,1,1,1,0,0,0,0,0,0,0,0,0,0,0,1,1,0,0,1,1,1,0
1.3862943611198906,1.0986122886681098,6.580639137284949,3.044522437723423,6.139884552226255,0.6931471805599453,2.302585092994046,1.0986122886681098,0,0,0,0,0,0,0,1,1,2.0,0,0,0,0,1,0,0,0,0,0,1,0,0,0,0,0,0,0,0,1,0,0,0,0,0,0,0,0,0,1,1,1,1
1.3862943611198906,1.0986122886681098,6.920671504248683,3.1354942159291497,6.2766434893416445,1.0986122886681098,2.5649493574615367,2.0794415416798357,0,0,0,0,0,0,0,1,0,2.0,1,0,1,1,0,0,0,1,1,0,1,0,1,0,0,0,0,0,0,1,0,0,0,0,0,0,1,0,0,0,0,0,0
1.3862943611198906,1.0986122886681098,6.90975328164481,3.1354942159291497,5.5093883366279774,1.0986122886681098,2.8903717578961645,1.791759469228055,0,0,0,0,0,0,0,1,1,2.0,0,0,0,0,1,1,0,1,1,0,1,0,0,0,0,0,0,0,0,0,0,0,0,0,1,0,0,0,0,0,0,0,0
1.3862943611198906,1.0986122886681098,6.966967138613983,3.258096538021482,5.472270673671475,0.6931471805599453,3.332204510175204,2.1972245773362196,0,0,0,0,0,0,0,1,1,2.0,1,0,1,0,1,0,1,1,1,0,1,0,1,0,0,0,0,0,0,1,0,0,0,0,0,0,1,0,0,0,0,0,0
1.3862943611198906,1.0986122886681098,6.668228248417403,2.9444389791664403,6.139884552226255,0.6931471805599453,2.302585092994046,1.6094379124341003,1,0,1,1,0,1,0,1,1,2.0,0,0,0,0,0,0,0,1,1,1,1,0,0,0,0,0,0,0,0,0,0,0,0,0,1,0,0,0,0,1,0,1,0
1.3862943611198906,1.0986122886681098,6.478509642208569,1.0986122886681098,6.139884552226255,0.6931471805599453,2.302585092994046,0.0,0,0,1,1,0,0,0,1,1,2.0,0,0,0,0,0,0,0,0,0,0,0,0,0,0,0,0,0,0,0,0,0,0,0,0,1,0,0,0,0,1,0,1,1
1.3862943611198906,1.0986122886681098,6.803505257608338,1.791759469228055,6.139884552226255,0.6931471805599453,2.833213344056216,0.0,0,0,0,0,0,0,0,1,1,3.0,0,0,0,0,0,0,0,0,0,0,0,0,0,0,0,0,0,0,0,0,0,0,0,0,1,0,0,0,0,0,0,1,1
1.6094379124341003,1.0986122886681098,7.1808311990445555,3.044522437723423,6.139884552226255,1.3862943611198906,2.302585092994046,2.302585092994046,1,1,1,1,1,0,0,1,0,3.0,1,1,1,0,0,1,0,1,1,1,1,0,1,0,1,0,0,0,0,0,0,0,0,0,0,0,1,0,0,1,1,1,0
1.791759469228055,1.0986122886681098,6.834108738813838,3.044522437723423,6.139884552226255,1.0986122886681098,2.302585092994046,0.0,1,0,1,1,1,0,0,1,1,3.0,0,0,0,0,0,0,0,0,0,0,0,0,0,0,1,0,0,0,0,0,0,0,0,0,0,0,0,0,1,1,1,1,0
1.3862943611198906,0.6931471805599453,6.522092798170152,3.044522437723423,6.139884552226255,0.6931471805599453,2.302585092994046,0.6931471805599453,0,0,0,0,0,0,0,1,1,2.0,0,0,0,0,0,1,0,0,0,0,0,0,0,0,0,0,0,0,0,0,0,0,0,0,1,0,0,0,0,1,1,1,1
1.3862943611198906,1.0986122886681098,7.00397413672268,1.791759469228055,6.139884552226255,0.6931471805599453,2.302585092994046,1.0986122886681098,1,0,1,1,0,0,1,1,1,2.0,0,0,0,0,0,0,0,1,0,0,1,0,0,0,1,0,0,0,0,0,0,0,0,0,0,0,0,0,0,1,0,1,1
1.3862943611198906,1.0986122886681098,6.55250788703459,3.044522437723423,6.139884552226255,0.6931471805599453,2.302585092994046,0.6931471805599453,1,1,1,1,1,0,1,0,0,2.0,0,0,0,0,0,0,0,1,0,0,0,0,0,0,0,0,0,0,0,0,0,0,0,0,1,0,0,0,0,1,1,1,1
1.3862943611198906,1.0986122886681098,6.68586094706836,1.9459101490553132,6.139884552226255,0.6931471805599453,2.302585092994046,1.0986122886681098,0,0,0,0,0,0,0,0,0,2.0,0,0,0,0,0,0,0,1,1,0,0,0,0,0,0,0,0,0,0,0,0,0,0,0,1,0,0,0,0,1,0,1,0
1.3862943611198906,1.0986122886681098,6.878326468291325,2.833213344056216,6.90875477931522,0.6931471805599453,2.302585092994046,2.302585092994046,1,1,1,1,0,0,1,1,0,2.0,0,0,1,1,1,1,1,1,1,0,1,0,1,0,0,0,0,0,0,0,0,0,0,0,1,0,1,0,0,1,0,0,1
1.3862943611198906,1.0986122886681098,7.332369205929062,3.044522437723423,6.139884552226255,0.6931471805599453,2.302585092994046,2.1972245773362196,0,0,0,0,0,0,0,1,0,2.0,1,1,1,1,0,0,0,1,1,0,1,0,1,0,0,0,0,0,0,0,0,0,0,1,0,0,1,0,0,1,1,1,1
1.3862943611198906,1.0986122886681098,6.628041376179533,1.791759469228055,6.139884552226255,0.6931471805599453,2.302585092994046,0.0,0,0,0,0,0,0,0,1,1,2.0,0,0,0,0,0,0,0,0,0,0,0,0,0,0,0,0,0,0,0,0,0,0,0,0,1,0,0,0,0,1,0,1,0
1.0986122886681098,0.6931471805599453,6.364750756851911,3.044522437723423,6.139884552226255,0.6931471805599453,2.302585092994046,0.0,1,0,1,1,0,0,0,0,0,2.0,0,0,0,0,0,0,0,0,0,0,0,0,0,0,0,0,0,0,0,0,0,0,0,0,1,0,0,0,0,1,1,1,0
1.3862943611198906,1.0986122886681098,6.803505257608338,3.7612001156935624,6.508769136971682,1.0986122886681098,1.9459101490553132,1.791759469228055,0,0,0,0,0,0,0,1,1,3.0,0,0,1,0,1,0,0,1,0,0,1,0,1,0,0,0,0,0,0,1,0,0,0,0,0,0,1,0,0,0,0,0,0
1.0986122886681098,0.6931471805599453,6.311734809152915,3.044522437723423,6.139884552226255,0.6931471805599453,2.302585092994046,0.0,0,0,0,0,0,0,0,1,0,2.0,0,0,0,0,0,0,0,0,0,0,0,0,0,0,0,0,0,0,0,1,0,0,0,0,0,0,0,1,0,1,1,1,1
1.3862943611198906,1.0986122886681098,6.957497370876951,3.044522437723423,6.139884552226255,0.6931471805599453,2.302585092994046,2.5649493574615367,0,0,0,0,0,0,0,0,1,3.0,1,1,1,1,0,1,1,1,1,1,1,1,0,1,0,0,0,0,0,0,0,0,0,0,1,0,0,1,0,1,1,1,0
1.6094379124341003,1.3862943611198906,7.285506548522785,3.044522437723423,7.080867896690782,0.6931471805599453,3.091042453358316,2.6390573296152584,1,1,1,1,0,0,0,1,1,3.0,1,1,1,1,0,1,1,1,1,1,1,1,1,1,0,0,0,0,0,0,0,0,0,0,1,0,1,0,0,0,1,0,0
1.3862943611198906,1.0986122886681098,6.784457062637643,3.044522437723423,5.056245805348308,0.6931471805599453,2.1972245773362196,2.0794415416798357,0,0,1,0,0,0,0,1,0,2.0,0,0,1,0,1,0,1,1,1,0,1,0,1,0,0,0,0,0,0,0,0,0,0,0,1,0,0,0,1,0,1,0,1
1.3862943611198906,1.0986122886681098,6.9930151229329605,3.044522437723423,6.697034247666484,0.6931471805599453,1.3862943611198906,1.6094379124341003,0,0,0,0,0,0,0,1,1,2.0,0,0,1,0,0,0,0,0,1,1,0,0,1,0,0,1,0,0,0,0,0,0,0,0,0,0,0,0,1,0,1,0,1
1.3862943611198906,1.0986122886681098,6.878326468291325,2.4849066497880004,6.139884552226255,0.6931471805599453,3.044522437723423,1.3862943611198906,0,0,0,0,0,0,0,1,0,1.0,0,0,0,0,0,1,0,1,0,0,1,0,0,0,0,0,0,0,0,1,0,0,0,0,0,0,0,0,0,0,0,1,0
1.3862943611198906,1.0986122886681098,7.1098794630722715,3.044522437723423,6.139884552226255,0.6931471805599453,2.302585092994046,2.0794415416798357,0,0,0,0,0,0,0,1,0,2.0,0,0,1,0,1,0,0,1,1,0,1,1,1,0,0,0,0,0,0,0,0,0,0,0,0,1,1,0,0,1,1,1,0
1.0986122886681098,0.6931471805599453,6.318968113746434,3.044522437723423,6.139884552226255,0.6931471805599453,2.302585092994046,1.3862943611198906,0,0,0,0,0,0,0,1,1,3.0,0,0,0,0,1,0,0,1,0,0,1,0,0,0,0,0,0,0,0,0,0,0,0,0,0,1,0,0,1,1,1,1,0
1.3862943611198906,1.0986122886681098,6.70196036600254,3.091042453358316,6.139884552226255,0.6931471805599453,2.302585092994046,1.791759469228055,1,0,1,0,0,1,0,1,0,2.0,0,0,1,0,0,1,0,1,0,0,1,0,1,0,0,0,0,0,0,0,0,0,0,0,1,0,0,0,0,1,0,1,1
1.3862943611198906,1.0986122886681098,6.918695219020472,3.7612001156935624,7.566828479208331,1.0986122886681098,1.9459101490553132,2.1972245773362196,0,0,1,1,0,0,0,0,0,2.0,1,0,0,1,1,0,1,1,1,0,1,0,1,0,0,0,0,0,0,0,0,0,0,0,1,0,1,0,0,0,0,0,0
1.3862943611198906,1.0986122886681098,6.7464121285733745,3.7612001156935624,7.179307969504034,1.0986122886681098,1.0986122886681098,2.70805020110221,0,0,0,0,0,0,0,0,1,3.0,1,1,1,1,1,1,1,1,1,1,1,1,1,1,0,0,0,0,0,0,0,0,0,0,1,0,1,0,0,0,0,0,0
1.0986122886681098,1.0986122886681098,6.7464121285733745,3.6109179126442243,6.212606095751519,0.6931471805599453,1.9459101490553132,1.6094379124341003,1,1,1,1,1,0,0,1,1,2.0,1,0,0,0,0,0,1,0,1,0,0,0,1,0,0,0,0,0,0,0,0,0,0,0,1,0,0,0,1,0,0,0,1
1.3862943611198906,1.0986122886681098,6.55250788703459,3.258096538021482,6.139884552226255,1.0986122886681098,2.302585092994046,1.791759469228055,0,0,0,0,0,0,0,1,0,2.0,0,0,0,1,1,0,1,1,0,0,1,0,0,0,0,0,0,0,0,1,0,0,0,0,0,0,0,0,0,1,0,1,0
1.3862943611198906,1.0986122886681098,6.556778356158042,1.6094379124341003,6.139884552226255,0.6931471805599453,2.302585092994046,1.0986122886681098,0,0,0,0,0,0,0,1,0,3.0,0,0,0,0,0,0,0,1,0,0,1,0,0,0,0,0,0,0,0,0,0,0,0,1,0,0,0,0,0,1,0,1,1
1.3862943611198906,1.0986122886681098,6.813444599510896,2.8903717578961645,7.029087564149662,0.6931471805599453,2.9444389791664403,2.1972245773362196,1,1,1,1,1,1,1,0,0,2.0,0,0,1,1,1,1,0,1,1,0,1,0,1,0,1,0,0,0,0,0,0,0,0,0,0,0,1,0,0,0,0,0,0
1.3862943611198906,0.6931471805599453,6.423246963533519,2.5649493574615367,6.139884552226255,0.6931471805599453,2.302585092994046,1.6094379124341003,0,0,0,0,0,0,0,0,0,2.0,0,0,0,0,0,1,0,1,0,0,1,0,1,0,1,0,0,0,0,0,0,0,0,0,0,0,0,0,0,1,0,1,0
1.3862943611198906,1.0986122886681098,6.854354502255021,2.1972245773362196,6.139884552226255,0.6931471805599453,2.302585092994046,1.6094379124341003,0,0,0,0,0,0,0,1,1,2.0,0,0,0,0,1,0,0,1,1,0,1,0,0,0,0,0,0,0,0,0,0,0,0,0,1,0,0,0,0,1,0,1,0
1.6094379124341003,1.0986122886681098,7.07326971745971,3.044522437723423,5.707110264748875,0.6931471805599453,2.302585092994046,2.1972245773362196,0,0,0,0,0,0,0,1,1,2.0,1,0,1,1,1,0,0,1,1,0,1,0,1,0,0,0,0,0,0,0,0,0,0,0,0,0,0,0,0,1,1,0,0
1.3862943611198906,1.0986122886681098,7.16703787691222,3.6109179126442243,6.930494765951626,0.6931471805599453,2.833213344056216,2.302585092994046,1,0,1,1,0,0,0,1,1,1.0,1,0,1,1,0,1,0,0,1,1,1,0,1,1,1,0,0,0,0,0,0,0,0,0,0,0,1,0,0,0,0,0,1
1.3862943611198906,1.0986122886681098,6.478509642208569,3.044522437723423,6.139884552226255,0.6931471805599453,2.302585092994046,1.3862943611198906,0,0,0,0,0,0,0,1,0,2.0,0,0,0,0,1,0,0,1,1,0,0,0,0,0,0,0,0,0,0,0,0,0,0,0,1,0,0,1,0,1,1,1,1
0.6931471805599453,0.6931471805599453,6.2166061010848646,3.4339872044851463,6.313548046277095,1.0986122886681098,2.0794415416798357,2.4849066497880004,0,0,0,0,0,0,1,1,1,3.0,1,0,1,1,1,1,1,1,1,1,1,0,1,0,0,0,0,0,0,0,0,0,0,0,1,0,0,0,1,0,0,0,0
1.6094379124341003,1.0986122886681098,6.7464121285733745,1.791759469228055,6.139884552226255,0.6931471805599453,2.302585092994046,0.6931471805599453,0,0,0,0,0,0,0,0,0,1.0,0,0,0,0,0,0,0,0,1,0,0,0,0,0,0,0,0,0,0,0,0,0,0,0,0,0,0,0,0,1,0,1,1
1.3862943611198906,1.0986122886681098,6.68586094706836,3.091042453358316,6.008813185442595,0.6931471805599453,3.258096538021482,0.0,0,0,0,0,0,0,0,1,1,2.0,0,0,0,0,0,0,0,0,0,0,0,0,0,0,0,0,0,0,0,1,0,0,0,0,0,0,1,0,0,0,0,0,1
1.3862943611198906,1.0986122886681098,6.566672429803241,1.3862943611198906,6.139884552226255,0.6931471805599453,2.302585092994046,0.6931471805599453,0,0,0,0,0,0,0,1,0,1.0,0,0,0,0,0,0,0,1,0,0,0,0,0,0,0,0,0,0,0,0,0,0,0,0,0,0,0,0,0,1,0,1,1
1.3862943611198906,1.0986122886681098,6.698268054115413,3.044522437723423,0.6931471805599453,0.6931471805599453,2.833213344056216,1.6094379124341003,0,0,1,1,0,0,0,1,1,2.0,0,0,0,0,0,1,0,1,0,0,1,0,1,0,1,0,0,0,0,0,0,0,0,0,0,0,1,0,0,0,0,0,0
1.0986122886681098,0.6931471805599453,6.634633357861686,3.2188758248682006,7.119635638017636,1.0986122886681098,1.0986122886681098,2.0794415416798357,0,0,0,0,0,0,0,1,1,2.0,0,0,1,1,0,0,0,1,1,1,1,0,1,0,0,0,0,0,0,1,0,0,0,0,0,0,1,0,0,0,0,0,0
1.3862943611198906,1.0986122886681098,7.0431599159883405,3.044522437723423,5.497168225293202,0.6931471805599453,2.302585092994046,2.0794415416798357,0,0,0,0,0,0,0,1,0,3.0,0,0,0,0,0,1,1,1,1,1,1,0,1,0,0,0,0,0,0,0,0,0,0,0,0,0,0,0,1,1,1,0,0
1.3862943611198906,1.0986122886681098,7.016609683894219,3.1354942159291497,6.139884552226255,0.6931471805599453,3.1354942159291497,2.302585092994046,1,0,1,1,0,0,0,1,1,2.0,1,0,1,0,0,1,0,1,1,1,1,0,1,1,0,0,0,0,0,0,0,0,0,0,1,0,0,0,0,0,0,1,1
1.3862943611198906,1.0986122886681098,6.68586094706836,3.044522437723423,6.139884552226255,0.6931471805599453,2.302585092994046,0.6931471805599453,0,1,1,1,1,0,1,1,0,2.0,0,0,0,0,0,1,0,0,0,0,0,0,0,0,1,0,0,0,0,0,0,0,0,0,0,0,0,0,0,1,1,1,1
1.3862943611198906,1.0986122886681098,6.68586094706836,1.791759469228055,6.139884552226255,0.6931471805599453,2.302585092994046,0.6931471805599453,0,0,0,0,0,0,0,0,1,1.0,0,0,0,0,0,0,0,0,1,0,0,0,0,0,0,0,0,0,0,0,0,0,0,0,1,0,0,0,0,1,0,1,1
1.3862943611198906,1.0986122886681098,6.771935555839602,2.4849066497880004,6.139884552226255,0.6931471805599453,2.302585092994046,2.0794415416798357,0,0,0,0,0,0,0,1,0,2.0,1,0,1,0,1,0,0,1,1,0,1,0,1,0,0,0,0,0,0,1,0,0,0,0,0,0,0,0,0,1,0,1,0
1.3862943611198906,1.0986122886681098,6.825460036255307,2.772588722239781,6.53813982376767,0.6931471805599453,3.2188758248682006,2.0794415416798357,1,0,1,1,0,0,1,1,0,2.0,1,0,1,0,0,1,0,1,1,0,1,0,1,0,1,0,0,0,0,0,0,0,0,0,0,0,1,0,0,0,0,0,0
1.0986122886681098,1.0986122886681098,6.92461239604856,3.8066624897703196,5.937536205082426,1.0986122886681098,1.791759469228055,2.0794415416798357,0,0,0,0,0,0,0,1,1,2.0,1,0,1,0,0,0,1,0,1,1,1,0,1,0,0,0,0,0,0,1,0,0,0,0,0,0,1,0,0,0,0,0,0
1.3862943611198906,1.0986122886681098,7.297091005160418,1.791759469228055,6.139884552226255,1.0986122886681098,3.4657359027997265,1.0986122886681098,0,0,0,0,0,0,0,1,1,2.0,0,0,0,0,0,0,0,1,0,0,1,0,0,0,0,0,0,0,0,1,0,0,0,0,0,0,1,0,0,0,0,1,0
1.3862943611198906,1.0986122886681098,6.621405651764134,3.044522437723423,6.139884552226255,0.6931471805599453,2.302585092994046,0.0,0,0,0,0,0,0,0,1,1,2.0,0,0,0,0,0,0,0,0,0,0,0,0,0,0,0,0,0,0,0,0,0,0,0,0,1,0,0,0,0,1,1,1,1
1.3862943611198906,0.6931471805599453,6.5998704992128365,3.044522437723423,6.139884552226255,0.6931471805599453,2.302585092994046,0.6931471805599453,0,0,1,1,0,0,0,1,1,1.0,0,0,0,0,0,0,0,1,0,0,0,0,0,0,1,0,0,0,0,0,0,0,0,0,0,0,0,0,0,1,1,1,1
1.3862943611198906,1.0986122886681098,6.8308742346461795,3.58351893845611,6.139884552226255,0.6931471805599453,2.0794415416798357,0.0,0,0,0,0,0,0,0,1,1,2.0,0,0,0,0,0,0,0,0,0,0,0,0,0,0,0,0,0,0,0,0,0,0,0,0,1,0,0,0,1,0,0,1,1
1.3862943611198906,1.0986122886681098,7.069874128458572,3.044522437723423,6.139884552226255,1.0986122886681098,2.302585092994046,1.791759469228055,0,0,0,0,0,0,0,1,1,3.0,0,0,0,0,1,0,0,1,1,0,1,0,1,0,0,0,0,0,0,1,0,0,0,0,0,0,1,0,0,1,1,1,0
1.0986122886681098,0.6931471805599453,6.20455776256869,3.044522437723423,6.139884552226255,0.6931471805599453,2.302585092994046,0.0,0,0,0,0,0,0,0,1,1,1.0,0,0,0,0,0,0,0,0,0,0,0,0,0,0,0,0,0,0,0,0,0,0,0,0,0,0,0,1,0,1,1,1,1
1.3862943611198906,1.0986122886681098,6.621405651764134,3.044522437723423,6.139884552226255,0.6931471805599453,2.302585092994046,0.0,0,0,0,0,0,0,0,1,1,2.0,0,0,0,0,0,0,0,0,0,0,0,0,0,0,0,0,0,0,0,1,0,0,0,0,0,0,1,0,0,1,1,1,1
1.3862943611198906,1.0986122886681098,6.75343791859778,1.791759469228055,6.139884552226255,0.6931471805599453,2.302585092994046,2.302585092994046,1,0,0,0,0,0,0,0,0,2.0,1,0,0,1,1,0,1,1,1,0,1,0,1,1,0,0,0,0,0,0,0,0,0,0,1,0,0,0,0,1,0,1,0
1.3862943611198906,1.0986122886681098,7.409741954080923,3.044522437723423,6.139884552226255,0.6931471805599453,2.302585092994046,1.9459101490553132,0,0,0,0,0,0,0,1,0,2.0,0,0,1,0,1,0,0,1,0,1,1,0,1,0,0,0,0,0,0,0,0,0,0,1,0,0,0,0,1,1,1,1,1
1.3862943611198906,1.0986122886681098,6.55250788703459,3.044522437723423,6.139884552226255,0.6931471805599453,2.302585092994046,1.791759469228055,0,0,0,0,0,0,0,1,0,2.0,0,0,0,1,0,0,0,1,1,0,1,0,1,0,0,0,0,0,0,0,0,0,0,0,1,0,0,0,0,1,1,1,0
1.3862943611198906,1.0986122886681098,6.827629234502852,2.70805020110221,6.139884552226255,0.6931471805599453,2.302585092994046,2.1972245773362196,0,0,0,0,0,0,0,1,1,3.0,1,0,1,0,1,0,1,1,1,0,1,0,1,0,0,0,0,0,0,0,0,0,0,0,1,0,0,0,0,1,0,1,0
1.3862943611198906,1.0986122886681098,7.170888478512505,2.1972245773362196,4.23410650459726,0.6931471805599453,3.295836866004329,1.3862943611198906,0,0,0,0,0,0,0,1,1,2.0,0,0,0,0,1,0,0,1,0,0,1,0,0,0,0,0,0,0,0,1,0,0,0,0,0,0,0,0,0,0,0,0,0
1.3862943611198906,1.0986122886681098,6.55250788703459,2.5649493574615367,6.139884552226255,0.6931471805599453,3.1780538303479458,1.791759469228055,0,0,0,0,0,0,0,1,1,2.0,0,0,0,0,1,0,1,1,1,0,1,0,0,0,0,0,0,0,0,1,0,0,0,0,0,0,0,0,0,0,0,1,0
1.0986122886681098,1.0986122886681098,6.855408798609928,3.044522437723423,6.139884552226255,0.6931471805599453,2.302585092994046,1.791759469228055,0,0,0,0,0,0,0,1,0,2.0,0,0,1,0,1,0,0,1,0,0,1,0,1,0,0,0,0,0,0,0,0,0,0,1,0,0,1,0,0,1,1,1,0
1.0986122886681098,0.6931471805599453,6.478509642208569,3.044522437723423,6.139884552226255,0.6931471805599453,2.302585092994046,1.791759469228055,0,0,0,0,0,0,0,1,1,2.0,0,0,0,0,1,0,0,1,1,0,1,0,1,0,0,0,0,0,0,1,0,0,0,0,0,0,1,0,0,1,1,1,0
1.3862943611198906,1.0986122886681098,6.75343791859778,2.3978952727983707,3.8918202981106265,1.0986122886681098,2.302585092994046,1.3862943611198906,0,0,0,0,0,0,0,1,1,2.0,0,0,0,0,1,0,0,1,0,0,1,0,0,0,0,0,0,0,0,1,0,0,0,0,0,0,0,0,0,1,0,0,0
1.3862943611198906,1.0986122886681098,7.00397413672268,3.044522437723423,6.851184927493743,0.6931471805599453,2.0794415416798357,2.70805020110221,0,0,0,0,0,0,0,1,0,2.0,1,1,1,1,1,1,1,1,1,1,1,1,1,1,0,0,0,0,0,0,0,0,0,0,0,0,1,0,0,0,1,0,0
1.3862943611198906,1.0986122886681098,6.7464121285733745,1.791759469228055,6.139884552226255,0.6931471805599453,2.302585092994046,1.3862943611198906,1,1,1,1,0,0,1,1,0,2.0,0,0,0,0,0,1,0,1,0,0,1,0,0,0,0,0,0,0,0,0,0,0,0,0,1,0,0,0,0,1,0,1,0
1.3862943611198906,1.0986122886681098,7.170119543449628,2.833213344056216,5.771441123130016,0.6931471805599453,3.2188758248682006,1.791759469228055,1,1,1,1,0,0,1,1,1,2.0,0,0,0,0,0,0,0,1,1,0,1,0,1,1,1,0,0,0,0,0,0,0,0,0,0,0,1,0,0,0,0,0,0
1.0986122886681098,1.0986122886681098,6.905753276311464,3.044522437723423,6.139884552226255,0.6931471805599453,2.8903717578961645,2.0794415416798357,1,1,0,1,0,0,1,1,0,2.0,1,0,1,0,0,1,0,1,0,1,1,0,1,0,1,0,0,0,0,0,0,0,0,0,0,0,0,0,1,0,1,1,0
0.6931471805599453,0.6931471805599453,6.066108090103747,3.044522437723423,6.139884552226255,0.6931471805599453,2.302585092994046,1.9459101490553132,1,1,1,1,0,0,0,1,1,1.0,0,0,1,0,1,0,0,1,1,0,1,0,1,0,1,0,0,0,0,0,0,0,0,0,0,0,0,0,1,1,1,1,1
1.3862943611198906,1.0986122886681098,6.962243464266207,2.772588722239781,5.820082930352362,0.6931471805599453,3.258096538021482,2.3978952727983707,0,0,0,0,0,0,0,1,1,2.0,1,0,1,0,0,1,0,1,1,1,1,1,1,1,0,0,0,0,0,1,0,0,0,0,0,0,1,0,0,0,0,0,0
1.6094379124341003,1.0986122886681098,7.1316985104669115,3.044522437723423,6.139884552226255,0.6931471805599453,2.302585092994046,1.791759469228055,0,0,0,0,0,0,0,1,0,2.0,0,0,0,1,0,0,0,1,1,0,1,0,1,0,0,0,0,0,0,0,0,0,0,0,0,0,0,0,1,1,1,1,0
1.3862943611198906,1.0986122886681098,6.55250788703459,3.258096538021482,6.139884552226255,0.6931471805599453,2.302585092994046,1.791759469228055,0,0,0,0,0,0,0,1,0,2.0,0,0,0,0,1,0,1,1,1,0,1,0,0,0,0,0,0,0,0,1,0,0,0,0,0,0,0,0,0,1,0,1,0
1.3862943611198906,1.0986122886681098,6.8658910748834385,3.828641396489095,7.828038032125829,1.0986122886681098,1.6094379124341003,0.0,1,1,1,1,0,1,0,1,1,2.0,0,0,0,0,0,0,0,0,0,0,0,0,0,0,1,0,0,0,0,0,0,0,0,0,0,0,0,0,1,0,0,0,0
1.3862943611198906,1.0986122886681098,6.7580945044277305,3.332204510175204,6.139884552226255,0.6931471805599453,2.9444389791664403,2.0794415416798357,0,0,0,0,0,0,0,1,1,2.0,1,0,1,0,1,0,0,1,1,0,1,0,1,0,0,0,0,0,0,1,0,0,0,0,0,0,1,0,0,0,0,1,0
0.6931471805599453,0.6931471805599453,6.249975242259483,3.044522437723423,6.139884552226255,0.6931471805599453,2.302585092994046,1.9459101490553132,0,0,0,0,0,0,0,1,0,2.0,0,0,0,0,1,0,0,1,1,1,1,0,1,0,0,0,0,0,0,0,0,0,1,0,0,0,0,0,1,1,1,1,1
1.6094379124341003,1.0986122886681098,7.194436851100335,2.8903717578961645,6.16541785423142,0.6931471805599453,2.3978952727983707,2.0794415416798357,0,0,0,0,0,0,0,1,1,2.0,0,0,1,1,0,1,0,1,1,0,1,0,1,0,1,0,0,0,0,0,0,0,0,0,0,0,1,0,0,0,0,0,0
1.3862943611198906,1.0986122886681098,6.478509642208569,3.332204510175204,6.12029741895095,0.6931471805599453,2.302585092994046,1.3862943611198906,0,0,0,0,0,0,0,1,1,3.0,0,0,0,0,1,0,0,1,0,0,1,0,0,0,0,0,0,0,0,1,0,0,0,0,0,0,0,0,0,1,0,0,0
1.3862943611198906,1.0986122886681098,6.77078942390898,1.791759469228055,6.139884552226255,0.6931471805599453,2.302585092994046,1.791759469228055,1,0,1,1,1,0,0,1,1,1.0,0,0,0,0,0,1,0,1,1,0,1,0,1,0,0,0,0,0,0,0,0,0,0,0,1,0,0,0,0,1,0,1,0
1.6094379124341003,1.0986122886681098,6.90875477931522,3.044522437723423,6.139884552226255,0.6931471805599453,2.302585092994046,1.9459101490553132,0,0,0,0,0,0,0,1,1,1.0,0,0,0,0,1,1,0,1,1,0,1,0,1,0,0,0,0,0,0,0,0,0,0,0,0,0,0,0,0,1,1,1,0
1.3862943611198906,1.0986122886681098,6.842683282238422,3.6635616461296463,6.042632833682381,1.0986122886681098,2.5649493574615367,2.70805020110221,0,0,0,0,0,0,0,1,1,2.0,1,1,1,1,1,1,1,1,1,1,1,1,1,1,0,0,0,0,0,1,0,0,0,0,0,0,1,0,0,0,0,0,0
1.3862943611198906,1.0986122886681098,6.7464121285733745,3.1354942159291497,6.705639094860003,0.6931471805599453,2.833213344056216,2.302585092994046,0,0,0,0,0,0,0,1,1,3.0,1,0,1,1,1,0,0,1,1,0,1,1,1,0,0,0,0,0,0,1,0,0,0,0,0,0,1,0,0,0,0,0,0
1.3862943611198906,1.0986122886681098,7.017506142941256,3.258096538021482,6.040254711277414,1.0986122886681098,1.9459101490553132,2.0794415416798357,0,0,0,0,0,0,0,1,1,3.0,0,0,1,0,0,1,0,1,1,1,1,0,1,0,0,0,0,0,0,1,0,0,0,0,0,0,1,0,0,0,0,0,0
1.0986122886681098,1.0986122886681098,6.734591659972948,3.58351893845611,7.229113877793302,1.0986122886681098,2.302585092994046,2.5649493574615367,0,0,1,1,0,0,0,1,1,2.0,1,1,1,1,1,1,1,1,1,1,1,0,1,0,1,0,0,0,0,0,0,0,0,0,0,0,1,0,0,1,0,0,0
1.3862943611198906,1.3862943611198906,6.911747300251674,3.6635616461296463,6.8885724595653635,1.0986122886681098,1.6094379124341003,2.4849066497880004,0,0,1,1,0,1,1,0,0,2.0,1,0,1,1,1,1,1,1,1,0,1,1,1,0,1,0,0,0,0,0,0,0,0,0,0,0,1,0,0,0,0,0,0
1.3862943611198906,1.0986122886681098,6.8679744089702925,3.4657359027997265,8.349011198176003,0.6931471805599453,2.1972245773362196,1.6094379124341003,1,1,1,1,0,0,1,1,1,2.0,0,0,0,0,0,0,0,1,1,0,1,0,1,0,1,0,0,0,0,0,0,0,0,0,0,0,0,0,1,0,0,0,1
1.3862943611198906,1.0986122886681098,6.842683282238422,3.6635616461296463,6.042632833682381,1.3862943611198906,2.5649493574615367,2.70805020110221,0,0,0,0,0,0,0,1,1,2.0,1,1,1,1,1,1,1,1,1,1,1,1,1,1,0,0,0,0,0,1,0,0,0,0,0,0,1,0,0,0,0,0,0
0.6931471805599453,0.6931471805599453,6.429719478039138,3.5553480614894135,6.297109319933935,0.6931471805599453,1.9459101490553132,1.6094379124341003,0,1,1,1,0,0,1,1,0,3.0,0,0,1,0,0,0,0,1,0,0,1,0,1,0,1,0,0,0,0,0,0,0,0,0,0,0,0,0,1,0,0,0,0
1.3862943611198906,1.0986122886681098,6.68586094706836,3.044522437723423,5.493061443340548,0.6931471805599453,2.302585092994046,1.6094379124341003,0,0,0,0,0,0,0,1,1,3.0,0,0,0,0,1,0,0,1,0,0,1,0,1,0,0,0,0,0,0,1,0,0,0,0,0,0,0,0,0,1,1,0,0
1.0986122886681098,1.0986122886681098,6.77078942390898,3.044522437723423,5.75890177387728,0.6931471805599453,2.302585092994046,2.302585092994046,0,0,0,0,0,0,0,1,1,3.0,1,0,1,1,1,0,1,1,1,0,1,0,1,0,0,0,0,0,0,0,0,0,0,0,0,0,0,0,1,1,1,0,0
1.3862943611198906,1.0986122886681098,6.694562058521095,2.8903717578961645,5.777652323222656,0.6931471805599453,1.9459101490553132,1.791759469228055,0,0,0,0,0,0,0,0,1,3.0,0,0,0,1,0,0,1,0,1,0,1,0,1,0,0,0,0,0,0,0,0,0,0,0,0,0,0,0,0,0,0,0,1
1.3862943611198906,1.0986122886681098,6.90875477931522,3.044522437723423,6.139884552226255,0.6931471805599453,2.302585092994046,0.0,0,0,0,0,0,0,0,1,0,1.0,0,0,0,0,0,0,0,0,0,0,0,0,0,0,0,0,0,0,0,0,0,0,0,1,0,0,0,0,0,1,1,1,1
1.3862943611198906,1.0986122886681098,6.7464121285733745,3.044522437723423,6.139884552226255,0.6931471805599453,2.302585092994046,1.6094379124341003,0,0,0,0,0,0,0,1,0,2.0,0,0,0,1,0,0,0,1,0,0,1,0,1,0,0,0,0,0,0,0,0,0,0,0,1,0,0,0,0,1,1,1,0
1.3862943611198906,1.0986122886681098,6.90975328164481,1.6094379124341003,6.139884552226255,0.6931471805599453,2.302585092994046,0.0,0,0,0,0,0,0,0,1,0,3.0,0,0,0,0,0,0,0,0,0,0,0,0,0,0,0,0,0,0,0,0,0,0,0,0,0,0,0,0,0,1,0,1,1
1.6094379124341003,1.0986122886681098,6.739336627357174,3.044522437723423,6.139884552226255,0.6931471805599453,2.302585092994046,1.791759469228055,0,0,0,0,0,0,0,0,0,2.0,0,0,0,0,0,0,1,1,1,0,1,0,1,0,0,0,0,0,0,0,0,0,0,0,1,0,0,0,0,1,1,1,0
1.3862943611198906,1.0986122886681098,7.302496423727326,3.8501476017100584,7.034387929915503,1.0986122886681098,1.9459101490553132,2.4849066497880004,0,0,0,0,0,0,0,1,1,3.0,1,1,1,0,1,1,1,1,1,1,1,0,1,0,0,0,0,0,0,0,0,0,0,0,0,0,0,0,1,0,0,0,0
1.3862943611198906,1.0986122886681098,6.966967138613983,3.258096538021482,5.472270673671475,1.0986122886681098,3.332204510175204,1.6094379124341003,0,0,0,0,0,0,0,1,1,2.0,0,0,0,0,1,0,0,1,0,0,1,0,1,0,0,0,0,0,0,1,0,0,0,0,0,0,1,0,0,0,0,0,0
1.0986122886681098,0.6931471805599453,6.536691597591305,2.4849066497880004,7.123672785204607,0.6931471805599453,3.1780538303479458,1.6094379124341003,0,1,1,1,0,0,1,1,1,3.0,0,0,0,0,0,1,0,1,1,0,1,0,0,0,1,0,0,0,0,0,0,0,0,0,0,0,1,0,0,0,0,0,0
1.3862943611198906,1.0986122886681098,7.040536390215956,3.044522437723423,6.139884552226255,0.6931471805599453,2.302585092994046,0.0,0,0,0,0,0,0,0,1,1,1.0,0,0,0,0,0,0,0,0,0,0,0,0,0,0,0,0,0,0,0,0,0,0,0,0,0,1,1,0,0,1,1,1,0
1.3862943611198906,1.0986122886681098,6.803505257608338,3.044522437723423,6.139884552226255,0.6931471805599453,2.302585092994046,0.0,0,0,0,0,0,0,0,1,0,2.0,0,0,0,0,0,0,0,0,0,0,0,0,0,0,0,0,0,0,0,0,0,0,1,0,0,0,1,0,0,1,1,1,0
1.0986122886681098,1.0986122886681098,6.68586094706836,3.044522437723423,6.139884552226255,0.6931471805599453,2.302585092994046,2.3978952727983707,0,0,0,0,0,0,0,1,0,2.0,1,0,1,0,1,1,1,1,1,1,1,0,1,0,1,0,0,0,0,0,0,0,0,0,0,0,0,0,1,1,1,1,0
1.6094379124341003,1.791759469228055,7.585281078639126,3.044522437723423,6.6895992691789665,1.0986122886681098,1.3862943611198906,2.4849066497880004,0,0,0,0,0,0,0,1,1,3.0,1,0,1,1,1,0,1,1,1,1,1,1,1,0,0,0,0,0,0,1,0,0,0,0,0,0,1,0,0,0,1,0,0
1.3862943611198906,1.3862943611198906,6.9874902470009905,3.044522437723423,6.315358001522335,1.0986122886681098,0.6931471805599453,2.3978952727983707,0,0,0,0,0,0,0,1,1,2.0,1,0,1,0,1,1,0,1,1,1,1,1,1,0,0,0,0,0,0,0,0,0,0,0,1,0,1,0,0,0,1,0,0
1.3862943611198906,1.0986122886681098,6.721425700790643,3.044522437723423,6.139884552226255,0.6931471805599453,2.302585092994046,1.9459101490553132,0,0,0,0,0,0,0,1,1,2.0,1,0,1,0,0,0,0,1,1,0,1,0,1,0,1,0,0,0,0,0,0,0,0,0,0,0,0,0,0,1,1,1,0
1.3862943611198906,1.0986122886681098,6.582025138892826,2.6390573296152584,6.208590026096629,0.6931471805599453,3.258096538021482,1.791759469228055,0,0,0,0,0,0,0,1,1,2.0,0,0,0,0,1,0,0,1,1,0,1,0,1,0,0,0,0,0,0,1,0,0,0,0,0,0,1,0,0,0,0,0,0
1.0986122886681098,0.6931471805599453,6.55250788703459,3.044522437723423,6.139884552226255,0.6931471805599453,2.302585092994046,2.1972245773362196,0,0,0,0,0,0,0,1,1,2.0,1,0,1,1,1,0,1,1,1,0,1,0,0,0,0,0,0,0,0,0,0,0,0,0,0,1,0,0,0,1,1,1,0
1.3862943611198906,1.0986122886681098,6.68586094706836,1.791759469228055,6.139884552226255,0.6931471805599453,2.302585092994046,0.6931471805599453,0,0,0,0,0,0,0,1,1,1.0,0,0,0,0,0,0,0,0,0,0,1,0,0,0,0,0,0,0,0,0,0,0,0,0,1,0,0,0,0,1,0,1,0
1.3862943611198906,1.0986122886681098,6.7464121285733745,3.044522437723423,6.8679744089702925,0.6931471805599453,2.302585092994046,1.791759469228055,0,0,0,0,0,0,0,0,1,2.0,0,0,0,0,1,0,1,1,1,0,1,0,0,0,0,0,0,0,0,0,0,0,0,0,1,0,0,0,0,1,1,0,0
1.3862943611198906,1.0986122886681098,6.52649485957079,3.258096538021482,6.3784261836515865,0.6931471805599453,2.9444389791664403,2.1972245773362196,1,1,1,1,0,0,1,1,1,2.0,0,0,0,0,1,1,1,1,1,0,1,0,1,1,0,0,0,0,0,0,0,0,0,0,1,0,0,0,1,0,0,0,0
1.3862943611198906,1.0986122886681098,6.951772164398911,3.044522437723423,6.54965074223381,0.6931471805599453,2.9444389791664403,0.0,0,0,0,0,0,0,0,0,0,2.0,0,0,0,0,0,0,0,0,0,0,0,0,0,0,0,0,0,0,0,0,0,0,0,0,0,0,0,0,0,0,1,0,0
1.3862943611198906,0.6931471805599453,6.478509642208569,3.044522437723423,6.139884552226255,0.6931471805599453,2.302585092994046,0.6931471805599453,0,0,0,1,0,0,0,0,0,1.0,0,0,0,0,0,0,0,1,0,0,0,0,0,0,0,0,0,0,0,0,0,0,0,0,1,0,0,0,0,1,1,1,1
1.3862943611198906,1.0986122886681098,7.05617528410041,1.791759469228055,6.028278520230698,0.6931471805599453,2.8903717578961645,2.0794415416798357,0,0,0,0,0,0,0,1,0,2.0,1,0,1,0,1,0,0,1,1,0,1,0,1,0,0,0,0,0,0,0,0,0,0,0,1,0,0,0,0,0,0,0,0
1.3862943611198906,1.0986122886681098,6.911747300251674,3.044522437723423,5.8971538676367405,1.0986122886681098,1.791759469228055,1.791759469228055,1,1,1,1,0,1,1,1,1,2.0,1,0,1,0,0,0,1,0,1,0,1,0,0,0,1,0,0,0,0,0,0,0,0,0,0,0,0,0,1,0,1,0,0
1.3862943611198906,1.0986122886681098,6.621405651764134,2.8903717578961645,1.3862943611198906,0.6931471805599453,3.4657359027997265,1.0986122886681098,0,0,0,0,0,0,0,1,0,2.0,0,0,0,0,0,0,0,1,0,0,1,0,0,0,0,0,0,0,0,1,0,0,0,0,0,0,0,0,0,0,0,0,0
1.3862943611198906,1.0986122886681098,7.00397413672268,2.995732273553991,6.139884552226255,1.0986122886681098,2.302585092994046,2.3978952727983707,1,1,1,1,0,0,1,1,1,3.0,1,0,1,1,1,1,0,1,1,0,1,0,1,1,1,0,0,0,0,0,0,0,0,0,0,0,1,0,0,1,0,1,0
1.6094379124341003,1.6094379124341003,8.071218539969863,1.9459101490553132,3.6109179126442243,1.3862943611198906,3.367295829986474,1.791759469228055,0,0,0,0,0,0,0,1,1,2.0,0,0,1,0,0,0,0,1,1,0,1,0,1,0,0,0,0,0,0,1,0,0,0,0,0,0,1,0,0,0,0,0,0
1.3862943611198906,1.0986122886681098,6.566672429803241,3.044522437723423,6.139884552226255,0.6931471805599453,2.302585092994046,0.0,0,0,0,0,0,0,0,1,0,1.0,0,0,0,0,0,0,0,0,0,0,0,0,0,0,0,0,0,0,0,0,0,0,0,0,0,0,0,1,0,1,1,1,1
1.3862943611198906,1.0986122886681098,6.7464121285733745,2.6390573296152584,6.139884552226255,0.6931471805599453,2.70805020110221,1.6094379124341003,0,0,0,0,0,0,0,1,0,3.0,0,0,0,1,0,1,0,0,1,0,1,0,0,0,0,0,0,0,0,0,0,0,0,0,0,0,0,0,0,0,0,1,1
1.3862943611198906,1.0986122886681098,6.98933526597456,2.3978952727983707,5.081404364984463,0.6931471805599453,2.302585092994046,2.302585092994046,1,0,1,1,0,0,0,1,1,2.0,0,0,1,0,1,1,0,1,1,0,1,1,1,1,1,0,0,0,0,0,0,0,0,0,0,0,1,0,0,1,0,0,0
1.3862943611198906,1.0986122886681098,6.7464121285733745,3.1354942159291497,6.705639094860003,1.0986122886681098,2.833213344056216,2.302585092994046,0,0,0,0,0,0,0,1,1,1.0,1,0,1,1,1,0,0,1,1,0,1,1,1,0,0,0,0,0,0,1,0,0,0,0,0,0,1,0,0,0,0,0,0
1.3862943611198906,1.0986122886681098,6.90875477931522,3.044522437723423,6.139884552226255,1.0986122886681098,2.302585092994046,1.9459101490553132,0,0,0,0,0,0,0,1,1,2.0,0,0,1,0,1,0,0,1,1,0,1,0,1,0,0,0,0,0,0,0,0,0,0,0,0,1,1,0,0,1,1,1,0
1.0986122886681098,0.6931471805599453,6.478509642208569,3.044522437723423,6.139884552226255,0.6931471805599453,2.302585092994046,0.0,0,0,0,0,0,0,0,1,0,2.0,0,0,0,0,0,0,0,0,0,0,0,0,0,0,1,0,0,0,0,0,0,0,0,0,0,0,0,1,0,1,1,1,1
1.0986122886681098,1.0986122886681098,6.478509642208569,3.044522437723423,6.139884552226255,0.6931471805599453,2.302585092994046,2.4849066497880004,1,1,1,1,1,0,0,1,1,2.0,1,0,1,1,1,1,1,1,1,0,1,0,1,1,1,0,0,0,0,0,0,0,0,0,0,0,0,0,1,1,1,1,0
1.0986122886681098,1.0986122886681098,6.85751406254539,3.044522437723423,6.111467339502679,1.0986122886681098,0.6931471805599453,2.3978952727983707,0,0,0,0,0,0,0,1,1,2.0,1,0,1,0,1,1,1,1,1,1,1,0,1,0,0,0,0,0,0,1,0,0,0,0,0,0,1,0,0,0,1,0,0
1.3862943611198906,1.0986122886681098,7.170888478512505,2.995732273553991,6.561030665896573,1.0986122886681098,2.6390573296152584,2.3978952727983707,0,0,0,0,0,0,0,1,1,2.0,1,0,1,1,1,0,1,1,1,1,1,0,1,0,0,0,0,0,0,1,0,0,0,0,0,0,1,0,0,0,0,0,0
1.3862943611198906,1.0986122886681098,6.541029999189903,3.044522437723423,6.139884552226255,0.6931471805599453,2.302585092994046,1.3862943611198906,0,0,0,0,0,0,0,1,1,2.0,0,0,0,0,0,1,0,1,1,0,0,0,0,0,0,0,0,0,0,0,0,0,0,0,0,0,0,1,0,1,1,1,0
0.6931471805599453,0.6931471805599453,6.2422232654551655,3.091042453358316,6.660575149839686,0.6931471805599453,2.302585092994046,2.6390573296152584,0,0,0,0,0,0,0,1,1,3.0,1,1,1,1,1,1,1,1,1,1,1,0,1,1,0,0,0,0,0,0,0,0,0,0,0,0,0,0,1,1,0,0,0
1.3862943611198906,1.0986122886681098,6.842683282238422,3.6635616461296463,6.042632833682381,1.0986122886681098,2.5649493574615367,2.70805020110221,0,0,0,0,0,0,0,1,1,2.0,1,1,1,1,1,1,1,1,1,1,1,1,1,1,0,0,0,0,0,1,0,0,0,0,0,0,1,0,0,0,0,0,0
1.3862943611198906,1.0986122886681098,6.55250788703459,3.044522437723423,6.139884552226255,0.6931471805599453,2.302585092994046,1.6094379124341003,0,0,0,0,0,0,0,1,0,2.0,0,0,0,1,0,0,0,1,0,0,1,0,1,0,0,0,0,0,0,0,0,0,0,0,1,0,0,0,0,1,1,1,0
1.3862943611198906,1.0986122886681098,7.122866658599083,3.5263605246161616,6.311734809152915,1.0986122886681098,1.0986122886681098,2.302585092994046,0,0,0,0,0,0,0,1,1,2.0,1,1,1,1,0,0,1,0,1,1,1,0,1,0,0,0,0,0,0,1,0,0,0,0,0,0,1,0,0,0,0,0,0
1.3862943611198906,1.0986122886681098,7.078341579557671,3.044522437723423,6.139884552226255,1.0986122886681098,2.302585092994046,0.0,0,0,0,0,0,0,0,0,1,1.0,0,0,0,0,0,0,0,0,0,0,0,0,0,0,0,0,0,0,0,0,0,0,0,0,1,0,0,0,0,1,1,1,0
1.3862943611198906,1.0986122886681098,7.01301578963963,3.044522437723423,6.018593214496234,1.0986122886681098,2.772588722239781,2.302585092994046,0,0,0,0,0,0,0,1,1,2.0,1,0,1,0,0,1,1,1,1,1,1,0,1,0,1,0,0,0,0,0,0,0,0,0,0,0,1,0,0,0,1,0,0
1.3862943611198906,1.0986122886681098,7.151485463904735,3.4339872044851463,6.018593214496234,1.0986122886681098,1.9459101490553132,0.0,0,0,0,0,0,0,0,1,1,2.0,0,0,0,0,0,0,0,0,0,0,0,0,0,0,0,0,0,0,0,1,0,0,0,0,0,0,1,0,0,0,0,0,0
1.3862943611198906,1.0986122886681098,6.974478911025045,3.4339872044851463,5.7430031878094825,1.0986122886681098,2.0794415416798357,2.4849066497880004,0,0,0,0,0,0,0,1,1,2.0,1,0,1,1,0,1,1,1,1,1,1,0,1,1,0,0,0,0,0,0,0,0,0,0,0,0,1,0,0,0,0,0,0
1.3862943611198906,1.0986122886681098,6.961296045910167,3.044522437723423,6.139884552226255,0.6931471805599453,2.302585092994046,2.1972245773362196,0,0,0,0,0,0,0,0,1,2.0,1,0,1,1,1,0,0,1,1,0,1,0,1,0,0,0,0,0,0,0,0,1,0,0,0,0,0,0,0,1,0,1,1
0.6931471805599453,0.6931471805599453,6.46302945692067,3.044522437723423,6.139884552226255,0.6931471805599453,2.302585092994046,1.6094379124341003,0,0,0,0,0,0,0,1,1,3.0,0,0,0,0,1,0,0,1,0,0,1,0,1,0,0,0,0,0,0,0,1,0,0,0,0,0,0,0,0,1,1,1,1
1.3862943611198906,1.0986122886681098,6.493753839851686,3.044522437723423,6.139884552226255,0.6931471805599453,2.302585092994046,1.0986122886681098,0,0,0,0,0,0,0,0,1,2.0,0,0,0,0,0,1,0,1,0,0,0,0,0,0,0,0,1,0,0,0,0,0,0,0,0,0,0,0,0,1,1,1,1
1.0986122886681098,1.0986122886681098,6.5722825426940075,2.833213344056216,6.240275845170769,0.6931471805599453,2.302585092994046,1.9459101490553132,0,0,0,0,0,0,0,1,0,2.0,0,0,1,1,0,1,0,1,1,0,1,0,0,0,0,0,0,0,0,0,0,0,0,0,1,0,0,0,1,0,0,0,1
1.3862943611198906,1.0986122886681098,6.803505257608338,3.044522437723423,6.139884552226255,1.0986122886681098,2.302585092994046,2.70805020110221,0,0,0,0,0,0,0,1,0,2.0,1,1,1,1,1,1,1,1,1,1,1,1,1,1,0,0,0,0,0,0,0,0,0,0,1,0,0,0,1,1,1,1,0
1.3862943611198906,1.0986122886681098,6.694562058521095,3.044522437723423,6.139884552226255,0.6931471805599453,2.302585092994046,1.6094379124341003,0,0,0,0,0,0,0,1,0,2.0,0,0,0,0,1,0,0,1,1,0,1,0,0,0,0,0,0,0,0,0,0,0,0,0,0,1,0,0,0,1,1,1,0
1.0986122886681098,1.0986122886681098,6.637258031284457,3.044522437723423,6.240275845170769,0.6931471805599453,2.302585092994046,1.3862943611198906,0,0,0,0,0,0,0,1,0,1.0,0,0,0,0,0,1,0,1,0,0,1,0,0,0,0,0,0,0,0,0,0,0,1,0,0,0,0,0,0,1,1,0,0
1.3862943611198906,1.0986122886681098,6.111467339502679,3.044522437723423,7.047517221357296,1.0986122886681098,2.1972245773362196,2.4849066497880004,0,0,0,0,0,0,0,1,1,2.0,1,0,1,1,1,1,1,1,1,1,1,0,1,0,0,0,0,0,0,0,0,0,0,0,1,0,0,0,1,0,1,0,0
1.3862943611198906,1.0986122886681098,6.68586094706836,3.044522437723423,6.139884552226255,0.6931471805599453,2.302585092994046,0.0,0,0,0,0,0,0,0,1,0,2.0,0,0,0,0,0,0,0,0,0,0,0,0,0,0,0,0,0,0,0,0,0,0,0,0,1,0,0,1,0,1,1,1,0
1.3862943611198906,1.0986122886681098,6.928537818164665,2.5649493574615367,4.948759890378168,0.6931471805599453,3.5553480614894135,1.9459101490553132,1,1,1,1,0,0,1,1,1,2.0,1,0,1,0,0,0,0,1,1,0,1,0,1,0,1,0,0,0,0,0,0,0,0,0,0,0,1,0,0,0,0,0,0
1.6094379124341003,1.3862943611198906,7.4770384723196965,3.258096538021482,4.499809670330265,1.0986122886681098,0.6931471805599453,2.302585092994046,0,0,0,0,0,0,0,1,1,2.0,1,0,1,1,1,0,1,1,1,0,1,0,1,0,0,0,0,0,0,1,0,0,0,0,0,0,1,0,0,0,0,0,0
1.3862943611198906,1.0986122886681098,6.831953565565855,2.70805020110221,5.831882477283517,0.6931471805599453,2.302585092994046,2.1972245773362196,0,0,0,0,0,0,0,0,1,2.0,0,0,1,1,0,1,0,1,1,0,1,1,1,0,0,0,0,0,0,0,0,0,0,0,1,0,0,0,0,1,0,0,0
1.0986122886681098,1.0986122886681098,6.752270376141742,3.044522437723423,6.0014148779611505,0.6931471805599453,1.791759469228055,2.302585092994046,0,0,1,1,0,0,0,1,1,2.0,0,0,1,0,1,1,0,1,1,1,1,1,1,0,0,0,0,0,0,0,0,0,0,0,1,0,0,0,1,0,1,0,0
1.3862943611198906,0.6931471805599453,6.55250788703459,2.9444389791664403,6.553933404025811,0.6931471805599453,2.772588722239781,1.3862943611198906,0,0,0,0,0,0,0,1,1,3.0,0,0,0,0,0,0,0,1,1,0,1,0,0,0,0,0,0,0,0,1,0,0,0,0,0,0,0,0,0,0,0,0,0
1.3862943611198906,1.0986122886681098,6.349138991379798,3.044522437723423,6.139884552226255,0.6931471805599453,2.302585092994046,0.6931471805599453,0,0,0,0,0,0,0,1,1,3.0,0,0,0,0,0,0,0,1,0,0,0,0,0,0,0,0,0,0,0,0,0,0,0,0,0,0,0,1,0,1,1,1,1
1.3862943611198906,1.0986122886681098,7.161622002939187,3.091042453358316,6.1224928095143865,0.6931471805599453,2.1972245773362196,2.0794415416798357,0,0,0,0,0,0,0,1,1,2.0,1,0,1,1,0,0,1,0,1,0,1,0,1,0,0,0,0,0,0,0,0,0,0,0,1,0,1,0,0,0,0,0,1
1.3862943611198906,1.0986122886681098,6.86484777797086,3.044522437723423,6.139884552226255,0.6931471805599453,2.302585092994046,1.3862943611198906,0,0,0,0,0,0,0,1,1,2.0,0,0,0,0,0,1,0,1,0,0,1,0,0,0,0,0,0,0,0,0,0,0,0,0,1,0,0,0,0,1,1,1,1
1.3862943611198906,1.0986122886681098,6.925595197110468,2.302585092994046,6.139884552226255,0.6931471805599453,2.302585092994046,1.791759469228055,0,0,0,0,0,0,0,1,1,2.0,0,0,0,0,1,1,0,1,0,0,1,0,1,0,0,0,0,0,0,0,0,0,0,0,1,0,0,0,0,1,0,1,0
1.3862943611198906,1.0986122886681098,7.285506548522785,3.295836866004329,5.3981627015177525,1.0986122886681098,1.6094379124341003,2.1972245773362196,0,0,0,0,0,0,0,1,1,3.0,0,0,1,0,1,1,0,1,1,0,1,1,1,0,0,0,0,0,0,1,0,0,0,0,0,0,1,0,0,0,0,0,0
1.3862943611198906,1.0986122886681098,6.999422467507961,3.6635616461296463,6.075346031088684,0.6931471805599453,2.0794415416798357,2.0794415416798357,0,0,0,0,0,0,0,1,1,2.0,1,0,1,1,0,0,0,0,1,1,1,0,1,0,0,0,0,0,0,1,0,0,0,0,0,0,1,0,0,0,0,0,0
1.3862943611198906,1.0986122886681098,7.061334366910438,3.044522437723423,6.008813185442595,1.0986122886681098,1.0986122886681098,2.3978952727983707,0,0,0,0,0,0,0,1,1,2.0,1,0,1,1,1,0,1,1,1,1,1,0,1,0,0,0,0,0,0,1,0,0,0,0,0,0,1,0,0,0,1,0,0
0.6931471805599453,0.6931471805599453,6.46302945692067,3.044522437723423,6.957497370876951,0.6931471805599453,1.791759469228055,2.4849066497880004,0,0,0,0,0,0,0,1,1,3.0,1,0,1,1,0,0,1,1,1,1,1,1,1,1,0,0,0,0,0,0,0,0,0,0,0,0,1,0,0,0,1,0,1
1.3862943611198906,1.0986122886681098,6.55250788703459,3.58351893845611,6.139884552226255,0.6931471805599453,3.258096538021482,1.791759469228055,0,0,0,0,0,0,0,1,1,3.0,0,0,0,1,0,1,0,1,1,0,1,0,0,0,0,0,0,0,0,1,0,0,0,0,0,0,1,0,0,0,0,1,0
1.3862943611198906,1.0986122886681098,6.7464121285733745,2.772588722239781,6.139884552226255,1.0986122886681098,2.302585092994046,1.791759469228055,1,0,0,1,0,0,0,1,0,2.0,0,0,0,1,1,0,0,1,1,0,1,0,0,0,0,0,0,0,0,0,0,0,0,0,1,0,0,0,0,1,0,1,0
1.3862943611198906,1.3862943611198906,7.297091005160418,2.8903717578961645,5.796057750765372,1.0986122886681098,2.4849066497880004,2.4849066497880004,0,0,0,0,0,0,0,1,1,2.0,1,0,1,1,1,0,1,1,1,1,1,0,1,1,0,0,0,0,0,1,0,0,0,0,0,0,1,0,0,0,0,0,0
1.6094379124341003,1.0986122886681098,7.164720378771857,3.258096538021482,6.3578422665081,1.3862943611198906,2.0794415416798357,2.1972245773362196,0,1,1,0,1,0,1,1,0,2.0,1,0,1,1,0,0,1,1,1,0,1,0,1,0,1,0,0,0,0,0,0,0,0,0,0,0,0,0,1,0,0,0,0
1.0986122886681098,1.0986122886681098,7.149131598557407,3.044522437723423,6.139884552226255,1.0986122886681098,2.302585092994046,2.0794415416798357,0,0,0,0,0,0,0,1,0,2.0,0,0,0,0,1,1,1,1,1,0,1,0,1,0,0,1,0,0,0,0,0,0,0,0,0,0,1,0,0,1,1,1,0
1.3862943611198906,1.0986122886681098,6.7580945044277305,2.772588722239781,6.580639137284949,1.0986122886681098,1.9459101490553132,0.0,0,1,0,0,0,0,0,1,1,2.0,0,0,0,0,0,0,0,0,0,0,0,0,0,0,0,0,0,0,0,0,0,0,0,0,1,0,0,0,1,0,0,0,0
1.3862943611198906,0.6931471805599453,6.437751649736401,1.791759469228055,6.139884552226255,0.6931471805599453,2.302585092994046,0.0,0,0,0,0,0,0,0,1,1,3.0,0,0,0,0,0,0,0,0,0,0,0,0,0,0,0,0,0,0,0,1,0,0,0,0,0,0,0,0,0,1,0,1,0
1.3862943611198906,0.6931471805599453,6.423246963533519,2.5649493574615367,6.139884552226255,0.6931471805599453,2.302585092994046,1.6094379124341003,0,0,0,0,0,0,0,0,0,2.0,0,0,0,0,1,0,1,1,1,0,0,0,0,0,1,0,0,0,0,0,0,0,0,0,0,0,0,0,0,1,0,1,1
1.3862943611198906,1.3862943611198906,7.297091005160418,2.8903717578961645,5.796057750765372,1.0986122886681098,2.4849066497880004,1.791759469228055,0,0,0,0,0,0,0,1,1,2.0,0,0,0,0,1,0,0,1,1,0,1,0,1,0,0,0,0,0,0,1,0,0,0,0,0,0,1,0,0,0,0,0,0
1.3862943611198906,1.0986122886681098,6.874198495453294,3.044522437723423,6.139884552226255,0.6931471805599453,2.302585092994046,0.0,0,0,0,0,0,0,0,1,0,1.0,0,0,0,0,0,0,0,0,0,0,0,0,0,0,0,0,0,0,0,0,0,0,0,0,0,0,0,0,0,1,1,1,1
1.3862943611198906,1.0986122886681098,6.90875477931522,3.044522437723423,6.139884552226255,0.6931471805599453,2.302585092994046,1.791759469228055,0,0,0,0,0,0,0,1,1,1.0,1,0,0,1,0,0,0,1,1,0,1,0,0,0,0,0,0,0,1,0,0,0,0,0,0,0,1,0,0,1,1,1,0
1.3862943611198906,1.0986122886681098,6.85751406254539,3.044522437723423,6.139884552226255,1.0986122886681098,2.302585092994046,2.302585092994046,0,0,0,0,1,0,0,1,1,2.0,1,0,1,1,1,1,0,1,1,1,1,0,0,0,0,0,0,0,0,0,0,0,0,0,1,0,1,0,0,1,1,1,0
1.3862943611198906,1.0986122886681098,6.784457062637643,1.791759469228055,6.139884552226255,0.6931471805599453,2.302585092994046,1.6094379124341003,0,0,1,1,0,0,0,1,0,2.0,0,0,0,0,0,1,0,1,1,0,1,0,0,0,0,0,0,0,0,0,0,0,0,0,1,0,0,0,0,1,0,1,1
1.3862943611198906,1.0986122886681098,6.7464121285733745,2.833213344056216,6.192362489474872,0.6931471805599453,3.258096538021482,2.6390573296152584,0,0,0,0,0,0,0,1,0,2.0,1,1,1,1,1,1,0,1,1,1,1,1,1,1,0,0,0,0,0,1,0,0,0,0,0,0,1,0,0,0,0,0,0
1.0986122886681098,0.6931471805599453,7.112327444710911,3.044522437723423,6.139884552226255,0.6931471805599453,2.302585092994046,0.0,0,0,0,0,0,0,0,1,0,2.0,0,0,0,0,0,0,0,0,0,0,0,0,0,0,0,0,0,0,0,0,0,0,0,1,0,0,0,0,1,1,1,1,0
1.6094379124341003,1.6094379124341003,7.963807953231451,3.6635616461296463,6.5998704992128365,1.9459101490553132,0.6931471805599453,2.70805020110221,1,1,1,1,0,0,1,1,0,2.0,1,1,1,1,1,1,1,1,1,1,1,1,1,1,1,0,0,0,0,0,0,0,0,0,0,0,1,0,0,0,0,0,0
1.3862943611198906,1.0986122886681098,6.478509642208569,1.791759469228055,6.139884552226255,0.6931471805599453,2.302585092994046,2.5649493574615367,0,0,0,1,1,0,1,0,0,3.0,1,1,1,1,1,1,1,0,0,1,1,1,1,1,0,0,0,0,0,0,0,0,0,0,1,0,0,1,0,1,0,1,1
1.6094379124341003,1.3862943611198906,7.1316985104669115,3.6109179126442243,6.889591308354466,1.0986122886681098,2.1972245773362196,2.302585092994046,1,1,1,1,0,1,0,0,1,2.0,1,0,1,1,1,0,1,1,1,0,1,0,1,0,1,0,0,0,0,0,0,0,0,0,0,0,1,0,0,0,0,0,0
1.3862943611198906,1.0986122886681098,6.7580945044277305,1.791759469228055,6.139884552226255,0.6931471805599453,2.302585092994046,1.3862943611198906,1,0,1,0,0,0,0,1,1,3.0,0,0,0,0,0,0,0,1,1,0,1,0,0,0,0,0,0,0,0,0,0,0,0,0,1,0,1,0,0,1,0,1,1
1.3862943611198906,1.0986122886681098,6.70808408385307,3.8066624897703196,7.667158255319148,0.6931471805599453,1.0986122886681098,2.1972245773362196,0,1,0,1,0,0,1,1,0,3.0,1,0,1,1,1,0,0,1,1,0,1,0,1,0,1,0,0,0,0,0,0,0,0,0,0,0,0,0,1,0,0,0,0
1.3862943611198906,1.0986122886681098,6.740519359606223,3.091042453358316,6.61338421837956,0.6931471805599453,3.091042453358316,2.3978952727983707,0,0,1,1,0,0,0,1,1,2.0,1,0,1,1,0,1,0,1,1,1,1,0,1,1,1,0,0,0,0,0,0,0,0,0,0,0,1,0,0,0,0,0,0
1.0986122886681098,0.6931471805599453,6.2166061010848646,3.044522437723423,6.139884552226255,0.6931471805599453,2.302585092994046,0.0,0,0,0,0,0,0,0,1,0,2.0,0,0,0,0,0,0,0,0,0,0,0,0,0,0,0,0,0,0,0,1,0,0,0,0,0,0,0,1,0,1,1,1,1
1.3862943611198906,1.0986122886681098,6.478509642208569,3.332204510175204,6.12029741895095,0.6931471805599453,2.302585092994046,1.3862943611198906,0,0,0,0,0,0,0,1,1,2.0,0,0,0,0,1,0,0,1,0,0,1,0,0,0,0,0,0,0,0,1,0,0,0,0,0,0,0,0,0,1,0,0,1
1.3862943611198906,1.0986122886681098,7.077498053569231,3.044522437723423,6.139884552226255,0.6931471805599453,2.302585092994046,0.0,0,0,0,0,0,0,0,1,1,2.0,0,0,0,0,0,0,0,0,0,0,0,0,0,0,0,0,0,0,0,0,0,0,0,0,0,0,0,0,0,1,1,1,1
0.6931471805599453,0.6931471805599453,6.590301048196686,3.8066624897703196,6.169610732491456,0.6931471805599453,1.3862943611198906,2.302585092994046,0,1,1,1,0,0,0,1,1,2.0,0,0,1,0,1,0,1,1,1,1,1,1,1,0,1,0,0,0,0,0,0,0,0,0,0,0,0,0,1,0,0,0,0
1.3862943611198906,1.0986122886681098,6.926577033222725,3.044522437723423,6.139884552226255,1.0986122886681098,2.302585092994046,1.9459101490553132,1,0,1,1,1,0,0,1,0,3.0,0,0,1,0,1,0,0,1,1,0,1,0,1,0,1,0,0,0,0,0,0,0,0,0,0,0,1,0,0,1,1,1,0
1.0986122886681098,1.0986122886681098,6.854354502255021,3.5553480614894135,6.137727054086234,1.0986122886681098,1.3862943611198906,2.3978952727983707,0,0,0,0,0,0,0,1,1,2.0,1,0,1,1,1,0,1,1,1,1,1,0,1,0,0,0,0,0,0,1,0,0,0,0,0,0,0,0,1,0,0,0,0
1.3862943611198906,1.0986122886681098,6.90975328164481,3.8066624897703196,7.244941546337007,1.0986122886681098,1.3862943611198906,2.1972245773362196,0,0,0,0,0,0,0,1,1,2.0,1,0,1,0,1,0,1,1,1,0,1,0,1,0,1,0,0,0,0,0,0,0,0,0,0,0,0,0,0,0,0,0,0
1.3862943611198906,1.0986122886681098,6.918695219020472,3.044522437723423,5.986452005284438,0.6931471805599453,2.833213344056216,2.0794415416798357,0,1,1,1,1,0,1,1,0,2.0,1,0,1,0,0,1,0,1,1,0,1,0,1,0,1,0,0,0,0,0,0,0,0,0,0,0,0,0,0,0,1,0,0
1.3862943611198906,1.0986122886681098,6.9650803456014065,2.833213344056216,5.564520407322694,0.6931471805599453,2.302585092994046,2.1972245773362196,0,0,0,0,0,0,0,1,1,3.0,0,0,1,0,1,1,1,1,1,0,1,0,1,0,0,0,0,0,0,0,0,0,0,0,1,0,0,0,0,1,0,0,0
1.3862943611198906,1.0986122886681098,7.170888478512505,3.091042453358316,6.1224928095143865,1.0986122886681098,2.1972245773362196,2.302585092994046,0,0,0,0,0,0,0,1,1,3.0,1,0,1,1,1,0,1,1,1,0,1,0,1,0,0,0,0,0,0,0,0,0,0,0,1,0,1,0,0,0,0,0,0
1.3862943611198906,1.0986122886681098,6.7580945044277305,2.3978952727983707,6.139884552226255,0.6931471805599453,2.302585092994046,1.791759469228055,0,0,0,0,0,0,0,0,0,2.0,0,0,0,0,1,1,0,1,0,0,1,0,1,0,0,0,0,0,0,0,0,0,0,0,1,0,0,0,0,1,0,1,1
1.3862943611198906,1.0986122886681098,6.634633357861686,3.044522437723423,6.139884552226255,0.6931471805599453,2.302585092994046,1.0986122886681098,1,0,0,1,0,0,0,0,0,1.0,0,0,0,0,0,0,0,1,0,0,1,0,0,0,0,0,0,0,0,0,0,0,0,0,1,0,0,0,0,1,1,1,1
1.0986122886681098,0.6931471805599453,6.398594934535208,3.912023005428146,6.175867270105761,0.6931471805599453,1.791759469228055,1.9459101490553132,0,0,0,0,0,0,0,1,1,3.0,0,0,1,0,1,0,0,1,1,0,1,0,1,0,0,0,0,0,0,1,0,0,0,0,0,0,0,0,1,0,0,0,0
1.0986122886681098,1.0986122886681098,6.066108090103747,3.044522437723423,6.139884552226255,0.6931471805599453,1.0986122886681098,0.6931471805599453,1,1,1,1,1,0,1,1,1,2.0,0,0,0,0,0,0,1,0,0,0,0,0,0,0,1,0,0,0,0,0,0,0,0,0,0,0,0,0,1,0,1,1,1
1.3862943611198906,1.0986122886681098,6.55250788703459,3.2188758248682006,5.459585514144159,0.6931471805599453,2.302585092994046,1.6094379124341003,0,0,0,0,0,0,0,1,1,2.0,0,0,0,0,1,0,0,1,1,0,1,0,0,0,0,0,0,0,0,1,0,0,0,0,0,0,0,0,0,1,0,0,0
1.0986122886681098,0.6931471805599453,6.3473892096560105,3.044522437723423,6.139884552226255,0.6931471805599453,2.302585092994046,0.0,0,0,0,0,0,0,0,1,1,1.0,0,0,0,0,0,0,0,0,0,0,0,0,0,0,0,0,0,0,0,0,0,0,0,0,0,0,0,1,0,1,1,1,1
1.6094379124341003,1.3862943611198906,7.550135342488429,3.044522437723423,5.860786223465865,1.0986122886681098,1.9459101490553132,1.9459101490553132,1,1,1,1,1,0,0,0,1,1.0,0,0,1,1,0,0,1,0,1,0,1,0,1,0,0,0,0,0,0,0,0,0,0,0,1,0,1,0,0,0,1,0,0
1.3862943611198906,1.0986122886681098,6.7464121285733745,2.8903717578961645,6.139884552226255,0.6931471805599453,2.302585092994046,1.3862943611198906,0,0,0,0,0,0,0,0,1,2.0,0,0,0,1,0,0,0,1,0,0,0,0,1,0,0,0,0,0,0,0,0,1,0,0,0,0,0,1,0,1,0,1,0
1.3862943611198906,1.0986122886681098,6.85751406254539,3.044522437723423,6.139884552226255,0.6931471805599453,2.302585092994046,1.6094379124341003,0,0,0,0,0,0,0,1,1,2.0,0,0,0,1,0,0,0,1,1,0,1,0,0,0,0,0,0,0,0,0,0,0,0,0,0,1,0,0,0,1,1,1,1
1.3862943611198906,1.0986122886681098,6.704414354964107,3.58351893845611,6.816735880594968,1.0986122886681098,1.3862943611198906,2.70805020110221,1,0,0,1,0,0,0,1,1,1.0,1,1,1,1,1,1,1,1,1,1,1,1,1,1,0,0,0,0,0,0,0,0,0,0,1,0,0,0,1,0,0,0,0
1.3862943611198906,1.0986122886681098,6.78332520060396,3.044522437723423,6.139884552226255,0.6931471805599453,2.302585092994046,1.3862943611198906,0,0,0,0,0,0,0,1,1,2.0,0,0,0,0,1,0,0,1,0,0,1,0,0,0,0,0,0,0,0,1,0,0,0,0,0,0,0,0,0,1,1,1,0
1.3862943611198906,1.0986122886681098,6.7464121285733745,3.871201010907891,7.254177846456518,1.0986122886681098,1.0986122886681098,2.5649493574615367,0,0,0,0,0,0,0,1,1,3.0,1,1,1,1,1,1,1,1,1,1,1,0,1,0,1,0,0,0,0,0,0,0,0,0,0,0,0,0,1,0,0,0,0
0.6931471805599453,0.6931471805599453,6.504288173536645,3.1354942159291497,6.154858094016418,0.6931471805599453,2.302585092994046,2.3978952727983707,1,1,1,1,1,0,0,1,0,3.0,0,0,1,1,1,1,1,1,1,1,1,0,1,0,1,0,0,0,0,0,0,0,0,0,0,0,0,0,1,0,0,0,0
1.3862943611198906,1.3862943611198906,7.323830566202317,2.772588722239781,5.293304824724492,0.6931471805599453,3.258096538021482,2.4849066497880004,0,0,0,0,0,0,0,1,1,1.0,1,0,1,1,1,1,1,1,1,1,1,0,1,0,0,0,0,0,0,0,0,1,0,0,0,0,1,0,0,0,0,0,0
1.3862943611198906,1.0986122886681098,7.122059881629142,2.70805020110221,5.768320995793772,0.6931471805599453,2.302585092994046,2.3978952727983707,0,0,0,0,0,0,0,1,1,2.0,1,0,1,1,0,1,0,1,1,1,1,0,1,1,0,0,0,0,0,0,0,0,0,0,0,0,0,0,0,1,0,0,0
0.6931471805599453,0.6931471805599453,6.133398042996649,3.044522437723423,6.139884552226255,0.6931471805599453,2.302585092994046,2.70805020110221,0,0,0,0,0,0,0,1,1,2.0,1,1,1,1,1,1,1,1,1,1,1,1,1,1,0,0,0,0,1,0,0,0,0,0,0,0,0,0,1,1,1,1,0
1.6094379124341003,1.3862943611198906,7.318539548567902,3.4657359027997265,6.493753839851686,1.3862943611198906,1.3862943611198906,2.5649493574615367,0,0,0,1,0,0,1,1,0,2.0,1,0,1,1,1,1,1,1,1,1,1,0,1,1,0,0,0,0,0,0,0,0,0,0,1,0,0,0,1,0,0,0,0
1.3862943611198906,0.6931471805599453,6.639875833826536,2.70805020110221,6.139884552226255,0.6931471805599453,3.1354942159291497,1.791759469228055,0,0,0,0,0,0,0,0,0,2.0,0,0,0,0,0,1,0,1,1,0,1,0,1,0,1,0,0,0,0,0,0,0,0,0,0,0,0,0,0,0,0,1,1
1.3862943611198906,1.0986122886681098,6.55250788703459,1.791759469228055,6.139884552226255,0.6931471805599453,2.302585092994046,1.3862943611198906,0,0,1,1,0,0,0,0,0,2.0,0,0,0,0,0,1,0,1,1,0,0,0,0,0,1,0,0,0,0,0,0,0,0,0,0,0,0,0,0,1,0,1,1
1.6094379124341003,1.0986122886681098,7.038783541388542,2.5649493574615367,5.2832037287379885,0.6931471805599453,2.772588722239781,1.9459101490553132,0,0,0,0,0,0,0,1,1,2.0,1,0,1,0,0,0,0,1,1,0,1,0,1,0,0,0,0,0,0,0,0,0,0,0,1,0,1,0,0,0,0,0,0
1.3862943611198906,1.0986122886681098,7.030857476116121,3.044522437723423,6.139884552226255,1.0986122886681098,2.302585092994046,0.0,0,0,0,0,0,0,0,1,1,2.0,0,0,0,0,0,0,0,0,0,0,0,0,0,0,0,0,0,0,0,1,0,0,0,0,0,0,1,0,0,1,1,1,0
1.3862943611198906,1.0986122886681098,6.398594934535208,3.044522437723423,6.139884552226255,0.6931471805599453,2.302585092994046,1.6094379124341003,0,0,0,1,1,0,1,0,0,3.0,0,0,0,1,0,1,0,1,1,0,0,0,0,0,0,0,0,0,0,0,0,0,0,0,1,0,0,0,0,1,1,1,1
1.3862943611198906,1.0986122886681098,6.478509642208569,1.3862943611198906,6.139884552226255,0.6931471805599453,2.1972245773362196,0.0,0,0,1,1,0,0,0,1,1,2.0,0,0,0,0,0,0,0,0,0,0,0,0,0,0,0,0,0,0,0,0,0,0,0,0,1,0,0,0,0,0,0,1,1
1.3862943611198906,1.0986122886681098,6.55250788703459,2.8903717578961645,7.167809184316444,0.6931471805599453,3.6635616461296463,1.3862943611198906,0,0,0,0,0,0,0,1,0,2.0,0,0,0,0,0,1,0,1,1,0,0,0,0,0,0,0,0,0,0,1,0,0,0,0,0,0,0,0,0,0,0,0,0
1.3862943611198906,1.0986122886681098,7.327123292259293,3.044522437723423,6.139884552226255,1.0986122886681098,2.302585092994046,0.0,0,0,0,0,0,0,0,1,1,2.0,0,0,0,0,0,0,0,0,0,0,0,0,0,0,0,0,0,0,0,0,0,0,0,1,0,0,0,0,0,1,1,1,0
1.3862943611198906,1.0986122886681098,6.693323668269949,3.044522437723423,0.6931471805599453,0.6931471805599453,2.833213344056216,1.791759469228055,0,0,1,1,0,0,0,1,1,1.0,0,0,0,0,1,0,0,1,1,0,1,0,1,0,1,0,0,0,0,0,0,0,0,0,0,0,1,0,0,0,0,0,0
1.3862943611198906,1.0986122886681098,7.161622002939187,3.044522437723423,6.139884552226255,0.6931471805599453,2.302585092994046,0.0,0,0,0,0,0,0,0,1,0,2.0,0,0,0,0,0,0,0,0,0,0,0,0,0,0,0,0,0,0,0,0,0,0,0,1,0,0,0,0,0,1,1,1,1
1.3862943611198906,1.0986122886681098,6.478509642208569,3.044522437723423,6.139884552226255,0.6931471805599453,2.302585092994046,1.791759469228055,0,0,0,0,0,0,0,0,0,3.0,0,0,0,0,0,1,1,1,1,0,1,0,0,0,0,0,0,0,0,0,0,0,0,0,1,0,0,1,0,1,1,1,1
1.3862943611198906,1.0986122886681098,6.55250788703459,3.044522437723423,6.139884552226255,0.6931471805599453,2.8903717578961645,2.0794415416798357,0,0,0,0,0,0,0,1,1,1.0,1,0,1,1,1,0,0,1,1,0,1,0,0,0,0,0,0,0,0,1,0,0,0,0,0,0,1,0,0,0,0,1,0
0.6931471805599453,0.6931471805599453,5.765191102784844,3.044522437723423,6.139884552226255,0.6931471805599453,2.302585092994046,2.70805020110221,0,0,0,0,0,0,0,1,1,1.0,1,1,1,1,1,1,1,1,1,1,1,1,1,1,1,0,0,0,0,0,0,0,0,0,0,0,0,0,1,1,1,1,0
1.3862943611198906,1.0986122886681098,6.9975959829819265,3.044522437723423,6.453624998892692,0.6931471805599453,2.302585092994046,2.1972245773362196,1,1,1,0,0,0,0,1,0,2.0,1,0,1,0,0,0,0,1,1,1,1,0,1,1,0,0,0,0,0,0,0,0,0,0,1,0,1,0,0,1,1,0,0
1.3862943611198906,1.0986122886681098,6.813444599510896,3.4011973816621555,6.023447592961033,1.0986122886681098,1.9459101490553132,1.9459101490553132,1,1,1,1,0,0,1,1,1,2.0,1,0,1,0,0,0,0,1,1,0,1,0,1,0,1,0,0,0,0,0,0,0,0,0,0,0,1,0,0,0,0,0,0
1.3862943611198906,1.0986122886681098,6.957497370876951,1.6094379124341003,6.139884552226255,0.6931471805599453,2.302585092994046,0.0,0,0,0,0,0,0,0,1,1,2.0,0,0,0,0,0,0,0,0,0,0,0,0,0,0,0,0,0,0,0,0,0,0,0,0,0,0,0,0,1,1,0,1,1
1.6094379124341003,1.0986122886681098,7.0967213784947605,2.9444389791664403,5.5254529391317835,0.6931471805599453,2.3978952727983707,2.3978952727983707,1,0,1,1,0,0,0,1,0,2.0,0,1,1,1,1,1,1,1,1,0,1,0,1,0,1,0,0,0,0,0,0,0,0,0,0,0,0,0,1,0,0,0,0
1.3862943611198906,1.0986122886681098,7.188412736496954,2.9444389791664403,6.139884552226255,0.6931471805599453,3.2188758248682006,2.302585092994046,1,1,1,1,0,0,1,1,1,2.0,1,0,1,0,0,1,1,1,1,0,1,0,1,1,1,0,0,0,0,0,0,0,0,0,0,0,1,0,0,0,0,1,1
1.6094379124341003,1.6094379124341003,7.8636512654486515,3.258096538021482,6.139884552226255,1.0986122886681098,2.6390573296152584,2.1972245773362196,0,0,0,0,0,0,0,1,1,2.0,1,0,1,0,0,0,1,1,1,1,1,0,1,0,0,0,0,0,0,1,0,0,0,0,0,0,1,0,0,0,0,1,0
1.6094379124341003,0.6931471805599453,6.597145701886651,3.044522437723423,6.139884552226255,0.6931471805599453,2.302585092994046,0.6931471805599453,0,0,1,1,0,0,0,1,0,2.0,0,0,0,0,0,1,0,0,0,0,0,0,0,0,0,0,0,0,0,0,0,0,0,0,1,0,0,0,0,1,1,1,1
1.3862943611198906,1.0986122886681098,7.338888133838879,2.70805020110221,7.200424892944957,0.6931471805599453,3.1780538303479458,2.1972245773362196,0,0,0,0,0,0,0,1,1,2.0,0,0,1,0,1,1,0,1,1,1,1,0,1,0,0,0,0,0,0,0,0,0,0,0,1,0,1,0,0,0,0,0,1
1.0986122886681098,1.0986122886681098,7.080867896690782,3.2188758248682006,5.6937321388027,1.0986122886681098,2.772588722239781,2.302585092994046,0,0,1,1,0,0,0,0,0,2.0,1,0,1,1,0,0,1,0,1,1,1,0,1,1,0,0,0,0,0,0,0,0,0,0,1,0,1,0,0,0,0,0,0
1.0986122886681098,0.6931471805599453,6.20455776256869,3.044522437723423,6.139884552226255,0.6931471805599453,2.302585092994046,0.0,0,0,0,0,0,0,0,0,1,1.0,0,0,0,0,0,0,0,0,0,0,0,0,0,0,0,0,0,0,0,0,0,0,0,0,0,0,0,1,0,1,1,1,1
1.3862943611198906,1.0986122886681098,6.946013991099227,2.70805020110221,5.768320995793772,0.6931471805599453,2.302585092994046,2.3978952727983707,0,0,0,0,0,0,0,1,1,2.0,1,0,1,1,0,1,0,1,1,1,1,0,1,1,0,0,0,0,0,0,0,0,0,0,0,0,0,0,0,1,0,0,1
1.3862943611198906,1.0986122886681098,6.68586094706836,3.2188758248682006,5.8377304471659395,0.6931471805599453,3.258096538021482,1.6094379124341003,0,0,0,0,0,0,0,1,1,1.0,0,0,0,0,0,1,0,1,0,0,1,0,1,0,0,0,0,0,0,1,0,0,0,0,0,0,1,0,0,0,0,0,0
1.6094379124341003,1.0986122886681098,7.0967213784947605,2.9444389791664403,5.5254529391317835,0.6931471805599453,2.3978952727983707,1.9459101490553132,1,0,1,1,0,0,0,1,0,1.0,0,1,0,0,0,1,1,0,1,0,1,0,1,0,1,0,0,0,0,0,0,0,0,0,0,0,0,0,1,0,0,0,0
1.3862943611198906,1.0986122886681098,6.580639137284949,3.044522437723423,6.139884552226255,0.6931471805599453,2.302585092994046,1.0986122886681098,1,0,0,1,0,0,0,0,0,3.0,0,0,0,0,0,0,0,1,1,0,0,0,0,0,0,0,0,0,0,0,0,0,0,0,1,0,0,0,0,1,1,1,0
1.3862943611198906,1.3862943611198906,7.3395376954076745,2.8903717578961645,5.796057750765372,1.3862943611198906,2.4849066497880004,0.0,0,0,0,0,0,0,0,1,1,2.0,0,0,0,0,0,0,0,0,0,0,0,0,0,0,0,0,0,0,0,1,0,0,0,0,0,0,1,0,0,0,0,0,0
1.3862943611198906,1.0986122886681098,6.774223886357614,2.4849066497880004,6.139884552226255,0.6931471805599453,2.302585092994046,1.6094379124341003,1,0,1,1,1,0,0,1,0,1.0,0,0,0,0,0,1,0,1,1,0,0,0,1,0,0,0,0,0,0,0,0,0,0,0,1,0,0,0,0,1,0,1,0
1.3862943611198906,1.0986122886681098,6.621405651764134,1.791759469228055,6.139884552226255,0.6931471805599453,2.302585092994046,1.9459101490553132,1,1,1,1,1,0,0,1,0,1.0,0,0,0,0,1,1,1,1,1,0,1,0,0,0,0,0,0,0,0,0,0,0,0,0,1,0,0,1,0,1,0,1,1
1.3862943611198906,1.3862943611198906,7.101675971619444,3.091042453358316,6.180016653652572,1.0986122886681098,2.0794415416798357,2.302585092994046,0,0,0,0,0,0,0,1,0,2.0,1,0,1,0,1,1,1,1,1,0,1,0,1,0,0,0,0,0,0,0,0,0,0,0,1,0,1,0,0,0,0,0,0
1.3862943611198906,1.0986122886681098,6.625392368007956,3.044522437723423,6.139884552226255,0.6931471805599453,2.302585092994046,1.9459101490553132,0,0,0,0,0,0,0,1,1,2.0,1,0,0,0,1,0,0,1,1,0,1,0,1,0,0,0,0,0,0,0,0,0,0,0,1,0,0,0,0,1,1,1,1
1.0986122886681098,1.0986122886681098,6.311734809152915,2.995732273553991,7.398174092970465,0.6931471805599453,3.2188758248682006,0.0,0,0,0,0,0,0,0,1,0,1.0,0,0,0,0,0,0,0,0,0,0,0,0,0,0,0,0,0,0,0,1,0,0,0,0,0,0,0,0,0,0,0,0,1
1.0986122886681098,1.0986122886681098,6.74993119378857,3.044522437723423,6.139884552226255,0.6931471805599453,2.302585092994046,2.70805020110221,0,0,0,0,0,0,0,1,0,2.0,1,1,1,1,1,1,1,1,1,1,1,1,1,1,0,0,0,0,0,0,0,0,0,0,0,0,0,0,1,1,1,1,0
1.3862943611198906,1.0986122886681098,7.258412150595307,3.2188758248682006,7.119635638017636,1.0986122886681098,1.0986122886681098,2.1972245773362196,0,0,0,0,0,0,0,1,1,3.0,0,0,1,1,1,0,0,1,1,1,1,0,1,0,0,0,0,0,0,1,0,0,0,0,0,0,1,0,0,0,0,0,0
1.3862943611198906,1.0986122886681098,7.00397413672268,3.044522437723423,6.139884552226255,1.0986122886681098,2.302585092994046,2.70805020110221,0,0,0,0,0,0,0,1,1,2.0,1,1,1,1,1,1,1,1,1,1,1,1,1,1,0,0,0,0,0,0,0,0,0,0,1,0,1,0,0,1,1,1,0
1.3862943611198906,1.0986122886681098,7.0909098220799835,3.332204510175204,6.683360945766275,1.0986122886681098,2.772588722239781,2.1972245773362196,0,0,1,1,0,0,0,0,1,2.0,1,1,1,0,0,0,0,1,1,1,1,1,0,0,0,0,0,0,0,0,0,0,0,0,1,0,1,0,0,0,0,0,0
1.3862943611198906,1.0986122886681098,6.90875477931522,2.6390573296152584,6.100318952020064,0.6931471805599453,2.833213344056216,2.0794415416798357,0,0,0,0,0,1,0,1,1,1.0,1,0,0,1,1,1,0,1,1,0,1,0,0,0,0,0,0,0,0,0,0,0,0,0,1,0,0,0,0,0,0,0,1
1.3862943611198906,1.0986122886681098,7.467942332285852,3.5263605246161616,6.311734809152915,1.6094379124341003,1.0986122886681098,2.4849066497880004,0,0,0,0,0,0,0,1,1,3.0,1,1,1,1,1,0,1,1,1,1,1,0,1,0,0,0,0,0,0,1,0,0,0,0,0,0,1,0,0,0,0,0,0
1.3862943611198906,0.6931471805599453,6.434546518787453,3.044522437723423,6.139884552226255,0.6931471805599453,2.302585092994046,0.0,0,0,0,0,0,0,0,1,1,2.0,0,0,0,0,0,0,0,0,0,0,0,0,0,0,0,0,0,0,0,1,0,0,0,0,0,0,0,0,0,1,1,1,0
1.3862943611198906,1.0986122886681098,7.00397413672268,3.784189633918261,7.29505641646263,0.6931471805599453,1.6094379124341003,2.70805020110221,0,0,0,0,0,0,0,1,0,2.0,1,1,1,1,1,1,1,1,1,1,1,1,1,1,1,0,0,0,0,0,0,0,0,0,0,0,1,0,0,0,0,0,1
1.3862943611198906,1.0986122886681098,6.709304340258298,3.8066624897703196,7.667158255319148,0.6931471805599453,1.0986122886681098,1.9459101490553132,0,1,0,1,0,0,1,1,0,3.0,0,0,1,0,1,0,0,1,1,0,1,0,1,0,1,0,0,0,0,0,0,0,0,0,0,0,0,0,1,0,0,0,0
1.3862943611198906,1.0986122886681098,6.759255270663693,2.6390573296152584,6.139884552226255,0.6931471805599453,2.70805020110221,1.6094379124341003,0,0,0,0,0,0,0,0,0,2.0,0,0,0,1,0,1,0,0,1,0,1,0,0,0,0,0,0,0,0,0,0,0,0,0,0,0,0,0,0,0,0,1,1
1.3862943611198906,1.3862943611198906,7.282073658093465,3.044522437723423,6.139884552226255,1.6094379124341003,2.302585092994046,0.0,0,0,0,0,0,0,0,1,1,2.0,0,0,0,0,0,0,0,0,0,0,0,0,0,0,0,0,0,0,0,1,0,0,0,0,0,0,1,0,0,1,1,1,0
1.3862943611198906,1.0986122886681098,6.55250788703459,2.8903717578961645,1.3862943611198906,0.6931471805599453,3.4657359027997265,0.0,0,0,0,0,0,0,0,1,0,3.0,0,0,0,0,0,0,0,0,0,0,0,0,0,0,0,0,0,0,0,1,0,0,0,0,0,0,0,0,0,0,0,0,0
1.3862943611198906,1.0986122886681098,6.478509642208569,1.791759469228055,6.139884552226255,0.6931471805599453,2.302585092994046,0.0,0,0,0,0,0,0,0,1,0,1.0,0,0,0,0,0,0,0,0,0,0,0,0,0,0,0,0,0,0,0,0,0,0,0,0,1,0,0,1,0,1,0,1,1
1.3862943611198906,1.0986122886681098,6.903747257584598,3.044522437723423,6.257667587882639,0.6931471805599453,2.70805020110221,2.1972245773362196,1,1,1,1,0,0,1,1,1,2.0,1,1,1,1,0,1,0,0,0,1,0,1,0,1,0,0,0,0,0,0,0,0,0,0,1,0,1,0,0,0,1,0,1
1.3862943611198906,1.0986122886681098,6.7464121285733745,2.5649493574615367,6.920671504248683,0.6931471805599453,2.302585092994046,1.791759469228055,0,0,0,0,0,0,0,1,0,2.0,0,0,0,0,1,0,0,1,1,0,1,0,1,0,0,0,0,0,0,0,0,0,1,0,0,0,0,0,0,1,0,0,0
1.0986122886681098,0.6931471805599453,6.255750041753367,3.044522437723423,6.139884552226255,0.6931471805599453,2.302585092994046,0.0,0,0,0,0,0,0,0,0,1,1.0,0,0,0,0,0,0,0,0,0,0,0,0,0,0,0,0,0,0,0,0,0,0,0,0,0,0,0,1,0,1,1,1,0
1.3862943611198906,1.0986122886681098,6.90875477931522,2.9444389791664403,5.855071922202427,1.0986122886681098,2.4849066497880004,0.0,0,0,0,0,0,0,0,1,0,2.0,0,0,0,0,0,0,0,0,0,0,0,0,0,0,0,0,0,0,0,0,0,0,0,0,1,0,0,0,1,0,0,0,0
1.3862943611198906,1.0986122886681098,7.00397413672268,3.4339872044851463,6.705639094860003,1.6094379124341003,2.0794415416798357,2.1972245773362196,0,0,0,0,0,0,0,1,1,2.0,1,0,1,1,0,0,1,1,1,0,1,0,1,0,0,0,0,0,0,1,0,0,0,0,0,0,1,0,0,0,0,0,0
1.3862943611198906,1.0986122886681098,6.8679744089702925,2.6390573296152584,5.459585514144159,0.6931471805599453,2.302585092994046,1.3862943611198906,0,0,1,1,0,0,0,1,0,1.0,0,0,0,0,1,0,0,1,0,0,1,0,0,0,1,0,0,0,0,0,0,0,0,0,0,0,0,0,0,1,0,0,0
1.3862943611198906,1.0986122886681098,6.7580945044277305,3.044522437723423,6.139884552226255,0.6931471805599453,2.302585092994046,1.6094379124341003,0,0,0,1,0,0,0,1,1,2.0,0,0,0,1,0,0,0,0,1,0,1,0,1,0,0,0,0,0,0,0,0,0,0,0,1,0,0,0,0,1,1,1,0
1.3862943611198906,1.0986122886681098,6.974478911025045,2.70805020110221,6.555356891810665,0.6931471805599453,2.833213344056216,2.4849066497880004,0,0,0,0,0,0,0,1,1,3.0,1,1,1,0,1,1,1,1,1,0,1,1,1,0,0,0,0,0,0,0,0,0,0,0,1,0,1,0,0,0,0,0,0
1.3862943611198906,1.0986122886681098,6.9363427358340495,3.044522437723423,6.54965074223381,0.6931471805599453,2.9444389791664403,1.0986122886681098,0,0,0,0,0,0,0,1,0,2.0,0,0,0,0,0,0,0,0,0,0,1,0,1,0,0,0,0,0,0,0,0,0,0,0,0,0,0,0,0,0,1,0,1
1.3862943611198906,1.0986122886681098,6.767343125265392,3.044522437723423,5.707110264748875,0.6931471805599453,2.6390573296152584,1.9459101490553132,0,0,1,0,1,0,0,0,0,2.0,0,0,0,1,0,1,0,1,1,0,0,0,1,1,0,0,0,0,0,0,0,0,0,0,1,0,0,0,0,0,1,0,0
1.3862943611198906,1.0986122886681098,6.7464121285733745,3.2188758248682006,5.8377304471659395,0.6931471805599453,3.258096538021482,1.9459101490553132,0,0,0,0,0,0,0,1,1,2.0,0,0,0,0,1,1,0,1,1,0,1,0,1,0,0,0,0,0,0,1,0,0,0,0,0,0,1,0,0,0,0,0,0
1.0986122886681098,1.0986122886681098,6.688354713946762,3.5263605246161616,6.19644412779452,0.6931471805599453,1.3862943611198906,2.3978952727983707,0,0,0,0,0,0,0,1,1,3.0,1,0,1,1,1,1,1,1,1,0,1,0,1,0,0,0,0,0,0,1,0,0,0,0,0,0,1,0,0,0,0,0,1
1.3862943611198906,1.0986122886681098,7.3783837129967145,3.1354942159291497,5.771441123130016,0.6931471805599453,2.302585092994046,1.791759469228055,1,0,0,0,0,0,0,0,1,2.0,0,0,1,0,0,0,0,1,0,0,1,1,1,0,0,0,0,0,0,0,0,0,0,0,1,0,1,0,0,1,0,0,1
1.3862943611198906,1.0986122886681098,6.85751406254539,3.044522437723423,7.080867896690782,0.6931471805599453,3.091042453358316,2.70805020110221,1,1,1,1,0,0,0,1,1,2.0,1,1,1,1,1,1,1,1,1,1,1,1,1,1,0,0,0,0,0,0,0,0,0,0,1,0,1,0,0,0,1,0,0
1.3862943611198906,1.0986122886681098,6.7464121285733745,3.091042453358316,6.008813185442595,0.6931471805599453,3.258096538021482,1.791759469228055,0,0,0,0,0,0,0,1,1,1.0,0,0,0,0,1,0,0,1,1,0,1,0,1,0,0,0,0,0,0,1,0,0,0,0,0,0,1,0,0,0,0,0,0
1.3862943611198906,1.0986122886681098,6.931471805599453,3.044522437723423,7.095064377287131,1.0986122886681098,1.6094379124341003,1.9459101490553132,0,0,0,0,0,0,0,1,1,2.0,0,0,1,0,1,0,0,1,1,0,1,0,1,0,0,0,0,0,0,0,0,0,0,0,1,0,1,0,0,0,1,0,0
1.3862943611198906,1.0986122886681098,7.122059881629142,3.044522437723423,4.51085950651685,0.6931471805599453,2.302585092994046,1.3862943611198906,0,0,0,0,0,0,0,1,0,2.0,0,0,0,0,0,0,0,1,0,0,1,0,1,0,0,0,0,0,0,0,0,0,1,0,0,0,1,0,0,1,1,0,0
1.3862943611198906,1.0986122886681098,6.55250788703459,3.1780538303479458,6.139884552226255,0.6931471805599453,2.70805020110221,2.1972245773362196,0,0,0,0,0,0,0,1,1,2.0,1,0,1,1,1,0,1,1,1,0,1,0,0,0,0,0,0,0,0,1,0,0,0,0,0,0,0,0,0,0,0,1,0
1.3862943611198906,1.0986122886681098,7.21081845347222,3.912023005428146,6.175867270105761,1.0986122886681098,1.791759469228055,1.791759469228055,0,0,0,0,0,0,0,1,1,2.0,0,0,0,0,1,0,0,1,1,0,1,0,1,0,0,0,0,0,0,1,0,0,0,0,0,0,0,0,1,0,0,0,0
1.0986122886681098,0.6931471805599453,6.697034247666484,3.044522437723423,5.5134287461649825,0.6931471805599453,1.791759469228055,2.302585092994046,1,0,0,0,0,1,1,0,1,1.0,1,0,1,1,1,1,0,1,1,0,1,0,1,0,0,0,0,0,0,0,0,0,0,0,1,0,0,0,1,0,1,0,0
0.6931471805599453,0.6931471805599453,6.184148890937483,3.044522437723423,7.057036981697891,0.6931471805599453,2.3978952727983707,2.302585092994046,0,0,0,0,0,0,0,1,1,1.0,0,0,1,1,0,1,1,0,1,1,1,0,1,1,0,0,0,0,0,0,0,0,0,0,0,0,0,0,1,0,1,0,1
1.3862943611198906,1.3862943611198906,7.009408932708637,3.784189633918261,6.202535517187923,1.0986122886681098,1.0986122886681098,2.3978952727983707,1,0,1,1,0,0,1,1,0,3.0,1,0,1,1,1,0,1,1,1,1,1,0,1,0,1,0,0,0,0,0,0,0,0,0,0,0,1,0,0,0,0,0,0
1.3862943611198906,1.0986122886681098,6.844815479208263,3.1780538303479458,6.139884552226255,0.6931471805599453,2.302585092994046,2.302585092994046,0,0,0,0,0,0,0,1,1,3.0,1,0,1,0,1,1,0,1,1,0,1,0,1,1,0,0,0,0,0,0,0,0,0,0,1,0,1,0,0,1,0,1,0
1.3862943611198906,1.0986122886681098,6.704414354964107,3.044522437723423,6.139884552226255,0.6931471805599453,2.302585092994046,0.0,0,0,0,0,0,0,0,1,0,2.0,0,0,0,0,0,0,0,0,0,0,0,0,0,0,0,0,0,0,0,0,0,0,0,0,1,0,0,0,0,1,1,1,1
1.6094379124341003,1.3862943611198906,7.313886831633462,3.044522437723423,5.407171771460119,1.0986122886681098,2.1972245773362196,0.0,0,0,0,0,0,0,0,1,1,2.0,0,0,0,0,0,0,0,0,0,0,0,0,0,0,0,0,0,0,0,1,0,0,0,0,0,0,1,0,0,0,1,0,0
1.3862943611198906,1.0986122886681098,6.992096427415888,3.6635616461296463,6.042632833682381,1.0986122886681098,2.5649493574615367,2.70805020110221,0,0,0,0,0,0,0,1,1,2.0,1,1,1,1,1,1,1,1,1,1,1,1,1,1,0,0,0,0,0,1,0,0,0,0,0,0,1,0,0,0,0,0,0
1.3862943611198906,1.0986122886681098,6.7464121285733745,3.044522437723423,6.139884552226255,0.6931471805599453,2.302585092994046,1.6094379124341003,0,0,0,1,0,0,0,0,0,2.0,0,0,0,0,1,0,0,1,1,0,1,0,0,0,0,0,0,0,0,0,0,0,0,0,1,0,0,0,0,1,1,1,1
1.3862943611198906,1.0986122886681098,6.55250788703459,3.1780538303479458,7.65728279297819,0.6931471805599453,3.044522437723423,1.3862943611198906,0,0,0,0,0,0,0,1,1,2.0,0,0,0,0,1,1,0,1,0,0,0,0,0,0,0,0,0,0,0,1,0,0,0,0,0,0,0,1,0,0,0,0,1
1.0986122886681098,0.6931471805599453,6.311734809152915,3.044522437723423,6.139884552226255,0.6931471805599453,2.302585092994046,1.0986122886681098,0,0,0,0,0,0,0,1,1,1.0,0,0,0,0,0,0,0,1,0,0,1,0,0,0,0,0,0,0,0,1,0,0,0,0,0,0,0,1,0,1,1,1,0
1.0986122886681098,0.6931471805599453,6.431331081933479,3.044522437723423,6.139884552226255,0.6931471805599453,2.302585092994046,0.0,0,0,0,0,0,0,0,1,1,2.0,0,0,0,0,0,0,0,0,0,0,0,0,0,0,0,0,0,0,0,0,0,0,0,0,1,0,0,1,0,1,1,1,1
0.6931471805599453,0.6931471805599453,6.456769655572163,3.044522437723423,6.139884552226255,0.6931471805599453,2.302585092994046,2.302585092994046,0,0,0,0,0,0,0,1,1,1.0,1,1,1,1,0,1,1,0,0,1,0,1,0,1,0,0,0,0,0,0,0,0,0,0,1,0,1,0,0,1,1,1,0
1.3862943611198906,1.0986122886681098,6.784457062637643,3.7612001156935624,6.508769136971682,1.0986122886681098,1.9459101490553132,1.791759469228055,0,0,0,0,0,0,0,1,1,3.0,0,0,1,0,1,0,0,1,0,0,1,0,1,0,0,0,0,0,0,1,0,0,0,0,0,0,1,0,0,0,0,0,0
1.791759469228055,1.6094379124341003,7.8636512654486515,3.258096538021482,6.139884552226255,1.3862943611198906,2.6390573296152584,2.1972245773362196,0,0,0,0,0,0,0,1,1,2.0,1,0,1,0,0,0,1,1,1,1,1,0,1,0,0,0,0,0,0,1,0,0,0,0,0,0,1,0,0,0,0,1,0
1.3862943611198906,1.0986122886681098,7.367077059881012,3.5553480614894135,5.739792912179234,0.6931471805599453,2.4849066497880004,2.0794415416798357,1,1,1,1,1,0,1,1,1,3.0,1,0,1,0,1,0,0,1,0,1,1,0,1,0,1,0,0,0,0,0,0,0,0,0,0,0,0,0,1,0,0,0,0
1.3862943611198906,1.0986122886681098,7.065613363597717,2.3978952727983707,5.983936280687191,0.6931471805599453,2.833213344056216,2.302585092994046,1,1,1,1,0,0,0,1,1,2.0,1,0,1,0,0,1,1,1,1,0,1,0,1,1,0,0,0,0,0,0,0,0,0,0,1,0,1,0,0,0,0,0,1
1.0986122886681098,1.0986122886681098,6.8885724595653635,3.044522437723423,6.139884552226255,0.6931471805599453,2.302585092994046,1.791759469228055,0,0,0,0,0,0,0,1,1,2.0,0,0,1,1,0,0,0,1,0,0,1,0,1,0,0,0,0,0,0,0,0,0,0,0,0,1,0,0,1,1,1,1,1
1.3862943611198906,1.0986122886681098,6.7357800142423265,2.5649493574615367,6.3578422665081,0.6931471805599453,2.302585092994046,1.791759469228055,0,1,1,1,1,0,1,1,1,3.0,0,0,0,1,1,1,0,1,0,0,1,0,0,0,1,0,0,0,0,0,0,0,0,0,0,0,0,0,0,1,0,0,0
1.3862943611198906,1.0986122886681098,6.962243464266207,3.044522437723423,6.139884552226255,0.6931471805599453,1.9459101490553132,1.3862943611198906,0,0,0,0,0,0,0,1,1,2.0,0,0,0,0,0,1,0,1,0,0,1,0,0,0,0,0,0,0,0,0,0,0,0,0,1,0,0,0,0,0,1,1,1
1.0986122886681098,1.0986122886681098,6.553933404025811,3.295836866004329,5.783825182329737,0.6931471805599453,1.3862943611198906,1.791759469228055,0,0,0,0,0,0,0,1,0,2.0,0,0,0,0,1,1,0,1,0,0,1,0,1,0,0,0,0,0,0,0,0,0,1,0,0,0,0,0,1,0,0,0,1
1.3862943611198906,0.6931471805599453,6.455198563340122,1.791759469228055,4.0943445622221,0.6931471805599453,3.1354942159291497,0.0,0,0,0,0,0,0,0,1,1,2.0,0,0,0,0,0,0,0,0,0,0,0,0,0,0,0,0,0,0,0,1,0,0,0,0,0,0,0,1,0,0,0,0,0
1.3862943611198906,1.0986122886681098,6.842683282238422,3.1780538303479458,6.139884552226255,0.6931471805599453,2.302585092994046,2.302585092994046,0,0,0,0,0,0,0,0,1,1.0,1,0,1,0,1,1,0,1,1,0,1,0,1,1,0,0,0,0,0,0,0,0,0,0,1,0,1,0,0,1,0,1,0
1.6094379124341003,1.3862943611198906,7.318539548567902,2.9444389791664403,6.2166061010848646,0.6931471805599453,3.332204510175204,0.0,0,0,0,0,0,0,0,0,1,2.0,0,0,0,0,0,0,0,0,0,0,0,0,0,0,1,0,0,0,0,0,0,0,0,0,0,0,1,0,0,0,0,0,1
1.6094379124341003,1.3862943611198906,7.372118028337787,2.9444389791664403,4.574710978503383,1.3862943611198906,2.302585092994046,1.6094379124341003,0,0,0,0,0,0,0,1,1,2.0,0,0,1,0,0,0,0,0,1,0,1,0,1,0,0,0,0,0,0,1,0,0,0,0,0,0,1,0,0,0,0,0,0
1.3862943611198906,1.0986122886681098,6.7464121285733745,3.4011973816621555,6.139884552226255,0.6931471805599453,2.772588722239781,2.0794415416798357,0,0,0,0,0,0,0,1,1,3.0,0,0,1,1,0,1,0,1,1,1,1,0,0,0,0,0,0,0,0,1,0,0,0,0,0,0,0,0,0,0,0,1,1
1.3862943611198906,1.0986122886681098,7.005789019253503,3.044522437723423,6.139884552226255,1.0986122886681098,2.302585092994046,2.0794415416798357,0,0,0,1,1,0,0,1,1,2.0,1,0,0,1,1,0,0,1,1,0,1,0,1,0,0,0,0,0,0,0,0,0,0,0,1,0,0,0,0,1,1,1,0
1.0986122886681098,1.0986122886681098,6.962243464266207,3.713572066704308,7.215975002651466,0.6931471805599453,1.9459101490553132,2.302585092994046,0,0,0,0,0,0,0,1,0,3.0,1,0,1,0,1,0,1,1,1,1,1,0,1,0,0,1,0,0,0,0,0,0,0,0,0,0,0,0,1,0,0,0,1
1.6094379124341003,1.0986122886681098,7.057897937411856,3.6635616461296463,6.008813185442595,1.0986122886681098,1.0986122886681098,1.9459101490553132,0,0,0,0,0,0,0,1,1,2.0,1,0,1,1,0,0,0,1,1,0,1,0,0,0,0,0,0,0,0,1,0,0,0,0,0,0,1,0,0,0,0,0,0
1.0986122886681098,1.0986122886681098,6.556778356158042,3.044522437723423,6.139884552226255,0.6931471805599453,2.302585092994046,2.4849066497880004,0,0,0,0,0,0,0,1,1,2.0,1,1,1,0,1,1,1,1,1,1,1,0,1,0,0,0,0,0,0,1,0,0,0,0,0,0,1,0,0,1,1,1,0
1.3862943611198906,1.0986122886681098,7.134890851565884,3.8066624897703196,5.937536205082426,1.0986122886681098,1.791759469228055,2.302585092994046,0,0,0,0,0,0,0,1,1,3.0,1,0,1,0,1,0,1,1,1,1,1,0,1,0,0,0,0,0,0,1,0,0,0,0,0,0,1,0,0,0,0,0,0
1.3862943611198906,1.0986122886681098,6.7464121285733745,3.044522437723423,4.795790545596741,0.6931471805599453,2.3978952727983707,1.3862943611198906,1,0,0,1,0,0,0,0,0,1.0,0,0,1,0,0,0,0,1,1,0,0,0,0,0,0,0,0,0,0,0,0,0,0,0,1,0,0,0,0,0,1,0,1
1.3862943611198906,1.0986122886681098,7.00397413672268,3.044522437723423,6.634633357861686,0.6931471805599453,2.302585092994046,2.0794415416798357,0,0,1,1,1,0,0,1,1,1.0,0,0,0,1,0,1,0,1,1,1,1,0,1,0,0,0,0,0,0,0,0,0,0,0,1,0,0,0,0,1,1,0,1
1.0986122886681098,0.6931471805599453,6.625392368007956,3.871201010907891,6.530877627725885,0.6931471805599453,0.0,2.3978952727983707,0,1,1,1,1,1,1,1,0,2.0,1,0,1,1,1,0,0,1,1,1,1,0,1,1,0,0,0,0,0,0,0,0,0,0,1,0,0,0,1,0,0,0,1
1.0986122886681098,0.6931471805599453,7.004881989712859,3.044522437723423,6.139884552226255,0.6931471805599453,2.302585092994046,0.0,0,0,0,0,0,0,0,1,0,2.0,0,0,0,0,0,0,0,0,0,0,0,0,0,0,0,0,0,0,0,0,0,0,0,1,0,0,0,0,0,1,1,1,1
1.3862943611198906,1.0986122886681098,6.68586094706836,3.828641396489095,7.063903961472068,0.6931471805599453,1.791759469228055,1.791759469228055,0,0,0,0,0,0,0,1,1,3.0,0,0,1,0,0,1,0,1,1,0,1,0,0,0,0,0,0,0,0,1,0,0,0,0,0,0,1,0,0,0,0,0,1
1.3862943611198906,1.0986122886681098,6.90875477931522,2.833213344056216,6.3578422665081,1.0986122886681098,2.302585092994046,2.0794415416798357,0,0,0,0,0,0,0,0,0,2.0,0,0,0,1,1,1,1,1,0,0,1,0,1,0,0,0,0,0,0,0,0,0,0,0,0,0,0,1,0,1,0,0,0
0.6931471805599453,0.6931471805599453,6.621405651764134,3.044522437723423,6.139884552226255,0.6931471805599453,2.302585092994046,0.6931471805599453,0,0,0,0,0,0,0,1,1,2.0,0,0,0,0,0,0,0,0,0,0,1,0,0,0,0,0,0,0,0,1,0,0,0,0,0,0,0,0,1,1,1,1,0
1.3862943611198906,1.3862943611198906,6.952728644624869,3.044522437723423,6.139884552226255,0.6931471805599453,2.302585092994046,2.3978952727983707,1,0,0,1,0,0,1,1,0,2.0,1,0,1,1,1,1,1,1,1,0,1,0,1,0,1,0,0,0,0,0,0,0,0,0,0,0,1,0,0,1,1,1,0
1.3862943611198906,1.0986122886681098,6.68586094706836,1.9459101490553132,6.511745329644728,0.6931471805599453,3.4011973816621555,1.0986122886681098,0,0,0,0,0,0,0,1,0,1.0,0,0,0,0,0,0,0,1,0,0,1,0,0,0,0,0,0,0,0,1,0,0,0,0,0,0,0,0,0,0,0,0,0
1.3862943611198906,1.0986122886681098,6.858565034791365,3.7612001156935624,7.424165281042028,0.6931471805599453,1.791759469228055,2.5649493574615367,0,1,0,0,0,0,0,1,1,2.0,1,1,1,1,1,1,1,1,1,1,1,0,1,0,0,0,0,0,0,0,0,0,0,0,1,0,0,0,1,0,0,0,0
1.3862943611198906,1.0986122886681098,6.85751406254539,3.044522437723423,6.139884552226255,1.0986122886681098,2.302585092994046,2.4849066497880004,0,0,0,0,0,0,0,1,0,2.0,0,0,1,1,1,1,0,1,1,1,1,1,1,1,1,0,0,0,0,0,0,0,0,0,0,0,0,0,0,1,1,1,0
1.6094379124341003,1.0986122886681098,6.966024187106113,3.6635616461296463,7.881559917056899,0.6931471805599453,1.6094379124341003,2.3978952727983707,0,0,0,0,0,0,0,1,1,1.0,1,0,1,1,1,1,1,1,1,0,1,0,1,0,1,0,0,0,0,0,0,0,0,0,0,0,0,0,1,0,0,0,0
1.3862943611198906,1.0986122886681098,6.803505257608338,3.1780538303479458,6.594413459749778,0.6931471805599453,3.2188758248682006,1.9459101490553132,0,0,0,0,0,0,0,1,1,3.0,0,0,0,0,1,1,0,1,1,0,1,0,1,0,0,0,0,0,0,1,0,0,0,0,0,0,1,0,0,0,0,0,0
1.3862943611198906,1.0986122886681098,6.621405651764134,1.791759469228055,6.139884552226255,0.6931471805599453,2.302585092994046,0.0,0,0,0,0,0,0,0,1,1,3.0,0,0,0,0,0,0,0,0,0,0,0,0,0,0,0,0,0,0,0,0,0,0,0,0,1,0,0,0,0,1,0,1,0
1.3862943611198906,1.0986122886681098,6.7464121285733745,2.1972245773362196,6.139884552226255,0.6931471805599453,3.1780538303479458,1.6094379124341003,0,1,1,1,0,1,1,1,1,1.0,0,0,0,0,0,0,0,1,1,0,1,0,1,0,0,0,0,0,0,0,0,0,0,0,1,0,0,0,0,0,0,1,0
1.3862943611198906,1.0986122886681098,6.7464121285733745,2.995732273553991,6.1070228877422545,0.6931471805599453,2.3978952727983707,2.302585092994046,0,0,0,0,0,0,0,1,1,2.0,0,0,1,1,0,0,1,1,1,1,1,0,1,1,0,0,0,0,0,1,0,0,0,0,0,0,1,0,0,0,0,0,0
0.6931471805599453,0.6931471805599453,6.455198563340122,3.044522437723423,5.638354669333745,0.6931471805599453,1.791759469228055,2.0794415416798357,0,0,1,0,0,0,0,1,1,2.0,0,0,1,0,1,0,1,1,1,0,1,0,1,0,0,0,0,0,0,0,0,0,0,0,1,0,0,0,1,0,1,0,0
1.3862943611198906,1.0986122886681098,6.8658910748834385,2.8903717578961645,6.139884552226255,0.6931471805599453,2.302585092994046,1.9459101490553132,0,0,0,0,0,0,0,0,0,3.0,1,0,0,0,0,1,0,1,1,0,1,0,1,0,0,0,0,0,0,0,0,0,0,0,0,0,0,0,0,1,0,1,0
1.3862943611198906,1.0986122886681098,6.472346294500901,3.044522437723423,6.139884552226255,0.6931471805599453,2.302585092994046,0.0,0,0,0,1,0,0,0,1,0,2.0,0,0,0,0,0,0,0,0,0,0,0,0,0,0,0,0,0,0,0,0,0,0,0,0,1,0,0,1,0,1,1,1,1
1.3862943611198906,1.0986122886681098,6.478509642208569,3.044522437723423,6.139884552226255,0.6931471805599453,2.302585092994046,0.0,1,0,0,1,1,0,0,1,0,2.0,0,0,0,0,0,0,0,0,0,0,0,0,0,0,1,0,0,0,0,0,0,0,0,0,0,0,0,1,0,1,1,1,1
1.0986122886681098,1.0986122886681098,6.720220155135295,3.044522437723423,6.139884552226255,0.6931471805599453,2.302585092994046,0.6931471805599453,0,0,0,0,0,0,0,1,1,2.0,0,0,0,0,1,0,0,0,0,0,0,0,0,0,0,0,0,0,0,0,0,0,0,0,0,0,0,0,0,1,1,1,1
1.3862943611198906,1.0986122886681098,6.694562058521095,1.9459101490553132,6.139884552226255,0.6931471805599453,2.9444389791664403,1.791759469228055,0,0,0,0,0,0,0,1,0,2.0,0,0,0,0,1,1,0,1,1,0,1,0,0,0,0,0,0,0,0,0,0,0,0,0,1,0,1,0,0,0,0,1,0
1.3862943611198906,1.0986122886681098,6.959398512133975,3.044522437723423,6.139884552226255,1.0986122886681098,2.302585092994046,2.302585092994046,0,0,0,0,0,0,0,0,1,3.0,1,0,1,0,1,1,1,1,1,0,1,0,1,0,0,0,0,0,0,0,0,0,0,0,1,0,1,0,0,1,1,1,0
1.3862943611198906,1.0986122886681098,6.920671504248683,2.4849066497880004,6.558197802812269,0.6931471805599453,3.1354942159291497,2.1972245773362196,0,0,0,0,0,0,0,1,1,2.0,1,0,1,0,0,1,0,1,1,0,1,0,1,1,0,0,0,0,0,0,0,0,0,0,1,0,1,0,0,0,0,0,0
1.0986122886681098,1.0986122886681098,6.311734809152915,3.295836866004329,6.139884552226255,0.6931471805599453,2.302585092994046,1.9459101490553132,0,0,0,0,0,0,0,1,1,2.0,0,0,0,0,1,1,0,1,1,0,1,0,1,0,0,0,0,0,0,1,0,0,0,0,0,0,0,0,0,1,0,1,1
1.3862943611198906,1.0986122886681098,7.147559271189454,3.4339872044851463,6.018593214496234,1.0986122886681098,1.9459101490553132,0.0,0,0,0,0,0,0,0,1,1,2.0,0,0,0,0,0,0,0,0,0,0,0,0,0,0,0,0,0,0,0,1,0,0,0,0,0,0,1,0,0,0,0,0,0
1.6094379124341003,1.3862943611198906,7.305860032684009,2.302585092994046,5.342334251964811,1.0986122886681098,3.258096538021482,2.0794415416798357,0,0,0,0,1,0,0,1,1,2.0,1,0,1,0,0,1,0,1,1,0,1,0,1,0,0,0,0,0,0,0,0,0,0,0,1,0,1,0,0,0,0,0,0
1.3862943611198906,1.0986122886681098,6.961296045910167,3.044522437723423,5.707110264748875,1.0986122886681098,2.3978952727983707,2.5649493574615367,0,0,0,0,0,0,0,1,1,2.0,1,1,1,1,1,1,1,1,1,1,1,0,1,0,0,0,0,0,0,0,0,0,0,0,1,0,1,0,0,0,1,0,0
1.3862943611198906,1.0986122886681098,6.68586094706836,3.044522437723423,7.550135342488429,1.0986122886681098,2.0794415416798357,1.3862943611198906,0,0,0,0,0,0,0,1,0,3.0,0,0,0,0,1,0,0,1,0,0,1,0,0,0,0,0,0,0,0,1,0,0,0,0,0,0,0,0,0,0,1,0,0
1.3862943611198906,1.0986122886681098,6.85751406254539,2.9444389791664403,5.955837369464831,0.6931471805599453,2.4849066497880004,1.6094379124341003,0,1,0,1,0,0,1,1,0,3.0,0,0,0,0,0,0,0,1,1,0,1,0,1,0,1,0,0,0,0,0,0,0,0,0,0,0,0,0,0,0,0,0,0
1.0986122886681098,0.6931471805599453,6.493753839851686,3.044522437723423,6.139884552226255,0.6931471805599453,2.302585092994046,0.0,0,0,0,0,0,0,0,1,0,2.0,0,0,0,0,0,0,0,0,0,0,0,0,0,0,0,0,0,0,0,0,0,0,0,1,0,0,0,0,0,1,1,1,0
1.0986122886681098,1.0986122886681098,6.75343791859778,3.6109179126442243,7.199678345691172,0.6931471805599453,1.9459101490553132,2.70805020110221,1,0,1,1,0,0,0,1,0,3.0,1,1,1,1,1,1,1,1,1,1,1,1,1,1,1,0,0,0,0,0,0,0,0,0,0,0,0,0,1,0,0,0,0
0.6931471805599453,1.0986122886681098,6.3561076606958915,3.044522437723423,5.60947179518496,0.6931471805599453,2.70805020110221,2.1972245773362196,1,1,0,0,0,0,0,1,1,2.0,0,0,1,0,1,1,0,1,1,0,1,0,1,1,0,0,0,0,0,0,0,0,0,0,1,0,0,0,1,0,1,0,0
1.3862943611198906,1.0986122886681098,7.02197642307216,3.044522437723423,6.139884552226255,0.6931471805599453,2.302585092994046,1.791759469228055,0,0,0,0,0,0,0,1,0,2.0,0,0,1,0,1,0,0,1,0,0,1,0,1,0,0,0,0,0,0,0,0,0,0,1,0,0,0,0,0,1,1,1,0
1.3862943611198906,1.0986122886681098,7.2196420401307355,2.995732273553991,5.726847747587197,0.6931471805599453,2.302585092994046,0.0,0,0,0,0,0,0,0,0,0,2.0,0,0,0,0,0,0,0,0,0,0,0,0,0,0,0,0,0,0,0,0,0,0,0,0,1,0,0,0,1,1,0,0,1
1.3862943611198906,0.6931471805599453,6.472346294500901,3.044522437723423,6.139884552226255,0.6931471805599453,2.302585092994046,0.0,0,0,0,0,0,0,0,0,0,2.0,0,0,0,0,0,0,0,0,0,0,0,0,0,0,1,0,0,0,0,0,0,0,0,0,0,0,0,0,0,1,1,1,1
1.3862943611198906,1.0986122886681098,6.98100574072173,3.044522437723423,6.139884552226255,0.6931471805599453,2.302585092994046,1.9459101490553132,0,0,0,0,0,0,0,0,0,2.0,0,0,1,0,1,0,0,1,1,0,1,0,1,0,0,0,0,0,0,0,0,0,1,0,0,0,1,0,0,1,1,1,0
1.3862943611198906,1.0986122886681098,6.90875477931522,3.044522437723423,6.139884552226255,0.6931471805599453,2.302585092994046,0.6931471805599453,0,0,0,0,0,0,0,1,0,2.0,0,0,0,0,0,0,0,1,0,0,0,0,0,0,0,0,0,0,0,0,0,0,1,0,0,0,0,0,0,1,1,1,0
1.3862943611198906,1.0986122886681098,6.7464121285733745,1.791759469228055,6.139884552226255,0.6931471805599453,2.6390573296152584,0.0,0,0,0,0,0,0,0,1,1,3.0,0,0,0,0,0,0,0,0,0,0,0,0,0,0,0,0,0,0,0,0,0,0,0,0,0,0,0,1,0,0,0,1,0
1.3862943611198906,1.0986122886681098,7.00397413672268,3.044522437723423,6.139884552226255,1.0986122886681098,2.302585092994046,2.3978952727983707,0,0,0,0,0,0,0,1,1,3.0,1,0,1,1,1,0,1,1,1,1,1,0,1,0,0,0,0,0,0,1,0,0,0,0,0,0,1,0,0,1,1,1,0
1.3862943611198906,1.0986122886681098,6.8308742346461795,3.091042453358316,6.139884552226255,0.6931471805599453,2.302585092994046,1.6094379124341003,0,0,0,0,0,0,0,1,0,2.0,1,0,0,0,0,0,0,1,1,0,1,0,0,0,0,0,0,0,0,0,0,0,0,0,0,0,0,0,0,1,0,1,1
1.3862943611198906,1.0986122886681098,7.208600337960199,1.6094379124341003,5.429345628954441,1.0986122886681098,2.6390573296152584,2.6390573296152584,0,0,0,0,0,0,0,0,0,1.0,1,1,1,1,1,1,1,1,1,0,1,1,1,1,1,0,0,0,0,0,0,0,0,0,0,0,1,0,0,0,0,0,0
1.3862943611198906,1.0986122886681098,6.55250788703459,3.4965075614664802,6.8966943316227125,1.0986122886681098,3.295836866004329,2.0794415416798357,0,0,0,0,0,0,0,1,1,1.0,0,0,1,0,1,0,0,1,1,0,1,0,1,1,0,0,0,0,0,1,0,0,0,0,0,0,1,0,0,0,0,0,0
0.6931471805599453,0.6931471805599453,6.206575926724928,3.332204510175204,5.717027701406222,0.6931471805599453,2.302585092994046,2.302585092994046,0,0,0,0,0,0,0,1,0,2.0,1,0,1,0,1,1,1,1,1,0,1,0,1,0,0,0,0,0,0,0,0,0,0,0,0,0,1,0,0,1,0,0,1
1.3862943611198906,1.0986122886681098,6.70808408385307,1.791759469228055,6.175867270105761,0.6931471805599453,2.302585092994046,1.9459101490553132,0,0,0,0,0,0,0,0,1,3.0,1,0,0,1,0,1,0,1,1,0,1,0,0,0,0,0,0,0,0,0,0,0,0,0,1,0,0,0,0,1,0,0,0
1.3862943611198906,1.0986122886681098,6.478509642208569,3.044522437723423,6.139884552226255,0.6931471805599453,2.302585092994046,0.0,0,0,0,0,0,0,0,1,1,2.0,0,0,0,0,0,0,0,0,0,0,0,0,0,0,0,0,0,0,0,1,0,0,0,0,0,0,0,1,0,1,1,1,1
0.6931471805599453,0.6931471805599453,6.311734809152915,3.044522437723423,6.139884552226255,0.6931471805599453,2.302585092994046,2.5649493574615367,0,0,0,0,0,0,0,1,1,2.0,1,0,1,1,1,1,1,1,1,1,1,0,1,1,0,0,0,0,0,0,0,0,0,0,1,0,1,0,0,1,1,1,0
1.3862943611198906,1.0986122886681098,6.7464121285733745,3.044522437723423,6.139884552226255,0.6931471805599453,2.302585092994046,1.3862943611198906,0,0,0,0,0,0,0,1,0,3.0,0,0,0,0,1,0,0,1,0,0,1,0,0,0,0,0,0,0,0,0,0,0,1,0,0,0,0,0,0,1,1,1,0
1.3862943611198906,1.0986122886681098,6.68586094706836,3.044522437723423,6.139884552226255,0.6931471805599453,2.302585092994046,0.0,0,0,0,0,0,0,0,1,0,2.0,0,0,0,0,0,0,0,0,0,0,0,0,0,0,0,0,0,0,0,0,0,0,0,0,0,0,0,0,0,1,1,1,0
0.6931471805599453,0.6931471805599453,6.536691597591305,3.044522437723423,6.139884552226255,0.6931471805599453,2.302585092994046,1.791759469228055,0,0,0,0,0,0,0,1,0,2.0,0,0,0,0,1,0,1,1,0,0,1,0,1,0,0,0,0,0,0,0,1,0,0,0,0,0,0,0,1,1,1,1,1
1.3862943611198906,1.0986122886681098,7.115582126184454,3.332204510175204,5.8805329864007,1.0986122886681098,1.9459101490553132,1.9459101490553132,0,0,0,0,0,0,0,1,1,2.0,0,0,1,0,1,0,0,1,1,0,1,0,1,0,0,0,0,0,0,1,0,0,0,0,0,0,1,0,0,0,0,0,0
1.3862943611198906,1.0986122886681098,6.85751406254539,2.772588722239781,6.139884552226255,0.6931471805599453,2.8903717578961645,2.0794415416798357,0,0,0,0,0,0,0,1,0,2.0,1,0,0,0,0,1,0,1,1,1,1,0,1,0,1,0,0,0,0,0,0,0,0,0,0,0,0,0,0,0,0,1,1
1.3862943611198906,1.3862943611198906,7.0909098220799835,1.791759469228055,6.139884552226255,1.3862943611198906,2.302585092994046,1.0986122886681098,1,0,1,1,0,0,1,1,1,3.0,0,0,0,0,0,0,0,1,0,0,1,0,0,0,1,0,0,0,0,0,0,0,0,0,0,0,1,0,0,1,0,1,0
1.3862943611198906,1.0986122886681098,7.00033446027523,2.995732273553991,5.54907608489522,0.6931471805599453,1.6094379124341003,2.0794415416798357,0,0,0,0,0,0,0,1,0,2.0,0,0,1,0,1,0,1,1,1,0,1,0,1,0,0,0,0,0,0,0,0,0,0,0,1,0,1,0,0,0,0,0,0
1.3862943611198906,1.0986122886681098,6.55250788703459,2.9444389791664403,4.919980925828125,0.6931471805599453,3.4011973816621555,1.9459101490553132,0,0,0,0,0,0,0,1,1,2.0,0,0,0,0,1,1,0,1,1,0,1,0,1,0,0,0,0,0,0,1,0,0,0,0,0,0,1,0,0,0,0,0,0
1.3862943611198906,1.0986122886681098,6.652863029353347,3.6109179126442243,6.447305862541213,0.6931471805599453,2.0794415416798357,2.302585092994046,0,0,1,0,0,0,1,1,0,2.0,0,0,1,1,0,1,0,1,1,0,1,1,1,1,1,0,0,0,0,0,0,0,0,0,0,0,0,0,1,0,0,0,0
1.3862943611198906,1.0986122886681098,7.229113877793302,2.772588722239781,5.910796644040527,0.6931471805599453,1.9459101490553132,1.6094379124341003,0,0,0,0,0,0,0,0,0,2.0,0,0,0,0,0,0,0,1,1,0,1,0,1,0,1,0,0,0,0,0,0,0,0,0,0,0,1,0,0,0,0,0,1
1.3862943611198906,1.0986122886681098,6.968850378341948,3.091042453358316,6.68586094706836,0.6931471805599453,2.8903717578961645,2.1972245773362196,0,0,0,0,0,0,0,1,0,2.0,0,0,1,0,1,1,1,1,1,0,1,0,1,0,1,0,0,0,0,0,0,0,0,0,0,0,0,0,0,0,0,0,0
1.3862943611198906,1.0986122886681098,6.90875477931522,3.044522437723423,6.90875477931522,1.0986122886681098,2.302585092994046,0.0,0,0,0,0,0,0,0,1,1,2.0,0,0,0,0,0,0,0,0,0,0,0,0,0,0,0,0,0,0,0,1,0,0,0,0,0,0,1,0,0,1,1,0,0
1.3862943611198906,1.0986122886681098,6.573680166960646,1.791759469228055,6.139884552226255,0.6931471805599453,2.302585092994046,0.0,0,0,0,0,0,0,0,1,1,1.0,0,0,0,0,0,0,0,0,0,0,0,0,0,0,0,0,0,0,0,0,0,0,0,0,1,0,0,0,0,1,0,1,1
1.3862943611198906,1.6094379124341003,7.156176637480615,3.1354942159291497,6.154858094016418,0.6931471805599453,2.302585092994046,2.0794415416798357,1,1,1,1,1,0,0,0,0,2.0,0,0,1,1,0,0,1,1,0,1,1,0,1,0,1,0,0,0,0,0,0,0,0,0,0,0,1,0,0,0,0,0,1
1.3862943611198906,1.0986122886681098,6.7464121285733745,3.367295829986474,6.0473721790462776,0.6931471805599453,3.295836866004329,2.4849066497880004,0,0,0,0,0,0,0,1,1,2.0,1,0,1,1,1,1,0,1,1,1,1,0,1,1,0,0,0,0,0,1,0,0,0,0,0,0,1,0,0,0,0,0,0
1.3862943611198906,1.0986122886681098,6.90875477931522,3.044522437723423,6.139884552226255,0.6931471805599453,1.3862943611198906,2.4849066497880004,0,0,0,0,0,0,0,1,1,2.0,1,0,1,0,1,1,1,1,1,1,1,0,1,1,0,0,0,0,0,1,0,0,0,0,0,0,0,0,0,0,1,1,0
1.3862943611198906,1.0986122886681098,6.7464121285733745,3.091042453358316,6.008813185442595,0.6931471805599453,3.258096538021482,0.0,0,0,0,0,0,0,0,1,1,1.0,0,0,0,0,0,0,0,0,0,0,0,0,0,0,0,0,0,0,0,1,0,0,0,0,0,0,1,0,0,0,0,0,0
0.6931471805599453,1.0986122886681098,6.3578422665081,3.044522437723423,5.60947179518496,0.6931471805599453,2.70805020110221,2.0794415416798357,1,1,0,0,0,0,0,0,1,2.0,1,0,1,0,1,1,0,1,1,0,1,0,0,0,0,0,0,0,0,0,0,0,0,0,1,0,0,0,1,0,1,0,0
1.3862943611198906,1.0986122886681098,7.001245622069476,3.044522437723423,6.139884552226255,0.6931471805599453,2.302585092994046,1.6094379124341003,0,0,0,0,0,0,0,1,0,1.0,1,0,0,0,0,0,0,1,1,0,1,0,0,0,0,0,0,0,0,0,0,0,0,1,0,0,0,0,0,1,1,1,1
1.3862943611198906,1.0986122886681098,6.668228248417403,1.791759469228055,6.139884552226255,0.6931471805599453,2.302585092994046,1.0986122886681098,0,0,0,0,0,0,0,0,1,2.0,0,0,0,0,0,0,0,1,0,0,1,0,0,0,0,0,0,0,0,0,0,0,0,0,1,0,0,0,0,1,0,1,1
1.3862943611198906,1.0986122886681098,6.612041034833092,3.044522437723423,6.139884552226255,0.6931471805599453,2.302585092994046,0.0,0,0,0,0,0,0,0,1,0,3.0,0,0,0,0,0,0,0,0,0,0,0,0,0,0,0,1,0,0,0,0,0,0,0,0,0,0,0,0,0,1,1,1,1
1.3862943611198906,1.0986122886681098,6.948897222313312,2.833213344056216,6.139884552226255,1.0986122886681098,3.367295829986474,1.3862943611198906,0,0,0,0,0,0,0,1,1,2.0,0,0,0,0,1,0,0,1,0,0,1,0,0,0,0,0,0,0,0,1,0,0,0,0,0,0,1,0,0,0,0,1,0
1.6094379124341003,1.3862943611198906,7.316548177182976,3.044522437723423,6.139884552226255,1.0986122886681098,2.302585092994046,1.791759469228055,0,0,0,0,0,0,0,1,1,1.0,0,0,0,0,1,0,0,1,1,0,1,0,1,0,0,0,0,0,0,0,0,0,0,0,0,1,1,0,0,1,1,1,0
1.3862943611198906,1.0986122886681098,7.094234845924755,1.791759469228055,5.771441123130016,0.6931471805599453,1.0986122886681098,2.1972245773362196,0,0,0,0,0,0,0,1,0,2.0,1,0,1,1,0,0,0,1,1,1,1,0,1,0,0,0,0,0,0,0,0,0,0,0,0,0,0,0,0,0,0,0,1
1.3862943611198906,1.0986122886681098,6.90875477931522,3.044522437723423,6.139884552226255,1.0986122886681098,1.3862943611198906,2.302585092994046,0,0,0,0,0,0,0,1,1,3.0,0,0,1,0,1,1,0,1,1,1,1,0,1,1,0,0,0,0,0,1,0,0,0,0,0,0,0,0,0,0,1,1,0
1.3862943611198906,1.0986122886681098,6.926577033222725,3.044522437723423,6.139884552226255,0.6931471805599453,2.302585092994046,0.0,1,0,1,1,0,0,0,1,0,2.0,0,0,0,0,0,0,0,0,0,0,0,0,0,0,1,0,0,0,0,0,0,0,0,0,0,0,0,0,0,1,1,1,1
1.3862943611198906,1.0986122886681098,6.84587987526405,3.6635616461296463,6.042632833682381,1.3862943611198906,2.5649493574615367,2.70805020110221,0,0,0,0,0,0,0,1,1,3.0,1,1,1,1,1,1,1,1,1,1,1,1,1,1,0,0,0,0,0,1,0,0,0,0,0,0,1,0,0,0,0,0,0
1.3862943611198906,1.0986122886681098,6.55250788703459,3.044522437723423,6.139884552226255,0.6931471805599453,2.302585092994046,1.6094379124341003,0,0,0,0,0,0,0,1,0,1.0,0,0,0,1,0,0,0,1,0,0,1,0,1,0,0,0,0,0,0,0,0,0,0,0,0,1,0,0,0,1,1,1,0
1.3862943611198906,1.0986122886681098,6.9957661563048505,2.9444389791664403,6.345636360828596,0.6931471805599453,2.6390573296152584,2.1972245773362196,0,0,1,0,0,0,1,1,1,2.0,0,0,1,0,1,1,0,1,1,1,1,0,1,0,1,0,0,0,0,0,0,0,0,0,0,0,1,0,0,0,0,0,0
1.0986122886681098,0.6931471805599453,6.2422232654551655,3.044522437723423,6.139884552226255,0.6931471805599453,2.302585092994046,1.3862943611198906,0,0,0,0,0,0,0,1,0,2.0,0,0,0,0,1,0,0,1,0,0,1,0,0,0,0,0,0,0,0,1,0,0,0,0,0,0,0,1,0,1,1,1,1
1.3862943611198906,1.0986122886681098,7.057897937411856,2.4849066497880004,5.820082930352362,1.0986122886681098,1.9459101490553132,2.302585092994046,0,1,0,0,0,0,0,1,1,2.0,1,1,1,1,0,0,0,1,1,1,1,0,1,0,0,0,0,0,0,0,0,0,0,0,1,0,1,0,0,0,0,0,0
1.3862943611198906,1.0986122886681098,7.138866999945524,1.791759469228055,6.139884552226255,0.6931471805599453,2.302585092994046,1.9459101490553132,0,0,0,0,0,1,0,0,1,3.0,0,0,0,0,1,0,1,1,1,0,1,0,1,0,0,0,0,0,0,0,0,0,0,0,1,0,0,0,0,1,0,1,0
1.3862943611198906,1.0986122886681098,7.0909098220799835,1.791759469228055,6.139884552226255,0.6931471805599453,2.302585092994046,0.0,0,0,1,1,0,0,0,1,1,1.0,0,0,0,0,0,0,0,0,0,0,0,0,0,0,0,0,0,0,0,0,0,0,0,0,1,0,0,0,0,1,0,1,1
1.3862943611198906,1.0986122886681098,6.70073110954781,2.70805020110221,6.9167150203536085,0.6931471805599453,3.367295829986474,0.6931471805599453,1,0,1,1,1,0,0,1,0,2.0,0,0,0,0,0,1,0,0,0,0,0,0,0,0,1,0,0,0,0,0,0,0,0,0,0,0,1,0,0,0,0,0,0
1.3862943611198906,1.0986122886681098,6.732210706467206,3.1354942159291497,6.705639094860003,1.0986122886681098,2.833213344056216,2.302585092994046,0,0,0,0,0,0,0,1,1,2.0,1,0,1,1,1,0,0,1,1,0,1,1,1,0,0,0,0,0,0,1,0,0,0,0,0,0,1,0,0,0,0,0,0
1.3862943611198906,1.3862943611198906,7.377133712833954,3.7612001156935624,6.508769136971682,1.0986122886681098,1.9459101490553132,1.791759469228055,0,0,0,0,0,0,0,1,1,2.0,0,0,1,0,1,0,0,1,0,0,1,0,1,0,0,0,0,0,0,1,0,0,0,0,0,0,1,0,0,0,0,0,0
1.791759469228055,1.6094379124341003,7.5126175446745105,3.4657359027997265,6.432940092739179,1.0986122886681098,1.9459101490553132,2.70805020110221,0,0,0,0,0,0,0,1,1,1.0,1,1,1,1,1,1,1,1,1,1,1,1,1,1,1,0,0,0,0,0,0,0,0,0,0,0,1,0,0,0,0,0,0
0.6931471805599453,0.6931471805599453,6.504288173536645,2.9444389791664403,5.476463551931511,1.0986122886681098,2.1972245773362196,2.302585092994046,1,0,0,1,0,0,0,1,1,2.0,1,0,1,0,1,0,1,1,1,1,1,0,1,0,0,0,0,0,0,0,0,0,0,0,1,0,0,0,1,0,0,0,0
1.3862943611198906,1.0986122886681098,6.930494765951626,3.044522437723423,6.139884552226255,0.6931471805599453,2.302585092994046,0.0,0,0,0,0,0,0,0,1,1,2.0,0,0,0,0,0,0,0,0,0,0,0,0,0,0,0,0,0,0,0,0,0,0,0,0,1,0,1,0,0,1,1,1,1
1.3862943611198906,1.0986122886681098,6.842683282238422,3.6635616461296463,6.042632833682381,1.0986122886681098,2.5649493574615367,2.70805020110221,0,0,0,0,0,0,0,1,1,3.0,1,1,1,1,1,1,1,1,1,1,1,1,1,1,0,0,0,0,0,1,0,0,0,0,0,0,1,0,0,0,0,0,0
1.3862943611198906,0.6931471805599453,6.489204931325317,3.044522437723423,6.139884552226255,0.6931471805599453,2.302585092994046,1.6094379124341003,0,0,1,1,0,0,0,1,0,1.0,0,0,0,1,0,1,0,1,1,0,0,0,0,0,0,0,0,0,0,0,0,0,0,0,1,0,0,0,0,1,1,1,1
1.3862943611198906,1.0986122886681098,6.687108607866515,3.044522437723423,6.139884552226255,0.6931471805599453,2.302585092994046,2.302585092994046,0,0,1,0,0,0,0,0,0,2.0,1,1,0,0,1,1,1,1,1,0,1,0,1,0,0,0,0,0,0,0,0,0,0,0,1,0,0,0,0,1,1,1,0
1.0986122886681098,1.0986122886681098,6.68586094706836,3.784189633918261,6.863803391452954,0.6931471805599453,2.302585092994046,2.1972245773362196,1,1,1,1,1,0,0,1,1,2.0,1,0,1,1,1,0,1,0,1,0,1,0,1,0,0,0,0,0,0,0,0,0,0,0,1,0,0,0,0,1,0,0,1
0.6931471805599453,0.6931471805599453,6.169610732491456,3.1780538303479458,6.638567789166521,0.6931471805599453,1.9459101490553132,2.302585092994046,0,0,0,0,0,0,0,1,1,1.0,1,0,1,0,1,0,1,1,1,1,1,0,1,0,0,0,0,0,0,0,0,0,0,0,1,0,0,0,1,0,0,0,0
1.3862943611198906,1.0986122886681098,6.7580945044277305,3.044522437723423,6.139884552226255,0.6931471805599453,2.302585092994046,0.0,0,0,0,0,0,0,0,1,1,2.0,0,0,0,0,0,0,0,0,0,0,0,0,0,0,0,0,0,0,0,1,0,0,0,0,0,0,0,0,0,1,1,1,0
1.0986122886681098,1.0986122886681098,6.92461239604856,3.8066624897703196,5.937536205082426,1.0986122886681098,1.791759469228055,2.1972245773362196,0,0,0,0,0,0,0,1,1,2.0,1,0,1,0,0,0,1,1,1,1,1,0,1,0,0,0,0,0,0,1,0,0,0,0,0,0,1,0,0,0,0,0,0
1.3862943611198906,1.0986122886681098,6.68586094706836,3.044522437723423,6.139884552226255,0.6931471805599453,2.302585092994046,0.0,0,0,0,0,0,0,0,0,0,2.0,0,0,0,0,0,0,0,0,0,0,0,0,0,0,0,0,0,0,0,0,0,0,0,0,1,0,0,0,0,1,1,1,1
1.3862943611198906,1.0986122886681098,6.55250788703459,3.1354942159291497,6.0014148779611505,0.6931471805599453,3.1780538303479458,1.3862943611198906,0,0,0,0,0,0,0,1,1,3.0,0,0,0,0,1,0,0,1,0,0,1,0,0,0,0,0,0,0,0,1,0,0,0,0,0,0,1,0,0,0,0,0,0
1.3862943611198906,1.0986122886681098,6.55250788703459,3.044522437723423,6.139884552226255,1.0986122886681098,2.302585092994046,0.0,0,0,0,0,0,0,0,0,0,2.0,0,0,0,0,0,0,0,0,0,0,0,0,0,0,0,0,0,0,0,0,0,0,0,0,1,0,0,0,0,1,1,1,0
1.6094379124341003,1.3862943611198906,7.783640596221253,3.58351893845611,5.278114659230517,1.0986122886681098,2.5649493574615367,0.0,0,0,0,0,0,0,0,1,1,2.0,0,0,0,0,0,0,0,0,0,0,0,0,0,0,0,0,0,0,0,1,0,0,0,0,0,0,1,0,0,0,0,0,0
1.3862943611198906,1.0986122886681098,6.68586094706836,2.9444389791664403,5.303304908059076,0.6931471805599453,2.8903717578961645,2.1972245773362196,1,0,1,1,0,0,1,1,0,3.0,0,0,0,1,1,1,1,1,1,0,1,0,1,0,0,0,0,0,0,0,0,0,0,0,1,0,0,0,0,0,0,0,0
1.3862943611198906,1.0986122886681098,6.948897222313312,2.833213344056216,6.139884552226255,1.0986122886681098,3.367295829986474,1.6094379124341003,0,0,0,0,0,0,0,1,1,2.0,0,0,0,0,1,0,0,1,0,0,1,0,1,0,0,0,0,0,0,1,0,0,0,0,0,0,1,0,0,0,0,1,0
1.0986122886681098,0.6931471805599453,6.569481420414296,3.044522437723423,6.139884552226255,0.6931471805599453,2.302585092994046,1.791759469228055,0,0,0,0,0,0,0,1,0,2.0,0,0,0,1,0,0,0,1,1,0,1,0,1,0,0,0,0,0,0,0,0,0,1,0,0,0,0,0,0,1,1,1,0
1.3862943611198906,1.0986122886681098,6.7464121285733745,3.044522437723423,5.37989735354046,1.0986122886681098,3.295836866004329,1.9459101490553132,0,0,0,0,0,0,0,1,1,1.0,0,0,0,1,0,1,0,1,1,1,1,0,0,0,0,0,0,0,0,1,0,0,0,0,0,0,0,0,0,0,1,0,0
1.3862943611198906,0.6931471805599453,6.478509642208569,3.044522437723423,6.139884552226255,0.6931471805599453,2.302585092994046,0.0,0,0,1,0,1,0,0,0,0,2.0,0,0,0,0,0,0,0,0,0,0,0,0,0,0,0,0,0,0,0,0,0,0,0,0,1,0,0,1,0,1,1,1,1
1.6094379124341003,1.0986122886681098,7.149131598557407,2.8903717578961645,6.16541785423142,1.0986122886681098,2.3978952727983707,1.9459101490553132,0,0,0,0,0,0,0,1,1,2.0,0,0,1,0,0,1,0,1,1,0,1,0,1,0,1,0,0,0,0,0,0,0,0,0,0,0,1,0,0,0,0,0,0
1.3862943611198906,1.0986122886681098,7.057897937411856,2.3978952727983707,5.983936280687191,1.0986122886681098,2.833213344056216,2.302585092994046,1,1,1,1,0,0,0,0,1,2.0,1,0,1,0,0,1,1,1,1,0,1,0,1,1,0,0,0,0,0,0,0,0,0,0,1,0,1,0,0,0,0,0,0
1.3862943611198906,1.0986122886681098,6.523562306149512,3.044522437723423,6.139884552226255,0.6931471805599453,2.8903717578961645,1.3862943611198906,0,0,0,0,0,0,0,1,1,2.0,0,0,0,0,1,0,0,1,0,0,1,0,0,0,0,0,0,0,0,1,0,0,0,0,0,0,0,0,0,0,0,1,0
1.0986122886681098,1.0986122886681098,6.70808408385307,3.044522437723423,6.139884552226255,0.6931471805599453,1.9459101490553132,2.1972245773362196,0,0,0,0,0,0,0,1,1,3.0,1,0,1,0,1,0,1,1,1,0,1,0,1,0,0,0,0,0,0,0,0,0,0,0,0,0,1,0,0,0,1,1,1
1.6094379124341003,1.3862943611198906,7.3783837129967145,3.1354942159291497,6.705639094860003,1.0986122886681098,2.833213344056216,2.302585092994046,0,0,0,0,0,0,0,1,1,2.0,1,0,1,1,1,0,0,1,1,0,1,1,1,0,0,0,0,0,0,1,0,0,0,0,0,0,1,0,0,0,0,0,0
1.3862943611198906,1.0986122886681098,6.70808408385307,3.8066624897703196,7.667158255319148,0.6931471805599453,1.0986122886681098,2.1972245773362196,0,1,0,1,0,0,1,1,0,2.0,1,0,1,1,1,0,0,1,1,0,1,0,1,0,1,0,0,0,0,0,0,0,0,0,0,0,0,0,1,0,0,0,1
1.3862943611198906,1.0986122886681098,6.419994928147142,3.044522437723423,6.139884552226255,0.6931471805599453,2.302585092994046,0.0,0,0,0,0,0,0,0,0,0,3.0,0,0,0,0,0,0,0,0,0,0,0,0,0,0,0,0,0,0,0,0,0,0,0,0,0,0,0,1,0,1,1,1,0
1.6094379124341003,1.3862943611198906,7.3783837129967145,3.1354942159291497,6.705639094860003,1.0986122886681098,2.833213344056216,2.302585092994046,0,0,0,0,0,0,0,1,1,2.0,1,0,1,1,1,0,0,1,1,0,1,1,1,0,0,0,0,0,0,1,0,0,0,0,0,0,1,0,0,0,0,0,0
1.3862943611198906,1.0986122886681098,6.639875833826536,2.9444389791664403,5.303304908059076,0.6931471805599453,2.8903717578961645,1.791759469228055,1,0,1,1,0,0,1,0,0,2.0,0,0,0,0,1,1,0,0,1,0,1,0,1,0,0,0,0,0,0,0,0,0,0,0,1,0,0,0,0,0,0,0,1
1.0986122886681098,1.0986122886681098,6.913737350659685,3.044522437723423,6.957497370876951,0.6931471805599453,1.791759469228055,2.4849066497880004,0,0,0,0,0,0,0,1,1,2.0,1,0,1,1,0,0,1,1,1,1,1,1,1,1,0,0,0,0,0,0,0,0,0,0,0,0,1,0,0,0,1,0,0
1.3862943611198906,1.0986122886681098,6.895682697747868,3.044522437723423,6.139884552226255,0.6931471805599453,2.302585092994046,1.6094379124341003,0,0,0,0,0,0,0,1,1,2.0,0,0,0,0,1,0,0,1,1,0,1,0,0,0,0,0,0,0,0,0,0,0,0,0,1,0,0,0,0,1,1,1,1
1.0986122886681098,1.0986122886681098,6.927557906278317,3.044522437723423,6.4692503167957724,0.6931471805599453,2.1972245773362196,2.1972245773362196,0,0,0,0,0,0,0,1,0,2.0,1,0,1,1,0,0,0,0,1,1,1,0,1,1,0,0,0,0,0,0,0,0,0,0,0,0,1,0,0,0,1,0,0
1.3862943611198906,1.0986122886681098,6.818924065275521,3.4339872044851463,5.68697535633982,0.6931471805599453,2.302585092994046,2.1972245773362196,0,0,0,0,0,0,0,0,0,1.0,1,0,1,0,1,0,1,1,1,0,1,0,1,0,0,0,0,0,0,0,0,0,1,0,0,0,1,0,0,1,0,0,0
1.3862943611198906,1.0986122886681098,6.8679744089702925,2.1972245773362196,6.139884552226255,0.6931471805599453,2.302585092994046,1.9459101490553132,0,0,1,1,1,0,0,1,1,1.0,0,0,1,0,1,0,0,1,1,0,1,0,1,0,0,0,0,0,0,0,0,0,0,0,1,0,1,0,0,1,0,1,0
1.3862943611198906,1.0986122886681098,6.943122422819428,3.6635616461296463,6.270988431858299,1.3862943611198906,1.791759469228055,2.1972245773362196,0,1,0,1,1,0,0,1,1,3.0,1,0,1,0,1,1,0,1,1,0,1,0,1,0,1,0,0,0,0,0,0,0,0,0,0,0,0,0,1,0,0,0,0
1.3862943611198906,1.0986122886681098,6.7464121285733745,2.772588722239781,5.717027701406222,0.6931471805599453,2.302585092994046,1.0986122886681098,0,0,0,0,0,0,0,1,1,2.0,0,0,0,0,0,0,0,0,0,0,1,0,1,0,0,0,0,0,0,0,0,0,0,0,0,0,0,0,0,1,0,0,0
1.0986122886681098,1.0986122886681098,6.846943139585379,3.5553480614894135,6.137727054086234,0.6931471805599453,1.3862943611198906,2.3978952727983707,0,0,0,0,0,0,0,1,1,3.0,1,0,1,1,1,0,1,1,1,1,1,0,1,0,0,0,0,0,0,1,0,0,0,0,0,0,0,0,1,0,0,0,0
1.791759469228055,1.3862943611198906,7.741099090035366,2.9444389791664403,6.259581464064923,1.3862943611198906,2.772588722239781,2.6390573296152584,0,0,0,0,0,0,0,0,0,1.0,1,0,1,1,1,1,1,1,1,1,1,1,1,1,0,0,0,0,0,0,0,0,0,0,1,0,1,0,0,0,0,0,0
1.3862943611198906,1.0986122886681098,7.0909098220799835,3.044522437723423,6.139884552226255,1.0986122886681098,2.302585092994046,2.5649493574615367,1,0,1,0,0,1,0,1,0,2.0,1,1,1,1,1,1,0,1,1,1,1,0,1,1,0,0,0,0,0,0,0,0,0,0,1,0,1,0,0,1,1,1,0
1.3862943611198906,1.0986122886681098,6.812345094177479,3.367295829986474,6.478509642208569,0.6931471805599453,1.9459101490553132,2.0794415416798357,1,0,1,1,1,0,0,1,0,2.0,1,0,1,1,0,0,1,1,0,0,1,0,1,0,1,0,0,0,0,0,0,0,0,0,0,0,1,0,0,0,0,0,1
1.3862943611198906,1.0986122886681098,7.040536390215956,3.091042453358316,6.419994928147142,1.6094379124341003,1.0986122886681098,0.0,0,0,0,0,0,0,0,1,0,3.0,0,0,0,0,0,0,0,0,0,0,0,0,0,0,0,0,0,0,0,0,0,0,0,0,0,0,1,0,0,0,0,0,0
0.6931471805599453,0.6931471805599453,6.309918278226516,3.258096538021482,6.270988431858299,0.6931471805599453,2.0794415416798357,2.5649493574615367,0,0,0,0,0,0,0,1,0,3.0,1,1,1,1,1,1,1,1,1,1,1,0,1,0,0,0,0,0,0,0,0,0,0,0,0,0,0,0,0,0,0,0,0
0.6931471805599453,0.6931471805599453,5.69035945432406,3.044522437723423,7.460490305825338,0.6931471805599453,2.302585092994046,2.3978952727983707,0,0,0,0,0,0,0,1,1,2.0,1,0,1,1,1,0,1,1,1,1,1,0,1,0,0,0,0,0,0,0,0,0,0,0,0,0,0,0,1,1,1,0,0
1.6094379124341003,1.0986122886681098,7.004881989712859,2.8903717578961645,6.139884552226255,0.6931471805599453,2.302585092994046,1.9459101490553132,1,0,1,1,0,0,1,1,0,2.0,0,0,1,0,0,1,0,1,1,0,1,0,1,0,1,0,0,0,0,0,0,0,0,0,0,0,1,0,0,1,0,1,0
1.6094379124341003,1.0986122886681098,7.095893221097532,3.044522437723423,6.529418838262226,1.0986122886681098,2.302585092994046,2.302585092994046,0,0,0,1,0,0,1,1,0,2.0,0,0,1,0,1,1,1,1,1,1,1,0,1,0,0,0,0,0,0,0,0,0,0,0,1,0,1,0,0,1,1,0,0
1.3862943611198906,1.0986122886681098,7.311218384419629,3.8501476017100584,7.034387929915503,1.0986122886681098,1.9459101490553132,2.4849066497880004,0,0,0,0,0,0,0,1,1,3.0,1,0,1,1,1,1,1,1,1,1,1,0,1,0,0,0,0,0,0,0,0,0,0,0,0,0,1,0,0,0,0,0,0
1.3862943611198906,1.0986122886681098,6.566672429803241,3.044522437723423,6.139884552226255,0.6931471805599453,2.302585092994046,1.0986122886681098,0,0,0,0,0,0,0,0,0,3.0,0,0,0,0,0,1,0,0,1,0,0,0,0,0,0,0,0,0,0,0,0,0,0,0,0,0,0,1,0,1,1,1,1
1.3862943611198906,1.0986122886681098,6.951772164398911,3.044522437723423,6.54965074223381,0.6931471805599453,2.9444389791664403,2.0794415416798357,0,0,0,0,0,0,0,0,0,1.0,0,0,1,0,1,1,0,1,1,0,1,0,1,0,0,0,0,0,0,0,0,0,0,0,0,0,0,0,0,0,1,0,1
1.6094379124341003,1.3862943611198906,7.170888478512505,3.044522437723423,3.970291913552122,1.0986122886681098,2.302585092994046,2.70805020110221,0,1,0,0,0,0,0,1,1,2.0,1,1,1,1,1,1,1,1,1,1,1,1,1,1,0,0,0,0,0,0,0,0,0,0,1,0,1,0,0,1,1,0,0
1.6094379124341003,1.0986122886681098,7.244941546337007,3.044522437723423,6.139884552226255,1.0986122886681098,2.0794415416798357,1.791759469228055,1,0,1,1,0,0,1,1,0,1.0,0,0,1,1,0,0,1,1,1,0,0,0,0,0,1,0,0,0,0,0,0,0,0,0,0,0,1,0,0,0,1,1,0
1.6094379124341003,1.3862943611198906,7.242082359256962,3.044522437723423,6.802394763324311,1.0986122886681098,2.3978952727983707,2.70805020110221,0,0,0,0,0,0,0,1,0,2.0,1,1,1,1,1,1,1,1,1,1,1,1,1,1,0,0,0,0,0,0,0,0,0,0,1,0,1,0,0,0,0,0,0
1.3862943611198906,1.0986122886681098,6.645090969505644,1.791759469228055,3.713572066704308,0.6931471805599453,2.302585092994046,1.791759469228055,0,0,0,0,0,0,0,1,0,2.0,0,0,0,0,1,0,0,1,1,0,1,0,1,0,0,0,0,0,0,0,0,0,0,0,1,0,0,0,0,1,0,0,0
1.3862943611198906,1.0986122886681098,7.0909098220799835,3.044522437723423,6.139884552226255,0.6931471805599453,2.302585092994046,1.791759469228055,0,0,0,0,0,0,0,1,1,3.0,0,0,0,0,1,0,0,1,1,0,1,0,1,0,0,0,0,0,0,0,0,0,0,0,0,0,1,0,0,1,1,1,0
1.3862943611198906,1.0986122886681098,7.029087564149662,2.302585092994046,6.448889394146858,1.0986122886681098,2.302585092994046,2.302585092994046,0,0,0,0,0,0,0,1,0,3.0,1,0,1,1,1,0,0,1,1,1,1,0,1,0,0,0,0,0,0,0,0,0,1,0,0,0,1,0,0,0,0,0,0
1.3862943611198906,1.0986122886681098,6.660575149839686,1.791759469228055,5.641907070938114,0.6931471805599453,2.302585092994046,1.6094379124341003,0,0,0,0,0,0,0,1,1,1.0,1,0,0,0,0,0,0,1,1,0,1,0,0,0,0,0,0,0,0,0,0,0,0,0,1,0,0,0,0,1,0,0,0
1.0986122886681098,0.6931471805599453,6.20455776256869,3.044522437723423,6.139884552226255,0.6931471805599453,2.302585092994046,0.0,0,0,0,0,0,0,0,1,1,2.0,0,0,0,0,0,0,0,0,0,0,0,0,0,0,0,0,0,0,0,0,0,0,0,0,0,0,0,1,0,1,1,1,1
1.3862943611198906,1.0986122886681098,6.957497370876951,3.044522437723423,6.648984550024776,1.0986122886681098,2.0794415416798357,1.9459101490553132,0,0,0,0,0,0,0,1,1,3.0,0,0,1,1,0,0,0,1,1,0,1,0,1,0,0,0,0,0,0,1,0,0,0,0,0,0,1,0,0,0,0,0,0
1.3862943611198906,1.0986122886681098,6.898714534329988,3.58351893845611,5.652489180268651,0.6931471805599453,1.0986122886681098,2.0794415416798357,1,0,0,1,0,0,1,1,0,3.0,1,0,0,1,0,0,1,1,1,0,1,0,1,0,1,0,0,0,0,0,0,0,0,0,0,0,1,0,0,0,0,0,1
1.3862943611198906,1.0986122886681098,6.85751406254539,1.791759469228055,6.139884552226255,0.6931471805599453,2.302585092994046,2.1972245773362196,0,0,0,0,0,0,0,1,1,1.0,1,0,0,1,0,1,1,1,1,0,1,0,1,0,0,0,0,0,0,0,0,0,0,0,1,0,0,0,0,1,0,1,0
1.3862943611198906,1.0986122886681098,6.762729506931879,3.044522437723423,7.0909098220799835,0.6931471805599453,1.0986122886681098,1.791759469228055,1,1,1,1,1,1,1,1,1,2.0,1,0,1,0,0,0,1,0,0,0,1,0,1,0,1,0,0,0,0,0,0,0,0,0,0,0,0,0,1,0,1,0,1
1.3862943611198906,1.0986122886681098,6.803505257608338,3.044522437723423,6.139884552226255,0.6931471805599453,2.302585092994046,2.6390573296152584,0,0,0,0,0,0,0,0,1,1.0,1,1,1,1,1,1,1,1,1,1,1,1,0,1,0,0,0,0,0,0,0,0,0,0,1,0,0,0,0,1,1,1,0
0.6931471805599453,0.6931471805599453,6.2166061010848646,3.044522437723423,5.181783550292085,0.6931471805599453,2.302585092994046,2.3978952727983707,0,0,0,0,0,0,0,1,1,3.0,1,0,1,0,1,1,1,1,1,1,1,0,1,0,0,0,0,0,1,0,0,0,0,0,0,0,1,0,0,0,1,0,0
1.3862943611198906,1.0986122886681098,7.151485463904735,3.4339872044851463,6.018593214496234,1.0986122886681098,1.9459101490553132,1.791759469228055,0,0,0,0,0,0,0,1,1,1.0,0,0,0,0,1,0,0,1,1,0,1,0,1,0,0,0,0,0,0,1,0,0,0,0,0,0,1,0,0,0,0,0,0
1.3862943611198906,1.0986122886681098,6.720220155135295,2.4849066497880004,7.123672785204607,0.6931471805599453,3.1780538303479458,1.9459101490553132,0,1,1,1,0,0,1,1,1,2.0,0,0,0,1,1,1,0,1,1,0,1,0,0,0,1,0,0,0,0,0,0,0,0,0,0,0,1,0,0,0,0,0,0
1.3862943611198906,1.0986122886681098,6.566672429803241,2.9444389791664403,6.139884552226255,0.6931471805599453,2.302585092994046,1.0986122886681098,0,0,0,0,0,0,0,1,1,2.0,0,0,0,0,0,0,0,1,0,0,1,0,0,0,0,0,0,0,0,1,0,0,0,0,0,0,0,0,0,1,0,1,0
1.3862943611198906,1.0986122886681098,6.7464121285733745,3.044522437723423,6.171700597410915,1.0986122886681098,0.6931471805599453,2.302585092994046,0,0,0,0,0,0,0,1,0,2.0,1,0,1,1,1,0,0,1,1,1,1,0,1,0,0,0,0,0,0,1,0,0,0,0,0,0,1,0,0,0,1,0,0
1.3862943611198906,1.0986122886681098,6.9411900550683745,3.044522437723423,6.139884552226255,0.6931471805599453,2.302585092994046,1.0986122886681098,0,0,0,0,0,0,0,1,1,2.0,0,0,0,0,1,0,0,1,0,0,0,0,0,0,0,1,0,0,0,0,0,0,0,0,0,0,0,0,0,1,1,1,1
1.3862943611198906,1.0986122886681098,6.68586094706836,3.044522437723423,6.139884552226255,0.6931471805599453,2.302585092994046,1.3862943611198906,0,0,0,0,0,0,0,0,0,2.0,0,0,0,0,0,0,0,1,0,0,1,0,1,0,1,0,0,0,0,0,0,0,0,0,0,0,0,0,0,1,1,1,1
1.3862943611198906,1.0986122886681098,6.962243464266207,3.332204510175204,6.267200548541362,0.6931471805599453,2.1972245773362196,2.0794415416798357,1,1,0,1,0,0,0,1,1,2.0,1,0,1,0,0,0,1,0,1,1,1,0,1,0,1,0,0,0,0,0,0,0,0,0,0,0,0,0,0,0,0,0,1
1.3862943611198906,1.0986122886681098,6.821107472256465,2.5649493574615367,5.8664680569332965,0.6931471805599453,2.3978952727983707,2.0794415416798357,0,0,0,0,0,0,0,0,0,2.0,1,0,1,0,0,0,1,1,1,0,1,0,1,0,0,0,0,0,0,0,0,0,0,0,1,0,1,0,0,0,0,0,1
0.6931471805599453,0.6931471805599453,6.139884552226255,3.044522437723423,6.139884552226255,0.6931471805599453,2.302585092994046,2.70805020110221,0,0,0,0,0,0,0,1,0,3.0,1,1,1,1,1,1,1,1,1,1,1,1,1,1,0,0,0,0,0,0,0,0,0,0,0,0,1,0,0,1,1,1,0
1.3862943611198906,1.0986122886681098,6.803505257608338,1.6094379124341003,6.139884552226255,0.6931471805599453,2.302585092994046,1.0986122886681098,0,0,0,0,0,0,0,1,1,3.0,0,0,0,0,0,0,0,1,0,0,1,0,0,0,1,0,0,0,0,0,0,0,0,0,0,0,0,0,0,1,0,1,0
1.3862943611198906,1.0986122886681098,6.957497370876951,3.1354942159291497,6.22455842927536,1.0986122886681098,3.4011973816621555,0.0,0,0,0,0,0,0,0,1,1,1.0,0,0,0,0,0,0,0,0,0,0,0,0,0,0,0,0,0,0,0,1,0,0,0,0,0,0,1,0,0,0,0,0,0
1.3862943611198906,1.0986122886681098,6.55250788703459,3.2188758248682006,5.459585514144159,0.6931471805599453,2.302585092994046,1.3862943611198906,0,0,0,0,0,0,0,1,1,2.0,0,0,0,0,1,0,0,1,0,0,1,0,0,0,0,0,0,0,0,1,0,0,0,0,0,0,0,0,0,1,0,0,0
1.3862943611198906,1.3862943611198906,7.030857476116121,3.295836866004329,6.3080984415095305,1.0986122886681098,2.0794415416798357,2.70805020110221,0,0,0,0,0,0,0,1,1,2.0,1,1,1,1,1,1,1,1,1,1,1,1,1,1,0,0,0,0,0,1,0,0,0,0,0,0,1,0,0,0,0,0,0
1.3862943611198906,1.0986122886681098,6.854354502255021,3.044522437723423,6.139884552226255,0.6931471805599453,2.302585092994046,1.6094379124341003,0,0,0,0,0,0,0,1,0,2.0,0,0,0,0,1,0,0,1,0,0,1,0,1,0,0,0,0,0,0,0,0,0,0,0,0,0,0,0,1,1,1,1,1
1.3862943611198906,1.0986122886681098,6.678342114654332,3.044522437723423,6.139884552226255,0.6931471805599453,2.302585092994046,0.0,0,0,0,1,1,0,0,1,1,3.0,0,0,0,0,0,0,0,0,0,0,0,0,0,0,0,0,0,0,0,0,0,0,0,0,1,0,0,0,0,1,1,1,0
1.791759469228055,1.6094379124341003,7.8826922062890254,1.791759469228055,6.139884552226255,0.6931471805599453,2.302585092994046,1.0986122886681098,0,0,0,0,0,0,0,1,1,2.0,0,0,0,0,0,0,0,0,0,0,1,0,1,0,0,0,0,0,0,0,0,0,0,0,0,0,1,0,0,1,0,1,1
1.3862943611198906,1.0986122886681098,6.7464121285733745,2.5649493574615367,6.920671504248683,0.6931471805599453,2.302585092994046,2.0794415416798357,0,0,0,0,0,0,0,1,0,1.0,0,0,1,1,0,0,0,1,1,0,1,0,1,1,0,0,0,0,0,0,0,0,1,0,0,0,0,0,0,1,0,0,1
1.3862943611198906,1.0986122886681098,6.703188113240863,2.0794415416798357,5.886104031450156,0.6931471805599453,2.3978952727983707,1.0986122886681098,0,0,0,0,0,0,0,1,1,2.0,0,0,0,0,0,0,0,1,1,0,0,0,0,0,0,0,0,0,0,0,0,0,0,0,1,0,0,0,0,0,0,0,1
0.6931471805599453,0.6931471805599453,6.523562306149512,3.044522437723423,6.139884552226255,0.6931471805599453,2.302585092994046,2.70805020110221,0,0,0,0,0,0,0,1,1,2.0,1,1,1,1,1,1,1,1,1,1,1,1,1,1,0,0,0,0,0,0,0,0,0,0,0,0,0,0,1,1,1,1,0
1.3862943611198906,1.0986122886681098,6.621405651764134,1.791759469228055,6.139884552226255,0.6931471805599453,2.302585092994046,0.0,0,0,0,0,0,0,0,1,1,1.0,0,0,0,0,0,0,0,0,0,0,0,0,0,0,0,0,0,0,0,0,0,0,0,0,1,0,0,0,0,1,0,1,0
1.3862943611198906,0.6931471805599453,6.398594934535208,3.044522437723423,6.139884552226255,0.6931471805599453,2.9444389791664403,1.0986122886681098,0,0,0,0,0,0,0,1,1,2.0,0,0,0,0,1,0,0,1,0,0,0,0,0,0,0,0,0,0,0,1,0,0,0,0,0,0,0,0,0,0,0,1,1
1.3862943611198906,1.0986122886681098,6.55250788703459,1.791759469228055,8.963288275610298,0.6931471805599453,2.302585092994046,1.0986122886681098,0,1,0,0,0,0,0,1,1,3.0,0,0,0,0,0,0,0,1,1,0,0,0,0,0,0,0,0,0,0,0,0,0,0,0,1,0,0,0,0,1,0,0,1
1.3862943611198906,1.0986122886681098,6.919683849847411,3.295836866004329,6.089044875446846,0.6931471805599453,2.302585092994046,2.5649493574615367,0,0,0,0,0,0,0,1,1,2.0,1,1,1,1,1,0,1,1,1,1,1,0,1,1,0,0,0,0,0,0,0,0,0,0,0,0,0,0,0,0,0,0,1
1.3862943611198906,1.0986122886681098,6.912742820493176,3.044522437723423,6.139884552226255,0.6931471805599453,2.302585092994046,2.1972245773362196,0,0,0,0,0,0,0,1,0,3.0,0,0,1,1,1,0,0,1,1,1,1,0,1,0,0,0,0,0,0,0,0,0,0,1,0,0,1,0,0,1,1,1,0
0.6931471805599453,0.6931471805599453,6.413458957167357,3.044522437723423,5.8971538676367405,0.6931471805599453,1.791759469228055,1.791759469228055,1,1,1,1,0,1,1,1,1,2.0,1,0,1,0,0,0,1,0,1,0,1,0,0,0,1,0,0,0,0,0,0,0,0,0,0,0,0,0,1,0,1,0,0
1.3862943611198906,1.0986122886681098,7.095893221097532,3.367295829986474,6.373319789577012,1.0986122886681098,1.791759469228055,2.5649493574615367,0,0,0,0,0,0,0,1,1,3.0,1,0,1,1,1,1,1,1,1,1,1,0,1,1,0,0,0,0,0,0,0,0,0,0,0,0,0,0,0,0,0,0,0
1.3862943611198906,1.6094379124341003,7.623153068476902,3.044522437723423,4.912654885736052,1.0986122886681098,2.302585092994046,1.0986122886681098,0,0,0,0,0,0,0,1,0,1.0,0,0,1,0,0,0,0,0,0,0,1,0,0,0,0,0,0,0,0,0,0,0,1,0,0,0,1,0,0,0,1,0,0
1.3862943611198906,1.0986122886681098,6.985641817639208,2.5649493574615367,6.139884552226255,1.0986122886681098,2.302585092994046,1.9459101490553132,0,0,0,0,0,0,0,1,1,2.0,0,0,0,1,1,0,0,1,1,0,1,0,1,0,0,0,0,0,0,1,0,0,0,0,0,0,0,0,0,1,0,1,0
1.3862943611198906,1.0986122886681098,7.112327444710911,3.6635616461296463,6.161207321695077,1.0986122886681098,1.791759469228055,2.1972245773362196,0,0,0,0,0,0,0,1,1,2.0,0,0,1,0,0,1,0,1,1,1,1,1,1,0,0,0,0,0,0,1,0,0,0,0,0,0,1,0,0,0,0,0,0
1.3862943611198906,1.0986122886681098,6.55250788703459,3.4339872044851463,6.2166061010848646,0.6931471805599453,2.4849066497880004,2.302585092994046,0,0,0,0,0,0,0,1,1,2.0,1,0,1,1,1,0,1,1,1,0,1,0,1,0,0,0,0,0,0,1,0,0,0,0,0,0,0,0,0,0,0,0,0
1.3862943611198906,1.0986122886681098,6.7464121285733745,2.8903717578961645,5.703782474656201,1.0986122886681098,1.3862943611198906,2.0794415416798357,0,0,0,0,0,0,0,1,1,2.0,0,0,1,0,1,0,1,1,1,0,1,0,1,0,0,0,0,0,0,0,0,0,0,0,1,0,1,0,0,0,0,0,0
1.3862943611198906,1.0986122886681098,6.7464121285733745,3.044522437723423,6.455198563340122,1.0986122886681098,1.6094379124341003,2.302585092994046,0,1,0,0,0,0,0,1,1,2.0,0,0,1,1,1,1,0,1,1,1,1,0,1,0,0,0,0,0,0,0,0,0,0,0,1,0,0,0,0,0,1,0,0
0.6931471805599453,0.6931471805599453,6.0112671744041615,3.044522437723423,6.139884552226255,0.6931471805599453,1.9459101490553132,2.70805020110221,0,0,0,0,0,0,0,1,1,2.0,1,1,1,1,1,1,1,1,1,1,1,1,1,1,0,0,0,0,0,0,0,0,0,0,0,0,1,0,0,0,1,1,1
1.3862943611198906,1.0986122886681098,6.803505257608338,3.4011973816621555,5.616771097666572,0.6931471805599453,2.995732273553991,1.791759469228055,0,0,0,0,0,0,0,1,1,3.0,0,0,0,0,1,0,0,1,1,0,1,0,1,0,0,0,0,0,0,1,0,0,0,0,0,0,1,0,0,0,0,0,0
1.3862943611198906,1.0986122886681098,7.170888478512505,2.8903717578961645,5.993961427306569,0.6931471805599453,2.302585092994046,2.3978952727983707,0,1,1,1,1,0,1,1,0,2.0,1,0,1,1,1,1,1,1,1,0,1,0,1,0,0,0,0,0,0,0,0,0,0,0,1,0,1,0,0,1,0,0,0
1.3862943611198906,1.0986122886681098,6.818924065275521,2.772588722239781,6.142037405587356,0.6931471805599453,2.8903717578961645,2.302585092994046,1,1,1,1,1,0,1,1,1,1.0,0,0,1,0,1,1,1,1,1,0,1,0,1,1,0,0,0,0,0,0,0,0,0,0,1,0,0,0,0,0,0,0,0
1.3862943611198906,1.0986122886681098,6.838405200847344,2.302585092994046,6.139884552226255,0.6931471805599453,2.302585092994046,2.1972245773362196,0,0,0,0,0,0,0,1,1,2.0,1,0,0,1,1,1,0,1,1,0,1,0,1,0,0,0,0,0,0,0,0,0,0,0,1,0,1,0,0,1,0,1,0
1.3862943611198906,1.0986122886681098,6.597145701886651,1.791759469228055,5.081404364984463,0.6931471805599453,3.295836866004329,1.3862943611198906,0,0,0,0,0,0,0,1,1,2.0,0,0,0,0,0,0,0,1,1,0,1,0,0,0,0,0,0,0,0,1,0,0,0,0,0,0,0,0,0,0,0,0,0
1.0986122886681098,0.6931471805599453,6.311734809152915,3.044522437723423,6.139884552226255,0.6931471805599453,2.302585092994046,0.6931471805599453,0,0,0,0,0,0,0,1,0,2.0,0,0,0,0,1,0,0,0,0,0,0,0,0,0,0,0,0,0,0,1,0,0,0,0,0,0,0,1,0,1,1,1,1
1.3862943611198906,1.0986122886681098,6.7464121285733745,3.044522437723423,6.139884552226255,0.6931471805599453,2.302585092994046,2.70805020110221,1,0,1,1,0,0,0,0,0,3.0,1,1,1,1,1,1,1,1,1,1,1,1,1,1,0,0,0,0,0,0,0,0,0,0,1,0,0,0,0,1,1,1,0
1.3862943611198906,1.0986122886681098,6.683360945766275,3.044522437723423,6.139884552226255,0.6931471805599453,2.302585092994046,1.9459101490553132,0,0,0,0,0,0,0,0,0,2.0,0,0,0,0,1,1,0,1,1,0,1,0,1,0,0,0,0,0,0,0,1,0,0,0,0,0,0,0,0,1,1,1,1
1.3862943611198906,1.0986122886681098,6.7464121285733745,3.044522437723423,6.139884552226255,0.6931471805599453,2.302585092994046,1.6094379124341003,0,0,0,0,0,0,0,0,0,2.0,0,0,0,0,0,0,0,1,1,0,1,0,1,0,0,0,0,0,0,0,0,0,0,0,1,0,0,0,0,1,1,1,0
1.3862943611198906,1.0986122886681098,6.7580945044277305,3.044522437723423,6.139884552226255,0.6931471805599453,2.302585092994046,1.3862943611198906,1,0,0,1,0,0,1,1,0,2.0,0,0,0,0,1,0,0,1,0,0,1,0,0,0,1,0,0,0,0,0,0,0,0,0,0,0,0,0,0,1,1,1,0
1.3862943611198906,1.0986122886681098,6.82001636467413,3.044522437723423,6.621405651764134,1.0986122886681098,2.302585092994046,2.3978952727983707,0,0,0,0,0,0,0,1,1,2.0,1,0,1,1,1,0,1,1,1,1,1,0,1,0,0,0,0,0,0,0,0,0,0,0,1,0,0,0,1,1,1,0,0
1.3862943611198906,1.3862943611198906,7.445417556701687,3.044522437723423,6.139884552226255,0.6931471805599453,2.302585092994046,0.0,0,0,0,0,0,0,0,1,0,3.0,0,0,0,0,0,0,0,0,0,0,0,0,0,0,0,0,0,0,0,0,0,0,0,1,0,0,1,0,0,1,1,1,0
1.3862943611198906,1.0986122886681098,6.803505257608338,1.791759469228055,6.139884552226255,0.6931471805599453,3.044522437723423,1.0986122886681098,0,0,0,0,0,0,0,0,0,3.0,0,0,0,0,0,0,0,1,0,0,0,0,1,0,0,0,0,0,0,0,0,0,0,0,1,0,0,0,0,0,0,1,0
1.3862943611198906,1.0986122886681098,6.68586094706836,3.828641396489095,7.063903961472068,0.6931471805599453,1.791759469228055,2.302585092994046,0,0,0,0,0,0,0,1,1,2.0,1,0,1,0,1,1,1,1,1,0,1,0,1,0,0,0,0,0,0,1,0,0,0,0,0,0,1,0,0,0,0,0,0
1.3862943611198906,1.0986122886681098,6.566672429803241,3.044522437723423,6.139884552226255,0.6931471805599453,2.302585092994046,0.0,0,0,0,0,0,0,0,1,0,2.0,0,0,0,0,0,0,0,0,0,0,0,0,0,0,0,0,0,0,0,0,0,0,0,0,0,1,0,0,0,1,1,1,0
1.3862943611198906,1.0986122886681098,6.68586094706836,3.044522437723423,6.139884552226255,0.6931471805599453,2.302585092994046,1.0986122886681098,0,0,0,0,0,0,0,1,1,1.0,0,0,0,0,0,0,0,1,0,0,1,0,0,0,0,0,0,0,0,0,0,0,0,0,1,0,0,0,0,1,1,1,0
1.3862943611198906,1.0986122886681098,6.771935555839602,1.791759469228055,6.139884552226255,0.6931471805599453,2.302585092994046,1.6094379124341003,1,1,1,1,1,0,1,1,1,1.0,1,0,0,0,0,0,0,1,1,0,1,0,0,0,0,0,0,0,0,0,0,0,0,0,1,0,0,0,0,1,0,1,0
1.0986122886681098,0.6931471805599453,6.455198563340122,3.044522437723423,5.638354669333745,0.6931471805599453,1.791759469228055,2.302585092994046,0,0,1,0,0,0,0,1,1,3.0,0,0,1,1,1,1,1,1,1,0,1,0,1,0,0,0,0,0,0,0,0,0,0,0,1,0,0,0,1,0,1,0,1
1.3862943611198906,1.0986122886681098,6.767343125265392,1.791759469228055,6.139884552226255,0.6931471805599453,2.302585092994046,1.6094379124341003,0,0,0,0,0,0,0,0,1,1.0,0,0,0,1,0,0,0,1,1,0,1,0,0,0,0,0,0,0,0,0,0,0,0,0,1,0,0,0,0,1,0,1,0
1.3862943611198906,1.0986122886681098,6.901737206656574,3.5263605246161616,5.703782474656201,1.0986122886681098,1.791759469228055,2.302585092994046,0,0,0,0,0,0,0,1,1,2.0,1,0,1,1,1,0,1,0,1,1,1,0,1,0,0,0,0,0,0,1,0,0,0,0,0,0,1,0,0,0,0,0,0
1.3862943611198906,1.0986122886681098,6.931471805599453,3.044522437723423,7.0909098220799835,1.0986122886681098,1.6094379124341003,2.70805020110221,0,0,0,0,0,0,0,1,1,2.0,1,1,1,1,1,1,1,1,1,1,1,1,1,1,0,0,0,0,0,0,0,0,0,0,1,0,1,0,0,0,1,0,0
1.3862943611198906,1.0986122886681098,7.463363045520021,3.4339872044851463,6.398594934535208,1.0986122886681098,2.302585092994046,2.4849066497880004,0,0,0,0,0,0,0,1,1,2.0,1,1,1,1,1,1,1,1,1,0,1,0,1,0,0,0,0,0,0,0,0,0,0,0,1,0,1,0,0,0,0,0,0
1.3862943611198906,0.6931471805599453,6.55250788703459,3.044522437723423,6.139884552226255,0.6931471805599453,2.302585092994046,0.0,0,0,0,0,0,0,0,1,1,2.0,0,0,0,0,0,0,0,0,0,0,0,0,0,0,0,1,0,0,0,0,0,0,0,0,0,0,0,1,0,1,1,1,1
1.3862943611198906,1.0986122886681098,6.7464121285733745,3.044522437723423,6.285998094508865,1.0986122886681098,2.302585092994046,1.3862943611198906,1,0,0,0,1,0,0,1,1,1.0,0,0,0,0,0,0,0,1,1,0,1,0,0,0,0,0,0,0,0,0,0,0,0,0,1,0,0,0,0,1,1,0,0
1.3862943611198906,1.0986122886681098,6.9411900550683745,3.044522437723423,5.43372200355424,0.6931471805599453,2.302585092994046,2.1972245773362196,0,0,0,0,0,0,0,1,0,2.0,1,0,1,0,1,0,1,1,1,0,1,0,1,0,0,0,0,0,0,0,0,0,0,0,1,0,0,0,1,1,1,0,1
1.3862943611198906,1.0986122886681098,7.229113877793302,2.772588722239781,5.910796644040527,0.6931471805599453,1.9459101490553132,1.6094379124341003,0,0,0,0,0,0,0,0,1,2.0,0,0,0,0,0,0,0,1,1,0,1,0,1,0,1,0,0,0,0,0,0,0,0,0,0,0,1,0,0,0,0,0,1
1.3862943611198906,1.0986122886681098,6.90875477931522,3.044522437723423,6.139884552226255,1.0986122886681098,1.3862943611198906,2.302585092994046,0,0,0,0,0,0,0,1,1,3.0,0,0,1,0,1,1,0,1,1,1,1,0,1,1,0,0,0,0,0,1,0,0,0,0,0,0,0,0,0,0,1,1,0
1.3862943611198906,1.0986122886681098,6.818924065275521,3.091042453358316,6.338594078203183,0.6931471805599453,2.8903717578961645,2.1972245773362196,0,0,0,0,0,0,0,1,0,2.0,1,0,1,1,0,0,0,1,1,0,1,0,1,1,0,0,0,0,0,0,0,0,0,0,0,0,0,0,0,0,0,0,0
1.3862943611198906,1.0986122886681098,6.966967138613983,3.258096538021482,5.472270673671475,1.0986122886681098,3.332204510175204,1.6094379124341003,0,0,0,0,0,0,0,1,1,2.0,0,0,0,0,1,0,0,1,0,0,1,0,1,0,0,0,0,0,0,1,0,0,0,0,0,0,1,0,0,0,0,0,0
1.3862943611198906,1.0986122886681098,6.7464121285733745,3.091042453358316,6.139884552226255,0.6931471805599453,2.302585092994046,2.302585092994046,0,0,0,0,0,0,0,1,1,2.0,1,1,1,1,0,1,0,1,1,0,1,0,1,0,0,0,0,0,0,0,0,0,0,0,0,0,0,0,0,1,0,1,1
1.3862943611198906,1.0986122886681098,7.183111701743281,3.044522437723423,6.139884552226255,0.6931471805599453,2.302585092994046,1.791759469228055,0,0,0,0,0,0,0,1,0,1.0,0,0,0,1,0,0,0,1,1,0,1,0,1,0,0,0,0,0,0,0,0,0,0,1,0,0,1,0,0,1,1,1,1
1.3862943611198906,1.0986122886681098,6.90875477931522,3.044522437723423,6.139884552226255,0.6931471805599453,2.302585092994046,0.0,0,0,0,0,0,0,0,1,1,2.0,0,0,0,0,0,0,0,0,0,0,0,0,0,0,0,0,0,0,0,0,0,0,0,0,0,0,0,0,0,1,1,1,0
1.6094379124341003,1.0986122886681098,7.409136443920128,3.2188758248682006,5.459585514144159,0.6931471805599453,2.302585092994046,1.9459101490553132,0,0,0,0,0,0,0,1,1,3.0,0,0,1,0,1,0,0,1,1,0,1,0,1,0,0,0,0,0,0,1,0,0,0,0,0,0,1,0,0,1,0,0,0
1.3862943611198906,1.0986122886681098,7.138073034044347,2.833213344056216,6.272877006546167,0.6931471805599453,2.833213344056216,2.0794415416798357,0,0,0,0,0,0,0,1,1,1.0,0,0,1,0,1,1,0,1,1,0,1,0,1,0,0,0,0,0,0,1,0,0,0,0,0,0,1,0,0,0,0,0,0
1.6094379124341003,1.0986122886681098,7.113956109566034,3.295836866004329,6.428105272684596,1.0986122886681098,1.6094379124341003,2.4849066497880004,1,0,0,0,0,0,1,1,0,2.0,1,0,1,1,1,1,1,1,1,1,1,0,1,0,0,0,0,0,0,0,0,0,0,0,1,0,0,0,1,0,0,0,0
1.3862943611198906,1.0986122886681098,6.803505257608338,3.7612001156935624,7.895808377083183,1.0986122886681098,1.6094379124341003,0.0,0,0,0,0,0,0,0,1,1,2.0,0,0,0,0,0,0,0,0,0,0,0,0,0,0,0,0,0,0,0,1,0,0,0,0,0,0,1,0,0,0,0,0,0
1.3862943611198906,1.0986122886681098,6.851184927493743,3.044522437723423,6.139884552226255,0.6931471805599453,2.302585092994046,1.6094379124341003,0,0,1,1,0,0,1,1,1,2.0,0,0,0,1,0,0,0,1,1,0,1,0,0,0,0,0,0,0,0,0,0,0,0,0,1,0,0,0,0,1,1,1,0
1.0986122886681098,0.6931471805599453,6.293419278846481,3.044522437723423,6.139884552226255,0.6931471805599453,2.302585092994046,1.0986122886681098,0,0,0,0,1,0,0,1,1,2.0,0,0,0,0,0,1,0,1,0,0,0,0,0,0,0,0,0,0,0,0,0,0,0,0,1,0,0,1,0,1,1,1,1
1.3862943611198906,1.0986122886681098,6.803505257608338,3.044522437723423,6.139884552226255,1.0986122886681098,1.6094379124341003,1.9459101490553132,0,0,0,0,0,0,0,1,1,3.0,0,0,0,0,1,1,0,1,1,0,1,0,1,0,0,0,0,0,0,0,0,0,0,0,1,0,0,0,0,0,1,1,0
1.6094379124341003,1.3862943611198906,7.104144092987527,3.044522437723423,6.139884552226255,1.0986122886681098,2.302585092994046,2.5649493574615367,0,0,0,0,0,0,0,1,1,2.0,1,0,1,1,0,1,1,1,1,1,1,1,1,1,0,0,0,0,0,0,0,0,0,0,0,0,0,0,0,1,1,1,0
1.6094379124341003,1.6094379124341003,7.3783837129967145,3.784189633918261,5.389071729816501,1.0986122886681098,2.1972245773362196,2.4849066497880004,0,0,0,0,0,0,0,1,1,1.0,1,0,1,1,1,1,1,1,1,1,1,0,1,0,0,0,0,0,0,1,0,0,0,0,0,0,1,0,0,0,0,0,0
1.3862943611198906,1.3862943611198906,7.550135342488429,3.1780538303479458,6.61338421837956,1.3862943611198906,2.302585092994046,2.5649493574615367,0,0,0,1,0,0,1,1,1,3.0,1,1,1,1,1,1,1,1,1,1,1,0,1,0,0,0,0,0,0,0,0,0,0,0,1,0,0,0,1,0,0,0,0
1.3862943611198906,1.0986122886681098,6.55250788703459,3.2188758248682006,5.459585514144159,0.6931471805599453,2.302585092994046,1.3862943611198906,0,0,0,0,0,0,0,1,1,3.0,0,0,0,0,1,0,0,1,0,0,1,0,0,0,0,0,0,0,0,1,0,0,0,0,0,0,0,0,0,1,0,0,0
1.3862943611198906,1.0986122886681098,6.582025138892826,2.772588722239781,6.139884552226255,0.6931471805599453,2.772588722239781,1.9459101490553132,1,1,0,1,0,1,1,0,0,2.0,0,0,0,1,1,1,0,1,1,0,1,0,0,0,1,0,0,0,0,0,0,0,0,0,0,0,0,0,0,0,0,1,0
1.0986122886681098,0.6931471805599453,6.1224928095143865,3.044522437723423,6.139884552226255,0.6931471805599453,2.302585092994046,1.791759469228055,0,0,0,0,0,0,0,0,0,2.0,0,0,0,0,0,1,0,1,1,0,1,0,1,0,0,0,0,0,0,0,0,0,1,0,0,0,0,0,0,1,1,1,1
0.6931471805599453,0.6931471805599453,6.428105272684596,3.367295829986474,6.148468295917647,1.0986122886681098,2.1972245773362196,2.5649493574615367,0,0,1,0,0,0,0,1,0,2.0,1,1,1,1,1,1,1,1,1,1,1,0,1,0,1,0,0,0,0,0,0,0,0,0,0,0,1,0,0,0,0,0,0
0.6931471805599453,0.6931471805599453,6.573680166960646,2.5649493574615367,5.973809611869261,0.6931471805599453,1.6094379124341003,2.5649493574615367,0,0,0,0,0,0,0,1,1,1.0,1,1,1,1,1,1,1,1,1,1,1,0,1,0,0,0,0,0,0,0,0,0,0,0,0,0,0,0,0,0,0,0,0
1.0986122886681098,1.0986122886681098,6.478509642208569,2.995732273553991,7.398174092970465,0.6931471805599453,3.2188758248682006,1.9459101490553132,0,0,0,0,0,0,0,0,0,3.0,0,0,0,0,1,1,1,1,1,0,1,0,0,0,0,0,0,0,0,1,0,0,0,0,0,0,0,0,0,0,0,0,1
1.3862943611198906,1.0986122886681098,6.478509642208569,2.833213344056216,6.139884552226255,0.6931471805599453,2.302585092994046,1.791759469228055,0,0,1,0,0,0,0,0,1,2.0,0,0,0,0,1,1,1,1,1,0,0,0,0,0,1,0,0,0,0,0,0,0,0,0,0,0,0,0,0,1,0,1,1
1.3862943611198906,1.0986122886681098,6.966024187106113,3.1780538303479458,5.849324779946859,0.6931471805599453,2.70805020110221,2.3978952727983707,0,0,0,1,1,0,1,1,0,1.0,1,0,1,1,1,0,0,1,1,0,1,1,1,1,0,0,0,0,0,0,0,0,0,0,1,0,1,0,0,0,0,0,0
1.3862943611198906,1.0986122886681098,6.951772164398911,2.4849066497880004,6.444131256700441,1.0986122886681098,2.302585092994046,2.5649493574615367,1,0,1,1,0,0,0,1,0,2.0,1,1,1,1,1,1,1,1,1,1,1,0,1,0,1,0,0,0,0,0,0,0,0,0,0,0,1,0,0,1,0,0,0
1.3862943611198906,1.0986122886681098,7.086737934510577,3.6635616461296463,6.042632833682381,1.0986122886681098,2.5649493574615367,2.70805020110221,0,0,0,0,0,0,0,1,1,2.0,1,1,1,1,1,1,1,1,1,1,1,1,1,1,0,0,0,0,0,1,0,0,0,0,0,0,1,0,0,0,0,0,0
1.3862943611198906,1.3862943611198906,7.244941546337007,3.4011973816621555,5.564520407322694,1.0986122886681098,2.1972245773362196,2.70805020110221,0,0,0,0,0,0,0,1,1,2.0,1,1,1,1,1,1,1,1,1,1,1,1,1,1,0,0,0,0,0,1,0,0,0,0,0,0,1,0,0,0,0,0,0
1.3862943611198906,1.0986122886681098,6.55250788703459,2.5649493574615367,5.484796933490655,0.6931471805599453,3.367295829986474,1.0986122886681098,0,0,0,0,0,0,0,1,1,1.0,0,0,0,0,0,0,0,1,0,0,1,0,0,0,0,0,0,0,0,1,0,0,0,0,0,0,0,0,0,0,0,0,0
1.0986122886681098,1.0986122886681098,6.70808408385307,3.044522437723423,6.139884552226255,0.6931471805599453,1.9459101490553132,1.791759469228055,0,0,0,0,0,0,0,1,1,3.0,0,0,0,0,1,0,1,1,0,0,1,0,1,0,0,0,0,0,0,0,0,0,0,0,0,0,1,0,0,0,1,1,1
1.3862943611198906,1.0986122886681098,6.55250788703459,3.2188758248682006,5.459585514144159,0.6931471805599453,2.302585092994046,1.6094379124341003,0,0,0,0,0,0,0,1,1,2.0,0,0,0,0,1,0,0,1,1,0,1,0,0,0,0,0,0,0,0,1,0,0,0,0,0,0,0,0,0,1,0,0,0
1.3862943611198906,1.0986122886681098,6.484635235635252,3.6635616461296463,6.318968113746434,0.6931471805599453,2.302585092994046,1.6094379124341003,0,0,0,0,0,0,0,1,1,2.0,0,0,0,0,1,0,0,1,1,0,1,0,0,0,0,0,0,0,0,1,0,0,0,0,0,0,0,0,0,0,0,0,0
1.3862943611198906,1.0986122886681098,6.478509642208569,1.791759469228055,6.139884552226255,0.6931471805599453,2.302585092994046,1.6094379124341003,0,0,0,0,0,0,0,1,0,2.0,0,0,0,0,0,1,1,1,1,0,0,0,0,0,0,0,0,0,0,0,0,0,0,0,1,0,0,0,0,1,0,1,0
1.6094379124341003,1.0986122886681098,7.0587581525186645,3.258096538021482,6.3578422665081,1.0986122886681098,2.0794415416798357,2.302585092994046,0,1,1,0,1,0,1,1,0,2.0,1,0,1,1,0,1,1,1,1,0,1,0,1,0,1,0,0,0,0,0,0,0,0,0,0,0,0,0,1,0,0,0,0
1.0986122886681098,1.0986122886681098,6.883462586413092,3.044522437723423,6.484635235635252,0.6931471805599453,2.3978952727983707,2.6390573296152584,1,0,1,1,0,0,0,1,1,2.0,1,1,1,1,1,1,1,1,1,1,1,0,1,1,1,0,0,0,0,0,0,0,0,0,0,0,1,0,0,0,1,0,0
1.3862943611198906,1.0986122886681098,7.149916836132109,3.5263605246161616,6.023447592961033,0.6931471805599453,2.0794415416798357,0.0,0,0,0,0,0,0,0,1,1,3.0,0,0,0,0,0,0,0,0,0,0,0,0,0,0,0,0,0,0,0,1,0,0,0,0,0,0,1,0,0,0,0,0,0
1.3862943611198906,1.0986122886681098,7.039660349862076,2.70805020110221,6.411818267709897,1.0986122886681098,1.9459101490553132,2.0794415416798357,0,0,0,0,0,0,0,1,1,2.0,0,1,0,1,1,0,0,0,1,1,1,0,1,0,0,0,0,0,0,1,0,0,0,0,0,0,1,0,0,0,0,0,0
1.3862943611198906,1.0986122886681098,6.7464121285733745,1.791759469228055,6.139884552226255,0.6931471805599453,2.302585092994046,1.3862943611198906,0,0,1,1,1,0,0,1,1,2.0,0,0,0,0,0,0,0,1,1,0,0,0,1,0,0,0,0,0,0,0,0,0,0,0,1,0,1,0,0,1,0,1,1
1.3862943611198906,1.0986122886681098,7.170888478512505,2.995732273553991,4.74493212836325,1.0986122886681098,2.1972245773362196,2.70805020110221,0,0,0,0,0,0,0,1,1,3.0,1,1,1,1,1,1,1,1,1,1,1,1,1,1,0,0,0,0,0,1,0,0,0,0,0,0,1,0,0,0,0,0,0
1.3862943611198906,1.0986122886681098,6.918695219020472,3.044522437723423,5.986452005284438,0.6931471805599453,2.833213344056216,2.0794415416798357,0,1,1,1,1,0,1,1,0,2.0,1,0,1,0,0,1,0,1,1,0,1,0,1,0,1,0,0,0,0,0,0,0,0,0,0,0,0,0,0,0,1,0,1
0.6931471805599453,0.6931471805599453,5.971261839790462,3.044522437723423,6.139884552226255,0.6931471805599453,2.302585092994046,2.0794415416798357,0,0,0,0,0,0,0,1,0,2.0,0,0,1,1,0,0,0,1,1,1,1,0,1,0,0,0,0,0,0,0,0,0,1,0,0,0,1,0,0,1,1,1,1
1.3862943611198906,1.0986122886681098,6.85751406254539,3.784189633918261,6.461468176353717,0.6931471805599453,1.3862943611198906,2.4849066497880004,0,0,0,0,0,0,0,0,0,3.0,1,0,1,1,1,1,1,1,1,1,1,0,1,0,1,0,0,0,0,0,0,0,0,0,0,0,0,0,1,0,0,0,0
1.0986122886681098,1.0986122886681098,7.0317412587631285,3.044522437723423,6.095824562432225,1.0986122886681098,1.0986122886681098,2.70805020110221,0,0,0,1,0,0,1,1,1,2.0,1,1,1,1,1,1,1,1,1,1,1,1,1,1,1,0,0,0,0,0,0,0,0,0,0,0,1,0,0,0,1,0,0
1.3862943611198906,1.0986122886681098,6.931471805599453,3.1354942159291497,6.980075940561763,0.6931471805599453,2.6390573296152584,2.302585092994046,0,1,0,0,1,0,0,1,0,2.0,0,1,1,1,1,1,0,1,1,0,1,0,1,0,0,0,0,0,0,0,0,0,0,0,1,0,1,0,0,0,0,0,0
1.3862943611198906,1.0986122886681098,6.75343791859778,1.6094379124341003,3.713572066704308,0.6931471805599453,2.302585092994046,1.0986122886681098,0,0,0,0,0,0,0,1,1,2.0,0,0,0,0,0,0,0,0,0,0,1,0,1,0,1,0,0,0,0,0,0,0,0,0,0,0,0,0,0,1,0,0,1
1.3862943611198906,1.0986122886681098,6.803505257608338,2.6390573296152584,6.139884552226255,1.0986122886681098,2.70805020110221,2.0794415416798357,0,0,0,0,0,0,0,0,0,1.0,0,0,0,1,1,1,1,1,1,0,1,0,0,0,0,0,0,0,0,0,0,0,0,0,0,0,0,0,0,0,0,1,0
1.3862943611198906,1.0986122886681098,6.734591659972948,3.044522437723423,6.139884552226255,1.0986122886681098,2.302585092994046,2.4849066497880004,1,1,0,1,0,0,1,0,1,2.0,1,1,1,1,1,0,1,1,1,1,1,0,1,0,1,0,0,0,0,0,0,0,0,0,0,0,0,0,1,1,1,1,0
1.3862943611198906,1.0986122886681098,7.147559271189454,3.044522437723423,6.139884552226255,1.0986122886681098,2.302585092994046,1.791759469228055,0,0,0,0,0,0,0,1,1,2.0,0,0,0,0,1,0,0,1,1,0,1,0,1,0,0,0,0,0,0,1,0,0,0,0,0,0,1,0,0,1,1,1,0
1.3862943611198906,1.0986122886681098,6.7464121285733745,3.9318256327243257,8.188966863648876,0.6931471805599453,0.0,1.9459101490553132,1,1,1,1,0,1,1,1,0,2.0,0,0,1,0,1,0,0,1,1,0,1,0,1,0,1,0,0,0,0,0,0,0,0,0,0,0,1,0,0,0,0,0,0
1.3862943611198906,1.0986122886681098,6.79794041297493,3.044522437723423,6.139884552226255,0.6931471805599453,2.302585092994046,2.0794415416798357,0,0,1,0,1,0,0,1,0,1.0,0,0,0,1,0,1,1,1,1,0,1,0,1,0,0,0,0,0,0,0,0,0,0,0,1,0,0,0,0,1,1,1,0
1.3862943611198906,1.0986122886681098,7.065613363597717,2.3978952727983707,5.983936280687191,0.6931471805599453,2.833213344056216,2.3978952727983707,1,1,1,1,0,0,0,1,1,3.0,1,0,1,0,1,1,1,1,1,0,1,0,1,1,0,0,0,0,0,0,0,0,0,0,1,0,1,0,0,0,0,0,1
1.3862943611198906,1.0986122886681098,6.740519359606223,3.044522437723423,6.139884552226255,0.6931471805599453,2.302585092994046,0.0,1,0,0,1,0,0,1,1,1,2.0,0,0,0,0,0,0,0,0,0,0,0,0,0,0,1,0,0,0,0,0,0,0,0,0,0,0,0,0,1,1,1,1,1
1.3862943611198906,1.0986122886681098,6.489204931325317,3.044522437723423,6.139884552226255,0.6931471805599453,2.302585092994046,0.0,0,0,0,0,0,0,0,0,1,1.0,0,0,0,0,0,0,0,0,0,0,0,0,0,0,0,0,0,0,0,0,0,0,0,0,0,0,0,1,0,1,1,1,1
1.3862943611198906,1.0986122886681098,6.55250788703459,3.367295829986474,6.0473721790462776,0.6931471805599453,3.295836866004329,2.3978952727983707,0,0,0,0,0,0,0,1,1,2.0,1,0,1,1,1,1,1,1,1,0,1,0,1,0,0,0,0,0,0,1,0,0,0,0,0,0,1,0,0,0,0,0,0
1.3862943611198906,1.3862943611198906,6.992096427415888,3.044522437723423,6.315358001522335,1.0986122886681098,0.6931471805599453,2.3978952727983707,0,0,0,0,0,0,0,1,1,2.0,1,0,1,0,1,1,0,1,1,1,1,1,1,0,0,0,0,0,0,0,0,0,0,0,1,0,1,0,0,0,1,0,0
1.0986122886681098,1.0986122886681098,6.478509642208569,3.8066624897703196,7.667158255319148,0.6931471805599453,1.0986122886681098,2.4849066497880004,0,1,0,1,0,0,1,1,0,1.0,1,0,1,1,1,1,1,1,1,1,1,0,1,0,1,0,0,0,0,0,0,0,0,0,0,0,0,0,1,0,0,0,0
1.3862943611198906,1.0986122886681098,7.309212365692763,3.044522437723423,5.968707559985366,1.0986122886681098,2.302585092994046,2.6390573296152584,0,0,0,0,0,0,0,1,1,2.0,1,1,1,1,1,0,1,1,1,1,1,1,1,1,0,0,0,0,0,1,0,0,0,0,0,0,1,0,0,1,1,0,0
1.3862943611198906,1.0986122886681098,7.224753405767971,2.70805020110221,6.29156913955832,1.0986122886681098,2.1972245773362196,2.4849066497880004,0,1,1,0,0,1,1,1,1,2.0,1,1,1,1,0,0,1,1,1,1,1,0,1,1,0,0,0,0,0,0,0,0,0,0,1,0,1,0,0,0,0,0,0
1.3862943611198906,1.0986122886681098,6.726233402358747,3.2188758248682006,5.703782474656201,0.6931471805599453,2.833213344056216,0.0,0,1,1,1,1,0,1,1,0,2.0,0,0,0,0,0,0,0,0,0,0,0,0,0,0,0,0,0,0,0,0,0,0,0,0,1,0,0,0,0,0,0,0,1
1.3862943611198906,1.0986122886681098,7.149131598557407,3.044522437723423,6.35088571671474,0.6931471805599453,2.302585092994046,0.0,1,0,1,1,0,0,1,1,1,2.0,0,0,0,0,0,0,0,0,0,0,0,0,0,0,1,0,0,0,0,0,0,0,0,0,0,0,1,0,0,1,1,0,1
0.6931471805599453,0.6931471805599453,6.536691597591305,3.713572066704308,7.215975002651466,0.6931471805599453,1.9459101490553132,2.302585092994046,0,0,0,0,0,0,0,1,0,2.0,1,0,1,0,1,0,1,1,1,1,1,0,1,0,0,1,0,0,0,0,0,0,0,0,0,0,0,0,1,0,0,0,1
1.3862943611198906,1.0986122886681098,6.90875477931522,3.044522437723423,6.139884552226255,1.0986122886681098,2.302585092994046,2.302585092994046,0,0,0,0,0,0,0,1,1,2.0,1,1,1,1,1,0,0,1,1,0,1,0,1,0,0,0,0,0,0,1,0,0,0,0,0,0,1,0,0,1,1,1,0
1.3862943611198906,1.0986122886681098,6.478509642208569,1.791759469228055,6.139884552226255,0.6931471805599453,2.302585092994046,1.3862943611198906,0,0,1,1,1,0,0,1,1,2.0,0,0,0,0,0,0,0,1,1,0,1,0,0,0,0,0,0,0,0,0,0,0,0,0,1,0,0,0,0,1,0,1,1
1.3862943611198906,1.0986122886681098,7.030857476116121,3.044522437723423,6.139884552226255,1.0986122886681098,2.302585092994046,2.302585092994046,0,0,0,0,0,0,0,1,1,2.0,0,0,1,0,1,1,0,1,1,1,1,1,1,0,0,0,0,0,0,1,0,0,0,0,0,0,1,0,0,1,1,1,0
1.6094379124341003,1.0986122886681098,7.138073034044347,3.044522437723423,6.139884552226255,0.6931471805599453,2.302585092994046,1.9459101490553132,0,0,0,0,0,0,0,1,1,2.0,0,0,1,0,1,0,0,1,1,0,1,0,1,0,0,0,0,0,0,1,0,0,0,0,0,0,1,0,0,1,1,1,1
1.0986122886681098,1.0986122886681098,6.255750041753367,3.044522437723423,6.139884552226255,0.6931471805599453,2.302585092994046,1.0986122886681098,0,0,0,0,0,0,0,1,0,1.0,0,0,0,0,1,0,1,0,0,0,0,0,0,0,0,0,0,0,0,1,0,0,0,0,0,0,0,1,0,1,1,1,1
1.3862943611198906,1.0986122886681098,6.784457062637643,2.70805020110221,6.558197802812269,0.6931471805599453,3.1354942159291497,2.1972245773362196,0,0,0,0,0,0,0,1,0,3.0,0,0,1,0,1,1,0,1,1,1,1,0,1,0,0,0,0,0,0,0,0,0,0,0,1,0,1,0,0,0,0,0,0
1.3862943611198906,1.0986122886681098,7.068172000388042,3.044522437723423,6.139884552226255,0.6931471805599453,2.302585092994046,2.302585092994046,0,0,0,0,0,0,0,1,1,3.0,1,0,1,1,1,0,1,1,1,0,1,0,1,0,0,0,0,0,0,0,1,0,0,0,0,0,0,0,0,1,1,1,0
1.3862943611198906,0.6931471805599453,6.478509642208569,3.044522437723423,6.139884552226255,0.6931471805599453,2.302585092994046,0.0,1,0,0,1,0,0,0,1,0,2.0,0,0,0,0,0,0,0,0,0,0,0,0,0,0,0,0,0,0,0,0,0,0,0,0,1,0,0,1,0,1,1,1,1
1.3862943611198906,1.0986122886681098,6.877296071497429,3.044522437723423,6.139884552226255,1.0986122886681098,2.302585092994046,2.70805020110221,0,0,0,0,0,0,0,0,1,3.0,1,1,1,1,1,1,1,1,1,1,1,1,1,1,0,0,0,0,0,0,0,1,0,0,0,0,1,0,0,1,1,1,0
0.6931471805599453,0.6931471805599453,6.2285110035911835,3.091042453358316,6.419994928147142,0.6931471805599453,1.0986122886681098,0.0,0,0,0,0,0,0,0,1,0,3.0,0,0,0,0,0,0,0,0,0,0,0,0,0,0,0,0,0,0,0,0,0,0,0,0,0,0,1,0,0,0,0,0,1
1.6094379124341003,1.3862943611198906,7.280008252884188,2.833213344056216,6.154858094016418,1.0986122886681098,2.302585092994046,2.302585092994046,0,0,0,0,0,0,0,1,1,1.0,1,0,1,0,1,0,1,1,1,1,1,0,1,0,0,0,0,0,0,1,0,0,0,0,0,0,1,0,0,0,0,0,0
1.0986122886681098,1.0986122886681098,7.257002707092073,3.091042453358316,6.336825731146441,0.6931471805599453,1.9459101490553132,2.0794415416798357,0,0,0,0,0,0,0,1,1,2.0,1,0,1,0,1,0,0,1,1,0,1,0,1,0,0,0,0,0,0,0,0,0,0,0,1,0,0,0,1,0,0,0,1
0.6931471805599453,0.6931471805599453,6.0330862217988015,3.1354942159291497,5.176149732573829,0.6931471805599453,2.302585092994046,1.6094379124341003,1,1,1,1,0,1,1,1,0,2.0,0,0,1,0,0,0,0,0,0,1,1,0,1,0,1,0,0,0,0,0,0,0,0,0,0,0,0,0,1,1,0,0,1
1.3862943611198906,1.0986122886681098,6.7464121285733745,1.791759469228055,6.139884552226255,0.6931471805599453,2.302585092994046,1.6094379124341003,0,0,0,0,0,0,0,0,1,2.0,0,0,0,1,0,1,0,1,1,0,0,0,0,0,0,0,0,0,0,0,0,0,0,0,1,0,0,0,0,1,0,1,1
1.0986122886681098,1.0986122886681098,6.918695219020472,3.258096538021482,7.602900462204755,1.0986122886681098,1.6094379124341003,2.70805020110221,0,0,0,0,0,0,0,1,1,3.0,1,1,1,1,1,1,1,1,1,1,1,1,1,1,0,0,0,0,0,0,0,0,0,0,0,0,0,0,1,0,0,0,0
1.0986122886681098,0.6931471805599453,6.26530121273771,3.044522437723423,6.139884552226255,0.6931471805599453,2.302585092994046,0.0,0,0,0,0,0,0,0,1,1,1.0,0,0,0,0,0,0,0,0,0,0,0,0,0,0,0,0,0,0,0,0,0,0,0,0,0,0,0,1,0,1,1,1,1
1.3862943611198906,1.0986122886681098,6.580639137284949,3.044522437723423,5.081404364984463,0.6931471805599453,1.791759469228055,2.0794415416798357,0,0,0,0,0,0,0,1,0,2.0,1,0,1,1,0,0,0,1,0,1,1,0,1,0,0,1,0,0,0,0,0,0,0,0,0,0,1,0,0,0,1,0,0
1.3862943611198906,1.0986122886681098,6.566672429803241,1.3862943611198906,6.139884552226255,0.6931471805599453,2.302585092994046,0.6931471805599453,0,0,0,0,0,0,0,1,0,1.0,0,0,0,0,0,0,0,1,0,0,0,0,0,0,0,0,0,0,0,0,0,0,0,0,0,0,0,0,0,1,0,1,1
1.6094379124341003,1.0986122886681098,7.305188215393037,2.9444389791664403,4.68213122712422,1.3862943611198906,2.1972245773362196,2.1972245773362196,0,0,0,0,0,0,0,1,1,2.0,1,0,1,0,1,0,1,1,1,0,1,0,1,0,0,0,0,0,0,1,0,0,0,0,0,0,1,0,0,0,0,0,0
1.3862943611198906,1.0986122886681098,7.068172000388042,2.772588722239781,6.139884552226255,0.6931471805599453,2.302585092994046,1.9459101490553132,1,1,1,1,0,0,0,0,0,1.0,0,0,0,0,1,1,0,1,1,0,1,0,1,0,0,0,0,0,0,0,0,0,0,0,1,0,1,0,0,1,0,1,0
1.3862943611198906,1.0986122886681098,6.7464121285733745,1.791759469228055,6.139884552226255,0.6931471805599453,2.302585092994046,0.0,0,0,0,0,0,0,0,1,0,3.0,0,0,0,0,0,0,0,0,0,0,0,0,0,0,0,0,0,0,0,0,0,0,1,0,0,0,0,0,0,1,0,1,1
1.3862943611198906,1.0986122886681098,6.920671504248683,3.1780538303479458,6.61338421837956,0.6931471805599453,2.302585092994046,2.3978952727983707,0,0,0,1,0,0,1,1,1,2.0,1,0,1,0,1,1,1,1,1,1,1,0,1,0,0,0,0,0,0,0,0,0,0,0,1,0,0,0,1,0,0,0,1
1.3862943611198906,1.0986122886681098,7.00397413672268,3.044522437723423,6.139884552226255,0.6931471805599453,2.302585092994046,1.3862943611198906,0,0,0,0,0,0,0,1,1,2.0,0,0,0,0,0,0,0,1,0,0,1,0,1,0,0,1,0,0,0,0,0,0,0,0,0,0,1,0,0,1,1,1,0
1.3862943611198906,1.0986122886681098,6.807934943699926,3.044522437723423,6.139884552226255,1.0986122886681098,2.302585092994046,2.6390573296152584,0,0,0,0,0,0,0,0,1,3.0,1,1,1,1,1,1,1,1,1,1,1,1,1,0,0,0,0,0,0,0,0,1,0,0,0,0,1,0,0,1,1,1,0
1.3862943611198906,1.0986122886681098,6.55250788703459,3.258096538021482,6.139884552226255,0.6931471805599453,2.302585092994046,1.3862943611198906,0,0,0,0,0,0,0,1,0,2.0,0,0,0,0,1,0,0,1,0,0,1,0,0,0,0,0,0,0,0,1,0,0,0,0,0,0,0,0,0,1,0,1,0
1.3862943611198906,1.0986122886681098,6.658011045870748,2.0794415416798357,7.150701457592526,0.6931471805599453,2.9444389791664403,1.9459101490553132,0,0,0,0,0,0,0,0,0,2.0,0,0,0,0,1,1,1,1,1,0,1,0,0,0,0,0,0,0,0,0,0,0,0,0,1,0,0,0,0,0,0,0,0
1.3862943611198906,1.0986122886681098,6.621405651764134,3.044522437723423,6.139884552226255,0.6931471805599453,2.302585092994046,0.0,0,0,0,0,0,0,0,1,0,3.0,0,0,0,0,0,0,0,0,0,0,0,0,0,0,0,0,0,0,0,1,0,0,0,0,0,0,0,0,0,1,1,1,0
1.3862943611198906,1.0986122886681098,6.647688373563329,2.1972245773362196,4.343805421853684,0.6931471805599453,2.302585092994046,1.9459101490553132,0,0,0,0,0,0,0,1,1,1.0,1,0,0,1,0,1,0,1,1,0,1,0,0,0,0,0,0,0,0,0,0,0,0,0,0,0,0,0,0,1,0,0,0
1.3862943611198906,1.0986122886681098,6.836259277277067,3.044522437723423,6.133398042996649,1.0986122886681098,0.6931471805599453,1.9459101490553132,0,0,0,0,0,0,0,1,1,2.0,0,0,0,1,1,0,1,1,1,0,1,0,0,0,0,0,1,0,0,0,0,0,0,0,0,0,0,0,0,0,1,0,0
1.3862943611198906,1.0986122886681098,6.957497370876951,3.044522437723423,6.139884552226255,1.3862943611198906,2.302585092994046,2.70805020110221,0,0,0,0,0,0,0,1,1,2.0,1,1,1,1,1,1,1,1,1,1,1,1,1,1,1,0,0,0,0,0,0,0,0,0,0,0,1,0,0,1,1,1,0
1.3862943611198906,1.0986122886681098,6.90875477931522,1.791759469228055,6.139884552226255,0.6931471805599453,2.302585092994046,2.302585092994046,1,0,1,1,0,0,0,1,1,2.0,1,0,0,0,0,1,0,1,1,1,1,1,1,1,1,0,0,0,0,0,0,0,0,0,0,0,1,0,0,1,0,1,0
1.0986122886681098,0.6931471805599453,6.489204931325317,3.044522437723423,6.391917113392602,0.6931471805599453,0.6931471805599453,1.9459101490553132,0,1,1,0,0,0,0,1,0,2.0,1,0,0,1,0,0,0,1,1,1,1,0,0,0,0,0,0,0,0,0,0,0,0,0,1,0,0,0,1,0,1,0,1
1.6094379124341003,1.0986122886681098,6.918695219020472,3.044522437723423,6.139884552226255,1.0986122886681098,2.302585092994046,2.3978952727983707,1,1,1,1,1,0,0,1,1,2.0,1,0,1,1,1,1,1,1,1,0,1,0,1,0,1,0,0,0,0,0,0,0,0,0,0,0,0,0,1,1,1,1,0
1.3862943611198906,1.0986122886681098,7.467942332285852,3.1354942159291497,7.203405521083095,1.0986122886681098,1.9459101490553132,2.6390573296152584,0,0,0,0,0,0,0,1,1,2.0,0,1,1,1,1,1,1,1,1,1,1,1,1,1,0,0,0,0,0,1,0,0,0,0,0,0,1,0,0,0,0,0,0
1.3862943611198906,1.0986122886681098,6.77078942390898,3.044522437723423,6.139884552226255,0.6931471805599453,2.302585092994046,0.0,0,0,0,0,0,0,0,1,1,1.0,0,0,0,0,0,0,0,0,0,0,0,0,0,0,0,0,0,0,0,0,0,0,0,0,1,0,0,0,0,1,1,1,1
1.3862943611198906,1.0986122886681098,6.55250788703459,3.4965075614664802,6.8966943316227125,1.0986122886681098,3.295836866004329,2.0794415416798357,0,0,0,0,0,0,0,1,1,1.0,0,0,1,0,1,0,0,1,1,0,1,0,1,1,0,0,0,0,0,1,0,0,0,0,0,0,1,0,0,0,0,0,0
1.3862943611198906,1.0986122886681098,6.842683282238422,3.091042453358316,6.139884552226255,0.6931471805599453,2.302585092994046,1.6094379124341003,0,0,0,0,0,0,0,0,0,2.0,1,0,0,0,0,0,0,1,1,0,1,0,0,0,0,0,0,0,0,0,0,0,0,0,0,0,0,0,0,1,0,1,1
1.3862943611198906,1.0986122886681098,6.8308742346461795,2.833213344056216,6.023447592961033,0.6931471805599453,1.9459101490553132,2.1972245773362196,0,0,0,0,0,0,0,0,0,2.0,0,0,1,1,1,0,1,1,1,0,1,0,1,0,1,0,0,0,0,0,0,0,0,0,0,0,0,0,1,0,0,0,0
1.3862943611198906,1.0986122886681098,6.625392368007956,3.044522437723423,6.040254711277414,0.6931471805599453,2.302585092994046,2.5649493574615367,1,1,1,0,0,0,0,1,0,1.0,1,0,1,1,1,1,1,1,1,0,1,1,1,1,0,0,0,0,0,0,0,0,0,0,1,0,0,0,1,1,1,0,0
1.3862943611198906,1.0986122886681098,6.842683282238422,3.1780538303479458,6.139884552226255,0.6931471805599453,2.302585092994046,2.302585092994046,0,0,0,0,0,0,0,0,1,2.0,1,0,1,0,1,1,0,1,1,0,1,0,1,1,0,0,0,0,0,0,0,0,0,0,1,0,1,0,0,1,0,1,0
1.3862943611198906,1.3862943611198906,6.907755278982137,3.044522437723423,6.139884552226255,0.6931471805599453,2.302585092994046,1.791759469228055,0,0,0,0,0,0,0,1,0,1.0,0,0,1,1,0,0,0,1,1,0,1,0,0,0,0,0,0,0,0,0,1,0,0,0,0,0,1,0,0,1,1,1,0
1.3862943611198906,1.0986122886681098,6.957497370876951,3.044522437723423,6.061456918928017,0.6931471805599453,3.258096538021482,1.791759469228055,0,0,0,0,0,0,0,1,1,1.0,0,0,0,0,1,0,0,1,1,0,1,0,1,0,0,0,0,0,0,1,0,0,0,0,0,0,1,0,0,0,1,0,1
0.6931471805599453,0.6931471805599453,6.12029741895095,2.772588722239781,6.642486801367256,0.6931471805599453,2.302585092994046,2.1972245773362196,1,1,1,1,0,0,0,1,0,2.0,1,1,1,1,0,0,0,1,0,1,1,0,1,0,0,0,0,0,0,0,0,0,0,0,1,0,0,0,1,1,0,0,1
1.3862943611198906,0.6931471805599453,6.478509642208569,3.044522437723423,6.139884552226255,0.6931471805599453,2.302585092994046,0.0,1,1,1,0,1,0,0,1,0,2.0,0,0,0,0,0,0,0,0,0,0,0,0,0,0,0,0,0,0,0,0,0,0,0,0,1,0,0,0,0,1,1,1,1
1.3862943611198906,1.0986122886681098,6.478509642208569,3.044522437723423,6.139884552226255,0.6931471805599453,2.302585092994046,1.6094379124341003,0,0,0,0,0,0,0,0,0,3.0,0,0,0,1,1,1,0,0,1,0,0,0,0,0,1,0,0,0,0,0,0,0,0,0,0,0,0,0,0,1,1,1,1
1.3862943611198906,1.3862943611198906,7.099201743553092,3.091042453358316,6.180016653652572,1.0986122886681098,2.0794415416798357,2.302585092994046,0,0,0,0,0,0,0,1,0,2.0,1,0,1,0,1,1,1,1,1,0,1,0,1,0,0,0,0,0,0,0,0,0,0,0,1,0,1,0,0,0,0,0,0
1.0986122886681098,1.0986122886681098,6.810142450115136,3.091042453358316,6.133398042996649,1.0986122886681098,2.302585092994046,2.1972245773362196,0,0,0,0,0,0,0,1,1,2.0,1,0,1,0,0,1,1,0,1,0,1,0,1,1,0,0,0,0,0,0,0,0,0,0,0,0,0,0,1,0,0,0,0
1.0986122886681098,0.6931471805599453,6.489204931325317,2.772588722239781,6.0844994130751715,0.6931471805599453,3.332204510175204,1.3862943611198906,0,0,0,0,0,0,0,0,0,2.0,0,0,0,0,0,0,0,1,1,0,1,0,0,0,1,0,0,0,0,0,0,0,0,0,0,0,0,0,0,0,0,0,0
1.3862943611198906,1.0986122886681098,6.444131256700441,2.70805020110221,4.51085950651685,0.6931471805599453,2.302585092994046,1.6094379124341003,0,0,1,1,0,0,0,0,0,2.0,0,0,0,0,0,1,0,1,1,0,1,0,0,0,0,0,0,0,0,0,0,0,0,0,1,0,0,0,0,1,0,0,1
1.3862943611198906,0.6931471805599453,6.366470447731438,3.044522437723423,6.139884552226255,0.6931471805599453,2.302585092994046,0.0,0,0,0,0,0,0,0,0,1,2.0,0,0,0,0,0,0,0,0,0,0,0,0,0,0,0,0,0,0,0,0,0,0,0,0,1,0,0,1,0,1,1,1,1
1.6094379124341003,1.0986122886681098,7.170888478512505,3.044522437723423,6.139884552226255,1.0986122886681098,2.302585092994046,2.6390573296152584,0,0,0,0,0,0,0,0,0,2.0,1,1,1,1,1,1,1,1,1,1,1,0,1,1,0,0,0,0,0,0,0,0,0,0,0,0,0,0,0,1,1,1,0
1.3862943611198906,1.0986122886681098,6.771935555839602,3.1354942159291497,7.203405521083095,0.6931471805599453,1.9459101490553132,2.6390573296152584,0,0,0,0,0,0,0,1,1,2.0,0,1,1,1,1,1,1,1,1,1,1,1,1,1,0,0,0,0,0,1,0,0,0,0,0,0,1,0,0,0,0,0,0
1.3862943611198906,1.0986122886681098,6.720220155135295,3.044522437723423,6.139884552226255,0.6931471805599453,2.302585092994046,0.0,0,0,0,0,0,0,0,1,1,2.0,0,0,0,0,0,0,0,0,0,0,0,0,0,0,0,0,0,0,0,0,0,1,0,0,0,0,0,0,0,1,1,1,0
1.3862943611198906,1.0986122886681098,6.68586094706836,3.044522437723423,6.139884552226255,0.6931471805599453,2.302585092994046,1.0986122886681098,0,0,0,0,0,0,0,1,0,3.0,0,0,0,0,0,0,0,1,0,0,1,0,0,0,0,0,0,0,0,0,0,0,0,1,0,0,0,0,0,1,1,1,1
1.3862943611198906,1.0986122886681098,6.911747300251674,2.772588722239781,6.139884552226255,0.6931471805599453,2.8903717578961645,1.791759469228055,1,0,1,1,0,0,0,0,0,2.0,0,0,0,0,1,0,0,1,1,0,1,0,1,0,0,0,0,0,0,0,0,0,0,0,1,0,1,0,0,0,0,1,1
1.3862943611198906,1.0986122886681098,7.00397413672268,3.258096538021482,7.107425474110705,0.6931471805599453,2.995732273553991,2.302585092994046,1,0,1,1,0,0,0,1,1,2.0,1,0,1,0,0,1,0,1,1,1,1,0,1,1,1,0,0,0,0,0,0,0,0,0,0,0,1,0,0,0,0,0,0
1.3862943611198906,1.0986122886681098,7.00669522683704,3.713572066704308,6.529418838262226,1.0986122886681098,2.302585092994046,2.1972245773362196,0,0,0,0,0,0,0,1,0,2.0,0,0,1,0,1,0,1,1,1,1,1,0,1,0,0,0,0,0,0,0,0,0,0,0,1,0,0,0,1,1,0,0,0
1.0986122886681098,1.0986122886681098,6.763884908562435,3.044522437723423,6.139884552226255,0.6931471805599453,2.302585092994046,2.3978952727983707,0,0,0,0,0,0,0,1,1,2.0,1,0,1,1,1,0,1,1,1,1,1,0,1,0,0,0,0,0,0,0,0,0,0,0,0,0,1,0,0,1,1,1,0
1.3862943611198906,1.0986122886681098,6.7580945044277305,2.302585092994046,5.937536205082426,0.6931471805599453,3.258096538021482,2.1972245773362196,0,0,0,0,0,0,0,1,0,2.0,0,0,0,1,1,1,1,1,1,0,1,0,1,0,1,0,0,0,0,0,0,0,0,0,0,0,1,0,0,0,0,0,0
1.3862943611198906,1.0986122886681098,6.860663671448287,3.044522437723423,6.139884552226255,0.6931471805599453,2.302585092994046,1.791759469228055,0,0,0,0,0,0,0,0,1,2.0,0,0,0,0,0,1,0,1,0,1,1,0,1,0,0,0,0,0,0,0,0,0,0,0,1,0,0,0,0,1,1,1,0
1.3862943611198906,1.0986122886681098,6.7580945044277305,3.044522437723423,6.139884552226255,0.6931471805599453,2.302585092994046,0.0,1,0,1,0,0,0,0,1,1,3.0,0,0,0,0,0,0,0,0,0,0,0,0,0,0,0,0,0,0,0,0,0,0,0,0,1,0,0,0,0,1,1,1,1
1.3862943611198906,1.0986122886681098,6.654152520183219,2.0794415416798357,6.139884552226255,0.6931471805599453,2.302585092994046,1.6094379124341003,0,0,0,0,0,0,0,1,0,2.0,0,0,0,0,1,0,0,1,0,0,1,0,1,0,0,1,0,0,0,0,0,0,0,0,0,0,0,0,0,1,0,1,0
1.0986122886681098,0.6931471805599453,6.398594934535208,3.044522437723423,6.139884552226255,0.6931471805599453,2.302585092994046,2.0794415416798357,0,0,0,0,0,0,0,1,0,2.0,0,0,0,1,1,1,0,1,1,0,1,0,1,0,0,0,0,0,0,0,0,0,1,0,0,0,1,0,0,1,1,1,0
1.0986122886681098,0.6931471805599453,6.385194398997726,3.044522437723423,6.139884552226255,1.0986122886681098,2.302585092994046,1.791759469228055,0,0,0,0,0,0,0,1,0,3.0,1,0,0,1,0,1,0,1,1,0,0,0,0,0,0,0,0,0,0,0,0,0,0,0,1,0,0,1,0,1,1,1,0
1.3862943611198906,1.0986122886681098,7.3783837129967145,2.5649493574615367,5.017279836814924,0.6931471805599453,2.302585092994046,2.1972245773362196,1,0,1,0,1,0,0,1,1,1.0,1,0,1,1,1,0,0,1,1,0,1,0,1,0,1,0,0,0,0,0,0,0,0,0,0,0,0,0,1,1,0,0,0
1.3862943611198906,1.0986122886681098,7.227662498728654,2.8903717578961645,6.424869023905388,0.6931471805599453,2.772588722239781,2.0794415416798357,0,1,1,1,1,0,0,1,0,2.0,0,0,1,0,0,1,0,1,1,1,1,0,1,0,0,0,0,0,0,0,0,0,0,0,1,0,1,0,0,0,0,0,1
1.0986122886681098,1.0986122886681098,6.403574197934815,3.044522437723423,6.139884552226255,0.6931471805599453,2.302585092994046,1.3862943611198906,1,0,0,1,0,0,0,1,0,2.0,0,0,0,0,0,0,1,1,1,0,0,0,0,0,0,0,0,0,0,0,0,0,0,0,1,0,0,1,0,1,1,1,0
1.3862943611198906,1.0986122886681098,6.478509642208569,3.044522437723423,6.139884552226255,0.6931471805599453,2.302585092994046,1.9459101490553132,0,0,0,0,0,0,0,1,1,1.0,0,0,0,1,1,1,0,1,1,0,1,0,0,0,0,0,0,0,0,1,0,0,0,0,0,0,0,0,0,0,1,1,0
1.3862943611198906,1.0986122886681098,6.778784897685177,3.044522437723423,6.139884552226255,1.0986122886681098,2.302585092994046,0.0,0,0,0,0,0,0,0,1,1,2.0,0,0,0,0,0,0,0,0,0,0,0,0,0,0,1,0,0,0,0,0,0,0,0,0,0,0,0,0,1,1,1,1,0
1.3862943611198906,1.0986122886681098,6.489204931325317,3.044522437723423,6.139884552226255,0.6931471805599453,2.302585092994046,1.791759469228055,0,1,1,1,1,0,1,0,0,3.0,0,0,0,1,1,1,0,1,1,0,0,0,0,0,0,0,0,0,0,0,0,0,0,0,1,0,0,1,0,1,1,1,0
1.3862943611198906,1.0986122886681098,6.7464121285733745,2.6390573296152584,5.3471075307174685,0.6931471805599453,3.2188758248682006,1.9459101490553132,0,0,0,0,0,0,0,1,1,2.0,1,0,0,1,0,0,0,1,1,0,1,0,1,0,0,0,0,0,0,1,0,0,0,0,0,0,0,0,0,0,0,0,0
1.3862943611198906,1.0986122886681098,6.945051063725834,3.258096538021482,6.3578422665081,1.0986122886681098,2.0794415416798357,2.1972245773362196,0,1,1,0,1,0,1,1,0,2.0,1,0,1,1,0,0,1,1,1,0,1,0,1,0,1,0,0,0,0,0,0,0,0,0,0,0,0,0,1,0,0,0,0
1.3862943611198906,1.0986122886681098,7.00397413672268,2.4849066497880004,4.110873864173311,0.6931471805599453,2.302585092994046,1.791759469228055,1,1,1,1,1,0,0,1,1,2.0,0,0,0,0,1,0,0,1,1,0,1,0,1,0,0,0,0,0,0,0,0,0,0,0,1,0,1,0,0,1,0,0,0
1.3862943611198906,1.0986122886681098,6.694562058521095,2.1972245773362196,4.564348191467836,0.6931471805599453,2.302585092994046,0.0,0,0,0,0,0,0,0,1,1,2.0,0,0,0,0,0,0,0,0,0,0,0,0,0,0,0,0,0,0,0,1,0,0,0,0,0,0,1,0,0,1,0,0,0
1.3862943611198906,1.0986122886681098,7.1808311990445555,2.6390573296152584,6.502790045915623,1.6094379124341003,2.302585092994046,2.1972245773362196,0,0,0,0,0,0,0,0,1,1.0,0,0,1,0,1,1,0,1,1,0,1,1,1,0,0,0,0,0,0,0,0,0,0,0,1,0,0,0,1,0,0,0,0
1.3862943611198906,1.0986122886681098,7.16703787691222,3.044522437723423,6.139884552226255,0.6931471805599453,2.302585092994046,2.1972245773362196,1,1,1,1,1,1,1,1,1,1.0,1,0,0,1,0,1,0,1,1,0,1,0,1,1,1,0,0,0,0,0,0,0,0,0,0,0,1,0,0,1,1,1,0
1.3862943611198906,1.0986122886681098,7.078341579557671,3.044522437723423,6.139884552226255,1.0986122886681098,2.302585092994046,1.0986122886681098,0,0,0,0,0,0,0,1,1,2.0,0,0,0,0,0,0,0,1,0,0,1,0,0,0,0,0,0,0,0,0,0,0,0,0,1,0,0,0,0,1,1,1,0
1.3862943611198906,1.0986122886681098,6.625392368007956,3.044522437723423,6.139884552226255,0.6931471805599453,2.302585092994046,1.0986122886681098,0,0,0,0,0,0,0,1,1,3.0,0,0,0,0,0,1,0,0,1,0,0,0,0,0,0,0,0,0,0,0,0,0,0,0,0,0,0,1,0,1,1,1,1
1.3862943611198906,1.0986122886681098,6.980075940561763,3.044522437723423,6.139884552226255,1.0986122886681098,2.3978952727983707,2.302585092994046,1,0,0,0,0,0,1,1,0,1.0,1,0,1,1,0,0,0,1,1,1,1,1,1,0,1,0,0,0,0,0,0,0,0,0,0,0,1,0,0,0,1,1,0
1.3862943611198906,1.0986122886681098,6.877296071497429,3.044522437723423,6.139884552226255,1.0986122886681098,2.302585092994046,2.70805020110221,0,0,0,0,0,0,0,1,1,2.0,1,1,1,1,1,1,1,1,1,1,1,1,1,1,0,0,0,0,0,0,0,1,0,0,0,0,0,0,1,1,1,1,0
1.3862943611198906,1.0986122886681098,6.698268054115413,3.044522437723423,5.53338948872752,0.6931471805599453,3.2188758248682006,1.3862943611198906,0,0,0,0,0,0,0,1,1,2.0,0,0,0,0,1,0,0,1,0,0,1,0,0,0,0,0,0,0,0,1,0,0,0,0,0,0,0,0,0,0,1,0,0
1.3862943611198906,1.3862943611198906,7.025538314638521,3.1354942159291497,6.424869023905388,1.0986122886681098,2.0794415416798357,1.9459101490553132,1,1,1,0,1,0,1,1,1,3.0,0,0,1,0,0,0,1,1,1,0,1,0,1,0,0,0,0,0,0,0,0,0,0,0,1,0,0,0,1,0,0,0,0
1.3862943611198906,1.0986122886681098,7.280008252884188,2.772588722239781,5.303304908059076,0.6931471805599453,3.6109179126442243,1.6094379124341003,0,0,0,0,0,0,0,1,1,3.0,0,0,0,0,0,0,0,1,0,1,1,0,1,0,0,0,0,0,0,0,0,0,0,0,1,0,1,0,0,0,0,0,0
1.3862943611198906,1.0986122886681098,6.992096427415888,3.6635616461296463,6.042632833682381,1.0986122886681098,2.5649493574615367,2.70805020110221,0,0,0,0,0,0,0,1,1,2.0,1,1,1,1,1,1,1,1,1,1,1,1,1,1,0,0,0,0,0,1,0,0,0,0,0,0,1,0,0,0,0,0,0
1.3862943611198906,1.0986122886681098,6.771935555839602,2.4849066497880004,6.139884552226255,0.6931471805599453,2.302585092994046,2.0794415416798357,0,0,0,0,0,0,0,1,0,2.0,1,0,1,0,1,0,0,1,1,0,1,0,1,0,0,0,0,0,0,1,0,0,0,0,0,0,0,0,0,1,0,1,0
1.6094379124341003,1.0986122886681098,7.095893221097532,2.833213344056216,5.953243334287785,0.6931471805599453,2.302585092994046,0.0,1,0,1,0,1,0,0,1,1,2.0,0,0,0,0,0,0,0,0,0,0,0,0,0,0,1,0,0,0,0,0,0,0,0,0,0,0,1,0,0,1,0,0,1
1.6094379124341003,1.3862943611198906,7.4067107301776405,3.8066624897703196,5.937536205082426,1.0986122886681098,1.791759469228055,2.0794415416798357,0,0,0,0,0,0,0,1,1,3.0,1,0,1,0,0,0,1,0,1,1,1,0,1,0,0,0,0,0,0,1,0,0,0,0,0,0,1,0,0,0,0,0,0
1.3862943611198906,1.0986122886681098,7.0909098220799835,3.044522437723423,6.648984550024776,1.0986122886681098,2.0794415416798357,1.9459101490553132,0,0,0,0,0,0,0,1,1,1.0,0,0,1,1,0,0,0,1,1,0,1,0,1,0,0,0,0,0,0,1,0,0,0,0,0,0,1,0,0,0,0,0,0
1.3862943611198906,1.0986122886681098,6.504288173536645,3.044522437723423,6.139884552226255,0.6931471805599453,2.302585092994046,1.6094379124341003,0,0,0,0,0,0,0,0,0,2.0,0,0,0,0,1,1,0,1,1,0,0,0,0,0,0,0,0,0,0,0,0,0,0,0,1,0,0,0,0,1,1,1,1
1.3862943611198906,1.0986122886681098,7.24422751560335,2.1972245773362196,6.139884552226255,0.6931471805599453,2.995732273553991,2.0794415416798357,0,0,1,1,1,0,0,1,0,2.0,0,0,1,0,0,1,0,1,1,0,1,0,1,1,0,0,0,0,0,0,0,0,0,0,1,0,1,0,0,0,0,1,1
1.3862943611198906,1.0986122886681098,6.881411303642535,3.044522437723423,5.8664680569332965,0.6931471805599453,2.1972245773362196,2.302585092994046,0,0,0,0,0,0,0,1,0,2.0,1,0,1,1,1,1,0,1,1,0,1,0,1,0,0,0,0,0,0,0,0,0,0,0,0,0,1,0,0,0,1,0,1
1.3862943611198906,1.3862943611198906,7.43955930913332,2.0794415416798357,5.697093486505405,1.3862943611198906,2.302585092994046,2.6390573296152584,0,0,0,0,0,0,0,1,1,2.0,1,1,1,1,1,0,1,1,1,1,1,1,1,1,0,0,0,0,0,1,0,0,0,0,0,0,1,0,0,0,0,0,0
1.0986122886681098,1.0986122886681098,6.68586094706836,3.5263605246161616,6.19644412779452,0.6931471805599453,1.3862943611198906,2.1972245773362196,0,0,0,0,0,0,0,1,1,2.0,1,0,1,1,1,0,1,1,0,0,1,0,1,0,0,0,0,0,0,1,0,0,0,0,0,0,1,0,0,0,0,0,1
2.1972245773362196,1.3862943611198906,7.552762084214147,2.9444389791664403,5.081404364984463,1.0986122886681098,3.1780538303479458,2.4849066497880004,0,0,0,0,1,0,0,1,1,2.0,1,1,1,1,0,1,0,1,1,1,1,0,1,1,0,0,0,0,0,0,0,0,0,0,1,0,1,0,0,0,0,0,0
1.3862943611198906,1.0986122886681098,6.710523109452428,2.70805020110221,6.139884552226255,0.6931471805599453,2.302585092994046,2.0794415416798357,1,0,1,1,0,0,0,1,1,2.0,1,0,0,1,1,1,0,1,1,0,1,0,0,0,0,0,0,0,0,0,0,0,0,0,1,0,0,0,0,1,0,1,0
1.0986122886681098,1.0986122886681098,6.7661917146603505,3.044522437723423,6.139884552226255,0.6931471805599453,2.302585092994046,2.4849066497880004,0,1,1,1,1,1,1,1,1,3.0,1,0,1,1,1,1,1,1,1,1,1,0,1,0,0,0,0,0,0,0,0,0,0,0,1,0,1,0,0,1,0,1,0
1.791759469228055,1.6094379124341003,7.783640596221253,3.5263605246161616,6.293419278846481,1.0986122886681098,2.1972245773362196,1.9459101490553132,0,0,0,0,0,0,0,1,1,3.0,0,0,0,0,0,1,0,1,1,1,1,0,1,0,0,0,0,0,0,0,0,0,0,0,1,0,1,0,0,0,0,0,0
1.3862943611198906,1.0986122886681098,6.90875477931522,3.1354942159291497,5.5093883366279774,0.6931471805599453,2.8903717578961645,1.3862943611198906,0,0,0,0,0,0,0,1,1,2.0,0,0,0,0,1,1,0,0,0,0,1,0,0,0,0,0,0,0,0,0,0,0,0,0,1,0,0,0,0,0,0,0,1
1.3862943611198906,1.0986122886681098,7.0431599159883405,3.4011973816621555,7.444248649496705,0.6931471805599453,2.5649493574615367,2.1972245773362196,0,0,0,1,0,0,1,1,0,2.0,0,1,1,1,1,0,0,1,1,0,1,0,1,0,0,0,0,0,0,0,0,0,0,0,1,0,1,0,0,0,0,0,0
1.0986122886681098,1.0986122886681098,6.598509028614515,2.5649493574615367,6.139884552226255,0.6931471805599453,2.302585092994046,1.9459101490553132,0,0,0,0,0,0,0,0,0,2.0,0,0,0,1,0,1,0,1,1,0,1,0,1,0,0,0,0,0,0,0,0,0,0,0,1,0,1,0,0,1,0,1,0
1.3862943611198906,1.0986122886681098,7.232010331664759,3.044522437723423,5.983936280687191,1.0986122886681098,2.0794415416798357,2.70805020110221,1,1,0,1,1,0,1,0,0,2.0,1,1,1,1,1,1,1,1,1,1,1,1,1,1,1,0,0,0,0,0,0,0,0,0,0,0,1,0,0,0,1,0,0
1.3862943611198906,1.0986122886681098,6.999422467507961,3.6635616461296463,6.075346031088684,0.6931471805599453,2.0794415416798357,2.0794415416798357,0,0,0,0,0,0,0,1,1,2.0,1,0,1,1,0,0,0,0,1,1,1,0,1,0,0,0,0,0,0,1,0,0,0,0,0,0,1,0,0,0,0,0,0
1.3862943611198906,1.0986122886681098,6.7580945044277305,3.332204510175204,6.139884552226255,0.6931471805599453,2.9444389791664403,2.0794415416798357,0,0,0,0,0,0,0,1,1,2.0,1,0,1,0,1,0,0,1,1,0,1,0,1,0,0,0,0,0,0,1,0,0,0,0,0,0,1,0,0,0,0,1,0
1.3862943611198906,1.0986122886681098,6.877296071497429,2.5649493574615367,5.564520407322694,0.6931471805599453,2.8903717578961645,1.791759469228055,0,0,0,0,0,0,0,0,0,2.0,0,0,0,1,0,1,0,1,0,0,1,0,1,0,0,0,0,0,0,0,0,0,0,0,1,0,1,0,0,0,0,0,0
1.3862943611198906,1.0986122886681098,6.931471805599453,3.044522437723423,7.0909098220799835,1.0986122886681098,1.6094379124341003,0.0,0,0,0,0,0,0,0,1,1,2.0,0,0,0,0,0,0,0,0,0,0,0,0,0,0,0,0,0,0,0,0,0,0,0,0,1,0,1,0,0,0,1,0,0
1.3862943611198906,1.0986122886681098,6.55250788703459,3.044522437723423,6.139884552226255,0.6931471805599453,2.302585092994046,1.6094379124341003,0,0,0,0,0,0,0,1,0,2.0,0,0,0,1,0,0,0,1,0,0,1,0,1,0,0,0,0,0,0,0,0,0,0,0,0,1,0,0,0,1,1,1,0
1.3862943611198906,1.0986122886681098,6.55250788703459,3.044522437723423,6.139884552226255,0.6931471805599453,2.302585092994046,0.0,0,0,0,0,0,0,0,1,0,2.0,0,0,0,0,0,0,0,0,0,0,0,0,0,0,0,0,0,0,0,0,0,0,0,1,0,0,0,0,0,1,1,1,1
1.3862943611198906,1.0986122886681098,7.239214973779806,3.044522437723423,6.139884552226255,0.6931471805599453,2.302585092994046,1.3862943611198906,0,0,0,0,0,0,0,1,0,2.0,0,0,0,0,1,0,0,1,0,0,1,0,0,0,0,0,0,0,0,0,0,0,0,1,0,0,0,1,0,1,1,1,0
1.791759469228055,1.791759469228055,8.366602832783736,3.4657359027997265,3.5553480614894135,1.3862943611198906,2.5649493574615367,2.302585092994046,0,0,0,0,0,0,0,1,1,2.0,1,0,1,1,1,0,0,1,1,1,1,0,1,0,0,0,0,0,0,1,0,0,0,0,0,0,1,0,0,0,0,0,0
1.3862943611198906,1.0986122886681098,7.1316985104669115,3.044522437723423,6.135564891081739,1.0986122886681098,1.791759469228055,2.1972245773362196,0,0,0,0,0,0,0,1,1,3.0,0,0,1,0,1,1,1,1,1,0,1,0,1,0,0,0,0,0,0,0,0,0,0,0,1,0,1,0,0,0,1,0,0
1.3862943611198906,1.0986122886681098,6.734591659972948,3.044522437723423,6.139884552226255,0.6931471805599453,2.302585092994046,0.0,1,0,0,0,1,0,0,1,1,2.0,0,0,0,0,0,0,0,0,0,0,0,0,0,0,0,0,0,0,0,0,0,0,0,0,1,0,0,0,0,1,1,1,1
1.0986122886681098,0.6931471805599453,6.3818160174060985,3.044522437723423,6.139884552226255,0.6931471805599453,2.302585092994046,1.3862943611198906,0,0,0,0,0,0,0,1,1,2.0,0,0,0,0,0,1,1,1,0,0,0,0,0,0,0,0,0,0,0,1,0,0,0,0,0,0,0,1,0,1,1,1,0
1.3862943611198906,1.0986122886681098,6.97166860472579,1.6094379124341003,6.961296045910167,1.0986122886681098,2.0794415416798357,2.302585092994046,0,0,1,0,0,0,0,1,1,2.0,0,0,1,1,1,1,0,1,1,1,1,0,1,0,0,0,0,0,0,0,0,0,0,0,1,0,0,0,1,0,0,0,0
1.3862943611198906,1.0986122886681098,6.90875477931522,2.833213344056216,6.139884552226255,1.0986122886681098,2.302585092994046,1.6094379124341003,0,0,0,1,0,0,0,0,1,2.0,1,0,0,0,0,0,0,1,0,0,1,0,1,0,0,0,0,0,0,0,0,0,0,0,1,0,0,0,0,1,0,1,0
1.3862943611198906,1.0986122886681098,7.244941546337007,2.995732273553991,6.139884552226255,0.6931471805599453,2.302585092994046,1.6094379124341003,0,0,0,0,0,0,0,1,0,2.0,0,0,0,1,0,0,0,0,0,1,1,1,0,0,0,0,0,0,0,0,0,0,0,0,0,0,0,0,1,1,0,1,1
1.3862943611198906,1.0986122886681098,6.932447891572509,1.6094379124341003,6.139884552226255,0.6931471805599453,2.302585092994046,1.0986122886681098,0,0,0,0,0,0,0,1,0,1.0,0,0,0,0,0,0,0,1,0,0,1,0,0,0,0,0,0,0,0,0,0,0,0,0,0,0,0,0,0,1,0,1,0
1.3862943611198906,1.0986122886681098,6.804614520062624,3.5263605246161616,6.19644412779452,1.0986122886681098,1.3862943611198906,2.1972245773362196,0,0,0,0,0,0,0,1,1,3.0,1,0,1,1,1,0,1,1,0,0,1,0,1,0,0,0,0,0,0,1,0,0,0,0,0,0,1,0,0,0,0,0,0
1.0986122886681098,0.6931471805599453,6.478509642208569,3.044522437723423,6.139884552226255,0.6931471805599453,2.302585092994046,1.0986122886681098,0,0,0,0,0,0,0,1,0,2.0,0,0,0,0,0,1,0,0,1,0,0,0,0,0,1,0,0,0,0,0,0,0,0,0,0,0,0,1,0,1,1,1,1
1.3862943611198906,1.0986122886681098,6.93828448401696,3.1354942159291497,6.980075940561763,0.6931471805599453,2.6390573296152584,2.1972245773362196,0,1,0,0,1,0,0,1,0,2.0,0,0,1,1,0,0,0,1,1,1,1,0,1,1,0,0,0,0,0,0,0,0,0,0,1,0,1,0,0,0,0,0,0
1.3862943611198906,1.0986122886681098,6.898714534329988,3.044522437723423,6.139884552226255,0.6931471805599453,2.302585092994046,2.70805020110221,0,0,0,0,0,0,0,1,1,2.0,1,1,1,1,1,1,1,1,1,1,1,1,1,1,0,0,0,0,0,0,0,0,0,0,0,0,0,0,0,1,1,1,0
1.3862943611198906,1.0986122886681098,7.0317412587631285,1.9459101490553132,5.198497031265826,0.6931471805599453,2.302585092994046,2.3978952727983707,1,0,0,1,0,0,0,1,0,1.0,1,0,1,1,1,1,0,1,1,0,1,0,1,1,1,0,0,0,0,0,0,0,0,0,0,0,1,0,0,1,0,0,0
1.0986122886681098,0.6931471805599453,6.240275845170769,3.044522437723423,6.139884552226255,0.6931471805599453,2.302585092994046,1.9459101490553132,0,0,0,0,0,0,0,1,0,1.0,0,0,1,1,0,0,0,1,1,0,1,0,1,0,0,0,0,0,0,0,0,0,1,0,0,0,1,0,0,1,1,1,1
1.3862943611198906,1.0986122886681098,6.85751406254539,3.044522437723423,6.139884552226255,0.6931471805599453,2.302585092994046,1.3862943611198906,0,0,0,0,0,0,0,1,1,3.0,0,0,0,0,0,1,0,1,1,0,0,0,0,0,0,1,0,0,0,0,0,0,0,0,0,0,0,1,0,1,1,1,0
1.6094379124341003,1.3862943611198906,7.596894438144544,2.1972245773362196,6.716594773520978,1.0986122886681098,2.302585092994046,2.302585092994046,0,1,1,1,1,0,1,1,0,3.0,1,1,1,0,1,1,0,1,1,0,1,0,1,0,1,0,0,0,0,0,0,0,0,0,0,0,1,0,0,1,0,0,0
1.3862943611198906,1.0986122886681098,6.68586094706836,1.9459101490553132,6.511745329644728,0.6931471805599453,3.4011973816621555,2.0794415416798357,0,0,0,0,0,0,0,1,0,2.0,0,0,1,1,1,0,0,1,1,0,1,0,1,0,0,0,0,0,0,1,0,0,0,0,0,0,0,0,0,0,0,0,0
1.3862943611198906,1.0986122886681098,6.982862751468942,3.044522437723423,6.139884552226255,0.6931471805599453,2.302585092994046,0.0,0,0,0,0,0,0,0,1,1,1.0,0,0,0,0,0,0,0,0,0,0,0,0,0,0,0,0,0,0,0,1,0,0,0,0,0,0,0,0,0,1,1,1,0
1.3862943611198906,1.0986122886681098,6.7464121285733745,3.044522437723423,6.139884552226255,0.6931471805599453,2.302585092994046,2.0794415416798357,1,1,1,1,0,0,0,1,0,2.0,0,0,0,0,1,1,1,1,1,0,1,0,1,0,1,0,0,0,0,0,0,0,0,0,0,0,1,0,0,1,1,1,1
1.6094379124341003,1.3862943611198906,7.489412083508719,3.4011973816621555,5.91350300563827,1.0986122886681098,1.9459101490553132,2.4849066497880004,1,1,1,1,0,1,0,1,1,2.0,1,1,1,1,0,0,1,1,1,1,1,1,1,0,1,0,0,0,0,0,0,0,0,0,0,0,1,0,0,0,0,0,0
1.3862943611198906,1.0986122886681098,6.854354502255021,3.044522437723423,6.139884552226255,1.0986122886681098,2.302585092994046,1.9459101490553132,1,0,1,1,0,0,1,1,0,3.0,0,0,1,0,1,0,0,1,1,0,1,0,1,0,1,0,0,0,0,0,0,0,0,0,0,0,1,0,0,1,1,1,0
1.3862943611198906,1.0986122886681098,6.7464121285733745,1.791759469228055,5.993961427306569,0.6931471805599453,1.9459101490553132,1.3862943611198906,0,0,1,1,0,0,0,1,1,3.0,0,0,0,0,1,0,0,1,1,0,0,0,0,0,0,0,0,0,0,0,0,0,0,0,1,0,0,0,0,0,0,0,0
1.0986122886681098,0.6931471805599453,6.184148890937483,3.044522437723423,6.139884552226255,0.6931471805599453,2.302585092994046,1.6094379124341003,0,0,0,0,0,1,0,0,1,1.0,1,0,0,0,0,1,0,1,1,0,0,0,0,0,0,0,0,0,0,0,0,0,0,0,1,0,0,0,0,1,1,1,1
1.3862943611198906,1.3862943611198906,7.377133712833954,3.7612001156935624,6.508769136971682,1.0986122886681098,1.9459101490553132,1.791759469228055,0,0,0,0,0,0,0,1,1,2.0,0,0,1,0,1,0,0,1,0,0,1,0,1,0,0,0,0,0,0,1,0,0,0,0,0,0,1,0,0,0,0,0,0
1.3862943611198906,1.0986122886681098,6.625392368007956,3.044522437723423,6.139884552226255,1.0986122886681098,2.302585092994046,0.0,0,0,0,0,0,0,0,1,1,3.0,0,0,0,0,0,0,0,0,0,0,0,0,0,0,0,0,0,0,0,0,0,0,0,0,0,0,0,1,0,1,1,1,0
1.3862943611198906,1.0986122886681098,6.7580945044277305,2.8903717578961645,5.703782474656201,1.0986122886681098,1.3862943611198906,2.302585092994046,0,0,0,0,0,0,0,1,1,1.0,0,0,1,0,1,1,1,1,1,1,1,0,1,0,0,0,0,0,0,0,0,0,0,0,1,0,1,0,0,0,0,0,0
1.3862943611198906,1.0986122886681098,6.594413459749778,1.791759469228055,5.993961427306569,0.6931471805599453,1.9459101490553132,0.0,0,0,1,1,0,0,0,1,1,1.0,0,0,0,0,0,0,0,0,0,0,0,0,0,0,0,0,0,0,0,0,0,0,0,0,1,0,0,0,0,0,0,0,0
1.6094379124341003,1.0986122886681098,6.90875477931522,2.70805020110221,6.22455842927536,1.0986122886681098,2.302585092994046,1.791759469228055,0,0,0,0,0,0,0,0,0,2.0,0,0,0,0,1,1,0,1,1,0,1,0,0,0,1,0,0,0,0,0,0,0,0,0,0,0,0,0,0,1,0,0,0
1.3862943611198906,1.0986122886681098,6.79346613258001,3.044522437723423,6.139884552226255,0.6931471805599453,2.302585092994046,0.0,1,0,1,1,0,0,0,1,1,2.0,0,0,0,0,0,0,0,0,0,0,0,0,0,0,0,0,0,0,0,0,0,0,0,0,1,0,0,0,0,1,1,1,1
1.3862943611198906,1.0986122886681098,6.956545443151569,2.5649493574615367,5.2832037287379885,0.6931471805599453,2.833213344056216,2.1972245773362196,0,1,1,1,0,0,1,0,0,2.0,1,0,0,1,1,1,1,1,1,0,1,0,0,0,0,0,0,0,0,0,0,0,0,0,1,0,0,0,0,0,0,0,0
1.791759469228055,1.6094379124341003,7.726212650507529,3.367295829986474,6.139884552226255,1.0986122886681098,2.302585092994046,2.6390573296152584,0,0,0,0,0,0,0,1,0,3.0,1,1,1,1,1,1,1,1,1,1,1,0,1,1,0,0,0,0,0,0,0,0,1,0,0,0,1,0,0,1,0,1,0
1.3862943611198906,1.0986122886681098,7.048386408721883,3.044522437723423,6.139884552226255,0.6931471805599453,2.302585092994046,1.3862943611198906,0,0,0,0,0,0,0,1,0,3.0,0,0,0,0,1,0,0,1,0,0,1,0,0,0,0,1,0,0,0,0,0,0,0,0,0,0,0,0,0,1,1,1,1
1.3862943611198906,1.0986122886681098,6.8679744089702925,2.1972245773362196,6.139884552226255,0.6931471805599453,2.302585092994046,1.791759469228055,0,0,1,1,1,0,0,1,1,3.0,0,0,1,0,0,0,0,1,1,0,1,0,1,0,0,0,0,0,0,0,0,0,0,0,1,0,0,0,0,1,0,1,0
1.6094379124341003,1.3862943611198906,7.289610521451167,3.1354942159291497,6.2766434893416445,1.0986122886681098,2.5649493574615367,2.1972245773362196,0,0,0,0,0,0,0,1,0,1.0,1,0,1,1,1,0,0,1,1,0,1,0,1,0,0,0,0,0,0,1,0,0,0,0,0,0,1,0,0,0,0,0,0
1.3862943611198906,1.0986122886681098,6.55250788703459,2.833213344056216,6.1675164908883415,0.6931471805599453,3.2188758248682006,1.9459101490553132,0,0,0,0,0,0,0,1,1,2.0,0,0,0,0,1,0,0,1,1,0,1,0,1,1,0,0,0,0,0,1,0,0,0,0,0,0,1,0,0,0,0,0,0
1.3862943611198906,1.0986122886681098,6.7464121285733745,2.3978952727983707,4.189654742026425,0.6931471805599453,2.302585092994046,1.3862943611198906,0,0,0,0,0,0,0,1,0,2.0,0,0,0,0,0,0,1,0,0,0,1,0,1,0,0,0,0,0,0,0,0,0,0,0,0,0,0,0,1,1,0,0,1
0.6931471805599453,0.6931471805599453,6.0473721790462776,3.044522437723423,6.139884552226255,1.0986122886681098,1.791759469228055,1.791759469228055,0,0,0,0,0,0,0,1,0,2.0,0,0,1,0,1,0,0,1,0,0,1,0,1,0,0,0,0,0,1,0,0,0,0,0,0,0,0,0,1,0,1,1,0
1.3862943611198906,1.0986122886681098,6.90975328164481,3.091042453358316,5.971261839790462,0.6931471805599453,2.302585092994046,0.0,1,0,0,1,0,0,0,1,0,2.0,0,0,0,0,0,0,0,0,0,0,0,0,0,0,0,0,0,0,0,0,0,0,0,0,1,0,0,0,1,0,0,0,1
1.3862943611198906,1.0986122886681098,6.55250788703459,2.3978952727983707,5.8888779583328805,0.6931471805599453,2.302585092994046,1.791759469228055,0,0,1,1,1,1,0,1,1,3.0,0,0,0,0,0,0,1,1,1,0,1,0,1,0,0,0,0,0,0,0,0,0,0,0,1,0,0,0,0,1,0,0,1
1.3862943611198906,1.0986122886681098,6.704414354964107,2.70805020110221,6.139884552226255,0.6931471805599453,2.302585092994046,0.6931471805599453,1,1,0,1,1,1,1,0,0,2.0,0,0,0,0,0,0,0,1,0,0,0,0,0,0,1,0,0,0,0,0,0,0,0,0,0,0,0,0,0,1,0,1,0
1.3862943611198906,1.0986122886681098,6.7464121285733745,2.833213344056216,5.2832037287379885,0.6931471805599453,2.772588722239781,0.0,0,0,0,0,0,0,0,0,0,2.0,0,0,0,0,0,0,0,0,0,0,0,0,0,0,0,0,0,0,0,0,0,0,0,0,0,0,0,0,0,0,0,0,1
1.3862943611198906,1.0986122886681098,6.863803391452954,2.995732273553991,5.973809611869261,0.6931471805599453,2.302585092994046,2.5649493574615367,0,0,0,0,0,0,0,1,1,2.0,1,1,1,1,0,1,1,1,1,1,1,0,1,1,0,0,0,0,0,0,0,0,0,0,1,0,1,0,0,1,0,0,0
1.3862943611198906,1.0986122886681098,6.85751406254539,3.6635616461296463,6.803505257608338,1.0986122886681098,0.0,2.5649493574615367,1,0,1,1,0,0,0,1,0,2.0,1,1,1,1,1,1,1,1,1,1,1,0,1,0,1,0,0,0,0,0,0,0,0,0,0,0,0,0,0,0,0,0,0
1.3862943611198906,1.0986122886681098,7.21081845347222,3.912023005428146,6.175867270105761,1.0986122886681098,1.791759469228055,1.791759469228055,0,0,0,0,0,0,0,1,1,1.0,0,0,0,0,1,0,0,1,1,0,1,0,1,0,0,0,0,0,0,1,0,0,0,0,0,0,0,0,1,0,0,0,0
1.3862943611198906,1.0986122886681098,6.754604099487962,3.1780538303479458,6.61338421837956,0.6931471805599453,2.302585092994046,2.5649493574615367,0,0,0,1,0,0,1,1,1,3.0,1,1,1,1,1,1,1,1,1,1,1,0,1,0,0,0,0,0,0,0,0,0,0,0,1,0,0,0,1,0,0,0,1
1.3862943611198906,1.0986122886681098,6.90875477931522,2.6390573296152584,6.100318952020064,0.6931471805599453,2.833213344056216,2.0794415416798357,0,0,0,0,0,1,0,1,1,2.0,1,0,0,1,1,1,0,1,1,0,1,0,0,0,0,0,0,0,0,0,0,0,0,0,1,0,0,0,0,0,0,0,0
1.3862943611198906,1.0986122886681098,7.1308988302963465,3.5263605246161616,5.54907608489522,1.3862943611198906,1.3862943611198906,2.0794415416798357,0,0,0,0,0,0,0,1,1,2.0,0,0,1,0,0,1,0,1,1,1,1,0,1,0,0,0,0,0,0,1,0,0,0,0,0,0,1,0,0,0,0,0,0
1.3862943611198906,1.0986122886681098,7.149916836132109,3.044522437723423,6.139884552226255,1.0986122886681098,2.302585092994046,1.9459101490553132,0,0,0,0,0,0,0,1,1,2.0,0,0,1,0,1,0,0,1,1,0,1,0,1,0,0,0,0,0,0,1,0,0,0,0,0,0,1,0,0,1,1,1,0
1.3862943611198906,1.0986122886681098,6.651571873589727,3.044522437723423,5.993961427306569,0.6931471805599453,2.302585092994046,1.3862943611198906,0,0,1,1,0,1,0,1,1,2.0,0,0,0,0,0,0,1,0,1,0,1,0,0,0,0,0,0,0,0,0,0,0,0,0,1,0,0,0,0,1,1,0,0
1.0986122886681098,0.6931471805599453,6.253828811575473,3.044522437723423,6.139884552226255,0.6931471805599453,2.302585092994046,1.3862943611198906,0,1,1,1,1,0,1,0,0,3.0,0,0,0,0,0,1,0,1,1,0,0,0,0,0,0,0,0,0,0,0,0,0,0,0,1,0,0,1,0,1,1,1,1
1.3862943611198906,1.0986122886681098,6.493753839851686,3.044522437723423,6.139884552226255,0.6931471805599453,2.302585092994046,0.0,0,0,0,0,0,0,0,0,0,2.0,0,0,0,0,0,0,0,0,0,0,0,0,0,0,0,0,0,0,0,0,0,0,0,0,1,0,0,0,0,1,1,1,1
1.3862943611198906,1.0986122886681098,6.9957661563048505,2.9444389791664403,6.345636360828596,0.6931471805599453,2.6390573296152584,2.1972245773362196,0,0,1,0,0,0,1,1,1,3.0,0,0,1,0,1,1,0,1,1,1,1,0,1,0,1,0,0,0,0,0,0,0,0,0,0,0,1,0,0,0,0,0,0
1.3862943611198906,1.0986122886681098,6.48768401848461,3.044522437723423,6.139884552226255,0.6931471805599453,2.302585092994046,1.6094379124341003,0,0,0,0,0,0,0,1,1,3.0,0,0,0,1,0,1,0,1,1,0,0,0,0,0,0,0,0,0,0,0,0,0,0,0,1,0,0,0,0,1,1,1,1
1.3862943611198906,1.0986122886681098,7.057036981697891,3.044522437723423,6.139884552226255,0.6931471805599453,2.302585092994046,2.0794415416798357,0,0,0,0,0,0,0,1,0,2.0,0,0,1,0,1,0,0,1,1,1,1,0,1,0,0,0,0,0,0,0,0,0,0,1,0,0,0,0,0,1,1,1,1
1.3862943611198906,1.0986122886681098,6.7464121285733745,3.044522437723423,6.077642243349034,0.6931471805599453,2.6390573296152584,1.791759469228055,1,0,1,0,1,0,0,1,1,2.0,0,0,0,0,1,0,1,1,0,0,1,0,1,0,0,0,0,0,0,0,0,0,0,0,1,0,0,0,0,0,1,0,0
1.3862943611198906,1.0986122886681098,6.803505257608338,1.6094379124341003,6.139884552226255,0.6931471805599453,2.302585092994046,0.6931471805599453,0,0,0,0,0,0,0,1,0,1.0,0,0,0,0,0,0,0,0,0,0,0,0,1,0,0,0,0,0,0,0,0,0,0,1,0,0,0,0,0,1,0,1,1
1.6094379124341003,1.0986122886681098,6.90875477931522,3.044522437723423,6.139884552226255,1.0986122886681098,2.302585092994046,2.302585092994046,0,0,0,0,0,0,0,1,1,2.0,1,0,1,1,1,0,1,1,1,0,1,0,1,0,0,0,0,0,0,0,0,0,0,0,1,0,1,0,0,1,1,1,0
1.3862943611198906,1.0986122886681098,6.732210706467206,3.1354942159291497,6.705639094860003,1.0986122886681098,2.833213344056216,2.302585092994046,0,0,0,0,0,0,0,1,1,3.0,1,0,1,1,1,0,0,1,1,0,1,1,1,0,0,0,0,0,0,1,0,0,0,0,0,0,1,0,0,0,0,0,0
1.3862943611198906,1.0986122886681098,7.099201743553092,3.091042453358316,6.180016653652572,1.0986122886681098,2.0794415416798357,2.302585092994046,0,0,0,0,0,0,0,1,0,2.0,1,0,1,1,1,1,0,1,1,0,1,0,1,0,0,0,0,0,0,0,0,0,0,0,1,0,1,0,0,0,0,0,0
1.3862943611198906,1.0986122886681098,6.523562306149512,2.3978952727983707,6.139884552226255,0.6931471805599453,2.302585092994046,1.3862943611198906,0,0,1,0,0,0,0,1,1,2.0,0,0,0,0,0,1,0,1,1,0,0,0,0,0,0,0,0,0,0,0,0,0,0,0,1,0,0,0,0,1,0,1,0
1.3862943611198906,1.0986122886681098,6.55250788703459,1.791759469228055,8.963288275610298,0.6931471805599453,2.302585092994046,1.0986122886681098,0,1,0,0,0,0,0,1,1,1.0,0,0,0,0,0,0,0,1,1,0,0,0,0,0,0,0,0,0,0,0,0,0,0,0,1,0,0,0,0,1,0,0,1
1.3862943611198906,1.0986122886681098,6.68586094706836,3.1780538303479458,6.073044534100405,0.6931471805599453,3.2188758248682006,2.1972245773362196,0,0,0,0,0,0,0,1,1,2.0,0,0,1,0,1,1,1,1,1,0,1,0,1,0,0,0,0,0,0,1,0,0,0,0,0,0,0,0,0,0,0,0,0
1.3862943611198906,1.3862943611198906,7.0909098220799835,1.791759469228055,6.139884552226255,0.6931471805599453,2.302585092994046,1.3862943611198906,1,0,1,1,0,0,1,1,1,2.0,0,0,0,0,1,0,0,0,1,0,0,0,1,0,1,0,0,0,0,0,0,0,0,0,0,0,1,0,0,1,0,1,1
1.3862943611198906,1.0986122886681098,7.0630481633881725,2.8903717578961645,6.139884552226255,0.6931471805599453,2.302585092994046,2.0794415416798357,0,0,0,0,0,0,0,1,1,2.0,1,0,1,0,0,1,0,1,1,0,0,0,1,1,1,0,0,0,0,0,0,0,0,0,0,0,1,0,0,1,0,1,0
1.3862943611198906,1.6094379124341003,7.400620577371135,1.791759469228055,4.7535901911063645,1.0986122886681098,1.791759469228055,1.9459101490553132,0,0,0,0,0,0,0,1,1,1.0,0,0,1,0,1,0,0,1,1,0,1,0,1,0,0,0,0,0,0,1,0,0,0,0,0,0,1,0,0,0,0,0,0
1.3862943611198906,0.6931471805599453,6.484635235635252,3.6635616461296463,6.318968113746434,0.6931471805599453,2.302585092994046,0.0,0,0,0,0,0,0,0,1,1,3.0,0,0,0,0,0,0,0,0,0,0,0,0,0,0,0,0,0,0,0,1,0,0,0,0,0,0,0,0,0,0,0,0,0
1.3862943611198906,1.0986122886681098,6.68586094706836,3.4011973816621555,6.139884552226255,0.6931471805599453,2.772588722239781,2.0794415416798357,0,0,0,0,0,0,0,1,1,2.0,0,0,1,1,0,1,0,1,1,1,1,0,0,0,0,0,0,0,0,1,0,0,0,0,0,0,0,0,0,0,0,1,0
1.3862943611198906,1.0986122886681098,6.55250788703459,3.044522437723423,6.139884552226255,0.6931471805599453,2.302585092994046,0.6931471805599453,0,0,0,0,0,0,0,1,1,1.0,0,0,0,0,0,0,0,1,0,0,0,0,0,0,0,0,0,0,0,1,0,0,0,0,0,0,0,1,0,1,1,1,1
1.3862943611198906,1.0986122886681098,6.6895992691789665,3.044522437723423,5.318119993844216,0.6931471805599453,1.0986122886681098,1.9459101490553132,0,0,0,0,0,0,0,1,0,2.0,0,0,1,1,0,0,1,0,1,0,1,0,1,0,0,0,0,0,0,0,0,0,0,0,1,0,0,0,0,0,1,0,0
1.3862943611198906,1.0986122886681098,6.917705609835305,3.6109179126442243,7.199678345691172,1.0986122886681098,1.9459101490553132,2.4849066497880004,1,0,1,1,0,0,0,1,0,3.0,1,0,1,1,1,1,1,1,1,1,1,0,1,0,1,0,0,0,0,0,0,0,0,0,0,0,0,0,1,0,0,0,0
1.3862943611198906,1.0986122886681098,7.0909098220799835,3.044522437723423,7.244941546337007,0.6931471805599453,2.772588722239781,2.3978952727983707,1,0,1,1,0,0,1,1,1,1.0,1,0,1,1,1,0,1,1,1,1,1,0,1,0,1,0,0,0,0,0,0,0,0,0,0,0,1,0,0,0,0,0,0
1.3862943611198906,1.0986122886681098,6.975413927455952,3.1354942159291497,5.5093883366279774,0.6931471805599453,2.8903717578961645,1.791759469228055,0,0,0,0,0,0,0,1,1,2.0,0,0,0,0,1,1,0,1,1,0,1,0,0,0,0,0,0,0,0,0,0,0,0,0,1,0,0,0,0,0,0,0,1
1.3862943611198906,1.0986122886681098,7.106606137727303,3.2188758248682006,7.119635638017636,1.0986122886681098,1.0986122886681098,2.302585092994046,0,0,0,0,0,0,0,1,1,3.0,1,0,1,1,1,0,0,1,1,1,1,0,1,0,0,0,0,0,0,1,0,0,0,0,0,0,1,0,0,0,0,0,0
1.3862943611198906,1.3862943611198906,7.286191714702382,3.295836866004329,5.3981627015177525,1.0986122886681098,1.6094379124341003,2.0794415416798357,0,0,0,0,0,0,0,1,1,2.0,0,0,1,0,0,1,0,1,1,0,1,1,1,0,0,0,0,0,0,1,0,0,0,0,0,0,1,0,0,0,0,0,0
1.3862943611198906,1.0986122886681098,6.7464121285733745,3.912023005428146,7.6760099320288875,0.6931471805599453,2.0794415416798357,0.0,0,0,0,0,0,0,0,1,0,2.0,0,0,0,0,0,0,0,0,0,0,0,0,0,0,0,0,0,0,0,1,0,0,0,0,0,0,1,0,0,0,0,0,1
0.6931471805599453,0.6931471805599453,6.495265555937008,2.6390573296152584,6.042632833682381,0.6931471805599453,2.1972245773362196,2.1972245773362196,0,0,0,0,0,0,0,1,1,3.0,1,0,1,0,1,0,1,1,1,0,1,0,1,0,0,0,0,0,0,0,0,0,0,0,0,0,0,0,1,0,0,0,0
1.6094379124341003,1.6094379124341003,6.8679744089702925,2.3978952727983707,5.921578419643816,0.6931471805599453,2.302585092994046,1.6094379124341003,0,0,0,1,0,0,1,0,0,2.0,0,0,0,0,1,0,0,1,1,0,1,0,0,0,0,0,0,0,0,0,0,0,0,0,1,0,0,0,0,1,0,0,0
1.3862943611198906,1.3862943611198906,7.170888478512505,2.995732273553991,6.561030665896573,0.6931471805599453,2.6390573296152584,2.4849066497880004,0,0,0,0,0,0,0,1,1,2.0,1,0,1,0,1,1,1,1,1,1,1,0,1,1,0,0,0,0,0,1,0,0,0,0,0,0,1,0,0,0,0,0,0
1.3862943611198906,1.0986122886681098,6.7464121285733745,2.302585092994046,6.139884552226255,0.6931471805599453,2.302585092994046,1.6094379124341003,1,1,1,1,0,0,0,1,0,2.0,0,0,0,0,0,0,0,1,1,0,1,0,1,0,1,0,0,0,0,0,0,0,0,0,0,0,0,0,0,1,0,1,1
1.6094379124341003,1.0986122886681098,7.21081845347222,3.044522437723423,6.139884552226255,1.0986122886681098,2.302585092994046,2.6390573296152584,0,0,0,0,0,0,0,0,1,2.0,1,1,1,1,1,1,1,1,1,1,1,1,1,0,0,0,0,0,0,0,0,0,0,0,0,0,0,0,0,1,1,1,0
1.3862943611198906,1.0986122886681098,6.90875477931522,3.044522437723423,6.139884552226255,0.6931471805599453,2.1972245773362196,2.302585092994046,0,0,0,0,0,0,0,1,1,1.0,1,1,1,0,1,1,0,1,1,0,1,0,1,0,0,0,0,0,0,0,0,0,1,0,0,0,1,0,0,0,1,1,0
0.6931471805599453,0.6931471805599453,6.042632833682381,3.044522437723423,6.139884552226255,0.6931471805599453,2.302585092994046,1.9459101490553132,0,0,0,0,0,0,0,1,1,3.0,1,0,1,0,0,0,0,1,0,0,1,1,1,0,0,0,0,0,0,0,0,0,0,0,0,1,1,0,0,1,1,1,1
1.3862943611198906,1.0986122886681098,6.992096427415888,3.044522437723423,5.003946305945459,1.0986122886681098,2.302585092994046,2.1972245773362196,0,0,0,0,0,0,0,1,1,3.0,1,1,1,0,0,0,0,1,1,1,1,0,1,0,0,0,0,0,0,1,0,0,0,0,0,0,1,0,0,1,1,0,0
1.0986122886681098,1.0986122886681098,6.7357800142423265,1.6094379124341003,4.605170185988092,0.6931471805599453,2.302585092994046,1.0986122886681098,0,0,0,0,0,0,0,1,1,2.0,1,0,0,0,0,0,0,0,0,0,1,0,0,0,0,0,0,0,0,0,0,0,0,1,0,0,0,0,0,1,0,0,0
1.3862943611198906,1.0986122886681098,6.621405651764134,3.044522437723423,6.139884552226255,0.6931471805599453,2.302585092994046,0.0,0,0,0,0,0,0,0,1,1,2.0,0,0,0,0,0,0,0,0,0,0,0,0,0,0,0,0,0,0,0,0,0,0,0,1,0,0,0,0,0,1,1,1,1
1.3862943611198906,1.0986122886681098,6.950814768442584,2.772588722239781,6.803505257608338,0.6931471805599453,3.258096538021482,2.0794415416798357,0,1,1,1,0,0,1,1,1,2.0,0,0,1,0,0,1,0,1,1,0,1,1,1,0,1,0,0,0,0,0,0,0,0,0,0,0,0,0,0,0,0,0,0
1.3862943611198906,1.0986122886681098,6.962243464266207,3.1354942159291497,5.5093883366279774,1.0986122886681098,2.8903717578961645,1.791759469228055,0,0,0,0,0,0,0,1,1,3.0,0,0,0,1,1,1,0,1,0,0,1,0,0,0,0,0,0,0,0,0,0,0,0,0,1,0,0,0,0,0,0,0,0
1.3862943611198906,1.0986122886681098,6.478509642208569,3.044522437723423,6.139884552226255,0.6931471805599453,2.302585092994046,1.3862943611198906,1,0,0,1,0,0,1,1,0,3.0,0,0,0,1,1,1,0,0,0,0,0,0,0,0,0,0,0,0,0,0,0,0,0,0,1,0,0,0,0,1,1,1,1
1.3862943611198906,1.0986122886681098,7.204892510204673,2.8903717578961645,4.5217885770490405,1.3862943611198906,2.0794415416798357,2.3978952727983707,0,0,0,0,0,0,0,1,1,2.0,0,0,1,1,1,1,0,1,1,1,1,1,1,0,0,0,0,0,0,1,0,0,0,0,0,0,1,0,0,0,0,0,0
1.6094379124341003,1.3862943611198906,7.1372784372603855,2.5649493574615367,5.303304908059076,1.0986122886681098,2.302585092994046,2.0794415416798357,0,0,0,0,0,0,0,1,0,2.0,0,0,1,1,1,0,0,1,1,0,1,0,1,0,0,0,0,0,0,0,0,0,0,1,0,0,0,0,0,1,0,0,0
1.3862943611198906,1.0986122886681098,6.478509642208569,3.044522437723423,6.139884552226255,0.6931471805599453,2.302585092994046,1.3862943611198906,0,0,0,0,0,0,0,1,0,2.0,0,0,0,0,1,0,0,1,0,0,1,0,0,0,0,0,0,0,0,1,0,0,0,0,0,0,0,0,0,1,1,1,1
1.0986122886681098,0.6931471805599453,6.311734809152915,3.044522437723423,6.139884552226255,0.6931471805599453,2.302585092994046,0.0,0,0,0,0,0,0,0,1,1,2.0,0,0,0,0,0,0,0,0,0,0,0,0,0,0,0,0,0,0,0,1,0,0,0,0,0,0,0,0,0,1,1,1,1
1.3862943611198906,1.0986122886681098,7.048386408721883,3.044522437723423,6.139884552226255,0.6931471805599453,2.302585092994046,0.0,0,0,0,0,0,0,0,1,1,2.0,0,0,0,0,0,0,0,0,0,0,0,0,0,0,0,0,0,0,0,0,0,0,0,0,1,0,0,0,0,1,1,1,1
1.3862943611198906,1.0986122886681098,6.92461239604856,3.091042453358316,6.68586094706836,0.6931471805599453,2.8903717578961645,1.3862943611198906,1,0,0,1,1,0,1,1,0,2.0,0,0,0,0,0,1,0,1,0,0,1,0,0,0,1,0,0,0,0,0,0,0,0,0,0,0,0,0,0,0,0,0,1
1.3862943611198906,1.3862943611198906,7.377133712833954,3.7612001156935624,6.508769136971682,1.0986122886681098,1.9459101490553132,1.791759469228055,0,0,0,0,0,0,0,1,1,2.0,0,0,1,0,1,0,0,1,0,0,1,0,1,0,0,0,0,0,0,1,0,0,0,0,0,0,1,0,0,0,0,0,0
1.3862943611198906,1.0986122886681098,6.739336627357174,3.044522437723423,6.139884552226255,0.6931471805599453,2.302585092994046,1.791759469228055,0,0,0,0,0,0,0,0,0,2.0,0,0,0,0,0,0,1,1,1,0,1,0,1,0,0,0,0,0,0,0,0,0,0,0,1,0,0,0,0,1,1,1,1
1.3862943611198906,1.0986122886681098,6.761572768804055,3.044522437723423,6.139884552226255,0.6931471805599453,2.302585092994046,1.791759469228055,1,0,0,1,0,0,0,0,0,2.0,0,0,0,0,1,0,0,1,1,0,1,0,1,0,0,0,0,0,0,0,0,0,0,0,1,0,0,0,0,1,1,1,0
1.3862943611198906,1.0986122886681098,6.621405651764134,3.044522437723423,6.139884552226255,0.6931471805599453,2.302585092994046,0.0,0,0,0,0,0,0,0,1,1,2.0,0,0,0,0,0,0,0,0,0,0,0,0,0,0,0,0,0,0,0,0,0,0,0,0,1,0,0,0,0,1,1,1,1
1.3862943611198906,1.0986122886681098,6.621405651764134,3.091042453358316,6.255750041753367,0.6931471805599453,3.2188758248682006,1.791759469228055,0,0,0,0,0,0,0,1,1,2.0,0,0,0,0,1,0,0,1,1,0,1,0,1,0,0,0,0,0,0,1,0,0,0,0,0,0,0,0,0,0,0,0,0
1.3862943611198906,1.0986122886681098,6.55250788703459,3.044522437723423,6.139884552226255,0.6931471805599453,2.8903717578961645,2.1972245773362196,0,0,0,0,0,0,0,1,1,3.0,1,0,1,1,1,1,0,1,1,0,1,0,0,0,0,0,0,0,0,1,0,0,0,0,0,0,0,0,0,0,0,1,0
1.0986122886681098,0.6931471805599453,6.311734809152915,3.044522437723423,6.139884552226255,0.6931471805599453,2.302585092994046,1.0986122886681098,0,0,0,0,0,0,0,1,0,2.0,0,0,0,0,0,1,0,1,0,0,0,0,0,0,0,0,0,0,0,1,0,0,0,0,0,0,0,1,0,1,1,1,1
1.3862943611198906,1.0986122886681098,6.621405651764134,3.044522437723423,6.411818267709897,0.6931471805599453,2.302585092994046,1.9459101490553132,0,0,0,0,0,0,0,1,1,1.0,0,0,0,1,1,0,1,1,1,0,1,0,0,0,0,0,0,0,0,1,0,0,0,0,0,0,0,0,0,1,0,0,0
1.3862943611198906,1.0986122886681098,6.654152520183219,3.5553480614894135,7.315218389752975,0.6931471805599453,1.9459101490553132,1.9459101490553132,1,0,0,1,0,0,0,1,0,3.0,0,0,1,0,0,1,0,1,1,0,1,0,1,0,1,0,0,0,0,0,0,0,0,0,0,0,0,0,0,0,0,0,0
1.3862943611198906,1.0986122886681098,7.016609683894219,3.044522437723423,6.139884552226255,1.0986122886681098,2.302585092994046,0.0,0,0,0,0,0,0,0,1,1,2.0,0,0,0,0,0,0,0,0,0,0,0,0,0,0,0,0,0,0,0,0,0,0,0,0,0,1,1,0,0,1,1,1,0
1.3862943611198906,1.3862943611198906,7.0909098220799835,3.044522437723423,6.139884552226255,1.0986122886681098,2.302585092994046,2.70805020110221,0,0,0,0,0,0,0,1,1,2.0,1,1,1,1,1,1,1,1,1,1,1,1,1,1,1,0,0,0,0,0,0,0,0,0,0,0,1,0,0,1,1,1,0
1.3862943611198906,1.0986122886681098,6.470799503782602,2.8903717578961645,6.139884552226255,0.6931471805599453,2.302585092994046,1.0986122886681098,0,0,0,0,0,0,0,0,0,2.0,0,0,0,0,0,1,0,0,0,0,1,0,0,0,1,0,0,0,0,0,0,0,0,0,0,0,0,0,0,1,0,1,1
1.3862943611198906,0.6931471805599453,6.610696044717759,2.4849066497880004,6.139884552226255,0.6931471805599453,2.302585092994046,1.6094379124341003,1,1,1,1,0,1,0,1,1,2.0,0,0,0,0,1,0,0,1,1,0,1,0,0,0,1,0,0,0,0,0,0,0,0,0,0,0,0,0,0,1,0,1,0
1.3862943611198906,1.0986122886681098,6.55250788703459,2.70805020110221,6.139884552226255,0.6931471805599453,2.302585092994046,1.3862943611198906,0,0,0,0,0,0,0,1,1,2.0,0,0,0,0,1,0,0,1,0,0,1,0,0,0,0,0,0,0,0,1,0,0,0,0,0,0,1,0,0,1,0,1,0
1.3862943611198906,1.0986122886681098,6.90875477931522,3.4339872044851463,6.018593214496234,1.0986122886681098,1.9459101490553132,0.0,0,0,0,0,0,0,0,1,1,2.0,0,0,0,0,0,0,0,0,0,0,0,0,0,0,0,0,0,0,0,1,0,0,0,0,0,0,1,0,0,0,0,0,0
1.3862943611198906,1.0986122886681098,7.050989447068045,3.044522437723423,6.139884552226255,0.6931471805599453,2.302585092994046,2.6390573296152584,0,0,0,0,0,0,0,1,0,2.0,1,1,1,1,1,1,1,1,1,1,1,0,1,1,0,0,0,0,0,0,0,0,0,1,0,0,1,0,0,1,1,1,0
1.3862943611198906,1.3862943611198906,7.783640596221253,3.295836866004329,5.056245805348308,1.0986122886681098,3.4011973816621555,2.1972245773362196,0,0,0,0,0,0,0,1,1,3.0,1,0,1,0,0,0,0,1,0,1,1,1,1,1,0,0,0,0,0,1,0,0,0,0,0,0,1,0,0,0,0,0,0
1.0986122886681098,1.0986122886681098,6.68586094706836,3.1354942159291497,7.203405521083095,0.6931471805599453,1.9459101490553132,2.6390573296152584,0,0,0,0,0,0,0,1,1,2.0,0,1,1,1,1,1,1,1,1,1,1,1,1,1,0,0,0,0,0,1,0,0,0,0,0,0,1,0,0,0,0,0,1
1.3862943611198906,1.0986122886681098,6.950814768442584,3.044522437723423,6.139884552226255,1.0986122886681098,2.302585092994046,2.70805020110221,0,0,0,0,0,0,0,1,1,1.0,1,1,1,1,1,1,1,1,1,1,1,1,1,1,0,0,0,0,0,0,0,0,0,0,1,0,1,0,0,1,1,1,0
1.0986122886681098,1.0986122886681098,7.101675971619444,3.2188758248682006,6.0014148779611505,1.0986122886681098,2.0794415416798357,2.302585092994046,1,1,1,1,0,0,1,1,0,2.0,1,0,1,0,1,0,1,1,1,1,1,0,1,0,1,0,0,0,0,0,0,0,0,0,0,0,1,0,0,0,0,0,0
1.3862943611198906,1.0986122886681098,6.862757913051401,2.302585092994046,6.139884552226255,0.6931471805599453,2.302585092994046,0.0,0,0,1,1,1,0,0,1,1,1.0,0,0,0,0,0,0,0,0,0,0,0,0,0,0,0,0,0,0,0,0,0,0,0,0,1,0,0,0,0,1,0,1,1
1.3862943611198906,1.0986122886681098,6.508769136971682,2.9444389791664403,5.808142489980444,0.6931471805599453,2.995732273553991,2.302585092994046,1,0,1,1,0,0,0,1,1,2.0,1,1,1,1,0,1,0,1,1,0,1,0,1,0,0,0,0,0,0,0,0,0,0,0,1,0,0,0,0,0,0,0,1
1.3862943611198906,1.0986122886681098,6.699500340161678,3.044522437723423,6.139884552226255,1.0986122886681098,2.302585092994046,0.0,0,0,0,0,0,0,0,1,1,2.0,0,0,0,0,0,0,0,0,0,0,0,0,0,0,0,0,0,0,0,0,0,0,0,0,1,0,0,0,0,1,1,1,0
1.3862943611198906,1.0986122886681098,6.890609120147166,3.044522437723423,6.139884552226255,1.0986122886681098,1.9459101490553132,2.3978952727983707,0,0,0,0,0,0,0,1,0,2.0,1,1,1,1,1,1,0,1,1,0,1,0,1,0,0,0,0,0,0,0,0,0,1,0,0,0,1,0,0,0,1,1,0
1.3862943611198906,1.0986122886681098,6.956545443151569,3.044522437723423,6.139884552226255,0.6931471805599453,2.302585092994046,0.0,1,0,1,1,0,0,0,0,0,3.0,0,0,0,0,0,0,0,0,0,0,0,0,0,0,0,0,0,0,0,0,0,0,0,0,1,0,1,0,0,1,1,1,0
1.0986122886681098,1.3862943611198906,6.621405651764134,2.9444389791664403,6.139884552226255,0.6931471805599453,2.302585092994046,2.0794415416798357,0,0,0,0,0,0,0,1,1,2.0,0,0,0,1,1,1,0,1,1,1,1,0,0,0,0,0,0,0,0,0,0,0,0,0,1,0,0,0,0,1,0,1,0
1.0986122886681098,1.0986122886681098,7.060476365999801,3.044522437723423,6.139884552226255,0.6931471805599453,2.302585092994046,2.302585092994046,0,0,0,0,0,0,0,0,1,2.0,1,1,1,0,1,1,0,1,1,0,1,0,1,0,0,0,0,0,0,0,1,0,0,0,0,0,1,0,0,1,1,1,0
1.6094379124341003,1.0986122886681098,7.19668657083435,2.772588722239781,6.139884552226255,0.6931471805599453,2.302585092994046,2.1972245773362196,0,0,0,0,0,0,0,1,1,3.0,0,0,1,1,1,1,0,1,1,0,1,0,1,0,0,0,0,0,0,1,0,0,0,0,0,0,1,0,0,1,0,1,1
1.3862943611198906,1.0986122886681098,6.7464121285733745,1.791759469228055,6.139884552226255,0.6931471805599453,2.302585092994046,0.6931471805599453,0,0,0,0,0,0,0,1,0,2.0,0,0,0,0,0,0,0,0,0,0,1,0,0,0,1,0,0,0,0,0,0,0,0,0,0,0,0,0,0,1,0,1,1
1.3862943611198906,1.0986122886681098,6.478509642208569,3.044522437723423,6.139884552226255,0.6931471805599453,2.302585092994046,0.0,0,0,0,0,0,0,0,1,1,2.0,0,0,0,0,0,0,0,0,0,0,0,0,0,0,0,0,0,0,0,1,0,0,0,0,0,0,0,0,0,1,1,1,0
1.3862943611198906,1.0986122886681098,6.7464121285733745,2.8903717578961645,5.703782474656201,1.0986122886681098,1.3862943611198906,2.302585092994046,0,0,0,0,0,0,0,1,1,2.0,0,0,1,1,1,1,1,1,1,0,1,0,1,0,0,0,0,0,0,0,0,0,0,0,1,0,1,0,0,0,0,0,0
1.0986122886681098,0.6931471805599453,6.311734809152915,3.044522437723423,6.139884552226255,1.0986122886681098,2.302585092994046,2.70805020110221,0,0,0,0,0,0,0,0,1,3.0,1,1,1,1,1,1,1,1,1,1,1,1,1,1,0,0,0,0,0,0,0,0,0,0,1,0,1,0,0,1,1,1,0
1.6094379124341003,1.0986122886681098,6.992096427415888,3.044522437723423,6.061456918928017,0.6931471805599453,3.258096538021482,1.791759469228055,0,0,0,0,0,0,0,1,1,1.0,0,0,0,0,1,0,0,1,1,0,1,0,1,0,0,0,0,0,0,1,0,0,0,0,0,0,1,0,0,0,1,0,0
1.3862943611198906,1.0986122886681098,6.7464121285733745,3.044522437723423,6.139884552226255,0.6931471805599453,2.302585092994046,0.0,0,0,0,0,0,0,0,1,1,2.0,0,0,0,0,0,0,0,0,0,0,0,0,0,0,0,0,0,0,0,0,0,0,0,0,1,0,0,0,0,1,1,1,0
1.3862943611198906,0.6931471805599453,6.478509642208569,3.044522437723423,6.139884552226255,0.6931471805599453,2.302585092994046,0.0,0,0,0,0,0,0,0,1,1,1.0,0,0,0,0,0,0,0,0,0,0,0,0,0,0,0,0,0,0,0,0,0,0,0,0,0,0,0,1,0,1,1,1,1
1.3862943611198906,1.0986122886681098,6.655440350367647,2.9444389791664403,6.139884552226255,0.6931471805599453,2.302585092994046,1.9459101490553132,0,0,0,0,0,0,0,1,0,1.0,0,0,0,0,1,1,0,1,1,1,1,0,0,0,0,0,0,0,0,0,0,0,0,0,1,0,0,0,0,1,0,1,0
1.3862943611198906,1.3862943611198906,7.0909098220799835,3.044522437723423,6.139884552226255,1.0986122886681098,2.302585092994046,2.70805020110221,0,0,0,0,0,0,0,1,1,3.0,1,1,1,1,1,1,1,1,1,1,1,1,1,1,0,0,0,0,0,0,0,0,0,0,1,0,1,0,0,1,1,1,0
1.3862943611198906,1.0986122886681098,6.769641976852503,3.4011973816621555,5.971261839790462,1.0986122886681098,2.0794415416798357,2.302585092994046,0,0,0,0,0,0,0,1,0,2.0,0,0,1,1,1,1,0,1,1,1,1,0,1,0,0,0,0,0,0,0,0,0,1,0,0,0,0,0,1,0,0,0,0
1.3862943611198906,1.0986122886681098,6.621405651764134,2.9444389791664403,4.727387818712341,0.6931471805599453,2.302585092994046,1.0986122886681098,0,0,0,0,0,0,0,1,1,2.0,0,0,0,0,0,0,0,1,0,0,1,0,0,0,0,0,0,0,0,1,0,0,0,0,0,0,0,0,0,1,0,0,0
1.3862943611198906,1.0986122886681098,6.7464121285733745,1.6094379124341003,5.855071922202427,0.6931471805599453,2.302585092994046,0.6931471805599453,0,0,0,0,0,0,0,1,1,2.0,0,0,0,0,0,0,0,0,0,0,1,0,0,0,0,0,0,0,0,0,0,0,0,0,0,0,0,1,0,0,0,0,0
1.0986122886681098,0.6931471805599453,6.2166061010848646,3.044522437723423,6.139884552226255,0.6931471805599453,2.302585092994046,0.0,0,0,0,0,0,0,0,1,0,2.0,0,0,0,0,0,0,0,0,0,0,0,0,0,0,0,0,0,0,0,1,0,0,0,0,0,0,0,1,0,1,1,1,1
1.0986122886681098,0.6931471805599453,6.311734809152915,3.044522437723423,7.284134806195205,0.6931471805599453,2.302585092994046,2.1972245773362196,0,0,0,0,0,0,0,1,0,2.0,0,0,1,1,0,1,1,1,1,0,1,0,1,0,0,0,0,0,0,0,0,0,1,0,0,0,0,0,0,1,1,0,1
1.6094379124341003,1.0986122886681098,7.04141166379481,3.2188758248682006,6.803505257608338,1.0986122886681098,2.1972245773362196,2.1972245773362196,0,0,0,0,0,0,0,1,0,1.0,0,0,1,0,1,1,0,1,1,1,1,0,1,0,1,0,0,0,0,0,0,0,0,0,0,0,1,0,0,0,0,0,0
1.3862943611198906,1.0986122886681098,6.84587987526405,3.258096538021482,6.456769655572163,0.6931471805599453,2.1972245773362196,0.0,0,0,0,0,0,0,0,1,1,2.0,0,0,0,0,0,0,0,0,0,0,0,0,0,0,0,0,0,0,0,0,0,0,0,0,1,0,0,0,0,0,0,0,1
1.3862943611198906,0.6931471805599453,6.293419278846481,3.044522437723423,6.139884552226255,0.6931471805599453,2.302585092994046,1.3862943611198906,0,0,0,0,0,0,0,1,0,2.0,0,0,0,0,0,1,0,1,1,0,0,0,0,0,0,0,0,0,0,0,0,0,0,0,1,0,0,0,0,1,1,1,0
1.0986122886681098,0.6931471805599453,6.398594934535208,1.791759469228055,6.139884552226255,0.6931471805599453,2.302585092994046,0.0,0,1,0,1,0,0,1,0,1,2.0,0,0,0,0,0,0,0,0,0,0,0,0,0,0,1,0,0,0,0,0,0,0,0,0,0,0,0,1,0,1,0,1,1
0.6931471805599453,0.6931471805599453,6.236369590203704,3.044522437723423,5.69035945432406,0.6931471805599453,2.302585092994046,1.6094379124341003,0,0,0,0,0,0,0,1,1,3.0,0,0,1,0,1,1,0,1,0,0,0,0,0,0,0,0,0,0,0,0,0,0,1,0,0,0,0,0,1,1,1,0,0
1.3862943611198906,1.0986122886681098,6.90875477931522,3.4965075614664802,4.276666119016055,1.0986122886681098,2.1972245773362196,2.302585092994046,0,0,0,0,0,0,0,1,1,2.0,1,0,1,1,1,0,0,1,1,1,1,0,1,0,0,0,0,0,0,1,0,0,0,0,0,0,1,0,0,0,0,0,0
1.3862943611198906,1.0986122886681098,6.860663671448287,3.044522437723423,6.139884552226255,0.6931471805599453,2.302585092994046,2.0794415416798357,0,0,0,0,0,0,0,1,1,2.0,0,0,0,0,1,1,0,1,1,1,1,0,1,0,0,0,0,0,0,0,0,0,0,0,1,0,0,0,0,1,1,1,0
1.3862943611198906,1.0986122886681098,6.763884908562435,3.044522437723423,6.139884552226255,0.6931471805599453,2.302585092994046,2.0794415416798357,0,0,0,0,0,0,0,1,1,2.0,1,0,1,1,0,0,0,1,1,0,1,0,1,0,0,0,0,0,0,0,0,0,0,0,1,0,0,0,0,1,1,1,1
1.3862943611198906,1.0986122886681098,6.957497370876951,3.044522437723423,6.061456918928017,0.6931471805599453,3.258096538021482,2.4849066497880004,0,0,0,0,0,0,0,1,1,3.0,1,0,1,0,0,1,1,1,1,1,1,1,1,1,0,0,0,0,0,1,0,0,0,0,0,0,1,0,0,0,1,0,0
1.3862943611198906,1.0986122886681098,6.55250788703459,3.1354942159291497,6.139884552226255,0.6931471805599453,2.9444389791664403,1.3862943611198906,0,0,0,0,0,0,0,1,0,2.0,0,0,0,0,0,0,0,1,1,0,1,0,0,0,0,0,0,0,0,1,0,0,0,0,0,0,0,0,0,0,0,1,0
1.3862943611198906,1.0986122886681098,6.68586094706836,3.091042453358316,6.008813185442595,0.6931471805599453,3.258096538021482,1.9459101490553132,0,0,0,0,0,0,0,1,1,2.0,0,0,0,1,1,0,0,1,1,0,1,0,1,0,0,0,0,0,0,1,0,0,0,0,0,0,1,0,0,0,0,0,0
1.3862943611198906,1.0986122886681098,6.912742820493176,3.1354942159291497,6.2166061010848646,0.6931471805599453,2.772588722239781,1.9459101490553132,0,0,1,1,0,0,1,1,0,3.0,1,0,0,0,0,1,0,1,1,0,1,0,1,0,1,0,0,0,0,0,0,0,0,0,0,0,1,0,0,0,0,0,0
1.3862943611198906,1.0986122886681098,7.126890808898808,3.6109179126442243,7.046647277848756,1.0986122886681098,1.6094379124341003,2.3978952727983707,0,0,0,0,0,0,0,1,1,2.0,1,0,1,1,1,1,0,1,1,1,1,0,1,0,0,0,0,0,0,0,0,0,0,0,0,0,0,0,0,0,0,0,0
1.3862943611198906,1.0986122886681098,6.55250788703459,3.4339872044851463,6.2166061010848646,0.6931471805599453,2.4849066497880004,2.302585092994046,0,0,0,0,0,0,0,1,1,2.0,1,0,1,1,1,0,1,1,1,0,1,0,1,0,0,0,0,0,0,1,0,0,0,0,0,0,0,0,0,0,0,0,1
1.3862943611198906,1.0986122886681098,7.151485463904735,3.4339872044851463,6.018593214496234,1.0986122886681098,1.9459101490553132,2.302585092994046,0,0,0,0,0,0,0,1,1,2.0,0,0,1,1,1,0,1,1,1,1,1,0,1,0,0,0,0,0,0,1,0,0,0,0,0,0,1,0,0,0,0,0,0
1.3862943611198906,1.0986122886681098,6.658011045870748,2.0794415416798357,7.150701457592526,0.6931471805599453,2.9444389791664403,1.791759469228055,0,0,0,0,0,0,0,0,0,1.0,0,0,0,0,1,1,0,1,1,0,1,0,0,0,0,0,0,0,0,0,0,0,0,0,1,0,0,0,0,0,0,0,0
1.3862943611198906,1.0986122886681098,6.68586094706836,3.091042453358316,6.008813185442595,0.6931471805599453,3.258096538021482,2.0794415416798357,0,0,0,0,0,0,0,1,1,2.0,0,0,0,1,1,1,0,1,1,0,1,0,1,0,0,0,0,0,0,1,0,0,0,0,0,0,1,0,0,0,0,0,0
1.0986122886681098,0.6931471805599453,6.472346294500901,3.044522437723423,6.139884552226255,0.6931471805599453,2.302585092994046,0.0,0,0,0,0,0,0,0,1,0,2.0,0,0,0,0,0,0,0,0,0,0,0,0,0,0,0,0,0,0,0,0,0,0,0,1,0,0,0,0,0,1,1,1,1
1.6094379124341003,1.0986122886681098,6.90975328164481,1.6094379124341003,6.139884552226255,0.6931471805599453,2.302585092994046,0.0,0,0,0,0,0,0,0,1,0,1.0,0,0,0,0,0,0,0,0,0,0,0,0,0,0,0,0,0,0,0,0,0,0,0,0,0,0,0,0,0,1,0,1,0
1.3862943611198906,1.0986122886681098,7.078341579557671,3.044522437723423,6.139884552226255,1.0986122886681098,2.302585092994046,1.6094379124341003,0,0,0,0,0,0,0,0,1,2.0,0,0,0,1,0,0,0,1,1,0,1,0,0,0,0,0,0,0,0,0,0,0,0,0,1,0,0,0,0,1,1,1,0
1.6094379124341003,1.791759469228055,8.225770799348734,2.5649493574615367,5.017279836814924,1.0986122886681098,2.302585092994046,1.6094379124341003,0,0,0,0,0,0,0,1,1,3.0,0,0,0,0,0,0,0,1,1,0,1,0,1,0,0,0,0,0,0,0,0,0,0,0,1,0,1,0,0,1,0,0,0
1.6094379124341003,1.6094379124341003,7.71289096149013,3.044522437723423,4.30406509320417,0.6931471805599453,2.833213344056216,1.791759469228055,0,0,0,0,0,0,0,1,0,2.0,0,0,1,1,0,0,0,1,0,0,1,0,1,0,0,0,0,0,0,0,0,0,1,0,0,0,1,0,0,0,1,0,0
1.3862943611198906,1.0986122886681098,7.24422751560335,3.044522437723423,6.139884552226255,1.0986122886681098,2.302585092994046,0.0,0,0,0,0,0,0,0,1,1,3.0,0,0,0,0,0,0,0,0,0,0,0,0,0,0,0,0,0,0,0,1,0,0,0,0,0,0,1,0,0,1,1,1,0
1.3862943611198906,1.3862943611198906,6.952728644624869,3.044522437723423,6.139884552226255,1.0986122886681098,2.302585092994046,2.1972245773362196,0,0,0,0,0,0,0,1,1,3.0,0,1,0,0,1,1,1,1,1,0,1,0,1,0,0,0,0,0,0,0,0,0,0,0,1,0,1,0,0,1,1,1,0
1.3862943611198906,1.0986122886681098,6.68586094706836,1.9459101490553132,6.511745329644728,1.0986122886681098,3.4011973816621555,1.0986122886681098,0,0,0,0,0,0,0,1,0,2.0,0,0,0,0,0,0,0,1,0,0,1,0,0,0,0,0,0,0,0,1,0,0,0,0,0,0,0,0,0,0,0,0,0
1.3862943611198906,1.0986122886681098,6.55250788703459,3.1780538303479458,7.65728279297819,0.6931471805599453,3.044522437723423,1.3862943611198906,0,0,0,0,0,0,0,1,1,2.0,0,0,0,0,1,0,0,1,0,0,1,0,0,0,0,0,0,0,0,1,0,0,0,0,0,0,0,1,0,0,0,0,0
0.6931471805599453,0.6931471805599453,5.69035945432406,3.044522437723423,7.460490305825338,0.6931471805599453,2.302585092994046,2.3978952727983707,0,0,0,0,0,0,0,1,1,2.0,1,0,1,1,1,0,1,1,1,1,1,0,1,0,0,0,0,0,0,0,0,0,0,0,0,0,0,0,1,1,1,0,1
1.3862943611198906,0.6931471805599453,6.588926477533519,3.044522437723423,6.139884552226255,0.6931471805599453,2.302585092994046,0.0,0,0,0,0,0,0,0,1,0,2.0,0,0,0,0,0,0,0,0,0,0,0,0,0,0,0,0,0,0,0,0,0,0,0,0,1,0,0,0,0,1,1,1,1
1.3862943611198906,1.0986122886681098,6.763884908562435,3.044522437723423,6.602587892189336,1.0986122886681098,1.3862943611198906,1.6094379124341003,1,0,1,1,1,1,0,1,1,2.0,0,1,0,1,0,0,0,0,0,0,0,1,0,1,0,0,0,0,0,0,0,0,0,0,1,0,0,0,1,0,1,0,0
1.3862943611198906,1.0986122886681098,6.839476438228843,3.044522437723423,6.139884552226255,0.6931471805599453,2.302585092994046,2.1972245773362196,0,0,0,0,0,0,0,1,0,2.0,1,0,1,1,1,0,0,1,1,0,1,0,1,0,0,0,0,0,0,0,0,0,0,1,0,0,0,0,1,1,1,1,0
1.3862943611198906,1.0986122886681098,6.68586094706836,3.4011973816621555,6.139884552226255,1.0986122886681098,2.772588722239781,2.0794415416798357,0,0,0,0,0,0,0,1,1,2.0,0,0,1,1,0,1,0,1,1,1,1,0,0,0,0,0,0,0,0,1,0,0,0,0,0,0,0,0,0,0,0,1,0
1.3862943611198906,1.0986122886681098,7.00397413672268,3.4657359027997265,5.8888779583328805,1.0986122886681098,3.1354942159291497,0.0,0,0,0,0,0,0,0,1,1,1.0,0,0,0,0,0,0,0,0,0,0,0,0,0,0,0,0,0,0,0,1,0,0,0,0,0,0,1,0,0,0,0,0,0
1.3862943611198906,1.0986122886681098,6.478509642208569,3.1780538303479458,6.970730078143525,0.6931471805599453,3.044522437723423,1.6094379124341003,0,0,0,0,0,0,0,1,0,2.0,0,0,0,0,1,1,0,1,1,0,0,0,0,0,0,0,0,0,0,1,0,0,0,0,0,0,0,0,0,0,0,0,1
1.3862943611198906,1.0986122886681098,6.898714534329988,2.70805020110221,6.12029741895095,0.6931471805599453,2.833213344056216,2.70805020110221,0,0,0,0,0,0,0,1,0,2.0,1,1,1,1,1,1,1,1,1,1,1,1,1,1,0,0,0,0,0,0,0,0,0,0,0,0,1,0,0,0,0,0,1
1.3862943611198906,1.0986122886681098,6.9440872082295275,3.5263605246161616,6.311734809152915,1.0986122886681098,1.0986122886681098,2.4849066497880004,0,0,0,0,0,0,0,1,1,2.0,1,1,1,1,1,0,1,1,1,1,1,0,1,0,0,0,0,0,0,1,0,0,0,0,0,0,1,0,0,0,0,0,0
1.0986122886681098,0.6931471805599453,6.2285110035911835,3.044522437723423,6.139884552226255,0.6931471805599453,2.302585092994046,0.0,0,0,0,0,0,0,0,1,0,2.0,0,0,0,0,0,0,0,0,0,0,0,0,0,0,0,0,0,0,0,0,0,0,0,0,0,0,0,1,0,1,1,1,1
1.3862943611198906,1.0986122886681098,6.621405651764134,3.044522437723423,5.41610040220442,0.6931471805599453,3.2188758248682006,1.6094379124341003,0,0,0,0,0,0,0,1,1,2.0,0,0,1,0,1,0,0,1,0,0,0,0,1,0,0,0,0,0,0,1,0,0,0,0,0,0,0,0,0,0,1,0,0
1.6094379124341003,1.3862943611198906,7.406103381237015,3.044522437723423,6.139884552226255,1.0986122886681098,2.302585092994046,0.0,0,0,0,0,0,0,0,1,1,2.0,0,0,0,0,0,0,0,0,0,0,0,0,0,0,0,0,0,0,0,0,0,0,0,0,0,1,1,0,0,1,1,1,0
1.3862943611198906,1.0986122886681098,6.831953565565855,3.044522437723423,6.139884552226255,1.0986122886681098,2.302585092994046,2.302585092994046,0,0,0,0,0,0,0,1,1,1.0,1,1,1,1,1,0,0,1,1,0,1,0,1,0,0,0,0,0,0,0,0,0,0,0,1,0,0,0,1,1,1,1,0
1.3862943611198906,1.3862943611198906,7.10002716662926,3.044522437723423,6.139884552226255,0.6931471805599453,2.302585092994046,0.0,0,0,0,0,0,0,0,1,0,2.0,0,0,0,0,0,0,0,0,0,0,0,0,0,0,0,0,0,0,0,0,0,0,0,0,0,1,0,0,1,1,1,1,1
1.3862943611198906,1.0986122886681098,6.856461984594587,3.044522437723423,6.455198563340122,1.0986122886681098,1.6094379124341003,2.3978952727983707,0,0,0,0,0,0,0,1,1,2.0,0,1,1,1,1,1,1,1,1,0,1,0,1,0,0,0,0,0,0,0,0,0,0,0,1,0,0,0,0,0,1,0,0
1.3862943611198906,1.0986122886681098,7.204892510204673,2.8903717578961645,4.5217885770490405,1.0986122886681098,2.0794415416798357,2.3978952727983707,0,0,0,0,0,0,0,1,1,2.0,0,0,1,1,1,1,0,1,1,1,1,1,1,0,0,0,0,0,0,1,0,0,0,0,0,0,1,0,0,0,0,0,0
1.3862943611198906,1.0986122886681098,6.7464121285733745,2.3978952727983707,3.044522437723423,0.6931471805599453,3.1780538303479458,1.3862943611198906,0,0,1,1,1,0,0,1,0,1.0,0,0,0,0,0,0,0,1,1,0,1,0,0,0,0,0,0,0,0,0,0,0,0,0,1,0,0,0,0,0,0,0,1
1.3862943611198906,1.0986122886681098,6.937314081223682,3.044522437723423,6.139884552226255,0.6931471805599453,2.302585092994046,1.6094379124341003,0,0,0,0,0,0,0,0,0,2.0,0,0,0,0,1,0,0,1,1,0,1,0,0,0,0,0,0,0,0,0,0,0,1,0,0,0,0,0,0,1,1,1,0
1.6094379124341003,1.3862943611198906,7.351158226430694,3.044522437723423,6.139884552226255,1.0986122886681098,2.302585092994046,2.70805020110221,0,0,0,0,0,0,0,1,0,3.0,1,1,1,1,1,1,1,1,1,1,1,1,1,1,0,0,0,0,0,0,0,0,1,0,0,0,1,0,0,1,1,1,0
1.3862943611198906,1.0986122886681098,6.621405651764134,1.791759469228055,5.707110264748875,0.6931471805599453,2.302585092994046,1.0986122886681098,1,0,1,1,0,0,0,1,0,2.0,0,0,0,0,0,0,0,1,0,0,1,0,0,0,0,0,0,0,0,0,0,0,0,0,1,0,0,0,0,1,0,0,0
1.6094379124341003,1.3862943611198906,7.783640596221253,3.044522437723423,6.139884552226255,1.0986122886681098,2.302585092994046,1.0986122886681098,0,0,0,0,0,0,0,1,1,3.0,0,0,0,0,1,0,0,1,0,0,0,0,0,0,0,0,0,0,0,1,0,0,0,0,0,0,1,0,0,1,1,1,0
1.3862943611198906,1.0986122886681098,7.030857476116121,3.295836866004329,6.3080984415095305,1.0986122886681098,2.0794415416798357,2.70805020110221,0,0,0,0,0,0,0,1,1,2.0,1,1,1,1,1,1,1,1,1,1,1,1,1,1,0,0,0,0,0,1,0,0,0,0,0,0,1,0,0,0,0,0,0
1.3862943611198906,1.0986122886681098,6.621405651764134,3.044522437723423,6.411818267709897,0.6931471805599453,2.302585092994046,1.9459101490553132,0,0,0,0,0,0,0,1,1,1.0,0,0,0,1,1,0,1,1,1,0,1,0,0,0,0,0,0,0,0,1,0,0,0,0,0,0,0,0,0,1,0,0,0
1.3862943611198906,1.0986122886681098,6.668228248417403,3.044522437723423,6.139884552226255,0.6931471805599453,2.302585092994046,1.3862943611198906,1,0,1,1,1,0,1,1,1,2.0,0,0,0,0,0,1,0,1,0,0,1,0,0,0,0,0,0,0,0,0,0,0,0,0,1,0,0,0,0,1,1,1,1
1.3862943611198906,1.0986122886681098,6.78105762593618,3.044522437723423,6.139884552226255,0.6931471805599453,2.302585092994046,0.0,0,0,0,0,0,0,0,1,1,1.0,0,0,0,0,0,0,0,0,0,0,0,0,0,0,0,0,0,0,0,0,0,0,0,0,1,0,0,0,0,1,1,1,1
1.3862943611198906,1.0986122886681098,6.78897174299217,3.4339872044851463,6.695798917058491,0.6931471805599453,2.3978952727983707,2.3978952727983707,0,0,0,0,0,0,0,1,1,1.0,0,0,1,0,1,1,0,1,1,1,1,1,1,1,0,0,0,0,0,1,0,0,0,0,0,0,1,0,0,0,0,0,0
1.0986122886681098,1.0986122886681098,6.5638555265321274,3.044522437723423,5.181783550292085,0.6931471805599453,2.302585092994046,2.0794415416798357,0,0,0,0,0,0,0,1,1,2.0,0,0,1,0,0,0,1,1,1,1,1,0,1,0,0,0,0,0,1,0,0,0,0,0,0,0,1,0,0,0,1,0,0
1.3862943611198906,1.0986122886681098,6.673297967767654,3.044522437723423,6.139884552226255,0.6931471805599453,2.302585092994046,1.3862943611198906,1,0,0,1,0,0,0,1,1,2.0,0,0,0,0,0,0,0,1,1,0,1,0,0,0,0,0,0,0,0,0,0,0,0,0,1,0,0,0,0,0,1,1,0
1.0986122886681098,1.0986122886681098,6.957497370876951,3.713572066704308,7.215975002651466,1.0986122886681098,1.9459101490553132,2.4849066497880004,0,0,0,0,0,0,0,1,0,3.0,1,0,1,0,1,1,1,1,1,1,1,1,1,0,0,1,0,0,0,0,0,0,0,0,0,0,0,0,1,0,0,0,0
1.3862943611198906,1.0986122886681098,6.55250788703459,3.1780538303479458,6.073044534100405,0.6931471805599453,3.2188758248682006,2.3978952727983707,0,0,0,0,0,0,0,1,1,2.0,1,0,1,1,1,1,0,1,1,0,1,0,1,1,0,0,0,0,0,1,0,0,0,0,0,0,0,0,0,0,0,0,0
1.3862943611198906,0.6931471805599453,6.478509642208569,3.044522437723423,6.139884552226255,0.6931471805599453,2.302585092994046,0.0,0,0,0,0,0,0,0,1,1,2.0,0,0,0,0,0,0,0,0,0,0,0,0,0,0,0,0,0,0,0,0,0,0,0,0,1,0,0,1,0,1,1,1,1
1.3862943611198906,1.0986122886681098,6.962243464266207,3.044522437723423,6.139884552226255,0.6931471805599453,2.302585092994046,1.9459101490553132,0,0,0,0,0,0,0,1,1,2.0,0,0,1,0,1,0,0,1,1,0,1,0,1,0,0,0,0,0,0,0,0,0,0,0,1,0,0,0,0,1,1,1,1
1.3862943611198906,1.0986122886681098,6.803505257608338,3.044522437723423,6.139884552226255,1.0986122886681098,2.302585092994046,2.1972245773362196,0,0,0,0,0,0,0,1,1,2.0,1,1,1,0,0,1,0,1,1,0,1,0,1,0,0,0,0,0,0,0,0,0,0,0,0,0,1,0,0,1,1,1,0
1.791759469228055,1.791759469228055,8.517393171418904,3.044522437723423,5.971261839790462,1.3862943611198906,2.4849066497880004,2.6390573296152584,1,1,0,1,1,0,1,0,0,2.0,1,0,1,1,1,1,1,1,1,1,1,1,1,1,1,0,0,0,0,0,0,0,0,0,0,0,1,0,0,0,1,0,0
0.6931471805599453,0.6931471805599453,6.520621127558696,3.332204510175204,5.717027701406222,0.6931471805599453,2.302585092994046,1.6094379124341003,0,0,0,0,0,0,0,1,0,1.0,0,0,0,1,0,1,0,1,1,0,0,0,0,0,0,0,0,0,0,0,0,0,0,0,0,0,1,0,0,1,0,0,0
1.3862943611198906,1.0986122886681098,6.897704943128636,1.0986122886681098,6.507277712385012,0.6931471805599453,1.9459101490553132,1.0986122886681098,0,0,0,0,0,0,0,1,1,2.0,0,0,0,1,0,0,0,1,0,0,0,0,0,0,0,0,0,0,0,0,0,0,0,0,1,0,0,0,1,0,0,0,1
1.3862943611198906,1.0986122886681098,6.68586094706836,3.4011973816621555,6.139884552226255,0.6931471805599453,2.772588722239781,2.0794415416798357,0,0,0,0,0,0,0,1,1,2.0,0,0,1,1,0,1,0,1,1,1,1,0,0,0,0,0,0,0,0,1,0,0,0,0,0,0,0,0,0,0,0,1,0
1.3862943611198906,1.0986122886681098,6.664409020350408,3.044522437723423,6.139884552226255,0.6931471805599453,2.302585092994046,1.6094379124341003,1,0,0,1,0,0,0,0,0,3.0,0,0,0,0,0,1,0,1,1,0,1,0,0,0,0,0,0,0,0,0,0,0,0,0,1,0,0,0,0,1,1,1,0
1.3862943611198906,1.0986122886681098,6.85751406254539,2.8903717578961645,6.385194398997726,0.6931471805599453,3.5553480614894135,1.9459101490553132,0,0,0,0,0,0,0,1,0,2.0,1,0,0,0,1,0,1,1,1,0,1,0,0,0,0,0,0,0,0,1,0,0,0,0,0,0,0,0,0,0,0,0,0
1.6094379124341003,1.0986122886681098,7.409136443920128,3.044522437723423,6.139884552226255,1.0986122886681098,2.302585092994046,1.791759469228055,0,0,0,0,0,0,0,1,1,3.0,0,0,0,0,1,0,0,1,1,0,1,0,1,0,0,0,0,0,0,0,0,0,0,0,0,1,1,0,0,1,1,1,0
1.3862943611198906,1.0986122886681098,7.030857476116121,1.791759469228055,6.028278520230698,0.6931471805599453,2.8903717578961645,2.0794415416798357,0,0,0,0,0,0,0,0,0,1.0,1,0,1,0,1,0,0,1,1,0,1,0,1,0,0,0,0,0,0,0,0,0,0,0,1,0,0,0,0,0,0,0,0
1.3862943611198906,1.0986122886681098,6.626717749249025,2.5649493574615367,6.90875477931522,0.6931471805599453,2.5649493574615367,1.791759469228055,0,0,0,0,0,0,0,0,0,3.0,0,0,1,0,0,1,0,1,1,0,1,0,0,0,0,0,0,0,0,0,0,0,0,0,1,0,0,0,1,0,0,0,0
1.0986122886681098,0.6931471805599453,6.472346294500901,3.044522437723423,6.139884552226255,0.6931471805599453,2.302585092994046,0.0,0,0,0,0,0,0,0,1,0,2.0,0,0,0,0,0,0,0,0,0,0,0,0,0,0,0,0,0,0,0,0,0,0,0,1,0,0,0,0,0,1,1,1,0
1.0986122886681098,1.0986122886681098,6.803505257608338,3.044522437723423,6.139884552226255,0.6931471805599453,2.302585092994046,0.0,0,0,0,0,0,0,0,1,0,1.0,0,0,0,0,0,0,0,0,0,0,0,0,0,0,0,0,0,0,0,0,0,0,1,0,0,0,1,0,0,1,1,1,0
1.3862943611198906,1.0986122886681098,6.7464121285733745,1.791759469228055,6.139884552226255,1.0986122886681098,2.302585092994046,0.6931471805599453,0,0,0,0,0,0,0,0,0,3.0,0,0,0,0,0,0,0,0,1,0,0,0,0,0,0,0,0,0,0,0,0,0,0,0,0,0,0,0,0,1,0,1,0
1.3862943611198906,1.0986122886681098,6.647688373563329,3.044522437723423,6.139884552226255,0.6931471805599453,2.302585092994046,1.6094379124341003,0,0,0,0,0,0,0,1,1,3.0,0,0,0,0,0,0,0,1,1,0,1,0,1,0,0,0,0,0,0,0,0,0,0,0,0,0,0,1,0,1,1,1,1
1.3862943611198906,1.0986122886681098,6.7464121285733745,3.044522437723423,6.285998094508865,0.6931471805599453,2.302585092994046,2.70805020110221,1,0,0,0,1,0,0,0,1,3.0,1,1,1,1,1,1,1,1,1,1,1,1,1,1,0,0,0,0,0,0,0,0,0,0,1,0,0,0,0,1,1,0,0
1.0986122886681098,1.0986122886681098,6.608000625296087,3.044522437723423,6.056784013228625,0.6931471805599453,2.0794415416798357,2.0794415416798357,0,0,0,0,0,0,0,1,1,2.0,1,0,1,0,1,0,0,1,1,0,1,0,1,0,0,0,0,0,0,0,0,0,0,0,0,0,0,0,1,0,0,0,0
1.3862943611198906,1.0986122886681098,6.7226297948554485,3.044522437723423,6.139884552226255,0.6931471805599453,2.302585092994046,1.9459101490553132,1,0,1,1,1,0,0,0,0,2.0,0,0,0,0,0,1,1,1,1,0,1,0,1,0,1,0,0,0,0,0,0,0,0,0,0,0,0,0,0,1,1,1,0
1.3862943611198906,1.0986122886681098,6.9975959829819265,3.044522437723423,6.453624998892692,0.6931471805599453,2.302585092994046,2.1972245773362196,1,1,1,0,0,0,0,0,0,2.0,1,0,1,0,0,0,0,1,1,1,1,0,1,1,0,0,0,0,0,0,0,0,0,0,1,0,1,0,0,1,1,0,1
1.3862943611198906,1.0986122886681098,6.803505257608338,3.044522437723423,6.139884552226255,1.0986122886681098,2.302585092994046,2.70805020110221,0,0,0,0,0,0,0,1,0,2.0,1,1,1,1,1,1,1,1,1,1,1,1,1,1,0,0,0,0,0,0,0,0,0,0,1,0,0,0,1,1,1,1,0
0.6931471805599453,0.6931471805599453,6.431331081933479,3.6635616461296463,6.9411900550683745,0.6931471805599453,2.4849066497880004,1.791759469228055,1,1,1,1,1,0,1,1,1,2.0,0,0,1,0,0,0,0,1,1,0,0,1,1,0,1,0,0,0,0,0,0,0,0,0,0,0,0,0,1,0,0,0,1
1.3862943611198906,1.0986122886681098,6.55250788703459,2.8903717578961645,6.139884552226255,0.6931471805599453,2.302585092994046,1.3862943611198906,0,0,0,0,0,0,0,0,1,1.0,0,0,0,0,1,0,0,1,1,0,0,0,0,0,0,0,0,0,0,0,0,1,0,0,0,0,0,0,0,1,0,1,1
1.3862943611198906,1.0986122886681098,6.55250788703459,3.044522437723423,6.139884552226255,1.0986122886681098,2.302585092994046,0.0,0,0,0,0,0,0,0,1,0,1.0,0,0,0,0,0,0,0,0,0,0,0,0,0,0,0,0,0,0,0,1,0,0,0,0,0,0,0,0,0,1,1,1,0
1.0986122886681098,0.6931471805599453,6.579251212010101,3.044522437723423,6.139884552226255,0.6931471805599453,2.302585092994046,0.0,1,0,1,1,0,0,0,1,0,2.0,0,0,0,0,0,0,0,0,0,0,0,0,0,0,1,0,0,0,0,0,0,0,0,0,0,0,0,0,0,1,1,1,1
1.0986122886681098,1.0986122886681098,6.803505257608338,3.1354942159291497,6.22455842927536,0.6931471805599453,3.4011973816621555,0.0,0,0,0,0,0,0,0,1,1,2.0,0,0,0,0,0,0,0,0,0,0,0,0,0,0,0,0,0,0,0,1,0,0,0,0,0,0,1,0,0,0,0,0,0
1.3862943611198906,1.0986122886681098,7.1785454837637,3.2188758248682006,7.119635638017636,1.0986122886681098,1.0986122886681098,2.1972245773362196,0,0,0,0,0,0,0,1,1,2.0,0,0,1,1,1,0,0,1,1,1,1,0,1,0,0,0,0,0,0,1,0,0,0,0,0,0,1,0,0,0,0,0,0
1.3862943611198906,1.0986122886681098,7.0967213784947605,2.9444389791664403,5.5254529391317835,1.0986122886681098,2.3978952727983707,2.1972245773362196,1,0,1,1,0,0,0,0,0,2.0,0,1,0,0,1,1,1,1,1,0,1,0,1,0,1,0,0,0,0,0,0,0,0,0,0,0,0,0,1,0,0,0,0
1.6094379124341003,1.0986122886681098,6.846943139585379,3.6635616461296463,7.881559917056899,1.0986122886681098,1.6094379124341003,2.3978952727983707,0,0,0,0,0,0,0,1,1,1.0,1,0,1,0,1,1,1,1,1,0,1,0,1,1,1,0,0,0,0,0,0,0,0,0,0,0,0,0,1,0,0,0,0
1.3862943611198906,1.0986122886681098,6.918695219020472,1.791759469228055,6.139884552226255,0.6931471805599453,2.302585092994046,1.791759469228055,0,0,0,0,0,0,0,1,1,3.0,1,0,0,0,0,0,0,1,1,0,1,0,1,0,0,0,0,0,0,0,0,0,0,0,1,0,0,0,0,1,0,1,0
1.3862943611198906,1.0986122886681098,6.755768921984255,3.2188758248682006,5.703782474656201,0.6931471805599453,2.833213344056216,1.9459101490553132,0,1,1,1,1,0,1,1,0,2.0,0,0,0,1,0,1,0,1,1,0,1,0,1,0,0,0,0,0,0,0,0,0,0,0,1,0,0,0,0,0,0,0,1
1.3862943611198906,1.0986122886681098,6.7464121285733745,2.5649493574615367,6.139884552226255,0.6931471805599453,3.1780538303479458,2.5649493574615367,1,0,1,1,0,0,0,1,0,2.0,1,1,1,1,1,1,1,1,1,1,1,0,1,0,0,0,0,0,0,0,0,0,0,0,1,0,0,0,0,0,0,1,0
1.3862943611198906,1.0986122886681098,6.7464121285733745,1.791759469228055,6.139884552226255,0.6931471805599453,2.302585092994046,1.3862943611198906,0,0,0,0,0,0,0,0,0,1.0,0,0,0,0,0,0,0,1,1,0,1,0,0,0,0,0,0,0,0,0,0,0,0,0,1,0,0,0,0,1,0,1,0
1.3862943611198906,1.0986122886681098,7.199678345691172,3.044522437723423,6.6895992691789665,1.0986122886681098,1.3862943611198906,2.0794415416798357,0,0,0,0,0,0,0,1,1,3.0,0,0,1,0,1,0,0,1,1,1,1,0,1,0,0,0,0,0,0,1,0,0,0,0,0,0,1,0,0,0,1,0,0
1.3862943611198906,1.0986122886681098,6.618738983517219,3.044522437723423,6.139884552226255,0.6931471805599453,2.302585092994046,2.1972245773362196,1,1,0,1,0,1,1,0,0,1.0,0,0,1,1,1,1,0,1,1,0,1,0,1,0,1,0,0,0,0,0,0,0,0,0,0,0,1,0,0,1,1,1,0
1.3862943611198906,1.0986122886681098,6.48768401848461,2.1972245773362196,3.1780538303479458,0.6931471805599453,3.4339872044851463,1.0986122886681098,0,0,0,0,0,0,0,1,0,3.0,0,0,0,0,0,0,0,1,0,0,1,0,0,0,0,0,0,0,0,1,0,0,0,0,0,0,0,0,0,0,0,0,1
1.3862943611198906,1.0986122886681098,7.1372784372603855,3.044522437723423,6.139884552226255,1.0986122886681098,2.302585092994046,2.3978952727983707,0,1,0,1,0,0,0,1,0,3.0,1,1,1,0,1,1,1,1,1,0,1,0,1,0,1,0,0,0,0,0,0,0,0,0,0,0,0,0,1,1,1,1,0
1.3862943611198906,1.0986122886681098,6.911747300251674,2.5649493574615367,5.564520407322694,1.0986122886681098,2.8903717578961645,1.6094379124341003,0,0,0,0,0,0,0,1,0,1.0,0,0,0,0,1,1,0,1,0,0,1,0,0,0,0,0,0,0,0,0,0,0,0,0,1,0,1,0,0,0,0,0,0
1.3862943611198906,1.0986122886681098,6.775366090936392,2.3978952727983707,6.139884552226255,1.0986122886681098,2.302585092994046,1.791759469228055,1,0,1,1,0,0,0,1,1,2.0,0,0,0,0,1,0,0,1,1,0,1,0,1,0,0,0,0,0,0,0,0,0,0,0,1,0,0,0,0,1,0,1,0
1.3862943611198906,1.0986122886681098,7.244941546337007,1.791759469228055,6.139884552226255,0.6931471805599453,2.302585092994046,2.0794415416798357,0,0,0,0,0,0,0,1,1,1.0,1,0,1,1,0,0,0,1,1,1,1,0,0,0,0,0,0,0,0,0,0,0,0,0,0,0,0,0,0,1,0,1,1
1.3862943611198906,1.0986122886681098,7.00397413672268,2.995732273553991,6.139884552226255,0.6931471805599453,3.332204510175204,2.0794415416798357,1,0,1,1,0,0,0,1,0,2.0,1,0,1,0,0,0,0,1,1,1,1,0,1,0,1,0,0,0,0,0,0,0,0,0,0,0,1,0,0,0,0,1,0
1.0986122886681098,1.0986122886681098,6.807934943699926,3.044522437723423,6.139884552226255,0.6931471805599453,2.302585092994046,1.9459101490553132,0,0,0,0,0,0,0,1,1,1.0,0,1,1,0,0,0,0,1,1,0,1,0,1,0,0,0,0,0,0,0,0,0,0,0,0,1,0,0,1,1,1,1,0
1.3862943611198906,1.0986122886681098,6.803505257608338,3.044522437723423,6.139884552226255,1.0986122886681098,2.302585092994046,1.0986122886681098,0,0,0,0,0,0,0,1,1,1.0,0,0,0,0,0,0,0,1,0,0,1,0,0,0,0,0,0,0,0,0,0,0,0,0,0,0,0,0,0,1,1,1,0
1.3862943611198906,1.0986122886681098,6.90875477931522,3.044522437723423,6.139884552226255,1.0986122886681098,1.3862943611198906,2.5649493574615367,0,0,0,0,0,0,0,1,1,1.0,1,0,1,1,1,1,1,1,1,1,1,0,1,1,0,0,0,0,0,1,0,0,0,0,0,0,0,0,0,0,1,1,0
1.3862943611198906,1.0986122886681098,6.928537818164665,3.1354942159291497,7.203405521083095,0.6931471805599453,1.9459101490553132,2.70805020110221,0,0,0,0,0,0,0,1,1,3.0,1,1,1,1,1,1,1,1,1,1,1,1,1,1,0,0,0,0,0,1,0,0,0,0,0,0,1,0,0,0,0,0,0
1.3862943611198906,1.0986122886681098,6.470799503782602,3.044522437723423,6.139884552226255,0.6931471805599453,2.302585092994046,1.0986122886681098,1,0,0,0,0,1,1,1,1,2.0,0,0,0,0,0,1,0,1,0,0,0,0,0,0,0,0,0,0,0,0,0,0,0,0,1,0,0,0,0,1,1,1,0
1.3862943611198906,1.3862943611198906,7.172424577124845,3.044522437723423,5.983936280687191,1.0986122886681098,2.833213344056216,1.9459101490553132,0,0,0,0,0,0,0,1,1,3.0,0,0,1,0,1,0,0,1,1,0,1,0,1,0,0,0,0,0,0,1,0,0,0,0,0,0,1,0,0,0,1,0,0
0.6931471805599453,0.6931471805599453,6.625392368007956,2.833213344056216,4.859812404361672,1.0986122886681098,1.9459101490553132,2.70805020110221,0,0,0,0,0,0,0,1,1,3.0,1,1,1,1,1,1,1,1,1,1,1,1,1,1,0,0,0,0,0,0,0,0,0,0,1,0,1,0,0,0,0,0,0
1.3862943611198906,1.0986122886681098,6.9957661563048505,2.70805020110221,6.175867270105761,0.6931471805599453,2.772588722239781,2.3978952727983707,0,0,0,0,0,0,0,1,1,2.0,1,1,1,1,0,1,0,1,1,0,1,1,1,0,0,0,0,0,0,0,0,0,0,0,1,0,1,0,0,0,0,0,0
1.3862943611198906,1.0986122886681098,6.90875477931522,3.044522437723423,6.90875477931522,1.0986122886681098,2.302585092994046,1.3862943611198906,0,0,0,0,0,0,0,1,1,3.0,0,0,0,0,1,0,0,1,0,0,1,0,0,0,0,0,0,0,0,1,0,0,0,0,0,0,0,0,1,1,1,0,0
1.3862943611198906,1.0986122886681098,6.926577033222725,2.4849066497880004,5.43372200355424,0.6931471805599453,2.995732273553991,2.302585092994046,0,0,0,0,0,0,0,1,1,2.0,1,0,1,1,1,1,0,1,1,0,1,0,1,0,0,0,0,0,0,1,0,0,0,0,0,0,1,0,0,0,0,0,0
1.3862943611198906,1.0986122886681098,6.842683282238422,3.1780538303479458,6.139884552226255,0.6931471805599453,2.302585092994046,2.302585092994046,0,0,0,0,0,0,0,0,1,1.0,1,0,1,0,1,1,0,1,1,0,1,0,1,1,0,0,0,0,0,0,0,0,0,0,1,0,1,0,0,1,0,1,0
1.6094379124341003,1.3862943611198906,7.2485040723706105,2.772588722239781,5.262690188904886,0.6931471805599453,2.302585092994046,2.70805020110221,0,0,0,0,0,0,0,1,1,1.0,1,1,1,1,1,1,1,1,1,1,1,1,1,1,0,0,0,0,0,0,0,0,0,0,1,0,1,0,0,1,0,0,0
1.0986122886681098,0.6931471805599453,6.478509642208569,3.044522437723423,6.139884552226255,0.6931471805599453,2.302585092994046,0.0,0,0,0,0,0,0,0,1,0,2.0,0,0,0,0,0,0,0,0,0,0,0,0,0,0,0,0,0,0,0,1,0,0,0,0,0,0,0,0,0,1,1,1,1
1.3862943611198906,1.0986122886681098,6.598509028614515,2.1972245773362196,6.175867270105761,0.6931471805599453,2.302585092994046,2.1972245773362196,1,0,1,1,0,0,1,1,1,1.0,0,0,1,0,1,1,0,1,1,1,1,0,1,0,1,0,0,0,0,0,0,0,0,0,0,0,0,0,0,1,0,0,1
1.3862943611198906,1.3862943611198906,7.0909098220799835,3.044522437723423,6.139884552226255,1.0986122886681098,2.302585092994046,2.70805020110221,0,0,0,0,0,0,0,1,1,3.0,1,1,1,1,1,1,1,1,1,1,1,1,1,1,0,0,0,0,0,0,0,0,0,0,1,0,1,0,0,1,1,1,0
1.3862943611198906,1.0986122886681098,6.489204931325317,3.044522437723423,6.139884552226255,0.6931471805599453,2.302585092994046,0.6931471805599453,1,0,1,1,0,0,1,1,0,2.0,0,0,0,0,0,0,0,0,1,0,0,0,0,0,1,0,0,0,0,0,0,0,0,0,0,0,0,1,0,1,1,1,1
1.3862943611198906,1.0986122886681098,6.478509642208569,2.70805020110221,7.739359202689098,0.6931471805599453,2.302585092994046,0.0,0,0,0,0,0,0,0,1,0,2.0,0,0,0,0,0,0,0,0,0,0,0,0,0,0,0,0,0,0,0,0,0,0,0,0,1,0,0,0,0,1,0,0,0
1.3862943611198906,1.0986122886681098,6.709304340258298,3.8066624897703196,7.667158255319148,0.6931471805599453,1.0986122886681098,1.9459101490553132,0,1,0,1,0,0,1,1,0,2.0,0,0,1,0,1,0,0,1,1,0,1,0,1,0,1,0,0,0,0,0,0,0,0,0,0,0,0,0,1,0,0,0,0
1.3862943611198906,1.0986122886681098,6.900730664045173,1.791759469228055,6.139884552226255,0.6931471805599453,2.302585092994046,1.6094379124341003,0,0,0,0,0,0,0,0,1,2.0,0,0,0,1,0,0,0,1,1,0,1,0,0,0,0,0,0,0,0,0,0,0,0,0,1,0,0,1,0,1,0,1,1
1.791759469228055,1.6094379124341003,7.754052639035757,3.044522437723423,6.008813185442595,1.3862943611198906,1.0986122886681098,2.1972245773362196,0,0,0,0,0,0,0,1,1,1.0,1,0,1,1,1,0,0,1,1,0,1,0,1,0,0,0,0,0,0,1,0,0,0,0,0,0,1,0,0,0,1,0,0
1.3862943611198906,1.0986122886681098,6.810142450115136,3.091042453358316,6.139884552226255,0.6931471805599453,2.302585092994046,1.9459101490553132,0,0,0,0,0,0,0,1,0,3.0,1,0,0,0,1,0,0,1,1,0,1,0,1,0,0,0,0,0,0,0,0,0,0,0,0,0,0,0,0,1,0,1,0
1.3862943611198906,1.0986122886681098,6.478509642208569,3.044522437723423,6.0063531596017325,0.6931471805599453,2.302585092994046,1.3862943611198906,0,0,0,0,0,0,0,1,1,2.0,0,0,0,0,0,1,0,1,0,0,1,0,0,0,0,0,0,0,0,1,0,0,0,0,0,0,0,0,0,1,1,0,0
1.3862943611198906,1.0986122886681098,6.55250788703459,3.044522437723423,6.133398042996649,1.0986122886681098,2.302585092994046,2.0794415416798357,0,0,1,0,0,0,0,1,1,2.0,0,0,0,1,1,0,1,1,1,0,1,0,1,0,0,0,0,0,0,0,0,0,0,0,1,0,0,0,0,1,1,0,0
1.3862943611198906,1.0986122886681098,7.01301578963963,3.6635616461296463,6.139884552226255,1.0986122886681098,2.6390573296152584,2.0794415416798357,0,0,0,0,0,0,0,1,0,2.0,1,0,1,0,1,0,0,1,0,0,1,1,1,0,0,0,0,0,0,1,0,0,0,0,0,0,1,0,0,0,0,1,0
1.3862943611198906,1.0986122886681098,6.78897174299217,3.4339872044851463,6.695798917058491,0.6931471805599453,2.3978952727983707,2.3978952727983707,0,0,0,0,0,0,0,1,1,2.0,0,0,1,0,1,1,0,1,1,1,1,1,1,1,0,0,0,0,0,1,0,0,0,0,0,0,1,0,0,0,0,0,0
1.6094379124341003,1.791759469228055,7.357556200910353,3.713572066704308,6.139884552226255,1.3862943611198906,2.302585092994046,2.1972245773362196,1,0,0,1,1,0,1,1,1,3.0,1,0,1,1,0,0,0,1,1,1,1,0,1,0,1,0,0,0,0,0,0,0,0,0,0,0,0,0,1,1,0,1,0
1.3862943611198906,1.0986122886681098,6.86484777797086,2.9444389791664403,5.808142489980444,0.6931471805599453,2.995732273553991,1.791759469228055,0,0,0,0,0,1,0,0,1,1.0,0,0,0,0,1,0,0,1,1,0,1,0,1,0,0,0,0,0,0,0,0,0,0,0,1,0,0,0,0,0,0,0,0
1.3862943611198906,1.0986122886681098,6.816735880594968,1.791759469228055,6.139884552226255,0.6931471805599453,2.302585092994046,2.302585092994046,0,0,0,0,0,0,0,1,1,2.0,1,0,1,1,0,1,1,1,1,1,0,0,1,0,0,0,0,0,0,0,0,0,0,0,0,0,0,0,0,1,0,1,1
1.3862943611198906,1.0986122886681098,6.90975328164481,1.6094379124341003,6.139884552226255,0.6931471805599453,2.9444389791664403,1.3862943611198906,0,0,0,0,0,0,0,0,0,1.0,0,0,0,0,0,0,0,1,1,0,1,0,0,0,0,0,0,0,0,0,0,0,0,0,1,0,0,0,0,0,0,1,0
1.6094379124341003,1.3862943611198906,7.170888478512505,3.044522437723423,6.139884552226255,1.0986122886681098,2.302585092994046,2.70805020110221,0,0,0,0,0,0,0,1,1,2.0,1,1,1,1,1,1,1,1,1,1,1,1,1,1,0,0,0,0,0,0,0,0,0,0,1,0,1,0,0,1,1,1,0
1.3862943611198906,1.0986122886681098,6.582025138892826,2.833213344056216,5.54907608489522,0.6931471805599453,3.2188758248682006,1.791759469228055,0,0,0,0,0,0,0,1,1,2.0,0,0,0,0,1,0,0,1,1,0,1,0,1,0,0,0,0,0,0,1,0,0,0,0,0,0,1,0,0,0,0,0,0
1.6094379124341003,1.3862943611198906,7.4067107301776405,3.8066624897703196,5.937536205082426,1.0986122886681098,1.791759469228055,2.302585092994046,0,0,0,0,0,0,0,1,1,3.0,1,0,1,0,1,0,1,1,1,1,1,0,1,0,0,0,0,0,0,1,0,0,0,0,0,0,1,0,0,0,0,0,0
1.3862943611198906,1.0986122886681098,6.890609120147166,2.833213344056216,6.139884552226255,0.6931471805599453,2.302585092994046,1.791759469228055,0,0,1,1,0,0,1,1,1,2.0,0,0,0,0,0,0,0,1,1,0,1,0,1,1,1,0,0,0,0,0,0,0,0,0,0,0,1,0,0,1,0,1,0
1.3862943611198906,1.0986122886681098,6.803505257608338,3.258096538021482,5.707110264748875,1.0986122886681098,2.1972245773362196,2.3978952727983707,0,0,0,0,0,0,0,1,1,2.0,1,0,1,0,1,1,1,1,1,1,1,0,1,0,0,0,0,0,0,1,0,0,0,0,0,0,1,0,0,0,0,0,0
1.3862943611198906,0.6931471805599453,6.398594934535208,3.044522437723423,6.139884552226255,0.6931471805599453,2.302585092994046,1.3862943611198906,0,0,0,0,0,0,0,1,0,3.0,0,0,0,1,0,1,0,0,1,0,0,0,0,0,0,0,0,0,0,0,0,0,0,0,1,0,0,1,0,1,1,1,0
1.3862943611198906,1.0986122886681098,6.905753276311464,1.791759469228055,5.993961427306569,0.6931471805599453,2.302585092994046,2.6390573296152584,0,0,0,0,0,0,0,1,1,1.0,1,1,1,1,1,0,1,1,1,1,1,1,1,1,1,0,0,0,0,0,0,0,0,0,0,0,1,0,0,1,0,0,1
1.3862943611198906,1.0986122886681098,6.821107472256465,3.1354942159291497,5.796057750765372,1.0986122886681098,2.0794415416798357,1.9459101490553132,0,0,0,0,0,0,0,1,0,2.0,0,0,1,0,0,1,0,1,1,0,1,0,1,0,0,0,0,0,0,0,0,0,0,0,0,0,0,0,0,0,0,0,0
1.3862943611198906,1.0986122886681098,7.0909098220799835,3.044522437723423,6.35088571671474,0.6931471805599453,2.302585092994046,0.0,1,0,1,1,0,0,1,1,1,3.0,0,0,0,0,0,0,0,0,0,0,0,0,0,0,1,0,0,0,0,0,0,0,0,0,0,0,1,0,0,1,1,0,1
1.3862943611198906,1.0986122886681098,6.898714534329988,3.044522437723423,6.139884552226255,0.6931471805599453,2.302585092994046,2.70805020110221,0,0,0,0,0,0,0,0,0,1.0,1,1,1,1,1,1,1,1,1,1,1,1,1,1,0,0,0,0,0,0,0,0,0,0,0,0,0,0,0,1,1,1,0
1.3862943611198906,1.0986122886681098,6.7464121285733745,2.6390573296152584,6.139884552226255,0.6931471805599453,2.70805020110221,1.6094379124341003,0,0,0,0,0,0,0,1,0,2.0,0,0,0,1,0,1,0,0,1,0,1,0,0,0,0,0,0,0,0,0,0,0,0,0,0,0,0,0,0,0,0,1,1
0.6931471805599453,0.6931471805599453,6.597145701886651,2.9444389791664403,6.6240652277998935,0.6931471805599453,3.1780538303479458,2.1972245773362196,0,0,0,0,0,0,0,1,1,2.0,0,1,1,0,1,1,0,1,1,0,1,0,1,0,1,0,0,0,0,0,0,0,0,0,0,0,1,0,0,0,0,0,0
1.3862943611198906,1.0986122886681098,6.9726062513017535,3.044522437723423,6.028278520230698,1.0986122886681098,2.302585092994046,2.0794415416798357,0,0,0,1,0,0,0,1,1,2.0,1,0,0,1,0,0,1,1,1,0,1,0,1,0,0,0,0,0,0,0,0,0,0,0,1,0,1,0,0,1,1,0,0
1.3862943611198906,1.0986122886681098,6.621405651764134,1.791759469228055,6.139884552226255,0.6931471805599453,2.302585092994046,0.6931471805599453,1,1,1,1,1,0,0,0,0,3.0,0,0,0,0,0,0,0,1,0,0,0,0,0,0,0,0,0,0,0,0,0,0,0,0,1,0,0,1,0,1,0,1,1
1.0986122886681098,1.0986122886681098,6.90975328164481,3.1354942159291497,6.980075940561763,0.6931471805599453,2.6390573296152584,2.6390573296152584,0,1,0,0,1,0,0,1,0,1.0,1,1,1,1,1,1,1,1,1,1,1,0,1,1,0,0,0,0,0,0,0,0,0,0,1,0,1,0,0,0,0,0,0
1.0986122886681098,1.0986122886681098,6.269096283706261,3.044522437723423,6.139884552226255,0.6931471805599453,2.302585092994046,0.0,0,0,0,0,0,0,0,0,0,3.0,0,0,0,0,0,0,0,0,0,0,0,0,0,0,0,0,0,0,0,0,0,0,0,0,1,0,0,1,0,1,1,1,1
1.3862943611198906,1.0986122886681098,6.55250788703459,3.4657359027997265,5.8888779583328805,0.6931471805599453,3.1354942159291497,1.3862943611198906,0,0,0,0,0,0,0,1,1,1.0,0,0,0,0,1,0,0,1,0,0,1,0,0,0,0,0,0,0,0,1,0,0,0,0,0,0,0,0,0,0,0,0,0
1.3862943611198906,1.791759469228055,8.030409562130485,3.258096538021482,7.0909098220799835,1.3862943611198906,2.3978952727983707,2.302585092994046,0,0,0,0,0,0,0,1,1,2.0,1,1,1,1,0,0,1,0,1,0,1,0,1,1,0,0,0,0,0,1,0,0,0,0,0,0,1,0,0,0,0,0,0
1.6094379124341003,1.6094379124341003,7.3537223303996315,3.4965075614664802,6.450470422144176,1.3862943611198906,1.3862943611198906,2.3978952727983707,0,0,0,0,0,0,0,1,1,2.0,0,0,1,0,1,1,1,1,1,1,1,1,1,0,0,0,0,0,0,1,0,0,0,0,0,0,1,0,0,0,0,0,0
1.3862943611198906,1.0986122886681098,6.68586094706836,1.791759469228055,6.139884552226255,0.6931471805599453,2.302585092994046,1.6094379124341003,0,0,0,0,0,0,0,0,0,2.0,1,0,0,0,0,0,0,1,1,0,1,0,0,0,0,0,0,0,0,0,0,0,0,0,1,0,0,0,0,1,0,1,1
1.3862943611198906,1.0986122886681098,6.621405651764134,3.4965075614664802,6.8966943316227125,1.0986122886681098,3.295836866004329,2.302585092994046,0,0,0,0,0,0,0,1,1,2.0,1,0,1,1,1,0,0,1,1,0,1,0,1,1,0,0,0,0,0,1,0,0,0,0,0,0,1,0,0,0,0,0,0
1.0986122886681098,0.6931471805599453,6.493753839851686,3.044522437723423,6.139884552226255,0.6931471805599453,2.302585092994046,0.0,0,0,0,0,0,0,0,1,0,2.0,0,0,0,0,0,0,0,0,0,0,0,0,0,0,0,0,0,0,0,0,0,0,1,0,0,0,0,0,0,1,1,1,0
1.3862943611198906,1.0986122886681098,7.329093736246592,3.044522437723423,6.139884552226255,0.6931471805599453,2.302585092994046,2.70805020110221,0,0,0,0,0,0,0,1,0,2.0,1,1,1,1,1,1,1,1,1,1,1,1,1,1,1,0,0,0,0,0,0,0,0,0,0,0,1,0,0,1,1,1,1
1.3862943611198906,1.0986122886681098,6.90875477931522,3.044522437723423,6.139884552226255,0.6931471805599453,2.302585092994046,0.0,0,0,0,0,0,0,0,1,1,2.0,0,0,0,0,0,0,0,0,0,0,0,0,0,0,0,0,0,0,0,0,0,0,0,0,0,1,0,0,0,1,1,1,0
1.3862943611198906,1.0986122886681098,6.398594934535208,3.044522437723423,6.139884552226255,0.6931471805599453,2.302585092994046,1.791759469228055,0,0,0,0,0,0,0,1,0,3.0,0,0,0,1,1,1,0,1,0,0,1,0,0,0,0,0,0,0,0,0,0,0,0,0,0,1,0,0,0,1,1,1,1
1.3862943611198906,1.0986122886681098,7.16703787691222,1.9459101490553132,5.420534999272286,1.0986122886681098,2.1972245773362196,2.6390573296152584,0,0,0,0,0,0,0,1,1,2.0,1,1,1,1,1,1,0,1,1,1,1,1,1,1,0,0,0,0,0,1,0,0,0,0,0,0,1,0,0,0,0,0,0
1.0986122886681098,1.0986122886681098,6.982862751468942,2.1972245773362196,4.499809670330265,1.0986122886681098,2.302585092994046,2.3978952727983707,0,0,0,0,0,0,0,1,0,2.0,0,0,1,0,1,1,0,1,1,1,1,1,1,1,0,0,0,0,0,0,0,0,0,1,0,0,0,0,0,1,0,0,0
1.3862943611198906,1.0986122886681098,6.926577033222725,3.044522437723423,6.139884552226255,1.0986122886681098,2.302585092994046,1.9459101490553132,1,0,1,1,1,0,0,1,0,3.0,0,0,1,0,1,0,0,1,1,0,1,0,1,0,1,0,0,0,0,0,0,0,0,0,0,0,1,0,0,1,1,1,0
1.6094379124341003,1.0986122886681098,7.122059881629142,3.332204510175204,6.683360945766275,1.0986122886681098,2.772588722239781,2.302585092994046,0,0,1,1,0,0,0,1,1,1.0,1,1,1,0,0,0,0,1,1,1,1,1,1,0,0,0,0,0,0,0,0,0,0,0,1,0,1,0,0,0,0,0,0
1.3862943611198906,1.0986122886681098,7.161622002939187,3.044522437723423,6.139884552226255,0.6931471805599453,2.302585092994046,0.0,0,0,0,0,0,0,0,1,0,2.0,0,0,0,0,0,0,0,0,0,0,0,0,0,0,0,0,0,0,0,0,0,0,0,1,0,0,0,0,0,1,1,1,1
1.3862943611198906,1.0986122886681098,6.594413459749778,2.3978952727983707,5.220355825078324,0.6931471805599453,2.302585092994046,1.3862943611198906,0,0,0,0,0,0,0,1,0,1.0,0,0,0,0,1,0,0,1,0,0,1,0,0,0,0,0,0,0,0,1,0,0,0,0,0,0,0,0,0,1,0,0,0
1.3862943611198906,1.0986122886681098,7.116394144093465,2.9444389791664403,6.345636360828596,1.0986122886681098,2.6390573296152584,1.791759469228055,0,0,1,0,0,0,1,1,1,2.0,0,0,0,0,1,0,0,1,1,0,1,0,1,0,1,0,0,0,0,0,0,0,0,0,0,0,1,0,0,0,0,0,0
1.3862943611198906,1.0986122886681098,6.873163834212518,2.833213344056216,5.43372200355424,0.6931471805599453,2.1972245773362196,1.6094379124341003,0,0,0,1,0,0,0,0,0,2.0,0,0,1,0,0,0,0,1,1,0,0,0,1,0,0,0,0,0,0,0,0,0,0,0,1,0,1,0,0,0,0,0,1
1.3862943611198906,1.0986122886681098,6.9411900550683745,2.5649493574615367,5.43372200355424,0.6931471805599453,2.302585092994046,1.3862943611198906,1,0,1,1,0,0,0,1,0,2.0,1,0,1,0,0,0,0,0,0,0,1,0,0,0,0,0,0,0,0,0,0,0,0,0,1,0,0,0,1,0,0,0,1
1.3862943611198906,1.0986122886681098,6.704414354964107,3.044522437723423,6.906754778648554,1.0986122886681098,2.995732273553991,2.0794415416798357,1,1,1,0,0,0,0,1,0,2.0,1,0,1,0,0,1,0,1,1,0,1,0,1,0,0,0,0,0,0,0,0,0,0,0,1,0,0,0,0,0,0,0,0
0.6931471805599453,0.6931471805599453,6.530877627725885,3.044522437723423,6.139884552226255,0.6931471805599453,2.302585092994046,2.0794415416798357,0,0,0,0,0,0,0,1,0,3.0,0,0,1,0,1,0,0,1,1,1,1,0,1,0,0,0,0,0,0,0,0,0,0,0,0,0,0,0,1,1,1,1,1
1.3862943611198906,1.0986122886681098,6.930494765951626,3.4011973816621555,5.921578419643816,1.0986122886681098,2.3978952727983707,2.3978952727983707,0,0,0,0,0,0,0,1,1,2.0,1,0,1,1,1,1,0,1,1,0,1,0,1,1,0,0,0,0,0,0,0,0,0,0,1,0,1,0,0,0,0,0,0
1.0986122886681098,1.0986122886681098,6.311734809152915,3.044522437723423,6.139884552226255,0.6931471805599453,2.302585092994046,1.6094379124341003,0,0,0,0,0,0,0,0,1,1.0,0,0,0,1,1,0,0,1,0,0,1,0,0,0,0,0,1,0,0,0,0,0,0,0,0,0,0,0,0,1,1,1,1
1.3862943611198906,1.0986122886681098,6.90875477931522,3.828641396489095,6.844815479208263,1.0986122886681098,1.0986122886681098,1.6094379124341003,0,0,0,0,0,0,0,1,1,2.0,1,0,0,0,0,0,1,0,1,0,0,0,1,0,0,0,0,0,0,1,0,0,0,0,0,0,1,0,0,0,0,0,0
1.3862943611198906,1.0986122886681098,6.478509642208569,1.791759469228055,6.139884552226255,0.6931471805599453,2.302585092994046,1.791759469228055,0,0,0,0,0,0,0,0,0,3.0,0,0,0,0,1,1,0,1,0,0,1,0,1,0,0,0,0,0,0,0,0,0,0,0,1,0,0,1,0,1,0,1,0
1.3862943611198906,1.0986122886681098,7.1316985104669115,3.4339872044851463,6.018593214496234,1.0986122886681098,1.9459101490553132,0.0,0,0,0,0,0,0,0,1,1,3.0,0,0,0,0,0,0,0,0,0,0,0,0,0,0,0,0,0,0,0,1,0,0,0,0,0,0,1,0,0,0,0,0,0
1.3862943611198906,1.0986122886681098,6.68586094706836,1.6094379124341003,4.330733340286331,0.6931471805599453,2.302585092994046,2.0794415416798357,0,0,0,0,0,0,0,1,1,3.0,0,0,1,0,0,1,0,1,1,1,1,0,1,0,0,0,0,0,0,0,0,0,0,0,1,0,0,0,0,0,0,0,1
0.6931471805599453,0.6931471805599453,6.476972362889683,4.04305126783455,6.709304340258298,0.6931471805599453,0.6931471805599453,1.791759469228055,0,0,0,0,0,0,0,1,0,2.0,0,0,1,0,0,0,1,0,0,1,1,0,1,0,0,0,0,0,0,0,0,0,1,0,0,0,0,0,1,0,0,0,0
1.3862943611198906,1.0986122886681098,6.621405651764134,3.044522437723423,6.139884552226255,0.6931471805599453,2.302585092994046,1.3862943611198906,0,0,0,1,0,0,0,0,0,1.0,0,0,0,0,0,1,0,0,1,0,1,0,0,0,0,0,0,0,0,0,0,0,0,0,1,0,0,0,0,1,1,1,1
1.3862943611198906,1.0986122886681098,6.732210706467206,3.1354942159291497,6.705639094860003,0.6931471805599453,2.833213344056216,2.302585092994046,0,0,0,0,0,0,0,1,1,2.0,1,0,1,1,1,0,0,1,1,0,1,1,1,0,0,0,0,0,0,1,0,0,0,0,0,0,1,0,0,0,0,0,0
1.3862943611198906,1.0986122886681098,6.831953565565855,3.4965075614664802,7.601402334583733,0.6931471805599453,1.3862943611198906,2.0794415416798357,1,0,1,1,0,0,0,1,0,3.0,0,0,1,0,1,1,0,1,1,0,1,0,1,0,1,0,0,0,0,0,0,0,0,0,0,0,1,0,0,0,0,0,1
1.0986122886681098,0.6931471805599453,6.317164686747284,3.044522437723423,6.139884552226255,0.6931471805599453,2.302585092994046,0.0,0,0,0,0,0,0,0,0,0,3.0,0,0,0,0,0,0,0,0,0,0,0,0,0,0,1,0,0,0,0,0,0,0,0,0,0,0,0,1,0,1,1,1,1
1.6094379124341003,1.3862943611198906,7.1569563646156364,2.9444389791664403,6.118097198041348,1.0986122886681098,2.4849066497880004,2.6390573296152584,1,1,1,1,0,0,0,1,1,3.0,1,1,1,1,1,1,1,1,1,1,1,1,1,0,0,0,0,0,0,0,0,0,0,0,1,0,1,0,0,0,0,0,0
1.3862943611198906,1.0986122886681098,6.7464121285733745,3.044522437723423,6.139884552226255,0.6931471805599453,2.302585092994046,0.0,0,0,1,0,0,0,0,1,1,1.0,0,0,0,0,0,0,0,0,0,0,0,0,0,0,0,0,0,0,0,0,0,0,0,0,1,0,0,0,0,1,1,1,1
1.3862943611198906,1.0986122886681098,6.621405651764134,3.044522437723423,6.139884552226255,0.6931471805599453,2.302585092994046,1.791759469228055,0,0,0,0,0,0,0,0,0,2.0,0,0,0,1,0,0,1,1,1,0,1,0,0,0,0,0,0,0,0,0,0,0,0,0,1,0,0,0,0,1,1,1,0
1.3862943611198906,1.3862943611198906,7.377133712833954,3.7612001156935624,6.508769136971682,1.0986122886681098,1.9459101490553132,2.0794415416798357,0,0,0,0,0,0,0,1,1,2.0,1,0,1,0,1,0,0,1,1,0,1,0,1,0,0,0,0,0,0,1,0,0,0,0,0,0,1,0,0,0,0,0,0
1.6094379124341003,1.0986122886681098,6.90975328164481,3.044522437723423,6.139884552226255,0.6931471805599453,2.302585092994046,1.6094379124341003,0,0,0,0,0,0,0,1,0,2.0,0,0,0,0,1,0,0,1,1,0,1,0,0,0,0,0,0,0,0,0,0,0,0,0,1,0,0,0,0,1,1,1,1
1.6094379124341003,1.0986122886681098,7.077498053569231,3.4965075614664802,7.601402334583733,1.0986122886681098,1.3862943611198906,2.4849066497880004,1,0,1,1,0,0,0,0,0,2.0,0,0,1,0,1,1,1,1,1,1,1,1,1,1,1,0,0,0,0,0,0,0,0,0,0,0,1,0,0,0,0,0,0
0.6931471805599453,0.6931471805599453,6.5337888379333435,3.044522437723423,6.139884552226255,0.6931471805599453,2.302585092994046,0.0,0,0,0,0,0,0,0,1,0,2.0,0,0,0,0,0,0,0,0,0,0,0,0,0,0,0,0,0,0,0,0,0,0,0,1,0,0,0,0,0,1,1,1,0
1.3862943611198906,1.0986122886681098,6.913737350659685,3.1780538303479458,6.139884552226255,0.6931471805599453,2.302585092994046,1.3862943611198906,1,0,0,1,1,0,1,0,0,2.0,0,0,0,0,0,1,0,1,0,0,1,0,0,0,1,0,0,0,0,0,0,0,0,0,0,0,1,0,0,1,0,1,1
1.0986122886681098,0.6931471805599453,6.621405651764134,3.044522437723423,6.139884552226255,0.6931471805599453,2.302585092994046,1.6094379124341003,1,1,1,1,0,1,0,1,1,2.0,0,0,0,0,1,0,0,1,1,0,1,0,0,0,1,0,0,0,0,0,0,0,0,0,0,0,0,0,0,1,1,1,0
1.3862943611198906,1.0986122886681098,6.594413459749778,3.044522437723423,6.139884552226255,0.6931471805599453,2.302585092994046,0.0,0,0,0,0,0,0,0,1,1,3.0,0,0,0,0,0,0,0,0,0,0,0,0,0,0,0,0,0,0,0,0,0,0,0,0,0,0,0,1,0,1,1,1,1
1.6094379124341003,1.0986122886681098,7.197435354096591,2.8903717578961645,6.85751406254539,0.6931471805599453,2.8903717578961645,2.302585092994046,0,0,0,0,0,0,0,1,1,3.0,0,0,1,1,1,1,1,1,1,0,1,0,1,0,1,0,0,0,0,0,0,0,0,0,0,0,1,0,0,0,0,0,0
1.3862943611198906,1.0986122886681098,6.55250788703459,2.8903717578961645,1.3862943611198906,0.6931471805599453,3.4657359027997265,0.0,0,0,0,0,0,0,0,1,0,2.0,0,0,0,0,0,0,0,0,0,0,0,0,0,0,0,0,0,0,0,1,0,0,0,0,0,0,0,0,0,0,0,0,0
1.3862943611198906,1.0986122886681098,6.932447891572509,1.6094379124341003,6.139884552226255,0.6931471805599453,2.302585092994046,0.0,0,0,0,0,0,0,0,1,0,1.0,0,0,0,0,0,0,0,0,0,0,0,0,0,0,0,0,0,0,0,0,0,0,0,0,0,0,0,0,0,1,0,1,1
1.3862943611198906,1.0986122886681098,6.55250788703459,3.044522437723423,6.139884552226255,0.6931471805599453,2.302585092994046,0.0,0,0,0,0,0,0,0,1,0,2.0,0,0,0,0,0,0,0,0,0,0,0,0,0,0,0,0,0,0,0,0,0,0,0,0,0,1,0,0,0,1,1,1,1
1.3862943611198906,1.0986122886681098,6.55250788703459,3.044522437723423,6.139884552226255,0.6931471805599453,2.302585092994046,1.3862943611198906,0,0,0,0,0,0,0,1,1,1.0,0,0,0,0,1,0,0,1,0,0,1,0,0,0,0,0,0,0,0,1,0,0,0,0,0,0,0,1,0,1,1,1,0
1.3862943611198906,0.6931471805599453,6.472346294500901,3.1780538303479458,7.700295203420117,0.6931471805599453,2.70805020110221,1.9459101490553132,0,0,0,0,0,0,0,0,0,1.0,0,0,0,1,1,1,0,1,1,0,1,0,0,0,0,0,0,0,0,1,0,0,0,0,0,0,0,0,0,0,0,0,1
1.3862943611198906,1.0986122886681098,6.68586094706836,3.044522437723423,7.550135342488429,0.6931471805599453,2.0794415416798357,1.3862943611198906,0,0,0,0,0,0,0,1,0,2.0,0,0,0,0,1,0,0,1,0,0,1,0,0,0,0,0,0,0,0,1,0,0,0,0,0,0,0,0,0,0,1,0,0
1.0986122886681098,0.6931471805599453,6.2285110035911835,3.044522437723423,6.139884552226255,0.6931471805599453,2.302585092994046,0.0,0,0,0,0,0,0,0,1,1,3.0,0,0,0,0,0,0,0,0,0,0,0,0,0,0,0,0,0,0,0,0,0,0,0,0,0,0,0,0,0,1,1,1,1
0.6931471805599453,1.0986122886681098,6.111467339502679,3.044522437723423,6.139884552226255,0.6931471805599453,2.302585092994046,2.4849066497880004,0,1,0,0,0,0,0,1,1,2.0,1,1,1,1,1,1,1,1,1,0,1,0,1,0,0,0,0,0,0,0,0,0,0,0,1,0,1,0,0,1,1,1,0
1.3862943611198906,1.0986122886681098,6.825460036255307,3.044522437723423,6.139884552226255,1.0986122886681098,2.302585092994046,2.3978952727983707,0,0,0,0,0,0,0,1,1,2.0,1,0,1,1,1,0,1,1,1,1,1,0,1,0,0,0,0,0,0,0,0,0,0,0,0,0,0,0,0,1,1,1,0
1.3862943611198906,1.0986122886681098,6.7464121285733745,2.9444389791664403,5.303304908059076,0.6931471805599453,2.8903717578961645,2.3978952727983707,1,0,1,1,0,0,1,1,0,2.0,1,1,0,1,1,1,1,1,1,0,1,0,1,0,0,0,0,0,0,0,0,0,0,0,1,0,0,0,0,0,0,0,1
0.6931471805599453,0.6931471805599453,6.421622267806518,2.4849066497880004,6.192362489474872,0.6931471805599453,2.1972245773362196,0.0,0,0,0,0,0,0,0,1,1,3.0,0,0,0,0,0,0,0,0,0,0,0,0,0,0,0,0,0,0,0,0,0,0,0,0,0,0,1,0,0,0,0,0,1
1.3862943611198906,1.0986122886681098,6.652863029353347,3.6109179126442243,6.447305862541213,0.6931471805599453,2.0794415416798357,2.302585092994046,0,0,1,0,0,0,1,1,0,2.0,0,0,1,1,0,1,0,1,1,0,1,1,1,1,1,0,0,0,0,0,0,0,0,0,0,0,0,0,1,0,0,0,0
1.3862943611198906,1.0986122886681098,7.244941546337007,2.833213344056216,5.5093883366279774,0.6931471805599453,2.6390573296152584,2.4849066497880004,0,0,0,0,0,0,0,0,1,2.0,0,0,1,0,1,1,1,1,1,1,1,1,1,1,1,0,0,0,0,0,0,0,0,0,0,0,1,0,0,0,0,0,0
1.3862943611198906,1.0986122886681098,6.7580945044277305,2.4849066497880004,6.139884552226255,0.6931471805599453,2.302585092994046,2.0794415416798357,0,0,1,1,0,0,0,1,1,1.0,1,0,0,0,1,0,1,1,1,0,1,0,1,0,1,0,0,0,0,0,0,0,0,0,0,0,0,0,0,1,0,1,0
1.3862943611198906,1.0986122886681098,6.825460036255307,3.044522437723423,6.139884552226255,0.6931471805599453,2.302585092994046,0.0,1,1,0,0,0,0,1,1,1,2.0,0,0,0,0,0,0,0,0,0,0,0,0,0,0,0,0,0,0,0,0,0,0,0,0,1,0,1,0,0,1,1,1,0
1.3862943611198906,1.3862943611198906,7.122059881629142,3.332204510175204,6.683360945766275,0.6931471805599453,2.772588722239781,2.1972245773362196,0,0,1,1,0,0,0,1,1,2.0,1,1,1,0,0,0,0,1,1,1,1,1,0,0,0,0,0,0,0,0,0,0,0,0,1,0,1,0,0,0,0,0,1
1.0986122886681098,1.0986122886681098,6.580639137284949,3.044522437723423,6.139884552226255,0.6931471805599453,2.0794415416798357,2.3978952727983707,0,0,0,0,0,0,0,1,1,2.0,1,0,1,0,1,1,1,1,1,1,1,0,1,0,0,0,1,0,0,0,0,0,0,0,0,0,0,0,1,0,1,1,1
1.3862943611198906,1.0986122886681098,6.621405651764134,3.044522437723423,6.411818267709897,0.6931471805599453,2.302585092994046,1.9459101490553132,0,0,0,0,0,0,0,1,1,3.0,0,0,0,1,1,0,1,1,1,0,1,0,0,0,0,0,0,0,0,1,0,0,0,0,0,0,0,0,0,1,0,0,0
1.3862943611198906,1.0986122886681098,7.1316985104669115,3.044522437723423,6.061456918928017,1.0986122886681098,2.0794415416798357,2.4849066497880004,0,0,0,0,0,0,0,1,1,2.0,1,1,1,1,1,1,1,1,1,0,1,0,1,0,0,0,0,0,0,0,0,0,0,0,1,0,1,0,0,0,1,0,0
0.6931471805599453,0.6931471805599453,6.478509642208569,3.58351893845611,6.126869184114185,0.6931471805599453,2.0794415416798357,2.70805020110221,1,0,1,1,0,0,0,1,1,2.0,1,1,1,1,1,1,1,1,1,1,1,1,1,1,0,0,0,0,0,0,0,0,0,0,1,0,0,0,1,0,0,0,0
1.3862943611198906,1.0986122886681098,6.536691597591305,3.044522437723423,6.139884552226255,0.6931471805599453,2.302585092994046,1.6094379124341003,0,0,0,0,0,0,0,1,1,2.0,0,0,0,1,1,0,0,0,1,0,1,0,0,0,0,0,0,0,0,1,0,0,0,0,0,0,0,0,0,1,1,1,1
1.3862943611198906,1.0986122886681098,6.7464121285733745,3.044522437723423,6.139884552226255,0.6931471805599453,2.302585092994046,2.1972245773362196,0,0,0,0,0,0,0,0,0,2.0,0,0,1,0,1,1,1,1,1,0,1,0,1,0,0,0,0,0,0,0,0,0,1,0,0,0,0,0,0,1,1,1,0
0.6931471805599453,0.6931471805599453,6.329720905522696,3.6635616461296463,6.9411900550683745,0.6931471805599453,2.4849066497880004,2.4849066497880004,1,1,1,1,1,0,1,1,1,3.0,1,0,1,0,1,1,1,1,1,1,1,1,1,0,1,0,0,0,0,0,0,0,0,0,0,0,0,0,1,0,0,0,1
1.3862943611198906,1.0986122886681098,6.785587645007929,3.044522437723423,6.139884552226255,0.6931471805599453,2.302585092994046,1.3862943611198906,0,0,0,0,0,0,0,0,1,2.0,0,0,0,0,0,0,0,1,1,0,1,0,0,0,1,0,0,0,0,0,0,0,0,0,0,0,0,0,0,1,1,1,0
0.6931471805599453,0.6931471805599453,6.0844994130751715,3.044522437723423,6.139884552226255,0.6931471805599453,2.302585092994046,1.9459101490553132,0,0,0,0,0,0,0,1,1,3.0,0,1,1,0,1,1,0,1,0,0,1,0,0,0,0,0,0,0,0,0,0,0,1,0,0,0,0,0,1,1,1,1,1
1.3862943611198906,1.0986122886681098,6.946013991099227,3.1780538303479458,6.61338421837956,1.0986122886681098,2.302585092994046,2.1972245773362196,0,0,0,1,0,0,1,1,1,2.0,1,0,1,1,0,1,0,0,1,1,1,0,1,0,0,0,0,0,0,0,0,0,0,0,1,0,0,0,1,0,0,0,0
1.3862943611198906,1.0986122886681098,6.854354502255021,3.044522437723423,6.139884552226255,1.0986122886681098,2.302585092994046,2.70805020110221,0,0,0,0,0,0,0,1,1,2.0,1,1,1,1,1,1,1,1,1,1,1,1,1,1,0,0,0,0,0,0,0,1,0,0,0,0,0,0,1,1,1,1,0
1.0986122886681098,0.6931471805599453,6.313548046277095,3.044522437723423,6.139884552226255,0.6931471805599453,2.302585092994046,1.3862943611198906,0,0,0,0,0,0,0,1,0,3.0,0,0,0,0,0,1,0,1,1,0,0,0,0,0,1,0,0,0,0,0,0,0,0,0,0,0,0,1,0,1,1,1,1
1.3862943611198906,1.0986122886681098,7.0825485693553,2.3978952727983707,6.139884552226255,0.6931471805599453,3.091042453358316,2.1972245773362196,0,0,0,0,0,0,0,0,1,1.0,1,0,0,0,1,0,1,1,1,0,1,0,1,1,0,0,0,0,0,0,0,0,0,0,1,0,1,0,0,0,0,1,0
1.3862943611198906,1.0986122886681098,6.694562058521095,3.044522437723423,6.139884552226255,0.6931471805599453,2.302585092994046,1.0986122886681098,0,0,0,0,0,0,0,1,1,2.0,0,0,0,0,1,0,0,1,0,0,0,0,0,0,0,0,0,0,0,1,0,0,0,0,0,0,0,0,0,1,1,1,0
0.6931471805599453,1.0986122886681098,6.795705775173514,2.0794415416798357,5.081404364984463,0.6931471805599453,2.6390573296152584,2.3978952727983707,0,0,0,0,0,0,0,1,1,3.0,1,0,1,1,1,0,1,1,1,1,1,0,1,0,0,0,0,0,0,1,0,0,0,0,0,0,0,0,1,0,0,0,0
1.3862943611198906,1.0986122886681098,6.97166860472579,3.1780538303479458,6.037870919922137,1.0986122886681098,2.302585092994046,2.1972245773362196,0,0,0,0,0,0,0,1,0,2.0,1,0,1,0,1,0,1,1,1,0,1,0,1,0,0,0,0,0,0,0,0,0,0,0,1,0,0,0,1,0,0,0,0
1.3862943611198906,1.0986122886681098,6.846943139585379,2.6390573296152584,5.484796933490655,1.0986122886681098,2.302585092994046,2.70805020110221,0,0,0,0,0,0,0,1,1,2.0,1,1,1,1,1,1,1,1,1,1,1,1,1,1,1,0,0,0,0,0,0,0,0,0,0,0,1,0,0,1,0,0,0
1.3862943611198906,1.0986122886681098,7.208600337960199,3.044522437723423,6.139884552226255,1.0986122886681098,2.302585092994046,2.0794415416798357,0,0,0,0,0,0,0,1,1,2.0,1,1,1,0,0,0,0,1,1,0,1,0,1,0,0,0,0,0,0,1,0,0,0,0,0,0,0,0,1,1,1,1,0
1.3862943611198906,1.0986122886681098,7.068172000388042,3.295836866004329,6.590301048196686,1.0986122886681098,0.6931471805599453,2.302585092994046,0,1,1,1,0,0,1,1,0,2.0,1,0,1,1,1,0,1,1,1,0,1,0,1,0,0,0,0,0,0,0,0,0,0,0,1,0,1,0,0,0,0,0,0
1.3862943611198906,1.0986122886681098,6.652863029353347,3.6109179126442243,6.447305862541213,0.6931471805599453,2.0794415416798357,2.70805020110221,0,0,1,0,0,0,1,1,0,2.0,1,1,1,1,1,1,1,1,1,1,1,1,1,1,1,0,0,0,0,0,0,0,0,0,0,0,0,0,1,0,0,0,0
1.3862943611198906,1.0986122886681098,7.020190708311925,3.044522437723423,6.052089168924417,1.0986122886681098,1.9459101490553132,1.791759469228055,0,0,0,0,0,1,0,1,1,1.0,0,0,0,1,0,0,1,0,0,0,1,1,1,0,0,0,0,0,0,0,0,0,0,0,1,0,1,0,0,0,0,0,0
1.0986122886681098,1.0986122886681098,6.8658910748834385,3.044522437723423,6.139884552226255,0.6931471805599453,2.302585092994046,1.791759469228055,0,0,0,0,0,0,0,1,0,1.0,0,0,1,0,1,0,0,1,0,0,1,0,1,0,0,0,0,0,0,0,0,0,0,0,0,1,0,0,1,1,1,1,0
1.3862943611198906,1.0986122886681098,6.55250788703459,2.5649493574615367,5.262690188904886,0.6931471805599453,3.367295829986474,1.3862943611198906,0,0,0,0,0,0,0,1,1,2.0,0,0,0,0,1,0,0,1,0,0,1,0,0,0,0,0,0,0,0,1,0,0,0,0,0,0,0,0,0,0,0,0,1
1.0986122886681098,0.6931471805599453,6.311734809152915,3.044522437723423,6.139884552226255,0.6931471805599453,2.302585092994046,0.6931471805599453,0,1,1,1,0,0,1,1,1,2.0,0,0,0,0,0,0,0,1,0,0,0,0,0,0,1,0,0,0,0,0,0,0,0,0,0,0,0,0,0,1,1,1,1
1.3862943611198906,1.0986122886681098,6.55250788703459,3.2188758248682006,5.459585514144159,0.6931471805599453,2.302585092994046,1.3862943611198906,0,0,0,0,0,0,0,1,1,2.0,0,0,0,0,1,0,0,1,0,0,1,0,0,0,0,0,0,0,0,1,0,0,0,0,0,0,0,0,0,1,0,0,0
1.3862943611198906,1.3862943611198906,7.705262474866325,2.995732273553991,5.0106352940962555,1.3862943611198906,2.302585092994046,2.0794415416798357,0,0,0,0,0,0,0,1,0,2.0,0,0,1,0,1,0,1,1,1,0,1,0,1,0,0,0,0,0,0,0,0,0,1,0,0,0,1,0,0,0,0,0,0
1.0986122886681098,0.6931471805599453,6.018593214496234,3.044522437723423,6.139884552226255,0.6931471805599453,2.302585092994046,0.6931471805599453,0,0,0,0,0,0,0,1,0,1.0,0,0,0,0,0,0,0,1,0,0,0,0,0,0,0,0,0,0,0,0,0,0,1,0,0,0,0,0,0,1,1,1,0
1.3862943611198906,1.0986122886681098,6.814542897259958,3.044522437723423,6.139884552226255,0.6931471805599453,2.302585092994046,1.0986122886681098,1,0,1,1,0,0,0,0,0,3.0,0,0,0,0,0,0,0,1,0,0,1,0,0,0,0,0,0,0,0,0,0,0,0,0,1,0,0,0,0,1,1,1,1
1.3862943611198906,1.0986122886681098,6.721425700790643,3.044522437723423,6.139884552226255,1.0986122886681098,2.302585092994046,2.70805020110221,0,0,0,0,0,0,0,1,1,2.0,1,1,1,1,1,1,1,1,1,1,1,1,1,1,0,0,0,0,0,0,0,1,0,0,0,0,0,0,1,1,1,1,0
1.3862943611198906,1.0986122886681098,6.784457062637643,3.5263605246161616,6.616065185132817,0.6931471805599453,1.0986122886681098,2.302585092994046,1,0,0,1,0,0,0,1,0,2.0,1,0,1,1,1,0,1,0,1,1,1,0,1,0,0,0,0,0,0,0,0,0,0,0,1,0,0,0,1,0,0,0,1
1.3862943611198906,1.3862943611198906,7.409136443920128,2.833213344056216,6.154858094016418,1.0986122886681098,2.302585092994046,2.302585092994046,0,0,0,0,0,0,0,1,1,3.0,1,0,1,0,1,0,1,1,1,1,1,0,1,0,0,0,0,0,0,1,0,0,0,0,0,0,1,0,0,0,0,0,0
1.791759469228055,1.3862943611198906,7.644440761556566,2.995732273553991,6.139884552226255,1.0986122886681098,2.302585092994046,2.70805020110221,0,0,0,0,0,0,0,1,0,3.0,1,1,1,1,1,1,1,1,1,1,1,1,1,1,0,0,0,0,0,0,0,0,0,0,0,0,0,0,1,1,0,1,0
1.3862943611198906,1.3862943611198906,6.70808408385307,3.044522437723423,6.139884552226255,0.6931471805599453,2.302585092994046,0.0,0,0,0,0,0,0,0,1,0,2.0,0,0,0,0,0,0,0,0,0,0,0,0,0,0,0,1,0,0,0,0,0,0,0,0,0,0,0,1,0,1,1,1,1
1.3862943611198906,1.0986122886681098,6.862757913051401,3.044522437723423,6.139884552226255,0.6931471805599453,2.302585092994046,2.3978952727983707,0,0,1,1,0,0,1,1,1,1.0,1,1,1,1,0,1,1,1,1,0,1,0,1,0,0,0,0,0,0,0,0,0,0,0,1,0,0,0,0,1,1,1,0
1.6094379124341003,1.0986122886681098,6.90875477931522,3.044522437723423,7.275172319452771,1.0986122886681098,2.302585092994046,2.4849066497880004,1,1,1,1,1,0,0,1,0,2.0,1,1,1,1,1,1,1,1,1,0,1,0,1,0,1,0,0,0,0,0,0,0,0,0,0,0,0,0,1,1,1,0,0
1.3862943611198906,1.0986122886681098,6.974478911025045,3.4339872044851463,5.7430031878094825,1.0986122886681098,2.0794415416798357,2.302585092994046,0,0,0,0,0,0,0,1,1,3.0,1,0,1,1,0,0,1,1,1,1,1,0,1,0,0,0,0,0,0,0,0,0,0,0,0,0,1,0,0,0,0,0,0
1.0986122886681098,0.6931471805599453,6.311734809152915,3.044522437723423,6.139884552226255,0.6931471805599453,2.302585092994046,0.0,0,0,0,0,0,0,0,1,1,3.0,0,0,0,0,0,0,0,0,0,0,0,0,0,0,0,0,0,0,0,1,0,0,0,0,0,0,0,1,0,1,1,1,1
1.3862943611198906,1.0986122886681098,6.943122422819428,3.258096538021482,7.135687347028144,0.6931471805599453,1.791759469228055,2.70805020110221,0,0,0,0,0,0,0,1,1,2.0,1,1,1,1,1,1,1,1,1,1,1,1,1,1,0,0,0,0,0,0,0,0,0,0,0,0,0,0,0,0,0,0,0
1.3862943611198906,1.0986122886681098,6.7464121285733745,1.6094379124341003,5.855071922202427,0.6931471805599453,2.302585092994046,1.791759469228055,0,0,0,0,0,0,0,1,1,2.0,0,0,0,1,0,0,0,1,1,0,1,0,1,0,0,0,0,0,0,0,0,0,0,0,0,0,0,1,0,0,0,0,0
0.6931471805599453,0.6931471805599453,6.576469569048224,2.4849066497880004,6.139884552226255,0.6931471805599453,2.302585092994046,2.302585092994046,1,0,1,1,1,0,1,1,1,2.0,1,0,1,0,0,0,0,1,1,1,1,1,1,1,1,0,0,0,0,0,0,0,0,0,0,0,1,0,0,1,0,1,0
1.3862943611198906,1.0986122886681098,6.803505257608338,3.7612001156935624,7.895808377083183,1.0986122886681098,1.6094379124341003,0.0,0,0,0,0,0,0,0,1,1,2.0,0,0,0,0,0,0,0,0,0,0,0,0,0,0,0,0,0,0,0,1,0,0,0,0,0,0,1,0,0,0,0,0,0
1.0986122886681098,1.0986122886681098,6.78105762593618,3.044522437723423,6.139884552226255,0.6931471805599453,2.302585092994046,1.3862943611198906,0,0,0,0,0,0,0,0,0,2.0,0,0,0,0,1,0,0,1,0,0,0,0,1,0,0,0,0,0,0,0,0,0,1,0,0,0,1,0,0,1,1,1,1
1.3862943611198906,1.0986122886681098,6.9865664594064265,3.1780538303479458,5.652489180268651,1.0986122886681098,2.5649493574615367,2.3978952727983707,1,0,1,1,0,0,0,1,1,2.0,1,0,1,0,1,1,1,1,1,1,1,0,1,0,1,0,0,0,0,0,0,0,0,0,0,0,1,0,0,0,0,0,0
1.3862943611198906,1.0986122886681098,6.926577033222725,3.044522437723423,6.139884552226255,1.0986122886681098,2.302585092994046,1.9459101490553132,1,0,1,1,1,0,0,1,0,2.0,0,0,1,0,1,0,0,1,1,0,1,0,1,0,1,0,0,0,0,0,0,0,0,0,0,0,1,0,0,1,1,1,0
1.3862943611198906,1.0986122886681098,6.621405651764134,3.044522437723423,6.139884552226255,0.6931471805599453,2.302585092994046,0.0,0,0,0,0,0,0,0,1,1,2.0,0,0,0,0,0,0,0,0,0,0,0,0,0,0,0,0,0,0,0,0,0,0,0,0,0,0,0,1,0,1,1,1,1
1.0986122886681098,0.6931471805599453,6.364750756851911,3.044522437723423,6.139884552226255,0.6931471805599453,2.302585092994046,0.0,1,0,1,1,0,0,0,0,0,2.0,0,0,0,0,0,0,0,0,0,0,0,0,0,0,0,0,0,0,0,0,0,0,0,0,1,0,0,0,0,1,1,1,0
1.6094379124341003,1.0986122886681098,7.04141166379481,3.2188758248682006,6.803505257608338,0.6931471805599453,2.1972245773362196,2.1972245773362196,0,0,0,0,0,0,0,0,0,2.0,0,0,1,0,1,1,0,1,1,1,1,0,1,0,1,0,0,0,0,0,0,0,0,0,0,0,1,0,0,0,0,0,0
1.3862943611198906,1.0986122886681098,7.3783837129967145,3.58351893845611,5.278114659230517,1.0986122886681098,2.5649493574615367,2.302585092994046,0,0,0,0,0,0,0,1,1,1.0,1,0,1,1,1,0,1,1,1,0,1,0,1,0,0,0,0,0,0,1,0,0,0,0,0,0,1,0,0,0,0,0,0
1.3862943611198906,1.0986122886681098,6.478509642208569,3.044522437723423,6.139884552226255,0.6931471805599453,2.302585092994046,1.3862943611198906,0,0,0,0,0,0,0,1,0,2.0,0,0,0,0,0,1,0,1,1,0,0,0,0,0,0,0,0,0,0,0,0,0,0,0,1,0,0,0,0,1,1,1,0
1.3862943611198906,1.0986122886681098,7.170888478512505,1.9459101490553132,5.420534999272286,1.0986122886681098,2.1972245773362196,2.6390573296152584,0,0,0,0,0,0,0,1,1,2.0,1,1,1,1,1,1,0,1,1,1,1,1,1,1,0,0,0,0,0,1,0,0,0,0,0,0,1,0,0,0,0,0,0
1.6094379124341003,1.3862943611198906,7.3783837129967145,3.295836866004329,4.653960350157523,0.6931471805599453,2.8903717578961645,1.9459101490553132,0,0,0,0,0,0,0,1,1,2.0,1,0,1,0,0,0,0,1,1,0,1,0,1,0,0,0,0,0,0,1,0,0,0,0,0,0,1,0,0,0,0,0,1
1.3862943611198906,1.0986122886681098,6.7464121285733745,2.5649493574615367,6.920671504248683,0.6931471805599453,2.302585092994046,2.1972245773362196,0,0,0,0,0,0,0,1,0,3.0,0,0,1,1,1,0,0,1,1,0,1,0,1,1,0,0,0,0,0,0,0,0,1,0,0,0,0,0,0,1,0,0,0
1.0986122886681098,1.0986122886681098,6.621405651764134,3.044522437723423,6.139884552226255,0.6931471805599453,2.302585092994046,0.0,0,0,0,0,0,0,0,1,1,2.0,0,0,0,0,0,0,0,0,0,0,0,0,0,0,0,0,0,0,0,1,0,0,0,0,0,0,1,0,0,1,1,1,0
1.3862943611198906,1.0986122886681098,6.660575149839686,3.044522437723423,6.139884552226255,0.6931471805599453,2.302585092994046,1.9459101490553132,0,0,0,0,0,0,0,1,0,2.0,1,0,0,0,1,1,0,1,1,0,1,0,0,0,0,0,0,0,0,0,0,0,0,0,1,0,0,0,0,1,1,1,0
1.3862943611198906,1.0986122886681098,6.731018100482083,3.1354942159291497,6.705639094860003,0.6931471805599453,2.833213344056216,2.1972245773362196,0,0,0,0,0,0,0,1,1,1.0,1,0,1,1,0,0,0,1,1,0,1,1,1,0,0,0,0,0,0,1,0,0,0,0,0,0,1,0,0,0,0,0,0
1.3862943611198906,1.0986122886681098,6.55250788703459,2.9444389791664403,5.209486152841421,0.6931471805599453,2.8903717578961645,1.6094379124341003,0,0,0,0,0,0,0,1,1,2.0,0,0,0,0,1,0,0,1,1,0,1,0,0,0,0,0,0,0,0,1,0,0,0,0,0,0,0,0,0,0,0,0,0
1.3862943611198906,1.0986122886681098,6.55250788703459,2.9444389791664403,5.209486152841421,0.6931471805599453,2.8903717578961645,1.6094379124341003,0,0,0,0,0,0,0,1,1,2.0,0,0,0,0,1,0,0,1,1,0,1,0,0,0,0,0,0,0,0,1,0,0,0,0,0,0,0,0,0,0,0,0,0
1.3862943611198906,1.0986122886681098,6.871091294610546,3.044522437723423,6.139884552226255,0.6931471805599453,2.302585092994046,1.0986122886681098,0,0,0,0,0,0,0,0,1,2.0,0,0,0,0,0,0,0,1,0,0,1,0,0,0,0,1,0,0,0,0,0,0,0,0,0,0,0,0,0,1,1,1,0
1.3862943611198906,1.0986122886681098,7.218176838403408,3.295836866004329,5.8888779583328805,0.6931471805599453,2.1972245773362196,0.0,0,0,0,0,0,0,0,1,0,2.0,0,0,0,0,0,0,0,0,0,0,0,0,0,0,1,0,0,0,0,0,0,0,0,0,0,0,1,0,0,0,0,0,1
1.3862943611198906,1.0986122886681098,6.68586094706836,3.044522437723423,4.394449154672439,0.6931471805599453,3.258096538021482,1.0986122886681098,0,0,0,0,0,0,0,1,1,1.0,0,0,0,0,0,0,0,1,0,0,1,0,0,0,0,0,0,0,0,1,0,0,0,0,0,0,0,0,0,0,0,0,0
0.6931471805599453,0.6931471805599453,6.807934943699926,3.044522437723423,6.139884552226255,0.6931471805599453,2.302585092994046,1.6094379124341003,0,0,0,0,0,0,0,1,1,3.0,0,0,0,0,1,0,0,1,0,0,1,0,1,0,0,0,0,0,1,0,0,0,0,0,0,0,1,0,0,1,1,1,1
1.3862943611198906,1.0986122886681098,6.877296071497429,2.9444389791664403,5.808142489980444,0.6931471805599453,2.995732273553991,1.0986122886681098,0,0,0,0,0,1,0,1,1,2.0,0,0,0,0,0,0,0,0,0,0,1,0,1,0,0,0,0,0,0,0,0,0,0,0,1,0,0,0,0,0,0,0,0
1.3862943611198906,1.0986122886681098,6.481577129276431,1.791759469228055,6.139884552226255,0.6931471805599453,2.302585092994046,0.0,0,0,0,0,0,0,0,0,1,1.0,0,0,0,0,0,0,0,0,0,0,0,0,0,0,0,0,0,0,0,0,0,0,0,0,1,0,0,0,0,1,0,1,1
1.3862943611198906,1.0986122886681098,6.915723448631314,3.044522437723423,6.816735880594968,1.0986122886681098,1.3862943611198906,2.5649493574615367,0,0,0,0,0,0,0,1,0,2.0,1,1,1,1,1,1,1,1,1,1,1,0,1,0,0,0,0,0,0,0,0,0,1,0,0,0,0,0,1,0,1,0,0
1.6094379124341003,1.3862943611198906,6.957497370876951,3.044522437723423,6.139884552226255,1.0986122886681098,2.302585092994046,2.6390573296152584,0,0,0,0,0,0,0,1,0,2.0,1,1,1,1,1,1,1,1,1,1,1,1,1,0,1,0,0,0,0,0,0,0,0,0,0,0,1,0,0,1,1,1,0
1.3862943611198906,1.0986122886681098,6.68586094706836,1.6094379124341003,4.330733340286331,1.0986122886681098,2.302585092994046,2.1972245773362196,0,0,0,0,0,0,0,1,1,2.0,0,0,1,0,1,1,0,1,1,1,1,0,1,0,0,0,0,0,0,0,0,0,0,0,1,0,0,0,0,0,0,0,0
1.0986122886681098,0.6931471805599453,6.55250788703459,3.044522437723423,6.139884552226255,0.6931471805599453,2.302585092994046,0.0,0,0,1,1,0,0,0,1,1,1.0,0,0,0,0,0,0,0,0,0,0,0,0,0,0,1,0,0,0,0,0,0,0,0,0,0,0,0,0,0,1,1,1,1
1.3862943611198906,1.0986122886681098,7.267525427828172,3.044522437723423,6.529418838262226,0.6931471805599453,2.302585092994046,2.3978952727983707,0,0,0,0,0,0,0,1,1,3.0,1,1,1,1,1,0,1,1,1,0,1,0,1,0,0,0,0,0,0,0,0,0,0,1,0,0,1,0,0,1,1,0,1
1.3862943611198906,1.0986122886681098,7.267525427828172,3.044522437723423,6.529418838262226,1.0986122886681098,2.302585092994046,2.0794415416798357,0,0,0,0,0,0,0,1,0,3.0,0,0,1,0,1,0,1,1,1,0,1,0,1,0,0,0,0,0,0,0,0,0,0,1,0,0,1,0,0,1,1,0,0
1.3862943611198906,1.0986122886681098,6.408528791059498,2.8903717578961645,4.976733742420574,0.6931471805599453,2.772588722239781,1.6094379124341003,1,0,1,1,0,0,1,1,0,2.0,0,0,1,0,0,1,0,0,1,0,1,0,0,0,1,0,0,0,0,0,0,0,0,0,0,0,0,0,0,0,0,0,1
1.3862943611198906,1.0986122886681098,6.931471805599453,4.1588830833596715,6.863803391452954,1.0986122886681098,1.0986122886681098,2.302585092994046,1,1,1,1,0,0,0,1,1,2.0,1,0,1,1,1,0,0,1,1,1,1,0,1,0,1,0,0,0,0,0,0,0,0,0,0,0,0,0,1,0,0,0,0
1.3862943611198906,1.0986122886681098,6.728628613084702,3.1354942159291497,6.705639094860003,0.6931471805599453,2.833213344056216,2.1972245773362196,0,0,0,0,0,0,0,1,1,2.0,1,0,1,1,0,0,0,1,1,0,1,1,1,0,0,0,0,0,0,1,0,0,0,0,0,0,1,0,0,0,0,0,0
1.6094379124341003,1.0986122886681098,7.204892510204673,2.8903717578961645,4.5217885770490405,1.0986122886681098,2.0794415416798357,2.302585092994046,0,0,0,0,0,0,0,1,1,2.0,0,0,1,1,0,1,0,1,1,1,1,1,1,0,0,0,0,0,0,1,0,0,0,0,0,0,1,0,0,0,0,0,0
1.3862943611198906,1.0986122886681098,6.914730892718563,3.044522437723423,6.139884552226255,1.0986122886681098,2.302585092994046,2.0794415416798357,0,0,0,0,0,0,0,0,1,2.0,0,0,0,1,1,1,1,1,1,0,1,0,0,0,0,0,0,0,0,0,0,1,0,0,0,0,0,0,0,1,1,1,0
1.3862943611198906,1.0986122886681098,6.74993119378857,3.044522437723423,6.139884552226255,0.6931471805599453,2.0794415416798357,1.3862943611198906,0,0,0,0,0,0,0,0,1,2.0,0,0,0,0,0,0,0,1,1,0,1,0,0,0,0,0,0,0,0,0,0,0,0,0,1,0,0,0,0,0,1,1,0
1.3862943611198906,1.0986122886681098,6.7464121285733745,3.044522437723423,7.273092595999522,0.6931471805599453,2.1972245773362196,1.3862943611198906,0,0,0,0,0,0,0,1,0,2.0,0,0,0,0,1,0,0,1,0,0,1,0,0,0,0,0,0,0,0,0,0,0,0,0,1,0,1,0,0,0,0,0,0
1.3862943611198906,1.0986122886681098,6.823286122355687,2.772588722239781,6.111467339502679,0.6931471805599453,3.295836866004329,2.3978952727983707,1,1,1,1,0,0,0,1,0,2.0,1,1,1,0,1,1,0,1,1,1,1,0,1,0,1,0,0,0,0,0,0,0,0,0,0,0,1,0,0,0,0,0,0
1.0986122886681098,1.0986122886681098,6.405228458030842,3.4657359027997265,5.948034989180646,1.0986122886681098,0.6931471805599453,2.3978952727983707,0,0,0,0,0,0,0,1,0,3.0,1,0,1,0,1,1,1,1,1,1,1,0,1,0,0,0,0,0,0,0,0,0,0,0,1,0,0,0,1,0,0,0,0
1.3862943611198906,1.0986122886681098,6.78105762593618,1.9459101490553132,6.139884552226255,0.6931471805599453,2.302585092994046,1.3862943611198906,0,1,0,0,0,0,0,1,1,2.0,0,0,0,0,1,0,0,1,1,0,0,0,0,0,0,0,0,0,0,0,0,0,0,0,1,0,0,0,0,1,0,1,0
1.0986122886681098,1.0986122886681098,6.803505257608338,3.58351893845611,5.713732805509369,0.6931471805599453,2.772588722239781,2.302585092994046,1,1,1,1,1,0,0,1,1,2.0,1,0,1,0,1,0,0,1,1,1,1,1,1,0,1,0,0,0,0,0,0,0,0,0,0,0,1,0,0,0,0,0,0
1.3862943611198906,1.0986122886681098,6.535241271013659,3.044522437723423,6.139884552226255,0.6931471805599453,2.302585092994046,0.6931471805599453,1,0,0,0,0,0,0,0,0,1.0,0,0,0,0,0,0,0,1,0,0,0,0,0,0,0,0,0,0,0,0,0,0,0,0,1,0,0,1,0,1,1,1,0
1.3862943611198906,1.0986122886681098,6.962243464266207,3.044522437723423,6.139884552226255,0.6931471805599453,2.302585092994046,0.0,0,0,0,0,0,0,0,1,1,2.0,0,0,0,0,0,0,0,0,0,0,0,0,0,0,0,0,0,0,0,0,0,0,0,0,1,0,0,0,0,1,1,1,1
1.3862943611198906,1.0986122886681098,7.182352111885263,3.044522437723423,6.008813185442595,1.0986122886681098,1.0986122886681098,2.3978952727983707,0,0,0,0,0,0,0,1,1,2.0,1,0,1,1,1,0,1,1,1,1,1,0,1,0,0,0,0,0,0,1,0,0,0,0,0,0,1,0,0,0,1,0,0
1.3862943611198906,0.6931471805599453,6.478509642208569,3.044522437723423,6.139884552226255,0.6931471805599453,2.302585092994046,0.6931471805599453,0,0,0,0,0,0,0,0,0,2.0,0,0,0,0,0,0,0,0,1,0,0,0,0,0,0,0,0,0,0,0,0,0,0,0,1,0,0,0,0,1,1,1,1
1.3862943611198906,1.0986122886681098,6.7580945044277305,3.332204510175204,6.139884552226255,0.6931471805599453,2.9444389791664403,2.0794415416798357,0,0,0,0,0,0,0,1,1,2.0,1,0,1,0,1,0,0,1,1,0,1,0,1,0,0,0,0,0,0,1,0,0,0,0,0,0,1,0,0,0,0,1,0
1.3862943611198906,1.0986122886681098,7.280008252884188,2.995732273553991,6.07993319509559,0.6931471805599453,2.833213344056216,2.3978952727983707,1,1,0,1,1,0,1,0,0,1.0,1,0,1,1,1,1,1,1,1,0,1,0,1,0,1,0,0,0,0,0,0,0,0,0,0,0,1,0,0,0,0,0,0
1.3862943611198906,1.0986122886681098,6.68586094706836,3.044522437723423,7.550135342488429,1.0986122886681098,2.0794415416798357,1.3862943611198906,0,0,0,0,0,0,0,1,0,3.0,0,0,0,0,1,0,0,1,0,0,1,0,0,0,0,0,0,0,0,1,0,0,0,0,0,0,0,0,0,0,1,0,0
1.3862943611198906,1.0986122886681098,6.7464121285733745,3.044522437723423,6.077642243349034,1.0986122886681098,2.6390573296152584,1.6094379124341003,1,0,1,0,1,0,0,0,1,2.0,0,0,0,0,0,0,1,1,0,0,1,0,1,0,0,0,0,0,0,0,0,0,0,0,1,0,0,0,0,0,1,0,0
1.3862943611198906,1.0986122886681098,6.8658910748834385,3.044522437723423,6.921658184151129,0.6931471805599453,2.9444389791664403,2.4849066497880004,0,0,0,0,0,0,0,1,0,3.0,1,0,1,1,1,1,1,1,1,0,1,0,1,1,0,0,0,0,0,0,0,0,0,0,1,0,1,0,0,0,1,0,0
1.3862943611198906,1.0986122886681098,6.566672429803241,1.791759469228055,3.713572066704308,0.6931471805599453,2.302585092994046,1.791759469228055,0,0,0,0,0,0,0,1,0,2.0,0,0,0,0,0,1,0,1,1,0,1,0,1,0,0,0,0,0,0,0,0,0,0,0,1,0,0,0,0,1,0,0,0
1.3862943611198906,1.0986122886681098,6.7464121285733745,3.044522437723423,6.139884552226255,0.6931471805599453,2.302585092994046,1.791759469228055,0,0,0,0,0,0,0,1,1,1.0,0,0,0,0,1,0,0,1,1,0,1,0,1,0,0,0,0,0,0,0,0,0,0,0,1,0,0,0,0,1,1,1,0
1.3862943611198906,1.0986122886681098,6.882437470997847,2.3978952727983707,5.497168225293202,0.6931471805599453,2.6390573296152584,1.3862943611198906,0,0,0,0,0,0,0,0,0,2.0,0,0,0,0,0,0,0,1,1,0,1,0,0,0,0,0,0,0,0,0,0,0,0,0,1,0,1,0,0,0,0,0,1
1.3862943611198906,1.0986122886681098,6.726233402358747,3.2188758248682006,5.703782474656201,0.6931471805599453,2.833213344056216,2.0794415416798357,0,1,1,1,1,0,1,0,0,3.0,0,0,0,0,1,1,1,1,1,0,1,0,1,0,0,0,0,0,0,0,0,0,0,0,1,0,0,0,0,0,0,0,0
1.6094379124341003,1.0986122886681098,7.427144133408616,3.044522437723423,6.139884552226255,0.6931471805599453,2.302585092994046,1.0986122886681098,0,0,0,0,0,0,0,1,1,3.0,0,0,0,0,0,0,0,1,0,0,1,0,0,0,0,0,0,0,0,0,0,0,0,1,0,0,0,0,0,1,1,1,1
1.0986122886681098,1.0986122886681098,6.752270376141742,2.302585092994046,6.511745329644728,0.6931471805599453,2.9444389791664403,0.0,0,0,0,0,0,0,0,1,0,3.0,0,0,0,0,0,0,0,0,0,0,0,0,0,0,1,0,0,0,0,0,0,0,0,0,0,0,1,0,0,0,0,0,0
1.6094379124341003,1.791759469228055,7.814803429489359,3.044522437723423,5.43372200355424,1.0986122886681098,2.6390573296152584,2.302585092994046,0,0,0,0,0,0,0,1,1,2.0,0,0,1,0,1,0,1,1,1,1,1,0,1,1,0,0,0,0,0,1,0,0,0,0,0,0,1,0,0,0,1,0,0
1.3862943611198906,1.0986122886681098,6.55250788703459,3.044522437723423,6.139884552226255,0.6931471805599453,2.302585092994046,1.0986122886681098,0,0,0,0,0,0,0,1,1,2.0,0,0,0,0,0,0,0,1,0,0,1,0,0,0,0,0,0,0,0,1,0,0,0,0,0,0,0,0,0,1,1,1,1
1.3862943611198906,1.0986122886681098,6.48768401848461,3.044522437723423,6.139884552226255,0.6931471805599453,2.302585092994046,0.0,0,0,0,1,0,0,1,0,0,2.0,0,0,0,0,0,0,0,0,0,0,0,0,0,0,0,0,0,0,0,0,0,0,0,0,1,0,0,0,0,1,1,1,1
1.3862943611198906,1.0986122886681098,6.660575149839686,1.791759469228055,5.641907070938114,0.6931471805599453,2.302585092994046,1.6094379124341003,0,0,0,0,0,0,0,1,1,2.0,1,0,0,0,0,0,0,1,1,0,1,0,0,0,0,0,0,0,0,0,0,0,0,0,1,0,1,0,0,1,0,0,0
1.0986122886681098,0.6931471805599453,6.641182169740591,3.1354942159291497,7.203405521083095,1.0986122886681098,1.9459101490553132,2.6390573296152584,0,0,0,0,0,0,0,1,1,2.0,0,1,1,1,1,1,1,1,1,1,1,1,1,1,0,0,0,0,0,1,0,0,0,0,0,0,1,0,0,0,0,0,0
1.3862943611198906,1.0986122886681098,6.839476438228843,3.044522437723423,6.139884552226255,0.6931471805599453,2.302585092994046,1.791759469228055,0,0,0,0,0,0,0,1,0,3.0,0,0,1,0,1,0,1,1,0,0,0,0,1,0,0,0,0,0,0,0,0,0,0,1,0,0,0,0,1,1,1,1,0
0.6931471805599453,0.6931471805599453,6.478509642208569,3.044522437723423,6.018593214496234,0.6931471805599453,2.302585092994046,1.9459101490553132,0,0,0,0,0,0,0,1,1,2.0,0,0,1,0,1,0,0,1,1,0,1,0,1,0,0,0,0,0,0,1,0,0,0,0,0,0,1,0,0,0,1,0,0
1.3862943611198906,1.0986122886681098,6.85751406254539,2.772588722239781,6.139884552226255,0.6931471805599453,2.302585092994046,1.9459101490553132,0,1,0,1,0,0,0,0,0,1.0,0,0,0,0,1,1,1,1,1,0,1,0,0,0,1,0,0,0,0,0,0,0,0,0,0,0,0,0,0,1,0,1,0
1.3862943611198906,1.0986122886681098,7.0909098220799835,3.044522437723423,6.648984550024776,1.0986122886681098,2.0794415416798357,2.0794415416798357,0,0,0,0,0,0,0,1,1,3.0,0,0,1,1,1,0,0,1,1,0,1,0,1,0,0,0,0,0,0,1,0,0,0,0,0,0,1,0,0,0,0,0,0
1.3862943611198906,1.3862943611198906,7.377133712833954,3.7612001156935624,6.508769136971682,1.0986122886681098,1.9459101490553132,2.1972245773362196,0,0,0,0,0,0,0,1,1,2.0,1,0,1,0,1,0,1,1,1,0,1,0,1,0,0,0,0,0,0,1,0,0,0,0,0,0,1,0,0,0,0,0,0
1.3862943611198906,1.0986122886681098,6.97166860472579,3.044522437723423,4.976733742420574,0.6931471805599453,2.302585092994046,0.0,0,0,0,0,0,0,0,1,1,2.0,0,0,0,0,0,0,0,0,0,0,0,0,0,0,0,0,0,0,0,0,0,0,0,0,1,0,1,0,0,1,1,0,1
1.3862943611198906,1.0986122886681098,6.854354502255021,3.1354942159291497,5.983936280687191,1.0986122886681098,1.9459101490553132,2.3978952727983707,0,0,0,0,0,0,0,1,0,3.0,1,1,1,1,1,0,0,1,1,1,1,0,0,1,0,0,0,0,0,1,0,0,0,0,0,0,1,0,0,0,0,0,0
1.6094379124341003,1.3862943611198906,7.4067107301776405,3.8066624897703196,5.937536205082426,1.0986122886681098,1.791759469228055,2.0794415416798357,0,0,0,0,0,0,0,1,1,2.0,1,0,1,0,0,0,1,0,1,1,1,0,1,0,0,0,0,0,0,1,0,0,0,0,0,0,1,0,0,0,0,0,0
1.3862943611198906,1.0986122886681098,6.903747257584598,3.044522437723423,5.241747015059643,0.6931471805599453,2.302585092994046,2.1972245773362196,1,0,1,1,0,1,0,1,1,2.0,1,0,1,0,0,1,1,1,1,1,1,0,0,0,1,0,0,0,0,0,0,0,0,0,0,0,0,0,0,1,1,0,0
1.3862943611198906,1.0986122886681098,7.10085190894405,3.044522437723423,6.289715570908998,1.0986122886681098,2.302585092994046,2.0794415416798357,0,0,0,0,0,0,0,1,1,2.0,0,0,0,1,1,1,1,1,1,0,1,0,0,0,0,0,0,0,0,0,0,0,0,0,1,0,0,0,0,1,1,0,0
1.3862943611198906,1.0986122886681098,6.9440872082295275,3.5263605246161616,6.311734809152915,1.0986122886681098,1.0986122886681098,2.302585092994046,0,0,0,0,0,0,0,1,1,2.0,1,1,1,1,0,0,1,0,1,1,1,0,1,0,0,0,0,0,0,1,0,0,0,0,0,0,1,0,0,0,0,0,0
1.3862943611198906,1.0986122886681098,7.2078598714324755,3.044522437723423,4.859812404361672,1.0986122886681098,2.1972245773362196,2.0794415416798357,0,0,0,0,0,0,0,1,0,3.0,0,0,1,0,1,0,0,1,1,1,1,0,1,0,0,0,0,0,0,0,0,0,1,0,0,0,1,0,0,0,1,0,0
1.0986122886681098,0.6931471805599453,6.248042874508429,3.044522437723423,6.139884552226255,0.6931471805599453,2.302585092994046,0.0,0,0,0,0,0,0,0,1,1,2.0,0,0,0,0,0,0,0,0,0,0,0,0,0,0,0,0,0,0,0,0,0,0,0,0,0,0,0,1,0,1,1,1,1
1.0986122886681098,0.6931471805599453,6.269096283706261,1.791759469228055,6.139884552226255,0.6931471805599453,2.302585092994046,0.6931471805599453,0,0,0,0,0,0,0,1,0,2.0,0,0,0,0,0,0,0,1,0,0,0,0,0,0,0,0,0,0,0,0,0,0,0,0,1,0,0,0,0,1,0,1,1
1.3862943611198906,1.0986122886681098,6.437751649736401,1.791759469228055,6.139884552226255,0.6931471805599453,2.302585092994046,0.0,0,0,0,0,0,0,0,1,1,1.0,0,0,0,0,0,0,0,0,0,0,0,0,0,0,0,0,0,0,0,1,0,0,0,0,0,0,0,0,0,1,0,1,1
1.3862943611198906,1.0986122886681098,7.0909098220799835,3.044522437723423,5.2832037287379885,0.6931471805599453,2.833213344056216,2.3978952727983707,1,0,1,1,0,0,0,0,1,2.0,1,0,1,1,0,1,1,1,1,1,1,0,1,0,1,0,0,0,0,0,0,0,0,0,0,0,1,0,0,0,0,0,1
1.3862943611198906,1.3862943611198906,7.3031700512368,3.044522437723423,4.912654885736052,1.0986122886681098,2.302585092994046,2.1972245773362196,0,0,0,0,0,0,0,1,0,2.0,1,0,1,0,1,0,1,1,1,0,1,0,1,0,0,0,0,0,0,0,0,0,1,0,0,0,1,0,0,0,1,0,0
1.3862943611198906,1.0986122886681098,6.990256500493881,3.044522437723423,6.139884552226255,0.6931471805599453,2.302585092994046,1.0986122886681098,0,0,0,0,0,0,0,1,0,2.0,0,0,0,0,0,0,0,1,0,0,1,0,0,0,0,0,0,0,0,0,0,0,0,1,0,0,0,0,0,1,1,1,0
1.3862943611198906,1.3862943611198906,6.792344427470809,3.044522437723423,6.139884552226255,1.0986122886681098,2.302585092994046,2.70805020110221,0,0,0,0,0,0,0,1,1,2.0,1,1,1,1,1,1,1,1,1,1,1,1,1,1,0,0,0,0,0,0,0,1,0,0,0,0,1,0,0,1,1,1,0
1.3862943611198906,1.0986122886681098,7.161622002939187,3.091042453358316,6.1224928095143865,1.0986122886681098,2.1972245773362196,2.302585092994046,0,0,0,0,0,0,0,1,1,2.0,1,0,1,1,1,0,1,1,1,0,1,0,1,0,0,0,0,0,0,0,0,0,0,0,1,0,1,0,0,0,0,0,0
0.6931471805599453,0.6931471805599453,6.111467339502679,3.044522437723423,6.139884552226255,0.6931471805599453,2.302585092994046,1.6094379124341003,1,1,1,1,1,0,1,1,0,2.0,0,0,1,0,1,0,0,0,0,0,1,0,1,0,1,0,0,0,0,0,0,0,0,0,0,0,0,0,1,1,1,1,1
1.3862943611198906,1.0986122886681098,6.872128101338986,3.044522437723423,6.139884552226255,0.6931471805599453,2.302585092994046,2.3978952727983707,0,0,0,0,0,0,0,1,0,2.0,1,1,1,1,1,0,1,1,1,0,1,0,1,0,0,0,0,0,0,0,1,0,0,0,0,0,1,0,0,1,1,1,0
1.3862943611198906,1.0986122886681098,7.061334366910438,3.044522437723423,6.008813185442595,1.0986122886681098,1.0986122886681098,2.4849066497880004,0,0,0,0,0,0,0,1,1,2.0,1,0,1,1,1,1,1,1,1,1,1,0,1,0,0,0,0,0,0,1,0,0,0,0,0,0,1,0,0,0,1,0,0
1.3862943611198906,1.0986122886681098,6.68586094706836,3.044522437723423,8.188966863648876,0.6931471805599453,2.302585092994046,2.302585092994046,1,1,1,1,1,0,0,0,0,2.0,0,0,1,1,1,1,1,1,1,0,1,0,1,0,1,0,0,0,0,0,0,0,0,0,0,0,0,0,0,1,1,0,0
1.0986122886681098,1.0986122886681098,6.423246963533519,3.044522437723423,6.139884552226255,0.6931471805599453,2.302585092994046,0.0,0,0,1,1,0,0,0,1,1,1.0,0,0,0,0,0,0,0,0,0,0,0,0,0,0,0,0,0,0,0,0,0,0,0,0,1,0,0,1,0,1,1,1,1
1.3862943611198906,1.0986122886681098,7.004881989712859,3.044522437723423,6.139884552226255,0.6931471805599453,2.302585092994046,0.0,0,0,0,0,0,0,0,1,0,2.0,0,0,0,0,0,0,0,0,0,0,0,0,0,0,0,0,0,0,0,0,0,0,0,1,0,0,0,1,0,1,1,1,0
1.3862943611198906,1.0986122886681098,7.0909098220799835,3.6635616461296463,6.161207321695077,1.0986122886681098,1.791759469228055,2.1972245773362196,0,0,0,0,0,0,0,1,1,1.0,0,0,1,0,0,1,0,1,1,1,1,1,1,0,0,0,0,0,0,1,0,0,0,0,0,0,1,0,0,0,0,0,0
1.3862943611198906,1.0986122886681098,6.5337888379333435,3.044522437723423,6.139884552226255,0.6931471805599453,2.302585092994046,1.0986122886681098,0,0,0,1,0,0,0,0,0,2.0,0,0,0,0,0,0,0,0,1,0,1,0,0,0,0,0,0,0,0,0,0,0,0,0,1,0,0,0,0,1,1,1,1
1.3862943611198906,1.0986122886681098,6.68586094706836,3.044522437723423,6.139884552226255,0.6931471805599453,2.302585092994046,0.0,1,0,1,1,0,0,0,0,0,2.0,0,0,0,0,0,0,0,0,0,0,0,0,0,0,1,0,0,0,0,0,0,0,0,0,0,0,0,0,0,1,1,1,1
1.3862943611198906,1.0986122886681098,6.910750787961936,3.4657359027997265,6.577861357721047,1.0986122886681098,1.6094379124341003,2.3978952727983707,0,0,0,0,0,0,0,1,1,2.0,0,1,1,0,1,1,0,1,1,0,1,1,1,1,1,0,0,0,0,0,0,0,0,0,0,0,0,0,1,0,0,0,0
1.3862943611198906,1.0986122886681098,6.55250788703459,3.044522437723423,6.139884552226255,0.6931471805599453,2.302585092994046,1.6094379124341003,0,0,0,0,0,0,0,1,0,2.0,0,0,0,1,0,0,0,1,0,0,1,0,1,0,0,0,0,0,0,0,0,0,0,0,1,0,0,0,0,1,1,1,0
1.3862943611198906,1.0986122886681098,7.0909098220799835,3.044522437723423,6.54965074223381,1.0986122886681098,2.9444389791664403,2.3978952727983707,0,0,0,0,0,0,0,1,0,2.0,1,0,1,1,1,1,0,1,1,1,1,0,1,0,0,0,0,0,0,0,0,0,0,0,0,0,0,0,0,0,1,0,0
1.3862943611198906,1.0986122886681098,6.784457062637643,3.044522437723423,6.139884552226255,0.6931471805599453,2.302585092994046,1.791759469228055,0,0,0,0,0,0,0,0,0,3.0,0,0,0,1,1,0,0,1,1,0,1,0,0,0,0,0,0,0,0,0,0,1,0,0,0,0,0,0,0,1,1,1,0
1.3862943611198906,1.0986122886681098,7.077498053569231,2.8903717578961645,6.517671272912275,1.0986122886681098,1.3862943611198906,2.3978952727983707,0,0,0,0,0,0,0,1,1,2.0,1,0,1,1,1,0,1,1,1,0,1,0,1,1,0,0,0,0,0,0,0,1,0,0,0,0,1,0,0,0,0,0,0
1.3862943611198906,1.0986122886681098,6.863803391452954,2.995732273553991,5.973809611869261,0.6931471805599453,2.302585092994046,2.70805020110221,0,0,0,0,0,0,0,0,1,3.0,1,1,1,1,1,1,1,1,1,1,1,1,1,1,0,0,0,0,0,0,0,0,0,0,1,0,1,0,0,1,0,0,0
1.3862943611198906,1.0986122886681098,7.029087564149662,2.1972245773362196,6.139884552226255,0.6931471805599453,2.302585092994046,1.3862943611198906,0,0,0,0,0,1,0,1,1,2.0,0,0,0,0,1,0,0,1,0,0,1,0,0,0,0,0,0,0,0,0,0,0,0,0,1,0,0,0,0,1,0,1,0
1.0986122886681098,1.0986122886681098,6.807934943699926,2.1972245773362196,6.139884552226255,0.6931471805599453,2.302585092994046,2.0794415416798357,0,0,0,0,0,0,0,1,1,1.0,1,0,0,0,1,0,0,1,1,0,1,0,1,1,0,0,1,0,0,0,0,0,0,0,0,0,1,0,0,1,0,1,0
1.3862943611198906,1.0986122886681098,6.85751406254539,3.4011973816621555,7.444248649496705,0.6931471805599453,2.5649493574615367,2.1972245773362196,0,0,0,1,0,0,1,0,0,3.0,0,0,1,1,1,0,1,1,1,0,1,0,1,0,0,0,0,0,0,0,0,0,0,0,1,0,1,0,0,0,0,0,0
1.3862943611198906,1.0986122886681098,6.806829360392176,2.4849066497880004,6.139884552226255,0.6931471805599453,2.302585092994046,2.0794415416798357,0,0,0,0,0,0,0,0,1,3.0,0,0,0,0,1,1,0,1,1,1,1,0,1,0,0,0,0,0,0,0,0,0,0,0,1,0,1,0,0,1,0,1,0
1.3862943611198906,1.0986122886681098,6.951772164398911,1.791759469228055,5.303304908059076,0.6931471805599453,2.995732273553991,1.9459101490553132,1,1,1,1,0,0,1,1,0,2.0,0,0,0,0,1,1,0,1,1,0,1,0,1,0,0,0,0,0,0,0,0,0,0,0,1,0,0,0,0,0,0,0,0
1.6094379124341003,1.3862943611198906,7.170888478512505,3.8066624897703196,6.529418838262226,1.3862943611198906,0.0,2.5649493574615367,0,0,0,0,0,0,0,1,1,2.0,1,1,1,1,1,1,1,1,1,1,1,0,1,0,1,0,0,0,0,0,0,0,0,0,0,0,0,0,1,0,0,0,0
1.3862943611198906,1.0986122886681098,7.068172000388042,2.772588722239781,6.139884552226255,0.6931471805599453,2.302585092994046,1.9459101490553132,1,1,1,1,0,0,0,0,0,2.0,0,0,0,0,1,1,0,1,1,0,1,0,1,0,0,0,0,0,0,0,0,0,0,0,1,0,1,0,0,1,0,1,0
1.0986122886681098,0.6931471805599453,6.85751406254539,3.7376696182833684,6.947937068614969,0.6931471805599453,2.1972245773362196,2.1972245773362196,1,0,1,1,1,0,0,1,1,3.0,1,0,1,1,0,0,1,0,1,1,1,0,1,0,1,0,0,0,0,0,0,0,0,0,0,0,0,0,1,0,0,0,0
1.3862943611198906,1.0986122886681098,6.82001636467413,1.791759469228055,6.139884552226255,0.6931471805599453,2.302585092994046,0.0,0,1,1,1,1,0,0,0,0,3.0,0,0,0,0,0,0,0,0,0,0,0,0,0,0,0,0,0,0,0,0,0,0,0,0,1,0,0,0,0,1,0,1,0
1.3862943611198906,1.0986122886681098,6.7464121285733745,3.044522437723423,6.139884552226255,0.6931471805599453,2.302585092994046,1.6094379124341003,0,0,0,0,0,0,0,1,1,2.0,0,0,0,0,0,0,0,1,1,0,1,0,1,0,0,0,0,0,0,0,0,0,0,0,0,0,0,1,0,1,1,1,1
1.3862943611198906,1.0986122886681098,7.00397413672268,2.995732273553991,6.139884552226255,0.6931471805599453,3.332204510175204,2.70805020110221,1,0,1,1,0,0,0,1,0,3.0,1,1,1,1,1,1,1,1,1,1,1,1,1,1,1,0,0,0,0,0,0,0,0,0,0,0,1,0,0,0,0,1,1
1.791759469228055,1.6094379124341003,7.233455418621439,3.044522437723423,6.139884552226255,1.0986122886681098,2.302585092994046,2.3978952727983707,0,0,0,0,0,0,0,1,1,3.0,0,0,1,0,1,1,0,1,1,1,1,1,1,1,0,0,0,0,0,0,0,0,0,0,0,1,1,0,0,1,1,1,0
1.3862943611198906,1.0986122886681098,6.74993119378857,3.044522437723423,6.139884552226255,1.0986122886681098,2.0794415416798357,1.791759469228055,0,0,0,0,0,0,0,0,1,3.0,0,0,0,0,1,1,0,1,1,0,1,0,0,0,0,0,0,0,0,0,0,0,0,0,1,0,0,0,0,0,1,1,0
1.3862943611198906,1.0986122886681098,6.918695219020472,3.044522437723423,6.139884552226255,0.6931471805599453,2.302585092994046,2.1972245773362196,1,1,1,1,1,1,1,0,1,2.0,0,0,1,0,1,1,1,1,1,0,1,0,1,0,1,0,0,0,0,0,0,0,0,0,0,0,0,0,1,0,1,1,0
1.3862943611198906,1.0986122886681098,6.877296071497429,3.1780538303479458,5.488937726156687,1.0986122886681098,1.3862943611198906,2.302585092994046,0,0,0,0,0,0,0,1,0,1.0,1,0,1,0,1,1,1,1,1,0,1,0,1,0,0,0,0,0,0,0,0,0,0,0,1,0,0,0,1,0,0,0,0
1.3862943611198906,1.0986122886681098,7.0909098220799835,3.044522437723423,6.139884552226255,0.6931471805599453,2.302585092994046,2.5649493574615367,0,0,0,0,0,0,0,1,1,1.0,1,0,1,1,0,1,1,1,1,1,1,1,1,1,0,0,0,0,0,0,0,0,0,0,0,0,0,0,0,1,1,1,1
1.6094379124341003,1.3862943611198906,7.303843225277705,3.6109179126442243,5.4680601411351315,1.0986122886681098,2.302585092994046,2.3978952727983707,0,0,1,1,0,0,0,1,0,2.0,1,0,1,0,0,1,0,1,1,1,1,1,1,1,1,0,0,0,0,0,0,0,0,0,0,0,1,0,0,0,0,0,0
1.3862943611198906,1.0986122886681098,6.7580945044277305,3.044522437723423,6.139884552226255,0.6931471805599453,2.302585092994046,1.6094379124341003,0,0,0,0,0,0,0,0,0,2.0,0,0,0,0,0,0,0,1,1,0,1,0,1,0,0,0,0,0,0,0,0,0,0,0,1,0,0,0,0,1,1,1,1
1.3862943611198906,1.0986122886681098,6.78897174299217,3.4339872044851463,6.695798917058491,1.0986122886681098,2.3978952727983707,2.3978952727983707,0,0,0,0,0,0,0,1,1,2.0,0,0,1,0,1,1,0,1,1,1,1,1,1,1,0,0,0,0,0,1,0,0,0,0,0,0,1,0,0,0,0,0,0
1.3862943611198906,1.0986122886681098,6.478509642208569,3.044522437723423,6.139884552226255,0.6931471805599453,2.302585092994046,0.0,0,0,0,0,0,0,0,0,1,2.0,0,0,0,0,0,0,0,0,0,0,0,0,0,0,0,0,0,0,0,0,0,0,0,0,1,0,0,0,0,1,1,1,1
1.3862943611198906,1.0986122886681098,7.104144092987527,3.044522437723423,6.139884552226255,0.6931471805599453,2.302585092994046,1.9459101490553132,0,0,0,0,0,0,0,1,0,1.0,0,0,1,0,1,1,0,1,0,0,1,0,1,0,0,0,0,0,0,0,0,0,1,0,0,0,1,0,0,1,1,1,0
1.3862943611198906,0.6931471805599453,6.478509642208569,3.044522437723423,6.139884552226255,0.6931471805599453,2.302585092994046,1.791759469228055,0,0,0,0,0,0,0,0,0,2.0,0,0,0,0,1,1,1,1,1,0,0,0,0,0,1,0,0,0,0,0,0,0,0,0,0,0,0,1,0,1,1,1,1
1.3862943611198906,1.0986122886681098,6.858565034791365,3.044522437723423,6.139884552226255,1.0986122886681098,2.302585092994046,2.302585092994046,0,0,0,0,0,0,0,1,0,2.0,1,0,1,1,1,0,1,1,1,0,1,0,1,0,0,0,0,0,0,0,0,0,0,0,0,1,0,0,1,1,1,1,0
1.6094379124341003,1.0986122886681098,6.732210706467206,2.772588722239781,6.139884552226255,1.0986122886681098,2.302585092994046,1.0986122886681098,1,0,0,1,0,0,0,0,0,2.0,0,0,0,0,0,0,0,1,0,0,1,0,0,0,0,0,0,0,0,0,0,0,0,0,1,0,0,0,0,1,0,1,0
1.3862943611198906,1.0986122886681098,6.7226297948554485,2.70805020110221,6.9167150203536085,0.6931471805599453,3.367295829986474,2.302585092994046,1,0,1,1,1,0,0,1,0,2.0,0,0,1,0,1,1,1,1,1,1,1,0,1,0,1,0,0,0,0,0,0,0,0,0,0,0,1,0,0,0,0,0,0
1.3862943611198906,1.0986122886681098,6.990256500493881,1.791759469228055,6.152732694704104,0.6931471805599453,2.0794415416798357,1.6094379124341003,0,0,0,0,0,0,0,1,1,2.0,0,0,0,1,0,0,0,1,1,0,1,0,0,0,0,0,0,0,0,0,0,0,0,0,1,0,0,0,0,0,0,0,1
1.0986122886681098,0.6931471805599453,6.842683282238422,3.044522437723423,6.139884552226255,0.6931471805599453,2.302585092994046,2.302585092994046,0,0,0,0,0,0,0,1,0,3.0,0,1,1,1,1,1,1,1,1,0,1,0,0,0,0,0,0,0,0,1,0,0,0,0,0,0,0,0,0,1,1,1,0
1.3862943611198906,1.0986122886681098,6.90975328164481,3.044522437723423,6.139884552226255,0.6931471805599453,2.302585092994046,0.6931471805599453,0,0,0,0,0,0,0,1,1,3.0,0,0,0,0,0,0,0,1,0,0,0,0,0,0,0,1,0,0,0,0,0,0,0,0,0,0,0,0,0,1,1,1,1
1.3862943611198906,1.0986122886681098,7.205635176410364,3.044522437723423,4.859812404361672,1.0986122886681098,2.1972245773362196,0.0,0,0,0,0,0,0,0,1,0,2.0,0,0,0,0,0,0,0,0,0,0,0,0,0,0,0,0,0,0,0,0,0,0,1,0,0,0,1,0,0,0,1,0,0
1.3862943611198906,1.0986122886681098,6.55250788703459,3.044522437723423,6.139884552226255,0.6931471805599453,2.302585092994046,2.0794415416798357,0,0,0,0,0,0,0,0,0,3.0,0,0,0,1,0,1,1,1,1,0,1,0,1,0,0,0,0,0,0,0,0,0,0,0,1,0,0,0,0,1,1,1,1
1.3862943611198906,1.0986122886681098,6.899723107284872,3.044522437723423,6.139884552226255,0.6931471805599453,2.302585092994046,1.9459101490553132,0,0,0,0,0,0,0,1,1,3.0,0,0,1,0,1,0,0,1,1,0,1,0,1,0,0,1,0,0,0,0,0,0,0,0,0,0,1,0,0,1,1,1,1
1.3862943611198906,1.0986122886681098,6.759255270663693,1.791759469228055,6.139884552226255,0.6931471805599453,2.302585092994046,1.3862943611198906,0,0,1,0,1,0,1,1,0,2.0,0,0,0,0,0,0,0,1,1,0,1,0,0,0,1,0,0,0,0,0,0,0,0,0,0,0,0,0,0,1,0,1,1
1.3862943611198906,1.0986122886681098,6.68586094706836,1.9459101490553132,6.511745329644728,0.6931471805599453,3.4011973816621555,1.0986122886681098,0,0,0,0,0,0,0,1,0,1.0,0,0,0,0,0,0,0,1,0,0,1,0,0,0,0,0,0,0,0,1,0,0,0,0,0,0,0,0,0,0,0,0,0
1.3862943611198906,1.0986122886681098,7.048386408721883,3.044522437723423,6.139884552226255,0.6931471805599453,2.9444389791664403,2.0794415416798357,0,1,0,1,1,0,1,1,1,2.0,1,0,1,0,0,1,0,1,1,0,1,0,1,0,1,0,0,0,0,0,0,0,0,0,0,0,1,0,0,0,1,1,0
1.3862943611198906,1.0986122886681098,6.957497370876951,3.044522437723423,5.424950017481403,0.6931471805599453,2.302585092994046,1.791759469228055,0,0,0,0,0,0,0,1,1,2.0,1,0,0,0,0,0,1,0,1,0,1,0,1,0,0,0,0,0,0,0,0,1,0,0,0,0,1,0,0,1,1,0,0
1.3862943611198906,1.0986122886681098,6.784457062637643,3.044522437723423,6.139884552226255,0.6931471805599453,2.302585092994046,0.0,0,0,0,1,0,0,0,0,0,2.0,0,0,0,0,0,0,0,0,0,0,0,0,0,0,1,0,0,0,0,0,0,0,0,0,0,0,0,0,0,1,1,1,1
1.3862943611198906,1.0986122886681098,6.931471805599453,3.713572066704308,6.959398512133975,1.0986122886681098,1.3862943611198906,2.70805020110221,0,1,1,1,0,0,1,1,0,2.0,1,1,1,1,1,1,1,1,1,1,1,1,1,1,1,0,0,0,0,0,0,0,0,0,0,0,1,0,0,0,0,0,0
1.3862943611198906,1.0986122886681098,6.748759547491679,2.5649493574615367,6.139884552226255,0.6931471805599453,3.1780538303479458,2.4849066497880004,1,0,1,1,0,0,0,1,0,2.0,1,1,1,1,1,1,1,1,1,0,1,0,1,0,0,0,0,0,0,0,0,0,0,0,1,0,0,0,0,0,0,1,1
1.0986122886681098,0.6931471805599453,6.274762021241939,3.044522437723423,6.139884552226255,0.6931471805599453,2.302585092994046,0.6931471805599453,0,0,0,0,0,0,0,1,1,3.0,0,0,0,0,0,0,0,1,0,0,0,0,0,0,0,0,0,0,0,0,0,0,0,0,0,0,0,1,0,1,1,1,1
1.0986122886681098,1.0986122886681098,6.85751406254539,3.044522437723423,6.111467339502679,1.0986122886681098,0.6931471805599453,0.0,0,0,0,0,0,0,0,1,1,2.0,0,0,0,0,0,0,0,0,0,0,0,0,0,0,0,0,0,0,0,1,0,0,0,0,0,0,1,0,0,0,1,0,0
1.3862943611198906,1.0986122886681098,7.022868086082641,3.258096538021482,6.18826412308259,0.6931471805599453,1.791759469228055,1.9459101490553132,0,0,0,1,0,0,0,1,1,2.0,0,0,1,1,0,0,1,1,1,0,0,0,1,0,0,0,0,0,0,0,0,0,0,0,1,0,0,0,1,0,0,0,1
1.3862943611198906,1.0986122886681098,7.1808311990445555,3.044522437723423,5.983936280687191,1.3862943611198906,2.833213344056216,0.0,0,0,0,0,0,0,0,1,1,1.0,0,0,0,0,0,0,0,0,0,0,0,0,0,0,0,0,0,0,0,1,0,0,0,0,0,0,1,0,0,0,1,0,0
1.3862943611198906,1.0986122886681098,6.918695219020472,3.258096538021482,7.602900462204755,0.6931471805599453,1.6094379124341003,0.0,0,0,0,0,0,0,0,1,1,2.0,0,0,0,0,0,0,0,0,0,0,0,0,0,0,0,0,0,0,0,0,0,0,0,0,0,0,0,0,1,0,0,0,1
1.3862943611198906,1.0986122886681098,7.00397413672268,3.044522437723423,4.700480365792417,0.6931471805599453,2.302585092994046,2.302585092994046,0,0,0,0,0,0,0,1,0,2.0,1,0,1,1,1,0,1,1,1,0,1,0,1,0,0,0,0,0,0,0,0,0,1,0,0,0,1,0,0,1,1,0,0
1.3862943611198906,1.0986122886681098,6.7226297948554485,3.091042453358316,6.139884552226255,1.0986122886681098,2.995732273553991,1.9459101490553132,0,0,0,0,0,0,0,1,0,2.0,0,0,0,0,1,1,0,1,1,0,1,0,1,0,0,0,0,0,0,0,0,0,0,0,1,0,1,0,0,0,0,1,0
1.3862943611198906,1.0986122886681098,6.637258031284457,3.044522437723423,6.139884552226255,0.6931471805599453,2.302585092994046,0.0,0,0,1,1,0,0,0,1,1,2.0,0,0,0,0,0,0,0,0,0,0,0,0,0,0,0,0,0,0,0,0,0,0,0,0,1,0,0,0,0,1,1,1,0
1.3862943611198906,1.0986122886681098,6.7580945044277305,3.044522437723423,6.139884552226255,0.6931471805599453,2.302585092994046,0.0,0,0,0,0,0,0,0,1,1,2.0,0,0,0,0,0,0,0,0,0,0,0,0,0,0,0,0,0,0,0,1,0,0,0,0,0,0,0,0,0,1,1,1,0
1.6094379124341003,1.0986122886681098,7.027314514039777,3.044522437723423,5.424950017481403,0.6931471805599453,2.302585092994046,2.302585092994046,0,0,0,0,0,0,0,1,1,2.0,1,0,1,0,1,1,1,1,1,0,1,0,1,0,0,0,0,0,0,0,0,1,0,0,0,0,1,0,0,1,1,0,0
1.6094379124341003,1.0986122886681098,7.183111701743281,2.9444389791664403,5.517452896464707,0.6931471805599453,2.302585092994046,2.3978952727983707,0,0,1,1,1,0,0,1,1,1.0,1,1,1,0,1,1,0,1,0,1,1,1,1,0,1,0,0,0,0,0,0,0,0,0,0,0,1,0,0,1,0,0,0
1.3862943611198906,1.0986122886681098,7.0431599159883405,3.044522437723423,5.497168225293202,0.6931471805599453,2.302585092994046,2.0794415416798357,0,0,0,0,0,0,0,1,0,3.0,0,0,0,0,0,1,1,1,1,1,1,0,1,0,0,0,0,0,0,0,0,0,0,0,0,0,0,0,1,1,1,0,0
1.3862943611198906,1.0986122886681098,6.755768921984255,1.791759469228055,6.139884552226255,0.6931471805599453,2.302585092994046,1.0986122886681098,0,1,1,1,1,0,1,1,0,2.0,0,0,0,0,0,0,0,1,1,0,0,0,0,0,0,0,0,0,0,0,0,0,0,0,1,0,0,0,0,1,0,1,0
1.3862943611198906,1.0986122886681098,7.00397413672268,3.6635616461296463,6.669498089857879,1.0986122886681098,2.0794415416798357,2.1972245773362196,1,1,1,1,1,0,1,1,0,2.0,1,1,1,1,0,0,1,0,1,0,1,0,1,0,0,0,0,0,0,0,0,0,0,0,1,0,1,0,0,0,0,0,0
1.6094379124341003,1.0986122886681098,6.90875477931522,3.044522437723423,6.139884552226255,1.0986122886681098,2.302585092994046,0.0,1,1,1,1,1,0,0,1,1,2.0,0,0,0,0,0,0,0,0,0,0,0,0,0,0,1,0,0,0,0,0,0,0,0,0,0,0,0,0,1,1,1,1,0
1.3862943611198906,1.0986122886681098,7.1316985104669115,3.044522437723423,6.061456918928017,0.6931471805599453,2.0794415416798357,0.0,0,0,0,0,0,0,0,1,1,2.0,0,0,0,0,0,0,0,0,0,0,0,0,0,0,0,0,0,0,0,0,0,0,0,0,1,0,1,0,0,0,1,0,1
1.3862943611198906,1.0986122886681098,6.419994928147142,3.044522437723423,6.139884552226255,0.6931471805599453,2.302585092994046,0.0,0,0,0,0,0,0,0,1,0,2.0,0,0,0,0,0,0,0,0,0,0,0,0,0,0,0,0,0,0,0,0,0,0,0,0,0,0,0,1,0,1,1,1,0
1.3862943611198906,1.0986122886681098,6.917705609835305,2.772588722239781,6.142037405587356,1.0986122886681098,2.8903717578961645,2.0794415416798357,1,1,1,1,1,0,1,1,1,3.0,0,0,1,0,0,1,0,1,1,0,1,0,1,1,0,0,0,0,0,0,0,0,0,0,1,0,0,0,0,0,0,0,0
1.0986122886681098,0.6931471805599453,6.2166061010848646,3.044522437723423,6.139884552226255,0.6931471805599453,2.302585092994046,0.0,0,0,0,0,0,0,0,0,1,3.0,0,0,0,0,0,0,0,0,0,0,0,0,0,0,0,0,0,0,0,1,0,0,0,0,0,0,0,1,0,1,1,1,1
1.3862943611198906,1.0986122886681098,6.90975328164481,3.8066624897703196,7.244941546337007,0.6931471805599453,1.3862943611198906,2.0794415416798357,0,0,0,0,0,0,0,1,1,2.0,1,0,1,0,0,0,1,1,1,0,1,0,1,0,1,0,0,0,0,0,0,0,0,0,0,0,1,0,0,0,0,0,0
1.3862943611198906,1.0986122886681098,7.252053951852814,3.044522437723423,6.139884552226255,1.0986122886681098,2.302585092994046,0.0,1,1,1,1,1,0,1,1,0,1.0,0,0,0,0,0,0,0,0,0,0,0,0,0,0,0,0,0,0,0,0,0,0,0,0,1,0,0,0,0,1,1,1,0
1.3862943611198906,1.3862943611198906,7.001245622069476,3.044522437723423,6.139884552226255,0.6931471805599453,2.302585092994046,2.3978952727983707,0,0,0,0,0,0,0,1,1,2.0,1,0,1,1,1,0,1,1,1,1,1,0,1,0,0,0,0,0,0,0,0,0,0,0,0,0,0,0,1,1,1,1,1
1.3862943611198906,1.0986122886681098,6.825460036255307,2.772588722239781,6.53813982376767,0.6931471805599453,3.2188758248682006,2.0794415416798357,1,0,1,1,0,0,1,0,0,2.0,1,0,1,0,0,1,0,1,1,0,1,0,1,0,1,0,0,0,0,0,0,0,0,0,0,0,1,0,0,0,0,0,0
1.0986122886681098,1.0986122886681098,6.431331081933479,3.044522437723423,6.139884552226255,0.6931471805599453,2.302585092994046,1.0986122886681098,0,0,0,0,0,0,0,1,1,1.0,0,0,0,0,0,0,0,1,0,0,1,0,0,0,0,0,0,0,0,0,0,0,0,0,0,1,0,0,0,1,1,1,0
1.3862943611198906,1.0986122886681098,6.854354502255021,3.1354942159291497,5.983936280687191,1.0986122886681098,1.9459101490553132,2.3978952727983707,0,0,0,0,0,0,0,1,0,1.0,1,1,1,1,1,0,0,1,1,1,1,0,0,1,0,0,0,0,0,1,0,0,0,0,0,0,1,0,0,0,0,0,0
1.3862943611198906,1.0986122886681098,7.161622002939187,3.091042453358316,6.1224928095143865,0.6931471805599453,2.1972245773362196,2.0794415416798357,0,0,0,0,0,0,0,1,1,2.0,1,0,1,1,0,0,1,0,1,0,1,0,1,0,0,0,0,0,0,0,0,0,0,0,1,0,1,0,0,0,0,0,1
0.6931471805599453,0.6931471805599453,6.324358962381311,3.044522437723423,5.6937321388027,0.6931471805599453,1.9459101490553132,2.302585092994046,0,0,0,0,0,0,0,1,0,2.0,0,0,1,1,1,1,0,1,1,0,1,1,1,0,0,0,0,0,0,0,0,0,0,0,1,0,1,0,0,0,1,0,1
1.6094379124341003,1.3862943611198906,7.170888478512505,2.833213344056216,4.859812404361672,1.0986122886681098,1.9459101490553132,2.70805020110221,0,0,0,0,0,0,0,1,1,2.0,1,1,1,1,1,1,1,1,1,1,1,1,1,1,0,0,0,0,0,0,0,0,0,0,1,0,1,0,0,0,0,0,0
1.3862943611198906,1.0986122886681098,6.478509642208569,3.044522437723423,6.139884552226255,0.6931471805599453,2.833213344056216,1.0986122886681098,1,0,1,1,0,1,1,0,1,1.0,0,0,0,0,1,0,0,1,0,0,0,0,0,0,0,0,0,0,0,0,0,0,0,0,1,0,0,0,0,0,1,1,0
1.3862943611198906,1.0986122886681098,6.85751406254539,3.044522437723423,6.455198563340122,0.6931471805599453,1.6094379124341003,0.0,0,0,0,0,0,0,0,1,1,2.0,0,0,0,0,0,0,0,0,0,0,0,0,0,0,0,0,0,0,0,0,0,0,0,0,1,0,0,0,0,0,1,0,1
1.3862943611198906,1.0986122886681098,6.85751406254539,2.8903717578961645,6.139884552226255,0.6931471805599453,2.302585092994046,1.9459101490553132,0,0,0,0,0,0,0,0,0,1.0,1,0,0,0,0,1,0,1,1,0,1,0,1,0,0,0,0,0,0,0,0,0,0,0,0,0,0,0,0,1,0,1,0
1.3862943611198906,0.6931471805599453,6.478509642208569,2.5649493574615367,8.021584533455107,0.6931471805599453,2.302585092994046,1.0986122886681098,1,0,1,1,0,1,1,1,0,1.0,0,0,0,0,0,1,0,0,1,0,0,0,0,0,0,0,0,0,0,0,0,0,0,0,1,0,0,0,0,1,0,0,0
1.791759469228055,1.791759469228055,7.789868559054706,3.2188758248682006,6.508769136971682,0.6931471805599453,1.3862943611198906,2.70805020110221,0,0,0,0,0,0,0,1,0,2.0,1,1,1,1,1,1,1,1,1,1,1,1,1,1,0,0,0,0,0,0,0,0,0,0,1,0,1,0,0,0,0,0,1
1.6094379124341003,1.3862943611198906,7.445417556701687,2.3978952727983707,5.351858133476067,0.6931471805599453,2.4849066497880004,2.6390573296152584,1,1,1,1,0,0,0,0,1,3.0,1,1,1,1,0,1,1,1,1,1,1,1,1,1,0,0,0,0,0,0,0,0,0,0,1,0,1,0,0,0,0,0,1
1.3862943611198906,1.0986122886681098,6.821107472256465,3.1354942159291497,5.796057750765372,1.0986122886681098,2.0794415416798357,1.9459101490553132,0,0,0,0,0,0,0,1,0,2.0,0,0,1,0,0,1,0,1,1,0,1,0,1,0,0,0,0,0,0,0,0,0,0,0,0,0,0,0,0,0,0,0,0
1.3862943611198906,1.0986122886681098,6.55250788703459,2.833213344056216,5.54907608489522,0.6931471805599453,2.302585092994046,1.791759469228055,0,0,0,0,0,0,0,1,1,2.0,1,0,0,1,0,0,0,1,1,0,1,0,0,0,0,0,0,0,0,1,0,0,0,0,0,0,0,0,0,1,0,0,0
1.3862943611198906,1.0986122886681098,7.157735484249907,3.58351893845611,6.306275286948016,0.6931471805599453,2.302585092994046,2.302585092994046,0,0,0,0,0,0,0,1,1,2.0,0,0,1,0,1,1,0,1,1,0,1,1,1,1,0,0,0,0,0,1,0,0,0,0,0,0,1,0,0,1,0,0,0
1.0986122886681098,1.0986122886681098,6.918695219020472,3.258096538021482,7.602900462204755,1.0986122886681098,1.6094379124341003,2.70805020110221,0,0,0,0,0,0,0,1,1,3.0,1,1,1,1,1,1,1,1,1,1,1,1,1,1,0,0,0,0,0,0,0,0,0,0,0,0,0,0,1,0,0,0,0
1.3862943611198906,1.0986122886681098,6.68586094706836,3.044522437723423,7.550135342488429,1.0986122886681098,2.0794415416798357,1.3862943611198906,0,0,0,0,0,0,0,1,0,3.0,0,0,0,0,1,0,0,1,0,0,1,0,0,0,0,0,0,0,0,1,0,0,0,0,0,0,0,0,0,0,1,0,0
1.3862943611198906,1.3862943611198906,7.0909098220799835,3.044522437723423,6.139884552226255,1.3862943611198906,2.302585092994046,1.3862943611198906,0,0,0,0,0,0,0,1,1,1.0,1,0,1,0,0,0,1,0,0,0,0,0,0,0,1,0,0,0,0,0,0,0,0,0,0,0,1,0,0,1,1,1,0
1.3862943611198906,1.3862943611198906,7.244941546337007,3.044522437723423,6.139884552226255,1.0986122886681098,2.3978952727983707,2.302585092994046,0,1,1,1,0,0,1,1,1,1.0,1,0,1,1,0,1,1,1,1,0,1,0,1,0,1,0,0,0,0,0,0,0,0,0,0,0,1,0,0,0,1,1,0
1.3862943611198906,1.0986122886681098,7.00397413672268,3.4339872044851463,5.583496308781699,1.0986122886681098,0.6931471805599453,2.4849066497880004,1,1,1,1,1,0,0,0,1,1.0,1,1,1,1,1,0,1,1,1,1,1,0,1,0,0,0,0,0,0,0,0,0,0,0,1,0,1,0,0,0,0,0,0
1.3862943611198906,0.6931471805599453,6.489204931325317,3.044522437723423,6.139884552226255,0.6931471805599453,2.302585092994046,1.3862943611198906,0,0,0,0,0,0,0,0,1,1.0,0,0,0,0,1,0,0,1,1,0,0,0,0,0,1,0,0,0,0,0,0,0,0,0,0,0,0,0,0,1,1,1,0
1.3862943611198906,1.0986122886681098,6.7464121285733745,3.044522437723423,6.139884552226255,0.6931471805599453,2.302585092994046,1.6094379124341003,0,0,0,0,0,0,0,1,0,2.0,0,0,0,0,0,0,1,0,1,0,1,0,1,0,0,0,0,0,0,0,0,0,1,0,0,0,0,0,0,1,1,1,0
1.3862943611198906,1.0986122886681098,6.478509642208569,2.4849066497880004,6.675823221634848,0.6931471805599453,3.091042453358316,1.6094379124341003,1,0,1,1,0,0,1,0,0,2.0,0,0,0,0,0,1,0,1,0,0,1,0,1,0,1,0,0,0,0,0,0,0,0,0,0,0,0,0,0,0,0,0,1
1.3862943611198906,1.0986122886681098,7.00397413672268,3.6635616461296463,5.860786223465865,1.0986122886681098,2.302585092994046,2.4849066497880004,0,0,0,0,0,0,0,1,1,2.0,1,0,1,1,1,0,0,1,1,1,1,1,1,1,0,0,0,0,0,1,0,0,0,0,0,0,1,0,0,1,0,0,0
1.0986122886681098,1.0986122886681098,6.7464121285733745,3.970291913552122,6.206575926724928,0.6931471805599453,1.6094379124341003,2.1972245773362196,1,0,1,1,1,0,0,1,1,2.0,0,0,1,1,1,0,1,1,0,1,1,0,1,0,1,0,0,0,0,0,0,0,0,0,0,0,0,0,1,0,0,0,0
1.3862943611198906,1.3862943611198906,7.161622002939187,3.4339872044851463,6.695798917058491,0.6931471805599453,2.3978952727983707,2.3978952727983707,0,0,0,0,0,0,0,1,1,2.0,0,0,1,0,1,1,0,1,1,1,1,1,1,1,0,0,0,0,0,1,0,0,0,0,0,0,1,0,0,0,0,0,0
1.0986122886681098,0.6931471805599453,6.437751649736401,3.044522437723423,6.139884552226255,0.6931471805599453,2.302585092994046,0.0,0,0,0,0,0,0,0,1,0,3.0,0,0,0,0,0,0,0,0,0,0,0,0,0,0,1,0,0,0,0,0,0,0,0,0,0,0,0,1,0,1,1,1,1
1.3862943611198906,1.0986122886681098,6.831953565565855,3.1354942159291497,6.980075940561763,0.6931471805599453,2.6390573296152584,2.4849066497880004,0,1,0,0,1,0,0,0,0,2.0,1,1,1,0,1,1,1,1,1,1,1,0,1,0,0,0,0,0,0,0,0,0,0,0,1,0,1,0,0,0,0,0,0
1.3862943611198906,1.0986122886681098,6.489204931325317,3.044522437723423,6.139884552226255,0.6931471805599453,2.302585092994046,1.6094379124341003,0,0,0,0,0,0,0,1,1,2.0,0,0,1,0,0,0,1,0,1,0,1,0,0,0,0,0,0,0,0,0,0,0,0,0,0,1,0,0,1,1,1,1,1
1.3862943611198906,1.0986122886681098,7.0909098220799835,3.044522437723423,6.018593214496234,1.0986122886681098,1.0986122886681098,2.0794415416798357,0,0,0,0,0,0,0,1,1,3.0,1,1,0,0,0,0,1,1,1,1,0,0,1,0,0,0,0,0,0,1,0,0,0,0,0,0,1,0,0,0,1,0,0
1.6094379124341003,1.0986122886681098,7.310550158534422,2.995732273553991,6.139884552226255,1.0986122886681098,2.302585092994046,2.0794415416798357,0,0,0,0,0,0,0,1,1,2.0,0,0,1,0,1,0,1,1,1,0,1,0,1,0,0,0,0,0,0,1,0,0,0,0,0,0,1,0,0,1,0,1,0
1.3862943611198906,1.0986122886681098,6.992096427415888,1.9459101490553132,6.139884552226255,0.6931471805599453,2.302585092994046,2.1972245773362196,1,1,0,1,0,0,1,1,1,2.0,0,0,0,0,1,1,1,1,1,0,1,1,1,0,1,0,0,0,0,0,0,0,0,0,0,0,1,0,0,1,0,1,1
1.3862943611198906,0.6931471805599453,6.398594934535208,3.044522437723423,6.139884552226255,1.0986122886681098,2.302585092994046,1.6094379124341003,0,1,0,1,0,0,0,0,0,2.0,0,0,0,0,0,1,1,1,1,0,0,0,0,0,1,0,0,0,0,0,0,0,0,0,0,0,0,0,0,1,1,1,0
1.3862943611198906,1.0986122886681098,7.017506142941256,3.258096538021482,6.040254711277414,1.0986122886681098,1.9459101490553132,2.1972245773362196,0,0,0,0,0,0,0,1,1,2.0,0,0,1,0,1,1,0,1,1,1,1,0,1,0,0,0,0,0,0,1,0,0,0,0,0,0,1,0,0,0,0,0,0
1.3862943611198906,1.0986122886681098,6.580639137284949,3.044522437723423,6.175867270105761,1.0986122886681098,3.044522437723423,2.5649493574615367,0,0,0,0,0,0,0,1,1,2.0,1,0,1,1,1,1,1,1,1,1,1,0,1,1,0,0,0,0,0,1,0,0,0,0,0,0,1,0,0,0,0,0,0
1.3862943611198906,1.0986122886681098,6.803505257608338,3.044522437723423,6.159095388491933,0.6931471805599453,2.0794415416798357,2.1972245773362196,1,1,1,1,1,0,1,0,0,3.0,0,0,0,1,1,1,1,1,1,0,1,0,1,0,1,0,0,0,0,0,0,0,0,0,0,0,1,0,0,0,1,0,0
1.3862943611198906,1.0986122886681098,7.052721049232323,3.044522437723423,6.139884552226255,1.0986122886681098,2.302585092994046,1.791759469228055,0,0,0,0,0,0,0,1,0,2.0,0,0,0,0,1,0,0,1,1,0,1,0,1,0,0,0,0,0,0,1,0,0,0,0,0,0,1,0,0,1,1,1,0
1.3862943611198906,1.0986122886681098,7.064759027791802,3.2188758248682006,6.3578422665081,0.6931471805599453,3.4011973816621555,2.4849066497880004,1,0,1,1,1,0,0,1,1,3.0,1,0,1,0,1,1,0,1,1,1,1,1,1,1,1,0,0,0,0,0,0,0,0,0,0,0,1,0,0,0,0,0,0
1.3862943611198906,1.0986122886681098,6.704414354964107,3.044522437723423,6.139884552226255,0.6931471805599453,2.302585092994046,0.6931471805599453,1,1,0,0,0,0,0,1,1,2.0,0,0,0,0,0,0,1,0,0,0,0,0,0,0,0,0,0,0,0,0,0,0,0,0,1,0,0,0,1,1,1,1,1
1.0986122886681098,1.0986122886681098,6.85751406254539,3.044522437723423,6.111467339502679,1.0986122886681098,0.6931471805599453,1.6094379124341003,0,0,0,0,0,0,0,1,1,2.0,0,0,1,1,0,0,0,1,0,0,1,0,0,0,0,0,0,0,0,1,0,0,0,0,0,0,1,0,0,0,1,0,0
1.3862943611198906,1.3862943611198906,7.0909098220799835,3.044522437723423,6.139884552226255,1.0986122886681098,2.302585092994046,2.70805020110221,0,0,0,0,0,0,0,1,1,3.0,1,1,1,1,1,1,1,1,1,1,1,1,1,1,0,0,0,0,0,0,0,0,0,0,1,0,1,0,0,1,1,1,0
1.6094379124341003,1.3862943611198906,7.411556287811163,2.772588722239781,5.293304824724492,1.0986122886681098,3.258096538021482,2.4849066497880004,0,0,0,0,0,0,0,1,1,2.0,1,0,1,1,1,1,1,1,1,1,1,0,1,0,0,0,0,0,0,0,0,1,0,0,0,0,1,0,0,0,0,0,0
1.0986122886681098,1.0986122886681098,6.880384082186005,3.044522437723423,3.7612001156935624,0.6931471805599453,2.302585092994046,1.791759469228055,0,0,0,0,0,0,0,1,1,2.0,0,0,1,0,0,0,1,0,1,0,1,0,1,0,0,0,0,0,0,0,0,0,0,0,0,0,0,0,0,1,1,0,1
1.3862943611198906,1.0986122886681098,7.108244139731541,1.791759469228055,6.139884552226255,0.6931471805599453,2.302585092994046,1.791759469228055,0,0,0,0,0,0,0,1,1,2.0,1,0,0,0,0,0,0,1,1,0,1,0,1,0,0,0,0,0,0,0,0,0,0,0,1,0,1,0,0,1,0,1,1
1.6094379124341003,1.0986122886681098,7.2078598714324755,3.044522437723423,6.139884552226255,0.6931471805599453,2.302585092994046,1.9459101490553132,0,0,0,0,0,0,0,1,0,1.0,0,0,1,0,1,0,0,1,1,0,1,0,1,0,0,0,0,0,0,0,0,0,1,0,0,0,1,0,0,1,1,1,0
1.3862943611198906,1.0986122886681098,6.621405651764134,3.044522437723423,6.139884552226255,0.6931471805599453,2.302585092994046,0.0,0,0,0,0,0,0,0,0,1,1.0,0,0,0,0,0,0,0,0,0,0,0,0,0,0,0,0,0,0,0,0,0,0,0,0,0,0,0,0,0,1,1,1,1
1.3862943611198906,1.0986122886681098,7.1316985104669115,3.044522437723423,6.135564891081739,1.0986122886681098,1.791759469228055,2.1972245773362196,0,0,0,0,0,0,0,0,1,3.0,0,0,1,1,1,0,1,1,1,0,1,0,1,0,0,0,0,0,0,0,0,0,0,0,1,0,1,0,0,0,1,0,0
1.3862943611198906,1.0986122886681098,6.803505257608338,1.791759469228055,6.139884552226255,0.6931471805599453,2.302585092994046,1.6094379124341003,0,0,0,0,0,0,0,1,1,1.0,0,0,0,0,1,1,0,1,0,0,1,0,0,0,0,0,0,0,0,1,0,0,0,0,0,0,0,0,0,1,0,1,0
1.3862943611198906,1.0986122886681098,6.478509642208569,1.791759469228055,6.139884552226255,0.6931471805599453,2.302585092994046,0.0,0,0,0,0,0,0,0,1,1,1.0,0,0,0,0,0,0,0,0,0,0,0,0,0,0,0,0,0,0,0,0,0,0,0,0,1,0,0,1,0,1,0,1,1
1.3862943611198906,1.0986122886681098,6.7464121285733745,3.044522437723423,6.139884552226255,0.6931471805599453,2.302585092994046,0.0,0,0,0,0,0,0,0,1,0,2.0,0,0,0,0,0,0,0,0,0,0,0,0,0,0,1,0,0,0,0,0,0,0,0,0,0,0,1,0,0,1,1,1,1
1.791759469228055,1.6094379124341003,7.757051142032013,3.6635616461296463,6.042632833682381,1.6094379124341003,2.5649493574615367,2.70805020110221,0,0,0,0,0,0,0,1,1,3.0,1,1,1,1,1,1,1,1,1,1,1,1,1,1,0,0,0,0,0,1,0,0,0,0,0,0,1,0,0,0,0,0,0
1.3862943611198906,1.0986122886681098,6.732210706467206,3.1354942159291497,6.705639094860003,1.0986122886681098,2.833213344056216,2.302585092994046,0,0,0,0,0,0,0,1,1,2.0,1,0,1,1,1,0,0,1,1,0,1,1,1,0,0,0,0,0,0,1,0,0,0,0,0,0,1,0,0,0,0,0,0
1.3862943611198906,1.0986122886681098,6.7464121285733745,3.044522437723423,6.139884552226255,0.6931471805599453,2.302585092994046,1.6094379124341003,0,0,0,1,0,0,0,1,0,2.0,0,0,0,0,1,0,0,1,1,0,1,0,0,0,0,0,0,0,0,0,0,0,0,0,1,0,0,0,0,1,1,1,0
1.3862943611198906,1.0986122886681098,6.55250788703459,3.044522437723423,6.175867270105761,0.6931471805599453,3.044522437723423,2.302585092994046,0,0,0,0,0,0,0,1,1,3.0,1,0,1,0,1,1,1,1,1,0,1,0,1,0,0,0,0,0,0,1,0,0,0,0,0,0,1,0,0,0,0,0,0
1.3862943611198906,1.0986122886681098,6.784457062637643,3.2188758248682006,6.139884552226255,0.6931471805599453,2.302585092994046,2.70805020110221,0,0,0,0,0,0,0,1,1,3.0,1,1,1,1,1,1,1,1,1,1,1,1,1,1,0,0,0,0,0,1,0,0,0,0,0,0,1,0,0,1,0,1,0
1.3862943611198906,1.0986122886681098,6.664409020350408,3.044522437723423,6.139884552226255,0.6931471805599453,2.302585092994046,0.0,1,0,0,1,0,0,0,0,0,2.0,0,0,0,0,0,0,0,0,0,0,0,0,0,0,0,0,0,0,0,0,0,0,0,0,1,0,0,0,0,1,1,1,1
1.3862943611198906,1.0986122886681098,7.143617602704121,3.4965075614664802,5.43372200355424,1.0986122886681098,1.3862943611198906,1.9459101490553132,1,0,1,1,0,0,0,1,1,2.0,0,0,1,0,0,0,1,1,1,0,1,0,1,0,1,0,0,0,0,0,0,0,0,0,0,0,1,0,0,0,0,0,0
1.6094379124341003,1.0986122886681098,6.825460036255307,3.044522437723423,6.139884552226255,0.6931471805599453,1.9459101490553132,1.791759469228055,0,0,0,0,0,0,0,1,1,2.0,0,0,0,0,1,0,0,1,1,0,1,0,1,0,0,0,0,0,0,0,0,0,0,0,0,0,0,0,0,0,0,1,1
1.3862943611198906,1.3862943611198906,7.251344983372214,3.295836866004329,5.3981627015177525,1.0986122886681098,1.6094379124341003,2.0794415416798357,0,0,0,0,0,0,0,1,1,2.0,0,0,1,0,0,1,0,1,1,0,1,1,1,0,0,0,0,0,0,1,0,0,0,0,0,0,1,0,0,0,0,0,0
1.3862943611198906,1.0986122886681098,6.634633357861686,1.3862943611198906,6.139884552226255,0.6931471805599453,2.302585092994046,0.6931471805599453,1,1,1,1,1,1,1,1,1,1.0,0,0,0,0,0,0,0,1,0,0,0,0,0,0,1,0,0,0,0,0,0,0,0,0,0,0,0,0,0,1,0,1,1
1.3862943611198906,1.0986122886681098,6.478509642208569,3.044522437723423,6.139884552226255,0.6931471805599453,2.302585092994046,0.6931471805599453,0,0,0,0,0,0,0,1,1,2.0,0,0,0,0,0,0,0,1,0,0,0,0,0,0,0,0,0,0,0,0,0,0,0,0,1,0,0,1,0,1,1,1,0
1.3862943611198906,1.0986122886681098,6.68586094706836,3.044522437723423,6.139884552226255,0.6931471805599453,2.302585092994046,1.3862943611198906,0,0,0,0,0,0,0,1,0,1.0,0,0,0,1,1,0,0,0,0,0,1,0,0,0,0,0,0,0,0,0,0,0,0,0,1,0,0,1,0,1,1,1,1
0.6931471805599453,0.6931471805599453,6.398594934535208,3.5263605246161616,5.953243334287785,0.6931471805599453,2.70805020110221,1.9459101490553132,0,1,1,1,0,0,1,1,0,2.0,0,0,1,0,1,0,0,1,1,0,1,0,1,0,0,0,0,0,0,0,0,0,0,0,1,0,0,0,1,0,0,0,1
1.3862943611198906,1.0986122886681098,7.094234845924755,3.044522437723423,6.139884552226255,0.6931471805599453,2.302585092994046,1.791759469228055,0,0,0,0,0,0,0,1,1,2.0,0,0,0,0,1,0,0,1,1,0,1,0,1,0,0,0,0,0,0,0,0,0,1,0,0,0,1,0,0,1,1,1,0
1.0986122886681098,0.6931471805599453,6.329720905522696,3.044522437723423,6.139884552226255,0.6931471805599453,2.302585092994046,1.3862943611198906,0,0,0,0,0,0,0,1,1,2.0,0,1,0,0,0,0,0,0,1,0,1,0,0,0,0,0,0,0,0,0,0,0,0,0,1,0,1,0,0,1,1,1,0
1.3862943611198906,1.0986122886681098,6.90875477931522,2.70805020110221,6.660575149839686,0.6931471805599453,1.3862943611198906,1.791759469228055,0,0,0,0,0,0,0,1,0,1.0,0,0,0,0,1,0,0,1,1,0,1,0,1,0,0,0,0,0,0,1,0,0,0,0,0,0,0,0,0,0,0,0,0
1.0986122886681098,1.0986122886681098,7.123672785204607,3.2188758248682006,6.139884552226255,1.0986122886681098,2.302585092994046,2.3978952727983707,0,0,0,0,0,0,0,1,1,1.0,1,0,1,1,1,1,0,1,1,1,1,0,1,0,1,0,0,0,0,0,0,0,0,0,0,0,0,0,0,1,0,1,0
1.6094379124341003,1.3862943611198906,7.176254532017144,3.367295829986474,5.968707559985366,1.0986122886681098,2.302585092994046,2.0794415416798357,0,0,0,0,0,0,0,1,1,2.0,1,0,1,1,0,0,0,1,1,0,1,0,1,0,0,0,0,0,0,1,0,0,0,0,0,0,1,0,0,1,0,0,0
1.3862943611198906,1.0986122886681098,6.7464121285733745,3.912023005428146,7.6760099320288875,1.0986122886681098,2.0794415416798357,0.0,0,0,0,0,0,0,0,1,0,2.0,0,0,0,0,0,0,0,0,0,0,0,0,0,0,0,0,0,0,0,1,0,0,0,0,0,0,1,0,0,0,0,0,0
1.3862943611198906,1.0986122886681098,7.166265974133638,3.091042453358316,5.659482215759621,1.0986122886681098,2.5649493574615367,2.6390573296152584,1,0,1,1,0,0,0,1,0,2.0,1,1,1,1,1,1,1,1,1,1,1,1,1,0,0,0,0,0,0,0,0,0,0,0,1,0,1,0,0,0,0,0,0
1.3862943611198906,1.0986122886681098,6.68586094706836,3.1780538303479458,6.073044534100405,0.6931471805599453,3.2188758248682006,2.302585092994046,0,0,0,0,0,0,0,1,1,2.0,1,0,1,1,0,1,0,1,1,0,1,0,1,1,0,0,0,0,0,1,0,0,0,0,0,0,0,0,0,0,0,0,0
1.3862943611198906,1.0986122886681098,6.647688373563329,2.9444389791664403,5.303304908059076,0.6931471805599453,2.8903717578961645,0.0,1,0,1,1,0,0,1,1,0,2.0,0,0,0,0,0,0,0,0,0,0,0,0,0,0,0,0,0,0,0,0,0,0,0,0,1,0,0,0,0,0,0,0,1
1.3862943611198906,1.0986122886681098,6.943122422819428,3.258096538021482,7.135687347028144,0.6931471805599453,1.791759469228055,2.302585092994046,0,0,0,0,0,0,0,1,1,2.0,1,0,1,0,1,0,1,1,1,0,1,0,1,1,0,0,0,0,0,0,0,0,0,0,0,0,0,0,0,0,0,0,1
1.3862943611198906,1.0986122886681098,6.55250788703459,3.044522437723423,6.139884552226255,0.6931471805599453,2.302585092994046,1.3862943611198906,0,0,0,0,0,0,0,1,1,2.0,0,0,0,0,1,0,1,1,0,0,0,0,0,0,0,0,0,0,0,1,0,0,0,0,0,0,0,0,0,1,1,1,0
1.6094379124341003,1.6094379124341003,7.742835955430749,3.044522437723423,6.139884552226255,1.0986122886681098,2.302585092994046,2.3978952727983707,0,0,0,0,0,0,0,1,1,3.0,0,0,1,0,1,1,0,1,1,1,1,1,1,1,0,0,0,0,0,0,0,0,0,0,0,1,1,0,0,1,1,1,0
1.3862943611198906,0.6931471805599453,6.478509642208569,1.791759469228055,6.139884552226255,0.6931471805599453,2.302585092994046,1.3862943611198906,0,0,1,1,1,0,0,0,1,2.0,0,0,0,0,0,0,0,1,1,0,1,0,0,0,0,0,0,0,0,0,0,0,0,0,1,0,0,0,0,1,0,1,1
1.3862943611198906,1.3862943611198906,7.0909098220799835,3.044522437723423,6.139884552226255,1.0986122886681098,2.302585092994046,2.70805020110221,0,0,0,0,0,0,0,1,1,3.0,1,1,1,1,1,1,1,1,1,1,1,1,1,1,0,0,0,0,0,0,0,1,0,0,0,0,1,0,0,1,1,1,0
1.3862943611198906,1.0986122886681098,6.90875477931522,3.4965075614664802,4.276666119016055,1.0986122886681098,2.1972245773362196,2.1972245773362196,0,0,0,0,0,0,0,1,1,2.0,1,0,1,1,0,0,0,1,1,1,1,0,1,0,0,0,0,0,0,1,0,0,0,0,0,0,1,0,0,0,0,0,0
1.3862943611198906,1.0986122886681098,6.7464121285733745,3.9318256327243257,8.188966863648876,1.0986122886681098,0.0,2.70805020110221,1,1,1,1,0,1,1,1,1,1.0,1,1,1,1,1,1,1,1,1,1,1,1,1,1,1,0,0,0,0,0,0,0,0,0,0,0,1,0,0,0,0,0,0
1.3862943611198906,1.3862943611198906,7.377133712833954,3.7612001156935624,6.508769136971682,1.0986122886681098,1.9459101490553132,1.791759469228055,0,0,0,0,0,0,0,1,1,3.0,0,0,1,0,1,0,0,1,0,0,1,0,1,0,0,0,0,0,0,1,0,0,0,0,0,0,1,0,0,0,0,0,0
1.3862943611198906,1.0986122886681098,6.985641817639208,2.8903717578961645,6.09807428216624,1.0986122886681098,2.302585092994046,2.0794415416798357,1,1,1,0,1,0,0,1,0,2.0,0,0,1,0,1,0,1,1,1,0,1,0,1,0,0,0,0,0,0,0,0,0,0,0,1,0,0,0,1,1,0,0,0
1.0986122886681098,1.0986122886681098,6.85751406254539,3.044522437723423,6.111467339502679,1.0986122886681098,0.6931471805599453,0.0,0,0,0,0,0,0,0,1,1,2.0,0,0,0,0,0,0,0,0,0,0,0,0,0,0,0,0,0,0,0,1,0,0,0,0,0,0,1,0,0,0,1,0,0
1.3862943611198906,1.0986122886681098,6.7464121285733745,1.6094379124341003,5.855071922202427,0.6931471805599453,2.302585092994046,1.791759469228055,0,0,0,0,0,0,0,1,1,3.0,1,0,0,0,0,0,0,1,1,0,1,0,1,0,0,0,0,0,0,0,0,0,0,0,0,0,0,1,0,0,0,0,0
1.3862943611198906,1.0986122886681098,7.00397413672268,3.044522437723423,5.484796933490655,0.6931471805599453,2.302585092994046,1.3862943611198906,0,0,0,0,0,0,0,1,0,2.0,0,0,1,0,0,0,0,0,0,0,1,0,1,0,0,0,0,0,0,1,0,0,0,0,0,0,1,0,0,1,1,0,0
1.3862943611198906,1.0986122886681098,6.7464121285733745,3.044522437723423,6.455198563340122,1.0986122886681098,1.6094379124341003,2.302585092994046,0,1,0,0,0,0,0,1,1,2.0,0,0,1,1,1,1,0,1,1,1,1,0,1,0,0,0,0,0,0,0,0,0,0,0,1,0,0,0,0,0,1,0,0
1.3862943611198906,1.0986122886681098,6.628041376179533,2.70805020110221,5.820082930352362,0.6931471805599453,2.6390573296152584,1.791759469228055,0,0,0,0,0,0,0,0,1,3.0,0,0,0,0,1,0,0,1,1,0,1,0,1,0,1,0,0,0,0,0,0,0,0,0,0,0,1,0,0,0,0,0,0
1.3862943611198906,1.0986122886681098,6.520621127558696,3.044522437723423,6.139884552226255,0.6931471805599453,2.302585092994046,1.0986122886681098,0,0,0,0,0,0,0,0,1,2.0,0,0,0,0,0,1,0,0,1,0,0,0,0,0,0,0,1,0,0,0,0,0,0,0,0,0,0,1,0,1,1,1,1
1.3862943611198906,1.0986122886681098,6.837332814685591,3.044522437723423,6.248042874508429,0.6931471805599453,2.833213344056216,1.791759469228055,1,1,1,0,1,1,0,0,0,2.0,0,0,1,0,0,1,1,0,0,0,1,0,1,0,0,0,0,0,0,0,0,0,0,0,1,0,0,0,1,0,1,0,0
1.3862943611198906,1.0986122886681098,6.877296071497429,3.044522437723423,7.087573705557973,1.0986122886681098,1.6094379124341003,2.4849066497880004,0,0,0,0,0,0,1,1,1,2.0,1,0,1,1,1,1,1,1,1,1,1,0,1,0,0,0,0,0,0,0,0,0,0,0,1,0,0,0,0,0,1,0,0
1.3862943611198906,1.0986122886681098,7.340186835320115,2.833213344056216,6.139884552226255,1.0986122886681098,2.302585092994046,2.302585092994046,0,0,0,0,0,0,0,1,0,2.0,0,0,1,1,1,1,0,1,1,1,1,0,1,0,0,0,0,0,0,0,0,0,0,0,1,0,1,0,0,1,0,1,0
1.3862943611198906,1.0986122886681098,7.00397413672268,3.044522437723423,6.139884552226255,0.6931471805599453,2.302585092994046,1.791759469228055,0,0,0,0,0,0,0,1,1,1.0,0,0,0,0,1,0,0,1,1,0,1,0,1,0,0,0,0,0,0,0,0,0,0,0,0,1,1,0,0,1,1,1,0
1.0986122886681098,1.0986122886681098,6.81783057145415,3.58351893845611,5.713732805509369,1.0986122886681098,2.772588722239781,2.1972245773362196,1,1,1,1,1,0,0,1,1,2.0,1,0,1,0,0,0,0,1,1,1,1,1,1,0,1,0,0,0,0,0,0,0,0,0,0,0,1,0,0,0,0,0,0
1.3862943611198906,1.0986122886681098,7.077498053569231,3.044522437723423,4.976733742420574,1.0986122886681098,2.302585092994046,2.302585092994046,1,1,1,1,1,1,0,1,0,2.0,0,1,1,0,1,1,0,1,0,0,1,1,1,1,1,0,0,0,0,0,0,0,0,0,0,0,1,0,0,1,1,0,0
1.0986122886681098,1.0986122886681098,6.311734809152915,3.044522437723423,6.139884552226255,0.6931471805599453,2.302585092994046,1.0986122886681098,0,0,0,0,0,0,0,1,0,2.0,0,0,0,0,1,1,0,0,0,0,0,0,0,0,0,0,0,0,0,1,0,0,0,0,0,0,0,1,0,1,1,1,1
1.3862943611198906,1.0986122886681098,6.55250788703459,3.1354942159291497,6.0014148779611505,0.6931471805599453,3.1780538303479458,1.3862943611198906,0,0,0,0,0,0,0,1,1,1.0,0,0,0,0,1,0,0,1,0,0,1,0,0,0,0,0,0,0,0,1,0,0,0,0,0,0,1,0,0,0,0,0,0
1.6094379124341003,1.3862943611198906,7.919719760924575,3.58351893845611,5.278114659230517,1.0986122886681098,2.5649493574615367,2.0794415416798357,0,0,0,0,0,0,0,1,1,1.0,0,0,1,0,1,0,1,1,1,0,1,0,1,0,0,0,0,0,0,1,0,0,0,0,0,0,1,0,0,0,0,0,0
1.3862943611198906,1.0986122886681098,6.55250788703459,2.8903717578961645,5.41610040220442,0.6931471805599453,3.367295829986474,1.9459101490553132,0,0,0,0,0,0,0,1,1,2.0,0,0,0,0,1,1,0,1,1,0,1,0,1,0,0,0,0,0,0,1,0,0,0,0,0,0,0,0,0,0,0,0,0
1.3862943611198906,1.0986122886681098,6.953684210870537,3.044522437723423,6.139884552226255,0.6931471805599453,2.302585092994046,2.0794415416798357,0,0,0,0,0,0,0,1,0,2.0,0,0,0,0,1,1,1,1,1,0,1,0,1,0,0,0,0,0,0,0,0,0,0,0,1,0,1,0,0,1,1,1,0
1.3862943611198906,1.0986122886681098,6.478509642208569,3.044522437723423,6.139884552226255,0.6931471805599453,2.302585092994046,0.0,0,0,0,0,0,0,0,1,1,2.0,0,0,0,0,0,0,0,0,0,0,0,0,0,0,0,0,0,0,0,0,0,0,0,0,0,0,0,0,0,1,1,1,1
1.791759469228055,1.0986122886681098,7.060476365999801,1.791759469228055,6.139884552226255,0.6931471805599453,2.302585092994046,1.9459101490553132,0,0,0,0,0,0,0,1,1,2.0,0,0,0,1,0,1,0,1,1,0,1,0,1,0,0,0,0,0,0,0,0,0,0,0,0,0,0,0,0,1,0,1,1
1.3862943611198906,1.0986122886681098,6.478509642208569,3.044522437723423,6.139884552226255,0.6931471805599453,2.302585092994046,0.0,0,0,0,1,0,0,0,1,1,1.0,0,0,0,0,0,0,0,0,0,0,0,0,0,0,0,0,0,0,0,0,0,0,0,0,1,0,0,0,0,1,1,1,1
1.3862943611198906,1.0986122886681098,6.68586094706836,3.044522437723423,6.139884552226255,0.6931471805599453,2.302585092994046,1.9459101490553132,0,0,0,0,0,0,0,0,0,1.0,0,0,0,1,1,0,0,1,1,0,1,0,1,0,0,0,0,0,0,0,0,0,0,0,1,0,0,0,0,1,1,1,0
1.6094379124341003,1.0986122886681098,6.968850378341948,3.258096538021482,6.3784261836515865,0.6931471805599453,2.9444389791664403,2.1972245773362196,1,1,1,1,0,0,1,1,1,2.0,0,0,0,0,1,1,1,1,1,0,1,0,1,1,0,0,0,0,0,0,0,0,0,0,1,0,0,0,1,0,0,0,1
1.3862943611198906,1.0986122886681098,6.8679744089702925,2.5649493574615367,5.2832037287379885,0.6931471805599453,2.772588722239781,2.1972245773362196,0,0,0,0,0,0,0,0,0,2.0,1,0,1,0,1,1,0,1,1,0,1,0,1,0,0,0,0,0,0,0,0,0,0,0,1,0,1,0,0,0,0,0,0
1.3862943611198906,1.0986122886681098,6.55250788703459,3.4339872044851463,6.2166061010848646,0.6931471805599453,2.4849066497880004,2.302585092994046,0,0,0,0,0,0,0,1,1,3.0,1,0,1,1,1,0,1,1,1,0,1,0,1,0,0,0,0,0,0,1,0,0,0,0,0,0,0,0,0,0,0,0,0
1.0986122886681098,1.0986122886681098,6.431331081933479,3.784189633918261,6.863803391452954,0.6931471805599453,2.302585092994046,1.6094379124341003,1,1,1,1,1,0,0,1,1,2.0,0,0,1,0,0,1,0,1,0,0,1,0,0,0,0,0,0,0,0,0,0,0,0,0,1,0,1,0,0,1,0,0,0
0.6931471805599453,0.6931471805599453,6.075346031088684,3.258096538021482,7.602900462204755,0.6931471805599453,1.6094379124341003,0.0,0,0,0,0,0,0,0,1,1,3.0,0,0,0,0,0,0,0,0,0,0,0,0,0,0,0,0,0,0,0,0,0,0,0,0,0,0,0,0,1,0,0,0,1
1.3862943611198906,1.3862943611198906,6.9957661563048505,3.4339872044851463,6.695798917058491,0.6931471805599453,2.3978952727983707,2.3978952727983707,0,0,0,0,0,0,0,1,1,2.0,0,0,1,0,1,1,0,1,1,1,1,1,1,1,0,0,0,0,0,1,0,0,0,0,0,0,1,0,0,0,0,0,0
1.3862943611198906,1.0986122886681098,6.740519359606223,3.091042453358316,6.61338421837956,0.6931471805599453,3.091042453358316,2.3978952727983707,0,0,1,1,0,0,0,1,1,2.0,1,0,1,1,0,1,0,1,1,1,1,0,1,1,1,0,0,0,0,0,0,0,0,0,0,0,1,0,0,0,0,0,1
1.3862943611198906,1.0986122886681098,6.962243464266207,3.044522437723423,6.139884552226255,1.0986122886681098,1.9459101490553132,2.70805020110221,0,0,0,0,0,0,0,1,1,3.0,1,1,1,1,1,1,1,1,1,1,1,1,1,1,0,0,0,0,0,0,0,0,0,0,1,0,0,0,0,0,1,1,0
0.6931471805599453,0.6931471805599453,6.111467339502679,3.713572066704308,6.853299093186078,0.6931471805599453,2.0794415416798357,2.70805020110221,0,0,0,0,0,0,0,0,1,2.0,1,1,1,1,1,1,1,1,1,1,1,1,1,1,0,0,0,0,0,0,0,0,0,0,1,0,1,0,0,0,0,0,0
1.6094379124341003,1.3862943611198906,7.444833273892193,3.044522437723423,7.202661196523238,0.6931471805599453,0.6931471805599453,0.0,0,0,1,1,0,0,0,1,0,2.0,0,0,0,0,0,0,0,0,0,0,0,0,0,0,1,0,0,0,0,0,0,0,0,0,0,0,1,0,0,0,1,0,1
1.3862943611198906,1.0986122886681098,6.7464121285733745,3.58351893845611,7.519692404116539,0.6931471805599453,1.6094379124341003,2.70805020110221,0,0,0,0,0,0,0,0,1,2.0,1,1,1,1,1,1,1,1,1,1,1,1,1,1,0,0,0,0,0,0,0,0,0,0,0,0,0,0,1,0,0,0,0
1.3862943611198906,1.0986122886681098,7.19668657083435,2.772588722239781,6.139884552226255,1.0986122886681098,2.302585092994046,2.0794415416798357,0,0,0,0,0,0,0,1,1,2.0,1,0,1,0,1,0,0,1,1,0,1,0,1,0,0,0,0,0,0,1,0,0,0,0,0,0,1,0,0,1,0,1,0
1.3862943611198906,1.0986122886681098,7.00397413672268,3.044522437723423,6.139884552226255,0.6931471805599453,2.302585092994046,0.0,0,0,0,0,0,0,0,1,0,2.0,0,0,0,0,0,0,0,0,0,0,0,0,0,0,0,0,0,0,0,0,0,0,0,0,0,0,0,0,0,1,1,1,1
0.6931471805599453,0.6931471805599453,6.311734809152915,3.58351893845611,6.139884552226255,0.6931471805599453,2.0794415416798357,2.5649493574615367,0,0,0,0,0,0,0,1,1,3.0,1,0,1,0,1,1,1,1,1,1,1,1,1,1,0,0,0,0,0,0,0,0,0,0,1,0,0,0,1,0,0,1,0
1.3862943611198906,1.0986122886681098,7.220373836723949,3.044522437723423,6.175867270105761,0.6931471805599453,2.8903717578961645,2.302585092994046,0,0,0,0,1,0,0,1,1,2.0,1,1,1,1,0,1,0,1,1,0,1,0,1,0,0,0,0,0,0,0,0,0,0,0,1,0,1,0,0,0,0,0,0
1.3862943611198906,1.0986122886681098,6.7464121285733745,3.044522437723423,6.139884552226255,1.0986122886681098,2.302585092994046,1.791759469228055,0,0,0,1,0,0,0,1,0,2.0,0,0,0,0,1,0,0,1,1,0,1,0,1,0,0,0,0,0,0,0,0,0,0,0,1,0,0,0,0,1,1,1,0
1.6094379124341003,1.3862943611198906,7.155396301896734,3.044522437723423,6.139884552226255,1.3862943611198906,2.302585092994046,2.70805020110221,0,0,0,0,0,0,0,1,1,2.0,1,1,1,1,1,1,1,1,1,1,1,1,1,1,1,0,0,0,0,0,0,0,0,0,0,0,1,0,0,1,1,1,0
1.3862943611198906,1.0986122886681098,6.97166860472579,1.6094379124341003,6.139884552226255,0.6931471805599453,2.302585092994046,0.0,0,0,0,0,0,0,0,1,1,2.0,0,0,0,0,0,0,0,0,0,0,0,0,0,0,0,0,0,0,0,0,0,0,0,0,0,0,0,0,1,1,0,1,1
1.3862943611198906,1.0986122886681098,7.0192966537150445,3.044522437723423,6.139884552226255,0.6931471805599453,2.302585092994046,1.9459101490553132,0,0,0,0,0,0,0,0,1,2.0,0,0,1,0,1,0,0,1,1,0,1,0,1,0,0,0,0,0,0,0,1,0,0,0,0,0,0,0,0,1,1,1,1
1.6094379124341003,1.3862943611198906,7.4360278163518485,2.4849066497880004,7.123672785204607,1.3862943611198906,3.1780538303479458,2.0794415416798357,0,1,1,1,0,0,1,1,1,3.0,0,0,0,1,1,1,1,1,1,0,1,0,0,0,1,0,0,0,0,0,0,0,0,0,0,0,1,0,0,0,0,0,0
1.3862943611198906,1.0986122886681098,6.803505257608338,2.5649493574615367,6.139884552226255,0.6931471805599453,2.302585092994046,1.791759469228055,1,0,1,1,1,0,0,1,1,1.0,0,0,1,0,0,0,0,1,1,0,1,0,1,0,0,0,0,0,0,0,0,0,0,0,1,0,1,0,0,1,0,1,0
1.3862943611198906,1.0986122886681098,7.19668657083435,3.4339872044851463,6.946975992135418,1.0986122886681098,1.6094379124341003,2.5649493574615367,0,0,1,1,0,0,0,1,1,2.0,1,1,1,1,1,1,1,1,1,0,1,0,1,1,0,0,0,0,0,0,0,0,0,0,1,0,1,0,0,0,0,0,0
1.3862943611198906,1.0986122886681098,6.7226297948554485,2.8903717578961645,6.139884552226255,1.0986122886681098,2.302585092994046,0.0,0,0,0,0,0,0,0,1,1,3.0,0,0,0,0,0,0,0,0,0,0,0,0,0,0,0,0,0,0,0,1,0,0,0,0,0,0,0,0,0,1,0,1,0
1.3862943611198906,1.0986122886681098,6.68586094706836,3.044522437723423,5.41610040220442,0.6931471805599453,3.2188758248682006,2.1972245773362196,0,0,0,0,0,0,0,1,1,2.0,0,0,1,0,1,0,1,1,1,1,1,0,1,0,0,0,0,0,0,1,0,0,0,0,0,0,0,0,0,0,1,0,0
1.3862943611198906,1.0986122886681098,6.90875477931522,3.044522437723423,6.139884552226255,1.0986122886681098,2.302585092994046,2.70805020110221,0,0,0,0,0,0,0,1,1,2.0,1,1,1,1,1,1,1,1,1,1,1,1,1,1,0,0,0,0,0,0,0,1,0,0,0,0,1,0,0,1,1,1,0
1.3862943611198906,1.0986122886681098,6.478509642208569,3.044522437723423,6.139884552226255,0.6931471805599453,2.302585092994046,1.6094379124341003,0,0,0,0,0,0,0,1,1,2.0,0,0,0,1,0,0,0,1,1,0,1,0,0,0,0,0,0,0,0,1,0,0,0,0,0,0,0,0,0,0,1,1,0
1.3862943611198906,1.0986122886681098,6.7464121285733745,1.6094379124341003,5.855071922202427,0.6931471805599453,2.302585092994046,0.0,0,0,0,0,0,0,0,1,1,2.0,0,0,0,0,0,0,0,0,0,0,0,0,0,0,0,0,0,0,0,0,0,0,0,0,0,0,0,1,0,0,0,0,0
1.3862943611198906,1.0986122886681098,6.7464121285733745,3.044522437723423,6.139884552226255,0.6931471805599453,2.302585092994046,1.6094379124341003,0,0,0,1,0,0,0,0,0,1.0,0,0,0,0,1,0,0,1,1,0,1,0,0,0,0,0,0,0,0,0,0,0,0,0,1,0,0,0,0,1,1,1,0
1.3862943611198906,1.3862943611198906,7.476472381163905,3.4657359027997265,6.493753839851686,0.6931471805599453,1.3862943611198906,2.0794415416798357,0,0,0,1,0,0,1,1,0,2.0,0,0,1,1,0,0,1,1,1,0,1,0,1,0,0,0,0,0,0,0,0,0,0,0,1,0,0,0,1,0,0,0,1
1.3862943611198906,1.0986122886681098,6.7464121285733745,3.044522437723423,6.139884552226255,1.3862943611198906,2.302585092994046,2.3978952727983707,0,0,0,0,0,0,0,0,1,2.0,1,0,1,1,1,1,1,1,1,0,1,0,1,0,0,0,0,0,0,0,0,0,0,0,0,0,0,0,0,1,1,1,0
1.3862943611198906,1.3862943611198906,7.4770384723196965,2.8903717578961645,5.796057750765372,1.0986122886681098,2.4849066497880004,0.0,0,0,0,0,0,0,0,1,1,2.0,0,0,0,0,0,0,0,0,0,0,0,0,0,0,0,0,0,0,0,1,0,0,0,0,0,0,1,0,0,0,0,0,0
1.3862943611198906,1.0986122886681098,6.52649485957079,1.791759469228055,6.139884552226255,0.6931471805599453,2.302585092994046,1.791759469228055,0,0,1,1,1,0,0,0,1,2.0,0,0,0,1,0,1,0,1,1,0,1,0,0,0,0,0,0,0,0,0,0,0,0,0,1,0,0,0,0,1,0,1,0
1.6094379124341003,1.3862943611198906,7.170888478512505,3.8066624897703196,6.529418838262226,1.3862943611198906,0.0,2.70805020110221,0,0,0,0,0,0,0,1,1,2.0,1,1,1,1,1,1,1,1,1,1,1,1,1,1,1,0,0,0,0,0,0,0,0,0,0,0,0,0,1,0,0,0,0
1.3862943611198906,1.0986122886681098,6.803505257608338,3.1354942159291497,6.626717749249025,1.0986122886681098,2.772588722239781,0.0,0,0,0,0,0,0,0,1,0,2.0,0,0,0,0,0,0,0,0,0,0,0,0,0,0,0,0,0,0,0,1,0,0,0,0,0,0,1,0,0,0,0,0,0
1.3862943611198906,1.0986122886681098,6.324358962381311,3.5263605246161616,6.317164686747284,1.0986122886681098,1.791759469228055,2.1972245773362196,1,0,0,1,0,0,0,0,1,1.0,0,0,1,0,1,1,1,1,1,0,1,0,1,0,0,0,0,0,0,0,0,0,0,0,1,0,0,0,1,0,0,0,0
1.0986122886681098,0.6931471805599453,6.311734809152915,3.1354942159291497,7.203405521083095,0.6931471805599453,1.9459101490553132,2.6390573296152584,0,0,0,0,0,0,0,1,1,2.0,0,1,1,1,1,1,1,1,1,1,1,1,1,1,0,0,0,0,0,1,0,0,0,0,0,0,1,0,0,0,0,0,1
1.3862943611198906,1.0986122886681098,6.709304340258298,3.8066624897703196,7.667158255319148,0.6931471805599453,1.0986122886681098,1.9459101490553132,0,1,0,1,0,0,1,1,0,2.0,0,0,1,0,1,0,0,1,1,0,1,0,1,0,1,0,0,0,0,0,0,0,0,0,0,0,0,0,1,0,0,0,0
1.3862943611198906,1.0986122886681098,6.853299093186078,2.8903717578961645,6.424869023905388,0.6931471805599453,2.772588722239781,2.0794415416798357,0,1,1,1,1,0,0,0,0,3.0,0,0,1,0,0,1,0,1,1,1,1,0,1,0,0,0,0,0,0,0,0,0,0,0,1,0,1,0,0,0,0,0,0
1.3862943611198906,1.0986122886681098,6.854354502255021,3.044522437723423,6.139884552226255,0.6931471805599453,2.302585092994046,0.0,0,0,0,0,0,0,0,0,0,1.0,0,0,0,0,0,0,0,0,0,0,0,0,0,0,0,0,0,0,0,0,0,0,0,0,0,0,0,0,1,1,1,1,1
1.3862943611198906,1.0986122886681098,6.906754778648554,2.1972245773362196,5.993961427306569,0.6931471805599453,2.9444389791664403,2.302585092994046,0,0,0,0,0,0,0,0,0,2.0,0,0,1,1,1,1,1,1,1,0,1,0,1,0,0,0,0,0,0,0,0,0,0,0,1,0,1,0,0,0,0,0,1
1.3862943611198906,1.0986122886681098,6.795705775173514,3.044522437723423,6.139884552226255,0.6931471805599453,2.302585092994046,1.3862943611198906,0,0,0,0,0,0,0,1,0,2.0,0,0,0,0,1,0,0,1,0,0,1,0,0,0,0,0,0,0,0,0,0,0,0,1,0,0,0,0,0,1,1,1,0
0.6931471805599453,0.6931471805599453,6.536691597591305,3.713572066704308,7.215975002651466,1.791759469228055,1.9459101490553132,2.6390573296152584,0,0,0,0,0,0,0,1,0,2.0,1,1,1,1,1,1,1,1,1,1,1,1,1,0,0,1,0,0,0,0,0,0,0,0,0,0,0,0,1,0,0,0,0
1.3862943611198906,1.6094379124341003,7.661527081358517,2.70805020110221,5.768320995793772,0.6931471805599453,2.302585092994046,2.3978952727983707,0,0,0,0,0,0,0,1,1,2.0,1,0,1,1,0,1,0,1,1,1,1,0,1,1,0,0,0,0,0,0,0,0,0,0,0,0,0,0,0,1,0,0,0
1.0986122886681098,0.6931471805599453,6.55250788703459,1.791759469228055,5.564520407322694,0.6931471805599453,2.302585092994046,0.0,0,0,0,0,0,0,0,0,0,3.0,0,0,0,0,0,0,0,0,0,0,0,0,0,0,0,0,0,0,0,0,0,0,0,0,0,0,0,1,0,1,0,0,1
1.3862943611198906,1.0986122886681098,6.803505257608338,3.044522437723423,6.455198563340122,1.0986122886681098,1.6094379124341003,2.3978952727983707,0,0,0,0,0,0,0,1,1,3.0,1,0,1,1,1,1,1,1,1,0,1,0,1,0,0,0,0,0,0,0,0,0,0,0,1,0,0,0,0,0,1,0,0
1.3862943611198906,1.0986122886681098,7.5740450053721995,3.7612001156935624,5.017279836814924,1.3862943611198906,1.3862943611198906,2.4849066497880004,0,0,0,0,0,0,0,1,1,1.0,1,0,1,1,1,1,1,1,1,1,1,0,1,0,0,0,0,0,0,1,0,0,0,0,0,0,1,0,0,0,0,0,0
1.3862943611198906,1.0986122886681098,6.612041034833092,2.6390573296152584,6.139884552226255,0.6931471805599453,2.70805020110221,1.3862943611198906,0,0,0,0,0,0,0,0,0,2.0,0,0,0,0,0,1,0,0,1,0,1,0,0,0,0,0,0,0,0,0,0,0,0,0,0,0,0,0,0,0,0,1,1
1.3862943611198906,1.0986122886681098,6.92951677076365,3.044522437723423,6.802394763324311,1.791759469228055,2.3978952727983707,2.4849066497880004,0,0,0,0,0,0,0,1,0,1.0,1,0,1,1,1,1,1,1,1,0,1,0,1,1,0,0,0,0,0,0,0,0,0,0,1,0,1,0,0,0,0,0,0
1.3862943611198906,1.0986122886681098,6.90875477931522,3.044522437723423,6.139884552226255,0.6931471805599453,2.1972245773362196,1.791759469228055,0,0,0,0,0,0,0,1,0,2.0,0,0,1,0,0,0,0,1,1,0,1,0,1,0,0,0,0,0,0,0,0,0,1,0,0,0,1,0,0,0,1,1,0
1.3862943611198906,1.0986122886681098,7.511524648390866,3.367295829986474,5.476463551931511,1.0986122886681098,2.6390573296152584,2.1972245773362196,1,1,1,1,1,1,0,1,1,2.0,1,0,1,0,0,0,0,0,1,1,1,1,1,1,1,0,0,0,0,0,0,0,0,0,0,0,1,0,0,0,0,0,0
1.3862943611198906,0.6931471805599453,6.403574197934815,3.044522437723423,6.139884552226255,0.6931471805599453,2.302585092994046,1.3862943611198906,0,0,0,0,0,0,0,1,0,2.0,0,0,0,0,0,1,0,1,1,0,0,0,0,0,0,0,0,0,0,1,0,0,0,0,0,0,0,1,0,1,1,1,0
1.3862943611198906,1.0986122886681098,7.016609683894219,3.044522437723423,6.139884552226255,1.0986122886681098,2.302585092994046,0.6931471805599453,0,0,0,0,0,0,0,1,1,2.0,0,0,0,0,0,0,1,0,0,0,0,0,0,0,0,0,0,0,0,1,0,0,0,0,0,0,1,0,0,1,1,1,0
1.6094379124341003,1.791759469228055,8.634086942887738,1.9459101490553132,4.59511985013459,1.6094379124341003,1.9459101490553132,2.6390573296152584,0,0,0,0,0,0,0,1,1,3.0,1,1,1,1,1,0,1,1,1,1,1,1,1,1,0,0,0,0,0,1,0,0,0,0,0,0,1,0,0,0,0,0,0
1.3862943611198906,1.0986122886681098,7.050122520269059,3.091042453358316,6.675823221634848,0.6931471805599453,1.9459101490553132,1.9459101490553132,1,0,1,0,0,0,1,1,0,2.0,1,0,0,1,0,0,0,1,1,0,1,0,1,0,1,0,0,0,0,0,0,0,0,0,0,0,1,0,0,0,0,0,1
1.3862943611198906,1.0986122886681098,6.710523109452428,1.791759469228055,6.175867270105761,0.6931471805599453,2.302585092994046,1.9459101490553132,0,0,0,0,0,0,0,1,1,1.0,1,0,0,1,0,1,0,1,1,0,1,0,0,0,0,0,0,0,0,0,0,0,0,0,1,0,0,0,0,1,0,0,1
1.6094379124341003,1.0986122886681098,7.0909098220799835,3.044522437723423,6.139884552226255,1.0986122886681098,2.302585092994046,2.5649493574615367,0,0,0,0,0,0,0,1,1,2.0,1,1,1,1,1,0,0,1,1,1,1,1,1,1,0,0,0,0,0,0,0,0,0,0,1,0,1,0,0,1,1,1,0
1.0986122886681098,0.6931471805599453,6.111467339502679,3.044522437723423,6.139884552226255,0.6931471805599453,2.302585092994046,0.0,0,0,0,0,0,0,0,1,0,2.0,0,0,0,0,0,0,0,0,0,0,0,0,0,0,0,0,0,0,0,0,0,0,0,1,0,0,0,1,0,1,1,1,1
1.3862943611198906,1.0986122886681098,6.7464121285733745,3.091042453358316,6.008813185442595,0.6931471805599453,3.258096538021482,1.791759469228055,0,0,0,0,0,0,0,1,1,1.0,0,0,0,0,1,0,0,1,1,0,1,0,1,0,0,0,0,0,0,1,0,0,0,0,0,0,1,0,0,0,0,0,0
1.0986122886681098,1.0986122886681098,6.505784060128229,3.8066624897703196,7.667158255319148,0.6931471805599453,1.0986122886681098,2.4849066497880004,0,1,0,1,0,0,1,1,0,2.0,1,0,1,1,1,1,1,1,1,1,1,0,1,0,1,0,0,0,0,0,0,0,0,0,0,0,0,0,1,0,0,0,0
1.3862943611198906,1.0986122886681098,6.952728644624869,3.044522437723423,6.089044875446846,0.6931471805599453,2.302585092994046,2.3978952727983707,0,0,0,0,0,0,0,1,1,3.0,1,1,1,1,0,1,0,1,1,0,1,0,1,1,0,0,0,0,0,0,0,0,0,0,0,0,0,0,0,0,1,0,1
1.3862943611198906,1.0986122886681098,6.580639137284949,3.044522437723423,6.139884552226255,0.6931471805599453,2.302585092994046,0.6931471805599453,1,0,0,0,0,0,0,0,0,2.0,0,0,0,0,0,0,0,0,0,0,1,0,0,0,0,0,0,0,0,0,0,0,0,0,1,0,0,0,0,1,1,1,1
1.3862943611198906,1.0986122886681098,6.795705775173514,3.1780538303479458,6.638567789166521,0.6931471805599453,1.9459101490553132,2.1972245773362196,0,0,0,0,0,0,0,1,1,3.0,1,0,1,1,0,0,1,1,1,0,1,0,1,0,0,0,0,0,0,0,0,0,0,0,1,0,1,0,0,0,0,0,1
1.3862943611198906,1.0986122886681098,6.68586094706836,3.044522437723423,6.139884552226255,0.6931471805599453,2.302585092994046,0.0,0,0,0,0,0,0,0,1,0,2.0,0,0,0,0,0,0,0,0,0,0,0,0,0,0,1,0,0,0,0,0,0,0,0,0,0,0,0,0,0,1,1,1,1
1.0986122886681098,1.0986122886681098,6.962243464266207,3.713572066704308,7.215975002651466,1.791759469228055,1.9459101490553132,2.302585092994046,0,0,0,0,0,0,0,1,0,3.0,1,0,1,0,1,0,1,1,1,1,1,0,1,0,0,1,0,0,0,0,0,0,0,0,0,0,0,0,1,0,0,0,0
1.3862943611198906,1.0986122886681098,7.102499355774649,3.044522437723423,5.926926025970411,0.6931471805599453,2.302585092994046,1.0986122886681098,0,0,0,0,0,0,0,1,1,2.0,0,0,0,0,0,1,0,0,0,0,1,0,0,0,0,0,0,0,0,0,0,0,0,0,0,0,0,0,1,1,1,0,1
1.3862943611198906,1.0986122886681098,6.602587892189336,3.044522437723423,6.391917113392602,0.6931471805599453,2.6390573296152584,1.6094379124341003,1,0,0,0,0,1,0,0,1,2.0,0,0,0,0,1,0,0,1,1,0,1,0,0,0,0,0,0,0,0,0,0,0,0,0,1,0,0,0,0,0,1,0,1
1.3862943611198906,1.0986122886681098,7.161622002939187,3.044522437723423,6.061456918928017,1.0986122886681098,2.0794415416798357,2.4849066497880004,0,0,0,0,0,0,0,1,1,2.0,1,0,1,1,1,1,1,1,1,1,1,0,1,0,0,0,0,0,0,0,0,0,0,0,1,0,1,0,0,0,1,0,0
1.3862943611198906,1.0986122886681098,6.8308742346461795,2.4849066497880004,6.139884552226255,0.6931471805599453,2.302585092994046,1.791759469228055,0,0,1,0,0,0,0,1,1,2.0,0,0,1,0,0,0,0,1,1,0,1,0,1,0,0,0,0,0,0,0,0,0,0,0,1,0,0,0,0,1,0,1,1
1.3862943611198906,0.6931471805599453,6.55250788703459,1.791759469228055,8.963288275610298,0.6931471805599453,2.302585092994046,1.0986122886681098,0,1,0,0,0,0,0,1,1,1.0,0,0,0,0,0,0,0,1,1,0,0,0,0,0,0,0,0,0,0,0,0,0,0,0,1,0,0,0,0,1,0,0,1
1.3862943611198906,1.0986122886681098,6.836259277277067,3.1780538303479458,5.541263545158426,0.6931471805599453,2.302585092994046,2.0794415416798357,0,0,0,0,0,0,0,0,0,3.0,0,1,1,0,1,0,0,1,1,0,1,0,1,0,0,0,0,0,0,0,0,0,1,0,0,0,1,0,0,1,0,0,0
1.3862943611198906,1.0986122886681098,6.9440872082295275,3.5263605246161616,6.311734809152915,1.0986122886681098,1.0986122886681098,2.302585092994046,0,0,0,0,0,0,0,1,1,2.0,1,1,1,1,0,0,1,0,1,1,1,0,1,0,0,0,0,0,0,1,0,0,0,0,0,0,1,0,0,0,0,0,0
1.3862943611198906,1.0986122886681098,7.138866999945524,3.044522437723423,6.139884552226255,0.6931471805599453,2.302585092994046,2.302585092994046,0,0,0,0,0,0,0,1,0,2.0,0,1,1,1,1,0,1,1,1,0,1,0,1,0,0,0,0,0,0,0,0,0,0,1,0,0,1,0,0,1,1,1,0
1.3862943611198906,1.0986122886681098,6.679599185844383,3.044522437723423,6.139884552226255,0.6931471805599453,2.302585092994046,1.791759469228055,0,0,0,0,0,0,0,0,1,1.0,0,0,0,0,0,0,1,1,1,0,1,0,1,0,0,0,0,0,0,0,0,0,1,0,0,0,0,0,0,1,1,1,0
1.3862943611198906,1.0986122886681098,6.421622267806518,3.1354942159291497,6.803505257608338,0.6931471805599453,2.70805020110221,1.9459101490553132,0,0,0,0,0,0,0,1,0,2.0,0,0,0,0,1,1,1,1,1,0,1,0,0,0,0,0,0,0,0,1,0,0,0,0,0,0,0,0,0,0,0,0,0
1.3862943611198906,1.0986122886681098,6.8679744089702925,2.302585092994046,6.139884552226255,0.6931471805599453,2.302585092994046,1.791759469228055,0,0,1,0,1,0,1,1,0,3.0,1,0,0,0,0,0,0,1,1,0,1,0,1,0,1,0,0,0,0,0,0,0,0,0,0,0,1,0,0,1,0,1,1
1.3862943611198906,1.0986122886681098,6.478509642208569,2.3978952727983707,6.139884552226255,0.6931471805599453,2.833213344056216,1.9459101490553132,1,0,1,1,0,0,0,1,1,2.0,0,0,0,1,1,1,0,1,1,0,1,0,0,0,0,0,0,0,0,0,0,0,0,0,1,0,0,0,0,0,0,1,0
1.3862943611198906,1.0986122886681098,6.784457062637643,3.6375861597263857,6.568077911411976,0.6931471805599453,1.6094379124341003,2.302585092994046,1,1,1,1,0,0,1,1,1,2.0,1,0,1,1,0,0,1,1,1,1,1,0,1,0,1,0,0,0,0,0,0,0,0,0,0,0,0,0,1,0,0,0,1
1.0986122886681098,1.0986122886681098,6.55250788703459,3.044522437723423,6.139884552226255,0.6931471805599453,2.302585092994046,1.9459101490553132,0,0,0,0,0,0,0,1,0,1.0,0,0,0,1,0,1,0,1,0,1,1,0,1,0,0,0,0,0,0,0,0,0,1,0,0,0,0,0,0,1,1,1,1
1.3862943611198906,1.0986122886681098,7.068172000388042,2.772588722239781,6.139884552226255,0.6931471805599453,2.302585092994046,1.791759469228055,1,1,1,1,0,0,0,0,0,1.0,0,0,0,0,0,1,0,1,1,0,1,0,1,0,0,0,0,0,0,0,0,0,0,0,1,0,1,0,0,1,0,1,1
1.0986122886681098,0.6931471805599453,6.489204931325317,3.044522437723423,6.391917113392602,0.6931471805599453,0.6931471805599453,1.9459101490553132,0,1,1,0,0,0,0,1,0,2.0,1,0,0,1,0,0,0,1,1,1,1,0,0,0,0,0,0,0,0,0,0,0,0,0,1,0,0,0,1,0,1,0,1
1.3862943611198906,1.0986122886681098,6.918695219020472,3.1780538303479458,5.929589143389895,0.6931471805599453,2.772588722239781,2.1972245773362196,0,1,0,0,1,0,0,1,1,2.0,0,0,1,0,1,1,1,1,1,0,1,0,1,0,0,0,0,0,0,0,0,0,0,0,1,0,1,0,0,0,0,0,0
1.3862943611198906,1.0986122886681098,6.55250788703459,3.044522437723423,5.327876168789581,0.6931471805599453,3.295836866004329,1.791759469228055,0,0,0,0,0,0,0,1,1,3.0,0,0,0,1,1,1,0,1,0,0,1,0,0,0,0,0,0,0,0,1,0,0,0,0,0,0,1,0,0,0,0,0,0
1.3862943611198906,1.0986122886681098,6.452048954437226,1.6094379124341003,6.139884552226255,0.6931471805599453,2.302585092994046,1.0986122886681098,0,0,0,0,0,0,0,1,0,2.0,0,0,0,0,0,0,0,1,0,0,1,0,0,0,0,0,0,0,0,0,0,0,0,1,0,0,0,0,0,1,0,1,0
1.3862943611198906,1.0986122886681098,6.478509642208569,3.044522437723423,6.139884552226255,0.6931471805599453,2.302585092994046,0.0,0,0,0,0,0,0,0,0,0,2.0,0,0,0,0,0,0,0,0,0,0,0,0,0,0,0,0,0,0,0,0,0,0,0,0,1,0,0,1,0,1,1,1,1
1.9459101490553132,1.791759469228055,7.8636512654486515,3.6109179126442243,5.7899601708972535,1.0986122886681098,2.5649493574615367,2.3978952727983707,0,0,0,0,0,0,0,1,1,2.0,1,1,1,1,0,0,0,1,1,1,1,1,1,0,0,0,0,0,0,1,0,0,0,0,0,0,1,0,0,0,0,0,0
1.3862943611198906,1.0986122886681098,6.621405651764134,1.791759469228055,6.139884552226255,0.6931471805599453,2.302585092994046,1.9459101490553132,0,0,1,0,0,0,0,1,1,1.0,0,0,0,1,0,1,1,1,1,0,1,0,0,0,0,0,0,0,0,0,0,0,0,0,1,0,0,0,0,1,0,1,0
1.3862943611198906,1.0986122886681098,7.048386408721883,3.044522437723423,6.139884552226255,0.6931471805599453,2.302585092994046,1.6094379124341003,0,0,0,0,0,0,0,1,1,2.0,0,0,0,0,1,0,0,1,0,0,1,0,1,0,0,0,0,0,0,0,0,0,0,0,0,1,1,0,0,1,1,1,0
1.3862943611198906,1.0986122886681098,6.70808408385307,2.833213344056216,6.594413459749778,1.0986122886681098,1.791759469228055,1.791759469228055,0,0,1,0,0,0,0,0,1,2.0,0,0,0,0,1,0,1,1,1,0,1,0,0,0,0,0,0,0,0,0,0,0,0,0,1,0,0,0,0,0,0,0,0
1.6094379124341003,1.0986122886681098,7.346655163176539,3.044522437723423,6.398594934535208,1.0986122886681098,2.6390573296152584,2.0794415416798357,0,1,0,1,0,0,1,0,1,3.0,0,0,1,1,0,1,0,1,1,0,1,0,1,0,1,0,0,0,0,0,0,0,0,0,0,0,1,0,0,0,1,0,0
1.6094379124341003,1.3862943611198906,7.170888478512505,3.044522437723423,6.139884552226255,1.0986122886681098,2.302585092994046,2.70805020110221,0,0,0,0,0,0,0,1,1,2.0,1,1,1,1,1,1,1,1,1,1,1,1,1,1,0,0,0,0,0,0,0,1,0,0,0,0,1,0,0,1,1,1,0
1.3862943611198906,1.0986122886681098,6.699500340161678,1.6094379124341003,5.910796644040527,0.6931471805599453,3.332204510175204,1.791759469228055,1,0,0,0,1,0,0,1,1,1.0,1,0,0,0,0,1,0,1,1,0,1,0,0,0,0,0,0,0,0,0,0,0,0,0,1,0,1,0,0,0,0,0,1
1.0986122886681098,1.0986122886681098,6.682108597449809,3.044522437723423,6.139884552226255,0.6931471805599453,2.302585092994046,2.4849066497880004,0,0,0,0,0,0,0,1,0,2.0,1,0,1,1,1,1,1,1,1,1,1,0,1,0,0,0,0,0,0,0,0,0,0,0,0,0,1,0,0,1,1,1,0
1.3862943611198906,1.0986122886681098,7.00397413672268,2.70805020110221,4.574710978503383,0.6931471805599453,3.295836866004329,1.6094379124341003,0,0,0,0,0,0,0,1,1,2.0,0,0,0,0,1,0,0,1,0,0,1,0,1,0,0,0,0,0,0,1,0,0,0,0,0,0,1,0,0,0,0,0,0
1.3862943611198906,1.0986122886681098,6.883462586413092,3.4011973816621555,5.921578419643816,1.0986122886681098,2.3978952727983707,2.3978952727983707,0,0,0,0,0,0,0,1,1,2.0,1,0,1,1,1,1,1,1,1,0,1,0,1,0,0,0,0,0,0,0,0,0,0,0,1,0,1,0,0,0,0,0,0
1.3862943611198906,1.3862943611198906,7.302496423727326,3.6375861597263857,5.703782474656201,1.0986122886681098,1.9459101490553132,2.302585092994046,0,0,0,0,0,0,0,1,1,2.0,1,0,1,0,1,0,1,1,1,1,1,0,1,0,0,0,0,0,0,1,0,0,0,0,0,0,1,0,0,0,0,0,0
1.3862943611198906,1.0986122886681098,6.710523109452428,3.044522437723423,6.139884552226255,0.6931471805599453,2.302585092994046,0.6931471805599453,0,0,0,0,0,0,0,0,1,3.0,0,0,0,0,0,0,0,1,0,0,0,0,0,0,0,0,0,0,0,0,0,0,0,0,1,0,0,0,0,1,1,1,0
1.3862943611198906,0.6931471805599453,6.580639137284949,3.044522437723423,6.139884552226255,0.6931471805599453,2.302585092994046,0.0,0,0,0,1,1,0,1,1,1,3.0,0,0,0,0,0,0,0,0,0,0,0,0,0,0,0,0,0,0,0,0,0,0,0,0,1,0,0,0,0,1,1,1,1
1.3862943611198906,1.0986122886681098,6.744059186311348,3.044522437723423,6.139884552226255,0.6931471805599453,2.302585092994046,0.0,0,0,0,0,0,0,0,1,1,2.0,0,0,0,0,0,0,0,0,0,0,0,0,0,0,0,0,0,0,0,1,0,0,0,0,0,0,0,1,0,1,1,1,1
1.3862943611198906,1.0986122886681098,6.726233402358747,1.791759469228055,6.139884552226255,0.6931471805599453,2.302585092994046,2.0794415416798357,0,0,0,0,0,0,0,0,0,1.0,1,1,0,1,0,0,1,1,1,0,1,0,0,0,0,0,0,0,0,0,0,0,0,0,1,0,0,0,0,1,0,1,0
1.3862943611198906,1.0986122886681098,6.450470422144176,1.6094379124341003,6.139884552226255,0.6931471805599453,2.302585092994046,1.0986122886681098,0,0,0,0,0,0,0,1,0,3.0,0,0,0,0,0,0,0,1,0,0,1,0,0,0,0,0,0,0,0,0,0,0,0,1,0,0,0,0,0,1,0,1,1
1.3862943611198906,1.0986122886681098,6.68586094706836,3.044522437723423,5.736572297479192,0.6931471805599453,2.302585092994046,1.0986122886681098,0,1,0,0,0,1,1,1,1,2.0,0,0,0,0,0,0,0,1,0,0,1,0,0,0,0,0,0,0,0,0,0,0,0,0,1,0,0,0,0,1,1,0,0
1.3862943611198906,1.3862943611198906,6.946013991099227,3.044522437723423,6.447305862541213,1.0986122886681098,0.6931471805599453,2.70805020110221,0,0,0,0,0,0,0,1,0,2.0,1,1,1,1,1,1,1,1,1,1,1,1,1,1,0,0,0,0,0,0,0,0,1,0,0,0,0,0,1,0,1,0,0
1.3862943611198906,1.0986122886681098,6.621405651764134,2.9444389791664403,5.303304908059076,0.6931471805599453,2.8903717578961645,0.0,1,0,1,1,0,0,1,0,0,2.0,0,0,0,0,0,0,0,0,0,0,0,0,0,0,0,0,0,0,0,0,0,0,0,0,1,0,0,0,0,0,0,0,0
1.3862943611198906,1.0986122886681098,6.981934677156389,3.044522437723423,6.139884552226255,0.6931471805599453,2.302585092994046,1.9459101490553132,0,0,0,0,0,0,0,1,1,2.0,1,0,1,1,0,0,1,0,1,0,0,0,1,0,0,0,0,0,0,1,0,0,0,0,0,0,0,0,0,1,1,1,1
1.3862943611198906,1.3862943611198906,7.377133712833954,3.7612001156935624,6.508769136971682,1.0986122886681098,1.9459101490553132,1.791759469228055,0,0,0,0,0,0,0,1,1,2.0,0,0,1,0,1,0,0,1,0,0,1,0,1,0,0,0,0,0,0,1,0,0,0,0,0,0,1,0,0,0,0,0,0
0.6931471805599453,0.6931471805599453,5.950642552587727,3.044522437723423,6.139884552226255,0.6931471805599453,2.302585092994046,0.0,0,0,0,0,0,0,0,0,0,2.0,0,0,0,0,0,0,0,0,0,0,0,0,0,0,0,0,0,0,0,0,0,0,1,0,0,0,0,0,0,1,1,1,1
0.6931471805599453,0.6931471805599453,6.284134161070802,3.044522437723423,5.877735781779639,0.6931471805599453,2.70805020110221,0.0,1,1,1,1,1,0,0,0,0,2.0,0,0,0,0,0,0,0,0,0,0,0,0,0,0,0,0,0,0,0,0,0,0,0,0,1,0,0,0,1,0,1,0,1
0.6931471805599453,0.6931471805599453,6.111467339502679,3.044522437723423,5.2832037287379885,0.6931471805599453,2.4849066497880004,2.302585092994046,1,1,1,1,1,0,0,1,0,3.0,1,0,1,1,1,1,0,1,1,0,1,0,1,0,0,0,0,0,0,0,0,0,0,0,1,0,1,0,0,0,1,0,0
1.3862943611198906,1.0986122886681098,6.55250788703459,3.367295829986474,6.139884552226255,0.6931471805599453,2.302585092994046,1.3862943611198906,0,0,0,0,0,0,0,1,1,2.0,0,0,0,0,1,0,0,1,0,0,1,0,0,0,0,0,0,0,0,1,0,0,0,0,0,0,0,0,0,1,0,1,0
1.3862943611198906,1.0986122886681098,6.918695219020472,3.1354942159291497,6.2766434893416445,1.0986122886681098,2.5649493574615367,1.6094379124341003,0,0,0,0,0,0,0,1,0,2.0,0,0,1,0,0,0,0,1,0,0,1,0,1,0,0,0,0,0,0,1,0,0,0,0,0,0,1,0,0,0,0,0,0
1.3862943611198906,1.0986122886681098,6.852242569051878,1.6094379124341003,6.139884552226255,1.0986122886681098,2.302585092994046,1.0986122886681098,1,0,1,1,0,0,1,1,0,1.0,0,0,0,0,0,1,0,1,0,0,0,0,0,0,1,0,0,0,0,0,0,0,0,0,0,0,0,0,0,1,0,1,0
1.3862943611198906,1.0986122886681098,7.152268856032539,3.4339872044851463,6.580639137284949,1.0986122886681098,2.302585092994046,1.791759469228055,0,0,1,1,0,1,1,1,0,2.0,0,0,1,1,0,0,0,1,0,0,1,0,1,0,1,0,0,0,0,0,0,0,0,0,0,0,1,0,0,1,0,0,0
1.3862943611198906,1.0986122886681098,6.61472560020376,1.791759469228055,6.139884552226255,0.6931471805599453,2.302585092994046,1.6094379124341003,0,0,0,0,0,0,0,1,1,1.0,1,0,0,0,0,0,0,1,1,0,1,0,0,0,0,0,0,0,0,0,0,0,0,0,1,0,0,0,0,1,0,1,0
1.3862943611198906,1.0986122886681098,6.846943139585379,3.6635616461296463,7.881559917056899,0.6931471805599453,1.6094379124341003,0.0,0,0,0,0,0,0,0,0,1,2.0,0,0,0,0,0,0,0,0,0,0,0,0,0,0,1,0,0,0,0,0,0,0,0,0,0,0,0,0,1,0,0,0,1
1.6094379124341003,1.0986122886681098,7.0967213784947605,2.9444389791664403,5.5254529391317835,0.6931471805599453,2.3978952727983707,2.4849066497880004,1,0,1,1,0,0,0,1,0,2.0,0,1,1,1,1,1,1,1,1,1,1,0,1,0,1,0,0,0,0,0,0,0,0,0,0,0,0,0,1,0,0,0,0
1.3862943611198906,1.0986122886681098,6.612041034833092,3.044522437723423,6.139884552226255,1.0986122886681098,2.302585092994046,0.0,0,0,0,0,0,0,0,1,1,3.0,0,0,0,0,0,0,0,0,0,0,0,0,0,0,0,0,0,0,0,0,0,0,0,0,0,0,0,1,0,1,1,1,0
1.791759469228055,1.791759469228055,7.523481312573497,2.9444389791664403,5.056245805348308,1.3862943611198906,2.302585092994046,2.3978952727983707,0,0,0,0,0,0,0,1,1,1.0,1,0,1,0,1,1,1,1,1,1,1,0,1,0,1,0,0,0,0,0,0,0,0,0,0,0,1,0,0,0,0,0,0
1.3862943611198906,1.0986122886681098,6.959398512133975,2.70805020110221,5.501258210544727,1.0986122886681098,1.3862943611198906,2.3978952727983707,0,0,0,0,0,0,0,1,1,2.0,1,0,1,1,1,1,1,1,1,0,1,0,1,0,0,0,0,0,0,0,0,0,0,0,1,0,1,0,0,0,0,0,0
0.6931471805599453,0.6931471805599453,6.111467339502679,3.4965075614664802,6.558197802812269,0.6931471805599453,2.0794415416798357,2.3978952727983707,0,1,0,0,1,0,0,1,0,3.0,1,0,1,1,1,0,1,1,1,1,1,0,1,0,0,0,0,0,0,0,0,0,0,0,1,0,0,0,1,0,0,0,0
1.3862943611198906,1.0986122886681098,6.55250788703459,3.1780538303479458,6.073044534100405,0.6931471805599453,3.2188758248682006,2.3978952727983707,0,0,0,0,0,0,0,1,1,2.0,1,0,1,1,1,1,0,1,1,0,1,0,1,1,0,0,0,0,0,1,0,0,0,0,0,0,0,0,0,0,0,0,0
1.0986122886681098,0.6931471805599453,6.478509642208569,2.9444389791664403,6.970730078143525,0.6931471805599453,3.258096538021482,1.3862943611198906,1,1,1,1,1,0,0,0,1,3.0,0,0,0,0,1,0,0,1,1,0,0,0,0,0,1,0,0,0,0,0,0,0,0,0,0,0,0,0,0,0,0,0,1
1.3862943611198906,1.0986122886681098,6.478509642208569,2.3978952727983707,6.139884552226255,0.6931471805599453,2.833213344056216,1.791759469228055,1,0,1,1,0,0,0,0,1,2.0,0,0,0,1,0,1,0,1,1,0,1,0,0,0,0,0,0,0,0,0,0,0,0,0,1,0,0,0,0,0,0,1,1
1.3862943611198906,1.0986122886681098,7.050989447068045,3.044522437723423,6.90875477931522,0.6931471805599453,2.4849066497880004,2.6390573296152584,1,0,1,1,0,1,0,1,1,3.0,1,0,1,1,1,1,1,1,1,1,1,1,1,1,0,0,0,0,0,0,0,0,0,0,1,0,1,0,0,0,1,0,0
1.3862943611198906,0.6931471805599453,6.3818160174060985,3.044522437723423,6.139884552226255,0.6931471805599453,2.302585092994046,0.0,0,0,0,0,0,0,0,1,0,1.0,0,0,0,0,0,0,0,0,0,0,0,0,0,0,0,0,0,0,0,0,0,0,0,0,1,0,0,1,0,1,1,1,1
1.3862943611198906,1.0986122886681098,6.621405651764134,3.091042453358316,6.732210706467206,0.6931471805599453,3.2188758248682006,2.0794415416798357,0,0,0,0,0,0,0,1,1,3.0,1,0,0,1,0,1,0,0,1,1,1,0,1,0,0,0,0,0,0,1,0,0,0,0,0,0,1,0,0,0,0,0,0
1.3862943611198906,1.0986122886681098,6.654152520183219,3.044522437723423,6.139884552226255,0.6931471805599453,2.302585092994046,0.0,0,0,0,0,0,0,0,0,0,2.0,0,0,0,0,0,0,0,0,0,0,0,0,0,0,0,0,0,0,0,0,0,0,0,0,1,0,0,0,0,1,1,1,0
1.3862943611198906,0.6931471805599453,6.489204931325317,3.044522437723423,6.139884552226255,0.6931471805599453,2.302585092994046,1.6094379124341003,0,0,0,0,0,0,0,1,0,2.0,0,0,0,0,1,1,0,1,1,0,0,0,0,0,0,0,0,0,0,0,0,0,0,0,1,0,0,1,0,1,1,1,1
1.3862943611198906,1.0986122886681098,6.85751406254539,3.4657359027997265,8.349011198176003,1.0986122886681098,2.1972245773362196,1.6094379124341003,1,1,1,1,0,0,1,1,1,2.0,0,0,0,0,0,0,0,1,1,0,1,0,1,0,1,0,0,0,0,0,0,0,0,0,0,0,0,0,1,0,0,0,0
0.6931471805599453,0.6931471805599453,6.003887067106539,3.4657359027997265,5.442417710521793,0.6931471805599453,2.302585092994046,2.3978952727983707,0,0,0,0,0,0,0,1,1,2.0,1,0,1,1,1,0,1,1,1,1,1,0,1,0,0,0,0,0,0,1,0,0,0,0,0,0,0,0,1,1,0,0,0
1.0986122886681098,1.0986122886681098,6.705639094860003,3.1354942159291497,6.424869023905388,0.6931471805599453,2.0794415416798357,1.9459101490553132,1,1,1,0,1,0,1,0,1,2.0,0,0,1,0,0,0,1,1,1,0,1,0,1,0,0,0,0,0,0,0,0,0,0,0,1,0,0,0,1,0,0,0,1
0.6931471805599453,0.6931471805599453,6.115892125483034,2.9444389791664403,6.22455842927536,0.6931471805599453,2.0794415416798357,2.1972245773362196,1,1,1,1,0,0,0,1,0,2.0,1,0,1,0,1,0,1,1,1,0,1,0,1,0,0,0,0,0,0,0,0,0,0,0,1,0,0,0,1,0,0,0,1
1.0986122886681098,0.6931471805599453,6.54965074223381,3.044522437723423,6.139884552226255,0.6931471805599453,2.0794415416798357,1.791759469228055,1,0,1,1,0,0,1,1,0,2.0,0,0,1,1,0,0,1,1,1,0,0,0,0,0,1,0,0,0,0,0,0,0,0,0,0,0,1,0,0,0,1,1,0
1.6094379124341003,1.0986122886681098,7.095893221097532,3.044522437723423,6.529418838262226,1.0986122886681098,2.302585092994046,2.302585092994046,0,0,0,1,0,0,1,1,0,2.0,0,0,1,0,1,1,1,1,1,1,1,0,1,0,0,0,0,0,0,0,0,0,0,0,1,0,1,0,0,1,1,0,0
1.3862943611198906,1.0986122886681098,6.466144724237619,3.044522437723423,6.139884552226255,0.6931471805599453,2.302585092994046,0.0,0,0,0,0,0,0,0,1,0,2.0,0,0,0,0,0,0,0,0,0,0,0,0,0,0,0,0,1,0,0,0,0,0,0,0,0,0,0,1,0,1,1,1,1
1.0986122886681098,1.0986122886681098,6.918695219020472,3.258096538021482,7.602900462204755,0.6931471805599453,1.6094379124341003,2.70805020110221,0,0,0,0,0,0,0,1,1,2.0,1,1,1,1,1,1,1,1,1,1,1,1,1,1,0,0,0,0,0,0,0,0,0,0,0,0,0,0,1,0,0,0,0
1.0986122886681098,1.0986122886681098,7.179307969504034,2.6390573296152584,6.139884552226255,1.0986122886681098,2.302585092994046,2.70805020110221,0,0,1,1,0,0,1,1,1,1.0,1,1,1,1,1,1,1,1,1,1,1,1,1,1,1,0,0,0,0,0,0,0,0,0,0,0,1,0,0,1,0,1,0
1.3862943611198906,0.6931471805599453,6.478509642208569,3.044522437723423,6.139884552226255,0.6931471805599453,2.302585092994046,1.0986122886681098,0,0,0,1,0,0,0,0,0,1.0,0,0,0,0,0,0,0,1,0,0,1,0,0,0,0,0,0,0,0,0,0,0,0,0,1,0,0,0,0,1,1,1,1
1.3862943611198906,1.0986122886681098,7.197435354096591,3.044522437723423,6.139884552226255,1.0986122886681098,2.302585092994046,2.3978952727983707,0,0,0,0,0,0,0,1,1,2.0,0,0,1,1,1,1,0,1,1,1,1,0,1,1,0,0,0,0,0,0,0,0,0,0,1,0,1,0,0,1,1,1,0
1.3862943611198906,0.6931471805599453,6.489204931325317,3.044522437723423,6.139884552226255,0.6931471805599453,2.302585092994046,1.9459101490553132,1,0,1,1,0,0,1,1,0,3.0,0,0,0,0,1,1,1,1,1,0,1,0,0,0,1,0,0,0,0,0,0,0,0,0,0,0,0,0,0,1,1,1,1
1.3862943611198906,1.0986122886681098,7.1316985104669115,3.4339872044851463,6.018593214496234,1.0986122886681098,1.9459101490553132,2.302585092994046,0,0,0,0,0,0,0,1,1,3.0,0,0,1,1,1,0,1,1,1,1,1,0,1,0,0,0,0,0,0,1,0,0,0,0,0,0,1,0,0,0,0,0,0
1.3862943611198906,1.0986122886681098,6.920671504248683,3.1354942159291497,6.2766434893416445,1.0986122886681098,2.5649493574615367,2.1972245773362196,0,0,0,0,0,0,0,1,0,3.0,1,0,1,1,1,0,0,1,1,0,1,0,1,0,0,0,0,0,0,1,0,0,0,0,0,0,1,0,0,0,0,0,0
1.3862943611198906,1.0986122886681098,6.726233402358747,3.2188758248682006,5.703782474656201,0.6931471805599453,2.833213344056216,2.1972245773362196,0,1,1,1,1,0,1,1,0,2.0,0,0,0,1,1,1,1,1,1,0,1,0,1,0,0,0,0,0,0,0,0,0,0,0,1,0,0,0,0,0,0,0,0
1.3862943611198906,1.0986122886681098,6.621405651764134,2.3978952727983707,5.8888779583328805,1.0986122886681098,2.302585092994046,2.70805020110221,0,0,1,1,1,1,0,0,1,1.0,1,1,1,1,1,1,1,1,1,1,1,1,1,1,0,0,0,0,0,0,0,0,0,0,1,0,0,0,0,1,0,0,0
1.0986122886681098,1.0986122886681098,7.00397413672268,3.044522437723423,5.771441123130016,0.6931471805599453,2.302585092994046,2.3978952727983707,1,0,1,0,1,0,0,1,1,2.0,1,0,1,1,1,1,0,1,1,0,1,1,1,0,1,0,0,0,0,0,0,0,0,0,0,0,1,0,0,1,0,0,0
1.0986122886681098,0.6931471805599453,6.248042874508429,3.784189633918261,5.303304908059076,0.6931471805599453,2.302585092994046,2.1972245773362196,1,1,1,1,1,0,0,1,1,2.0,1,0,1,1,0,0,0,1,1,1,1,0,1,0,0,0,0,0,0,0,0,0,0,0,1,0,0,0,1,1,0,0,1
1.3862943611198906,1.0986122886681098,6.803505257608338,3.044522437723423,6.139884552226255,1.0986122886681098,2.302585092994046,2.6390573296152584,0,0,0,0,0,0,0,1,1,2.0,1,1,1,1,1,1,1,1,1,0,1,1,1,1,0,0,0,0,0,0,0,0,0,0,1,0,0,0,0,1,1,1,0
1.6094379124341003,1.3862943611198906,7.696667081526462,3.044522437723423,6.124683390894205,1.0986122886681098,2.0794415416798357,2.0794415416798357,0,0,1,0,1,0,0,1,0,1.0,1,0,1,0,1,0,0,1,1,0,1,0,1,0,0,0,0,0,0,0,0,0,0,0,1,0,1,0,0,0,0,0,0
1.3862943611198906,1.0986122886681098,6.777646593635117,2.6390573296152584,6.139884552226255,0.6931471805599453,2.70805020110221,2.70805020110221,1,0,1,1,0,0,0,1,0,2.0,1,1,1,1,1,1,1,1,1,1,1,1,1,1,1,0,0,0,0,0,0,0,0,0,0,0,1,0,0,0,0,1,0
1.3862943611198906,1.0986122886681098,6.7464121285733745,3.2188758248682006,5.8377304471659395,0.6931471805599453,3.258096538021482,1.791759469228055,0,0,0,0,0,0,0,1,1,2.0,0,0,0,0,1,1,0,1,0,0,1,0,1,0,0,0,0,0,0,1,0,0,0,0,0,0,1,0,0,0,0,0,0
1.3862943611198906,1.0986122886681098,7.00397413672268,3.044522437723423,4.700480365792417,0.6931471805599453,2.302585092994046,2.0794415416798357,0,0,0,0,0,0,0,1,0,2.0,1,0,1,0,1,0,0,1,1,0,1,0,1,0,0,0,0,0,0,0,0,0,1,0,0,0,1,0,0,1,1,0,0
1.3862943611198906,1.0986122886681098,7.0909098220799835,3.044522437723423,6.648984550024776,1.0986122886681098,2.0794415416798357,1.9459101490553132,0,0,0,0,0,0,0,1,1,2.0,0,0,1,1,0,0,0,1,1,0,1,0,1,0,0,0,0,0,0,1,0,0,0,0,0,0,1,0,0,0,0,0,0
1.3862943611198906,1.0986122886681098,6.7464121285733745,2.995732273553991,5.198497031265826,0.6931471805599453,2.302585092994046,1.9459101490553132,0,0,0,0,0,0,0,1,1,3.0,0,0,0,0,1,1,1,1,0,0,1,0,1,0,0,0,0,0,0,1,0,0,0,0,0,0,1,0,0,1,0,0,0
1.3862943611198906,1.0986122886681098,6.68586094706836,3.5553480614894135,7.315218389752975,0.6931471805599453,1.9459101490553132,2.4849066497880004,1,0,0,1,0,0,0,1,0,2.0,1,0,1,1,1,1,1,1,1,1,1,0,1,0,1,0,0,0,0,0,0,0,0,0,0,0,0,0,0,0,0,0,0
1.3862943611198906,1.0986122886681098,6.6293632534374485,3.044522437723423,6.139884552226255,0.6931471805599453,2.302585092994046,0.0,0,0,0,0,0,0,1,0,1,2.0,0,0,0,0,0,0,0,0,0,0,0,0,0,0,0,0,0,0,0,0,0,0,0,0,1,0,0,0,0,1,1,1,1
1.6094379124341003,1.3862943611198906,7.1592919047975645,3.4339872044851463,6.695798917058491,0.6931471805599453,2.3978952727983707,2.3978952727983707,0,0,0,0,0,0,0,1,1,3.0,0,0,1,0,1,1,0,1,1,1,1,1,1,1,0,0,0,0,0,1,0,0,0,0,0,0,1,0,0,0,0,0,0
1.3862943611198906,1.0986122886681098,6.688354713946762,2.70805020110221,6.9167150203536085,1.0986122886681098,3.367295829986474,0.6931471805599453,1,0,1,1,1,0,0,1,0,2.0,0,0,0,0,0,1,0,0,0,0,0,0,0,0,1,0,0,0,0,0,0,0,0,0,0,0,1,0,0,0,0,0,0
1.6094379124341003,1.0986122886681098,7.00397413672268,3.7612001156935624,7.179307969504034,1.0986122886681098,1.0986122886681098,2.70805020110221,0,0,0,0,0,0,0,1,1,2.0,1,1,1,1,1,1,1,1,1,1,1,1,1,1,0,0,0,0,0,0,0,0,0,0,1,0,1,0,0,0,0,0,0
1.3862943611198906,1.0986122886681098,6.804614520062624,3.044522437723423,6.408528791059498,0.6931471805599453,2.9444389791664403,2.0794415416798357,0,0,1,1,0,0,0,1,0,2.0,0,0,1,0,0,1,0,1,1,0,1,0,1,1,0,0,0,0,0,0,0,0,0,0,1,0,1,0,0,0,0,0,0
1.3862943611198906,1.0986122886681098,6.974478911025045,3.044522437723423,6.851184927493743,0.6931471805599453,2.0794415416798357,0.6931471805599453,0,0,0,0,0,0,0,1,0,3.0,0,0,0,0,0,0,0,0,0,0,0,1,0,0,0,0,0,0,0,0,0,0,0,0,0,0,1,0,0,0,1,0,0
1.3862943611198906,1.0986122886681098,7.161622002939187,3.044522437723423,6.139884552226255,0.6931471805599453,2.302585092994046,1.9459101490553132,0,0,0,0,0,0,0,1,0,1.0,1,0,1,0,1,0,0,1,0,0,1,0,1,0,0,0,0,0,0,0,0,0,1,0,0,0,1,0,0,1,1,1,0
1.3862943611198906,1.0986122886681098,6.654152520183219,2.9444389791664403,5.303304908059076,0.6931471805599453,2.8903717578961645,1.9459101490553132,1,0,1,1,0,0,1,0,0,1.0,0,0,0,0,1,0,1,1,1,0,1,0,1,0,0,0,0,0,0,0,0,0,0,0,1,0,0,0,0,0,0,0,0
1.3862943611198906,1.0986122886681098,7.13966033596492,3.6109179126442243,7.199678345691172,1.0986122886681098,1.9459101490553132,2.4849066497880004,1,0,1,1,0,0,0,1,0,3.0,1,0,1,1,1,1,1,1,1,1,1,0,1,0,1,0,0,0,0,0,0,0,0,0,0,0,0,0,1,0,0,0,0
1.3862943611198906,1.0986122886681098,7.117205503164344,3.1354942159291497,6.645090969505644,0.6931471805599453,2.302585092994046,2.3978952727983707,0,0,0,0,0,0,0,1,0,2.0,1,0,1,0,1,1,1,1,1,0,1,1,1,0,1,0,0,0,0,0,0,0,0,0,0,0,1,0,0,1,0,0,0
1.0986122886681098,0.6931471805599453,6.423246963533519,3.044522437723423,6.139884552226255,0.6931471805599453,2.302585092994046,0.0,0,0,0,0,0,0,0,1,1,1.0,0,0,0,0,0,0,0,0,0,0,0,0,0,0,0,0,0,0,0,0,0,0,1,0,0,0,0,0,0,1,1,1,1
1.3862943611198906,1.0986122886681098,6.536691597591305,2.4849066497880004,6.139884552226255,0.6931471805599453,2.302585092994046,1.3862943611198906,0,0,0,0,0,0,0,1,1,2.0,0,0,0,0,1,0,0,1,0,0,1,0,0,0,0,0,0,0,0,0,0,0,0,0,1,0,0,0,0,1,0,1,1
1.3862943611198906,1.0986122886681098,7.147559271189454,3.4657359027997265,6.1675164908883415,1.0986122886681098,1.9459101490553132,2.1972245773362196,0,0,0,0,0,0,0,1,1,3.0,1,0,1,1,0,0,1,0,1,1,1,0,1,0,0,0,0,0,0,1,0,0,0,0,0,0,1,0,0,0,0,0,0
1.3862943611198906,1.0986122886681098,6.55250788703459,3.1354942159291497,6.9167150203536085,0.6931471805599453,3.295836866004329,1.3862943611198906,0,0,0,0,0,0,0,1,1,2.0,0,0,0,0,1,0,0,1,0,0,1,0,0,0,0,0,0,0,0,1,0,0,0,0,0,0,0,0,0,0,0,0,1
1.3862943611198906,1.0986122886681098,6.55250788703459,2.302585092994046,5.049856007249537,0.6931471805599453,3.2188758248682006,1.0986122886681098,0,0,0,0,0,0,0,1,1,1.0,0,0,0,0,0,0,0,1,0,0,1,0,0,0,0,0,0,0,0,1,0,0,0,0,0,0,0,0,0,0,0,0,0
1.0986122886681098,0.6931471805599453,6.255750041753367,2.6390573296152584,6.928537818164665,0.6931471805599453,2.302585092994046,0.0,0,0,0,0,0,0,0,1,0,3.0,0,0,0,0,0,0,0,0,0,0,0,0,0,0,0,0,0,0,0,1,0,0,0,0,0,0,0,0,0,1,0,0,1
1.3862943611198906,1.0986122886681098,6.7464121285733745,2.772588722239781,6.139884552226255,0.6931471805599453,2.3978952727983707,1.9459101490553132,1,0,0,1,0,0,0,0,1,2.0,0,0,1,0,0,1,1,1,0,0,1,0,1,0,0,0,0,0,0,0,0,0,0,0,1,0,1,0,0,0,0,1,0
1.3862943611198906,1.0986122886681098,7.1284959456800365,3.2188758248682006,7.119635638017636,1.0986122886681098,1.0986122886681098,2.302585092994046,0,0,0,0,0,0,0,1,1,2.0,1,0,1,1,1,0,0,1,1,1,1,0,1,0,0,0,0,0,0,1,0,0,0,0,0,0,1,0,0,0,0,0,0
1.3862943611198906,1.0986122886681098,6.68586094706836,1.6094379124341003,4.330733340286331,1.0986122886681098,2.302585092994046,1.9459101490553132,0,0,0,0,0,0,0,1,1,2.0,0,0,0,1,1,0,1,1,1,0,0,0,1,0,0,0,0,0,0,0,0,0,0,0,1,0,0,0,0,0,0,0,0
1.3862943611198906,1.3862943611198906,7.145196134997171,3.044522437723423,7.183870715062453,0.6931471805599453,2.6390573296152584,2.4849066497880004,1,1,0,1,1,0,1,0,1,1.0,1,1,1,1,1,1,1,1,1,0,1,0,1,0,1,0,0,0,0,0,0,0,0,0,0,0,1,0,0,0,0,0,0
1.3862943611198906,1.0986122886681098,6.68586094706836,1.9459101490553132,6.511745329644728,0.6931471805599453,3.4011973816621555,2.0794415416798357,0,0,0,0,0,0,0,1,0,2.0,1,0,0,1,1,0,0,1,1,0,1,0,1,0,0,0,0,0,0,1,0,0,0,0,0,0,0,0,0,0,0,0,0
0.6931471805599453,0.6931471805599453,6.269096283706261,3.58351893845611,6.745236349484363,0.6931471805599453,1.791759469228055,2.4849066497880004,0,0,0,0,0,0,0,0,1,2.0,1,1,1,1,1,0,1,1,1,1,1,0,1,0,0,0,0,0,0,0,0,0,0,0,0,0,0,0,1,0,0,0,1
1.0986122886681098,1.0986122886681098,6.725033642166843,4.04305126783455,6.709304340258298,1.0986122886681098,0.6931471805599453,1.791759469228055,0,0,0,0,0,0,0,1,0,2.0,0,0,1,0,0,0,1,0,0,1,1,0,1,0,0,0,0,0,0,0,0,0,1,0,0,0,0,0,1,0,0,0,0
1.3862943611198906,1.0986122886681098,6.625392368007956,3.044522437723423,6.139884552226255,0.6931471805599453,2.302585092994046,1.6094379124341003,0,0,0,0,0,0,0,1,1,2.0,0,0,0,0,1,0,0,1,1,0,1,0,0,0,0,0,0,0,0,0,0,0,0,0,1,0,0,0,0,1,1,1,0
1.3862943611198906,1.0986122886681098,7.411556287811163,2.772588722239781,5.293304824724492,1.0986122886681098,3.258096538021482,1.9459101490553132,0,0,0,0,0,0,0,1,1,2.0,0,0,0,0,0,0,0,1,1,0,1,1,1,1,0,0,0,0,0,0,0,1,0,0,0,0,1,0,0,0,0,0,0
1.6094379124341003,1.6094379124341003,8.476579508530941,3.4657359027997265,3.5553480614894135,1.0986122886681098,2.302585092994046,2.302585092994046,0,0,0,0,0,0,0,1,1,2.0,1,0,1,1,0,0,1,1,1,1,1,0,1,0,0,0,0,0,0,1,0,0,0,0,0,0,1,0,0,1,0,0,0
1.3862943611198906,1.0986122886681098,6.55250788703459,3.044522437723423,6.139884552226255,0.6931471805599453,2.302585092994046,1.6094379124341003,0,0,0,0,0,0,0,1,1,2.0,0,0,0,0,1,0,1,1,0,0,1,0,0,0,0,0,0,0,0,1,0,0,0,0,0,0,0,0,0,1,1,1,0
1.3862943611198906,1.0986122886681098,6.913737350659685,3.1780538303479458,6.139884552226255,0.6931471805599453,2.302585092994046,1.3862943611198906,1,0,0,1,1,0,1,0,0,2.0,0,0,0,0,0,1,0,1,0,0,1,0,0,0,1,0,0,0,0,0,0,0,0,0,0,0,1,0,0,1,0,1,1
1.0986122886681098,1.0986122886681098,6.573680166960646,3.044522437723423,7.236339342754344,0.6931471805599453,2.0794415416798357,2.3978952727983707,1,0,0,1,0,0,0,1,1,3.0,1,0,1,0,1,1,1,1,1,1,1,0,1,0,1,0,0,0,0,0,0,0,0,0,0,0,0,0,1,0,1,0,0
1.3862943611198906,1.0986122886681098,6.55250788703459,3.1780538303479458,6.139884552226255,0.6931471805599453,2.70805020110221,2.0794415416798357,0,0,0,0,0,0,0,1,1,2.0,1,0,1,1,0,0,1,1,1,0,1,0,0,0,0,0,0,0,0,1,0,0,0,0,0,0,0,0,0,0,0,1,0
1.3862943611198906,1.0986122886681098,6.621405651764134,3.044522437723423,6.139884552226255,0.6931471805599453,2.302585092994046,0.0,0,0,0,0,0,0,0,0,0,1.0,0,0,0,0,0,0,0,0,0,0,0,0,0,0,0,0,0,0,0,0,0,0,0,0,1,0,0,0,0,1,1,1,0
1.0986122886681098,0.6931471805599453,6.306275286948016,3.044522437723423,6.139884552226255,0.6931471805599453,2.302585092994046,1.0986122886681098,0,1,0,1,0,0,0,0,0,2.0,0,0,0,0,0,0,0,1,0,0,1,0,0,0,1,0,0,0,0,0,0,0,0,0,0,0,0,1,0,1,1,1,1
1.3862943611198906,1.3862943611198906,7.305860032684009,2.772588722239781,6.139884552226255,0.6931471805599453,2.302585092994046,2.5649493574615367,0,0,0,0,0,0,0,1,0,3.0,1,0,1,1,1,1,1,1,1,1,1,1,1,0,0,0,0,0,0,0,0,0,1,0,0,0,1,0,0,1,0,1,1
1.3862943611198906,1.0986122886681098,7.0909098220799835,3.044522437723423,6.648984550024776,1.0986122886681098,2.0794415416798357,2.302585092994046,0,0,0,0,0,0,0,1,1,1.0,1,0,1,1,1,0,1,1,1,0,1,0,1,0,0,0,0,0,0,1,0,0,0,0,0,0,1,0,0,0,0,0,0
1.3862943611198906,1.0986122886681098,6.569481420414296,3.044522437723423,6.139884552226255,0.6931471805599453,2.6390573296152584,1.9459101490553132,0,0,0,0,0,0,0,1,0,3.0,0,0,0,1,0,1,0,1,1,0,1,0,1,0,0,0,0,0,0,0,0,0,0,0,1,0,0,0,1,0,1,1,0
1.3862943611198906,1.0986122886681098,6.478509642208569,3.044522437723423,6.139884552226255,0.6931471805599453,2.302585092994046,1.6094379124341003,0,0,1,0,0,0,1,1,0,3.0,0,0,0,0,1,1,0,1,1,0,0,0,0,0,1,0,0,0,0,0,0,0,0,0,0,0,0,0,0,1,1,1,1
1.6094379124341003,1.3862943611198906,7.3783837129967145,4.07753744390572,7.170888478512505,1.0986122886681098,2.302585092994046,2.1972245773362196,1,1,0,1,1,0,1,1,0,2.0,1,0,1,1,0,0,1,0,1,1,1,0,1,0,1,0,0,0,0,0,0,0,0,0,0,0,0,0,1,1,0,0,0
1.3862943611198906,1.0986122886681098,6.478509642208569,3.044522437723423,6.139884552226255,0.6931471805599453,2.302585092994046,1.9459101490553132,0,0,0,0,0,0,0,1,1,1.0,0,0,0,1,1,1,0,1,1,0,1,0,0,0,0,0,0,0,0,1,0,0,0,0,0,0,0,0,0,1,1,1,0
1.3862943611198906,1.0986122886681098,7.140453043101158,3.295836866004329,5.84354441703136,1.0986122886681098,1.6094379124341003,2.3978952727983707,1,1,0,1,0,0,1,1,1,3.0,1,0,1,0,1,1,1,1,1,1,1,0,1,0,1,0,0,0,0,0,0,0,0,0,0,0,1,0,0,0,0,0,0
1.6094379124341003,1.0986122886681098,7.009408932708637,2.995732273553991,5.973809611869261,1.0986122886681098,2.302585092994046,2.5649493574615367,0,0,0,0,0,0,0,1,1,2.0,1,1,1,1,0,1,1,1,1,1,1,0,1,1,0,0,0,0,0,0,0,0,0,0,1,0,1,0,0,1,0,0,0
1.3862943611198906,1.0986122886681098,6.55250788703459,2.4849066497880004,4.61512051684126,0.6931471805599453,3.367295829986474,1.0986122886681098,0,0,0,0,0,0,0,1,1,3.0,0,0,0,0,0,0,0,1,0,0,1,0,0,0,0,0,0,0,0,1,0,0,0,0,0,0,0,0,0,0,0,0,0
1.3862943611198906,1.3862943611198906,7.1316985104669115,3.044522437723423,6.447305862541213,1.0986122886681098,0.6931471805599453,2.6390573296152584,0,0,0,0,0,0,0,1,0,3.0,1,1,1,1,1,1,1,1,1,1,1,0,1,1,0,0,0,0,0,0,0,0,1,0,0,0,0,0,1,0,1,0,0
1.3862943611198906,1.0986122886681098,7.109062135687172,2.1972245773362196,4.219507705176107,1.0986122886681098,2.302585092994046,1.3862943611198906,0,0,0,0,0,0,0,1,1,1.0,0,0,0,0,1,0,0,1,0,0,1,0,0,0,0,0,0,0,0,0,0,0,0,0,1,0,0,0,0,1,0,0,0
1.3862943611198906,1.0986122886681098,6.882437470997847,2.3978952727983707,5.497168225293202,0.6931471805599453,2.6390573296152584,1.3862943611198906,0,0,0,0,0,0,0,1,0,2.0,0,0,0,0,0,0,0,1,1,0,1,0,0,0,0,0,0,0,0,0,0,0,0,0,1,0,1,0,0,0,0,0,1
1.3862943611198906,1.0986122886681098,6.90875477931522,3.044522437723423,6.139884552226255,0.6931471805599453,2.302585092994046,1.3862943611198906,0,0,0,0,0,0,0,1,1,2.0,0,0,0,0,0,0,0,1,0,1,1,0,0,0,0,0,0,0,0,0,0,0,0,0,1,0,0,0,0,1,1,1,1
1.3862943611198906,1.0986122886681098,7.24422751560335,3.044522437723423,6.139884552226255,0.6931471805599453,2.302585092994046,0.6931471805599453,0,0,0,0,0,0,0,1,0,1.0,0,0,0,0,0,0,0,0,0,0,1,0,0,0,0,0,0,0,0,0,0,0,0,1,0,0,0,0,0,1,1,1,0
1.3862943611198906,1.0986122886681098,6.926577033222725,3.044522437723423,6.139884552226255,1.0986122886681098,2.302585092994046,1.9459101490553132,1,0,1,1,1,0,0,1,0,2.0,0,0,1,0,1,0,0,1,1,0,1,0,1,0,1,0,0,0,0,0,0,0,0,0,0,0,1,0,0,1,1,1,0
1.0986122886681098,1.3862943611198906,7.170888478512505,3.044522437723423,6.139884552226255,0.6931471805599453,2.302585092994046,2.302585092994046,0,0,0,0,0,0,0,1,0,1.0,0,0,1,1,0,0,0,1,1,1,1,1,1,1,0,0,0,0,0,0,0,0,1,0,0,0,1,0,0,1,1,1,1
1.3862943611198906,1.0986122886681098,6.478509642208569,3.044522437723423,6.139884552226255,0.6931471805599453,2.302585092994046,1.791759469228055,1,1,1,1,0,0,1,1,0,2.0,0,0,0,0,1,1,0,1,1,0,1,0,0,0,1,0,0,0,0,0,0,0,0,0,0,0,0,0,0,1,1,1,0
1.6094379124341003,1.0986122886681098,7.194436851100335,2.8903717578961645,6.16541785423142,0.6931471805599453,2.3978952727983707,1.9459101490553132,0,0,0,0,0,0,0,1,1,2.0,0,0,1,0,0,1,0,1,1,0,1,0,1,0,1,0,0,0,0,0,0,0,0,0,0,0,1,0,0,0,0,0,1
1.3862943611198906,1.0986122886681098,6.7464121285733745,1.791759469228055,6.139884552226255,0.6931471805599453,2.302585092994046,1.6094379124341003,1,0,1,1,0,0,0,1,1,2.0,0,0,0,1,0,1,0,0,1,0,1,0,0,0,0,0,0,0,0,0,0,0,0,0,1,0,0,0,0,1,0,1,0
1.3862943611198906,1.0986122886681098,6.709304340258298,3.8066624897703196,7.667158255319148,0.6931471805599453,1.0986122886681098,2.0794415416798357,0,1,0,1,0,0,1,1,0,2.0,1,0,1,0,1,0,0,1,1,0,1,0,1,0,1,0,0,0,0,0,0,0,0,0,0,0,0,0,1,0,0,0,0
1.3862943611198906,1.0986122886681098,6.795705775173514,3.1780538303479458,6.638567789166521,1.0986122886681098,1.9459101490553132,2.1972245773362196,0,0,0,0,0,0,0,1,1,3.0,1,0,1,1,0,0,1,1,1,0,1,0,1,0,0,0,0,0,0,0,0,0,0,0,1,0,0,0,1,0,0,0,0
1.3862943611198906,1.0986122886681098,6.769641976852503,2.9444389791664403,6.139884552226255,0.6931471805599453,2.302585092994046,2.1972245773362196,0,0,0,0,0,0,0,0,0,2.0,0,0,1,0,1,1,0,1,1,0,1,1,1,0,0,0,0,0,0,0,0,0,0,0,1,0,0,0,0,1,0,1,1
1.0986122886681098,1.0986122886681098,6.90875477931522,3.1354942159291497,6.2166061010848646,0.6931471805599453,2.772588722239781,1.9459101490553132,0,0,1,1,0,0,1,1,0,2.0,1,0,0,0,0,1,0,1,1,0,1,0,1,0,1,0,0,0,0,0,0,0,0,0,0,0,1,0,0,0,0,0,0
1.3862943611198906,1.0986122886681098,6.520621127558696,3.044522437723423,6.139884552226255,0.6931471805599453,2.302585092994046,0.0,0,0,0,0,0,0,0,0,1,2.0,0,0,0,0,0,0,0,0,0,0,0,0,0,0,0,0,0,0,0,0,0,0,0,0,1,0,0,1,0,1,1,1,1
1.3862943611198906,1.0986122886681098,6.7464121285733745,3.4011973816621555,6.139884552226255,0.6931471805599453,2.772588722239781,2.0794415416798357,0,0,0,0,0,0,0,1,1,3.0,0,0,1,1,0,1,0,1,1,1,1,0,0,0,0,0,0,0,0,1,0,0,0,0,0,0,0,0,0,0,0,1,0
1.3862943611198906,1.0986122886681098,7.052721049232323,3.044522437723423,6.139884552226255,1.0986122886681098,2.302585092994046,2.3978952727983707,0,0,0,0,0,0,0,1,1,2.0,1,0,1,1,1,0,1,1,1,1,1,0,1,0,0,0,0,0,0,1,0,0,0,0,0,0,1,0,0,1,1,1,0
1.3862943611198906,1.0986122886681098,6.68586094706836,2.9444389791664403,5.209486152841421,0.6931471805599453,2.8903717578961645,2.0794415416798357,0,0,0,0,0,0,0,1,1,2.0,0,0,0,0,1,0,0,1,1,0,1,1,1,1,0,0,0,0,0,1,0,0,0,0,0,0,0,0,0,0,0,0,0
1.0986122886681098,0.6931471805599453,6.2422232654551655,3.044522437723423,6.139884552226255,0.6931471805599453,2.302585092994046,1.6094379124341003,0,0,0,0,0,0,0,1,1,3.0,0,0,0,1,0,1,0,1,1,0,0,0,0,0,0,0,0,0,0,0,0,0,0,0,0,0,0,1,0,1,1,1,0
1.3862943611198906,1.0986122886681098,7.078341579557671,3.6635616461296463,6.35088571671474,0.6931471805599453,1.6094379124341003,0.0,0,0,0,0,0,0,0,1,1,2.0,0,0,0,0,0,0,0,0,0,0,0,0,0,0,0,0,0,0,0,1,0,0,0,0,0,0,0,0,1,0,0,0,1
1.0986122886681098,1.0986122886681098,6.771935555839602,3.5263605246161616,5.937536205082426,0.6931471805599453,2.5649493574615367,1.9459101490553132,1,1,1,1,0,0,1,1,1,2.0,0,0,1,0,1,1,1,0,0,0,1,0,1,0,1,0,0,0,0,0,0,0,0,0,0,0,0,0,1,0,0,0,1
1.791759469228055,1.9459101490553132,7.909856667269403,3.367295829986474,5.209486152841421,1.0986122886681098,2.772588722239781,2.302585092994046,1,1,1,1,1,1,0,1,1,3.0,1,1,1,0,0,0,0,1,1,1,1,1,1,0,1,0,0,0,0,0,0,0,0,0,0,0,1,0,0,0,0,0,0
1.3862943611198906,1.0986122886681098,6.931471805599453,3.044522437723423,7.0909098220799835,1.0986122886681098,1.6094379124341003,2.5649493574615367,0,0,0,0,0,0,0,1,1,2.0,1,1,1,1,1,1,1,1,1,1,1,0,1,0,0,0,0,0,0,0,0,0,0,0,1,0,1,0,0,0,1,0,0
1.3862943611198906,1.0986122886681098,6.82001636467413,3.044522437723423,6.558197802812269,0.6931471805599453,2.6390573296152584,2.3978952727983707,1,0,0,1,0,0,0,1,0,2.0,1,1,1,0,1,1,1,1,1,0,1,0,1,0,0,0,0,0,0,0,0,0,0,0,1,0,0,0,0,0,1,0,0
1.3862943611198906,1.0986122886681098,6.364750756851911,3.1780538303479458,7.700295203420117,0.6931471805599453,2.70805020110221,1.6094379124341003,0,0,0,0,0,0,0,1,0,3.0,0,0,0,1,1,1,0,1,0,0,0,0,0,0,0,0,0,0,0,1,0,0,0,0,0,0,0,0,0,0,0,0,1
1.6094379124341003,1.3862943611198906,7.00397413672268,3.044522437723423,6.139884552226255,1.0986122886681098,2.302585092994046,2.70805020110221,0,0,0,0,0,0,0,1,1,2.0,1,1,1,1,1,1,1,1,1,1,1,1,1,1,0,0,0,0,0,0,0,1,0,0,0,0,1,0,0,1,1,1,0
1.0986122886681098,1.0986122886681098,6.621405651764134,3.713572066704308,6.042632833682381,0.6931471805599453,1.9459101490553132,2.5649493574615367,0,0,0,0,0,0,0,1,1,2.0,1,0,1,1,1,1,0,1,1,1,1,1,1,1,0,0,0,0,0,1,0,0,0,0,0,0,0,0,1,0,0,0,0
1.3862943611198906,1.0986122886681098,6.693323668269949,3.044522437723423,6.139884552226255,0.6931471805599453,2.302585092994046,0.0,0,0,0,0,0,0,0,1,0,2.0,0,0,0,0,0,0,0,0,0,0,0,0,0,0,0,0,0,0,0,0,0,0,0,1,0,0,0,0,0,1,1,1,0
1.6094379124341003,1.0986122886681098,7.21890970761906,3.2188758248682006,6.803505257608338,0.6931471805599453,2.1972245773362196,2.1972245773362196,0,0,0,0,0,0,0,1,0,2.0,0,0,1,0,1,1,0,1,1,1,1,0,1,0,1,0,0,0,0,0,0,0,0,0,0,0,1,0,0,0,0,0,0
1.0986122886681098,1.0986122886681098,6.70808408385307,3.044522437723423,6.139884552226255,1.3862943611198906,1.9459101490553132,2.302585092994046,0,0,0,0,0,0,0,1,1,3.0,1,0,1,1,1,0,1,1,1,0,1,0,1,0,0,0,0,0,0,0,0,0,0,1,0,0,1,0,0,0,1,1,0
1.0986122886681098,1.0986122886681098,6.70808408385307,3.5263605246161616,6.910750787961936,0.6931471805599453,2.302585092994046,2.70805020110221,0,0,1,1,0,0,0,1,0,3.0,1,1,1,1,1,1,1,1,1,1,1,1,1,1,0,0,0,0,0,0,0,0,0,0,1,0,0,0,1,0,0,0,0
1.3862943611198906,1.0986122886681098,6.582025138892826,3.044522437723423,6.139884552226255,0.6931471805599453,2.302585092994046,0.6931471805599453,0,0,0,0,0,0,0,0,0,2.0,0,0,0,0,0,0,0,1,0,0,0,0,0,0,1,0,0,0,0,0,0,0,0,0,0,0,0,1,0,1,1,1,1
1.3862943611198906,1.0986122886681098,6.55250788703459,3.044522437723423,6.139884552226255,0.6931471805599453,2.8903717578961645,1.9459101490553132,0,0,0,0,0,0,0,1,1,2.0,1,0,1,1,0,0,0,1,1,0,1,0,0,0,0,0,0,0,0,1,0,0,0,0,0,0,0,0,0,0,0,1,0
1.3862943611198906,1.0986122886681098,6.862757913051401,3.044522437723423,6.139884552226255,0.6931471805599453,2.302585092994046,0.0,0,0,0,1,1,0,0,1,1,1.0,0,0,0,0,0,0,0,0,0,0,0,0,0,0,0,0,0,0,0,0,0,0,0,0,1,0,0,0,0,1,1,1,1
1.3862943611198906,1.0986122886681098,6.68586094706836,3.044522437723423,8.188966863648876,0.6931471805599453,2.302585092994046,2.4849066497880004,1,1,1,1,1,0,0,1,0,2.0,1,1,1,1,1,1,1,1,1,0,1,0,1,0,1,0,0,0,0,0,0,0,0,0,0,0,0,0,1,1,1,0,0
1.3862943611198906,1.0986122886681098,6.920671504248683,3.1780538303479458,6.61338421837956,1.0986122886681098,2.302585092994046,2.3978952727983707,0,0,0,1,0,0,1,1,1,2.0,1,0,1,0,1,1,1,1,1,1,1,0,1,0,0,0,0,0,0,0,0,0,0,0,1,0,0,0,1,0,0,0,0
1.3862943611198906,1.3862943611198906,7.095893221097532,2.4849066497880004,6.192362489474872,0.6931471805599453,2.1972245773362196,0.0,0,0,0,0,0,0,0,1,1,1.0,0,0,0,0,0,0,0,0,0,0,0,0,0,0,0,0,0,0,0,0,0,0,0,0,0,0,1,0,0,0,0,0,0
1.3862943611198906,1.0986122886681098,7.0909098220799835,2.9444389791664403,6.139884552226255,0.6931471805599453,2.302585092994046,1.9459101490553132,0,1,0,1,1,0,1,1,0,2.0,0,0,1,0,0,1,0,1,1,0,1,0,1,0,1,0,0,0,0,0,0,0,0,0,0,0,1,0,0,1,0,1,1
1.3862943611198906,1.0986122886681098,7.052721049232323,3.044522437723423,6.139884552226255,1.3862943611198906,2.302585092994046,2.302585092994046,0,0,0,0,0,0,0,1,1,3.0,1,0,1,0,1,1,1,1,1,0,1,0,1,0,0,0,0,0,0,1,0,0,0,0,0,0,1,0,0,1,1,1,0
1.3862943611198906,1.0986122886681098,6.910750787961936,3.7612001156935624,7.566828479208331,1.0986122886681098,1.9459101490553132,0.0,0,0,1,1,0,0,0,1,0,1.0,0,0,0,0,0,0,0,0,0,0,0,0,0,0,0,0,0,0,0,0,0,0,0,0,1,0,1,0,0,0,0,0,0
1.3862943611198906,1.0986122886681098,6.478509642208569,3.044522437723423,6.139884552226255,0.6931471805599453,2.302585092994046,0.0,0,0,0,0,0,0,0,1,0,3.0,0,0,0,0,0,0,0,0,0,0,0,0,0,0,0,0,0,0,0,0,0,0,0,0,0,1,0,0,0,1,1,1,1
1.3862943611198906,1.3862943611198906,7.1592919047975645,3.4339872044851463,6.695798917058491,0.6931471805599453,2.3978952727983707,2.3978952727983707,0,0,0,0,0,0,0,1,1,2.0,0,0,1,0,1,1,0,1,1,1,1,1,1,1,0,0,0,0,0,1,0,0,0,0,0,0,1,0,0,0,0,0,0
1.3862943611198906,1.0986122886681098,6.7464121285733745,3.044522437723423,6.139884552226255,1.0986122886681098,2.302585092994046,1.791759469228055,0,0,0,0,0,0,0,1,0,2.0,0,0,0,1,0,0,0,1,1,0,1,0,1,0,0,0,0,0,0,0,0,0,1,0,0,0,0,0,0,1,1,1,0
1.3862943611198906,1.0986122886681098,6.628041376179533,2.70805020110221,5.820082930352362,0.6931471805599453,2.6390573296152584,2.1972245773362196,0,0,0,0,0,0,0,1,1,2.0,0,1,1,0,1,1,0,1,1,0,1,0,1,0,1,0,0,0,0,0,0,0,0,0,0,0,1,0,0,0,0,0,0
1.3862943611198906,1.0986122886681098,6.523562306149512,3.044522437723423,6.139884552226255,0.6931471805599453,1.3862943611198906,2.302585092994046,0,0,0,0,0,0,0,1,1,3.0,0,0,1,0,1,1,0,1,1,1,1,0,1,1,0,0,0,0,0,1,0,0,0,0,0,0,0,0,0,0,1,1,0
1.3862943611198906,1.0986122886681098,6.97914527506881,3.713572066704308,6.959398512133975,1.0986122886681098,1.3862943611198906,2.70805020110221,0,1,1,1,0,0,1,1,0,2.0,1,1,1,1,1,1,1,1,1,1,1,1,1,1,1,0,0,0,0,0,0,0,0,0,0,0,1,0,0,0,0,0,0
1.0986122886681098,1.0986122886681098,6.9726062513017535,3.044522437723423,6.723832440821209,1.0986122886681098,2.302585092994046,2.70805020110221,0,0,0,0,0,0,0,1,1,1.0,1,1,1,1,1,1,1,1,1,1,1,1,1,1,0,0,0,1,0,0,0,0,0,0,0,0,0,0,1,1,1,0,0
1.3862943611198906,1.0986122886681098,6.55250788703459,2.9444389791664403,6.20050917404269,0.6931471805599453,3.1354942159291497,1.9459101490553132,0,0,0,0,0,0,0,1,1,2.0,1,0,0,0,0,0,0,1,1,0,1,0,1,1,0,0,0,0,0,1,0,0,0,0,0,0,0,0,0,0,0,0,0
1.6094379124341003,1.3862943611198906,7.83399634170946,3.044522437723423,6.139884552226255,1.0986122886681098,2.302585092994046,0.0,0,0,0,0,0,0,0,1,1,3.0,0,0,0,0,0,0,0,0,0,0,0,0,0,0,0,0,0,0,0,1,0,0,0,0,0,0,0,0,0,1,1,1,0
1.3862943611198906,1.0986122886681098,7.244941546337007,2.9444389791664403,5.666426688112432,0.6931471805599453,2.302585092994046,1.791759469228055,1,0,0,1,0,1,1,1,0,2.0,0,0,0,0,1,1,0,1,0,0,1,0,1,0,1,0,0,0,0,0,0,0,0,0,0,0,1,0,0,1,0,0,1
1.0986122886681098,1.0986122886681098,6.55250788703459,3.4339872044851463,6.139884552226255,1.0986122886681098,2.302585092994046,1.9459101490553132,0,0,0,0,0,0,0,1,1,2.0,0,0,1,0,1,1,0,1,0,0,1,0,1,0,0,0,0,0,0,1,0,0,0,0,0,0,0,0,0,1,0,1,0
1.3862943611198906,1.0986122886681098,7.340186835320115,3.044522437723423,6.139884552226255,0.6931471805599453,2.302585092994046,2.3978952727983707,0,0,0,0,0,0,0,1,0,2.0,0,0,1,1,1,1,0,1,1,0,1,1,1,1,0,1,0,0,0,0,0,0,0,0,0,0,1,0,0,1,1,1,1
1.791759469228055,1.6094379124341003,7.738052297689316,2.833213344056216,6.255750041753367,1.0986122886681098,3.2188758248682006,2.70805020110221,0,0,0,0,0,0,0,1,1,3.0,1,1,1,1,1,1,1,1,1,1,1,1,1,1,0,0,0,0,0,0,0,0,0,0,1,0,1,0,0,0,0,0,0
1.3862943611198906,1.0986122886681098,6.7464121285733745,1.791759469228055,6.139884552226255,0.6931471805599453,2.302585092994046,1.9459101490553132,1,1,1,1,0,0,0,1,0,2.0,1,0,0,0,1,0,0,1,1,0,1,0,1,0,0,0,0,0,0,0,0,0,0,0,1,0,0,0,0,1,0,1,1
1.3862943611198906,1.0986122886681098,6.839476438228843,3.044522437723423,6.139884552226255,1.0986122886681098,2.302585092994046,2.0794415416798357,0,0,0,0,0,0,0,1,0,2.0,0,1,1,0,1,0,0,1,1,0,1,0,1,0,0,0,0,0,0,0,0,0,0,1,0,0,0,0,1,1,1,1,0
1.3862943611198906,1.0986122886681098,7.00397413672268,2.70805020110221,4.574710978503383,0.6931471805599453,3.295836866004329,1.6094379124341003,0,0,0,0,0,0,0,1,1,2.0,0,0,0,0,1,0,0,1,0,0,1,0,1,0,0,0,0,0,0,1,0,0,0,0,0,0,1,0,0,0,0,0,0
0.6931471805599453,0.6931471805599453,6.133398042996649,2.5649493574615367,4.919980925828125,0.6931471805599453,1.3862943611198906,1.3862943611198906,1,1,0,1,0,0,0,1,1,2.0,0,0,1,0,0,0,0,0,0,0,1,0,1,0,0,0,0,0,0,0,0,0,0,0,1,0,0,0,1,0,0,0,1
0.6931471805599453,0.6931471805599453,6.9167150203536085,3.044522437723423,6.139884552226255,0.6931471805599453,2.302585092994046,0.0,0,0,0,0,0,0,0,1,1,2.0,0,0,0,0,0,0,0,0,0,0,0,0,0,0,0,0,0,0,0,1,0,0,0,0,0,0,0,0,1,1,1,1,0
1.791759469228055,1.6094379124341003,7.738052297689316,2.833213344056216,6.255750041753367,1.0986122886681098,3.2188758248682006,2.70805020110221,0,0,0,0,0,0,0,1,1,3.0,1,1,1,1,1,1,1,1,1,1,1,1,1,1,0,0,0,0,0,0,0,0,0,0,1,0,1,0,0,0,0,0,0
1.3862943611198906,1.0986122886681098,7.0909098220799835,3.044522437723423,6.139884552226255,1.0986122886681098,2.302585092994046,2.1972245773362196,1,0,1,1,0,0,0,0,0,2.0,0,1,1,0,1,0,1,1,1,0,1,0,1,0,0,0,0,0,0,0,0,0,0,0,1,0,1,0,0,1,1,1,0
1.3862943611198906,0.6931471805599453,6.478509642208569,3.044522437723423,6.139884552226255,0.6931471805599453,2.302585092994046,1.0986122886681098,1,0,0,1,1,0,0,0,0,3.0,0,0,0,0,0,1,0,0,1,0,0,0,0,0,0,0,0,0,0,0,0,0,0,0,1,0,0,1,0,1,1,1,1
1.0986122886681098,0.6931471805599453,6.569481420414296,3.044522437723423,6.139884552226255,0.6931471805599453,2.302585092994046,1.6094379124341003,0,0,0,0,0,0,0,1,0,2.0,0,0,0,0,0,0,0,1,1,0,1,0,1,0,0,0,0,0,0,0,0,0,1,0,0,0,0,0,0,1,1,1,1
1.3862943611198906,1.0986122886681098,6.478509642208569,3.044522437723423,6.139884552226255,0.6931471805599453,2.302585092994046,1.0986122886681098,0,0,0,0,0,0,0,0,0,1.0,0,0,0,0,0,1,0,0,1,0,0,0,0,0,0,0,0,0,0,0,0,0,0,0,1,0,0,0,0,1,1,1,1
1.0986122886681098,1.0986122886681098,6.698268054115413,3.258096538021482,7.602900462204755,0.6931471805599453,1.6094379124341003,0.0,0,0,0,0,0,0,0,1,1,2.0,0,0,0,0,0,0,0,0,0,0,0,0,0,0,0,0,0,0,0,0,0,0,0,0,0,0,0,0,1,0,0,0,1
1.0986122886681098,0.6931471805599453,6.3473892096560105,3.044522437723423,6.139884552226255,0.6931471805599453,2.302585092994046,1.0986122886681098,1,0,0,1,1,0,1,0,0,2.0,0,0,0,0,0,0,0,1,1,0,0,0,0,0,1,0,0,0,0,0,0,0,0,0,0,0,0,0,0,1,1,1,0
1.3862943611198906,1.0986122886681098,6.7464121285733745,3.044522437723423,6.139884552226255,0.6931471805599453,2.302585092994046,1.3862943611198906,0,0,0,0,0,0,0,1,1,1.0,0,0,0,0,1,0,0,1,0,0,1,0,0,0,0,0,0,0,0,1,0,0,0,0,0,0,0,0,0,1,1,1,0
1.3862943611198906,1.0986122886681098,6.841615476477592,3.1354942159291497,6.9167150203536085,0.6931471805599453,3.295836866004329,2.4849066497880004,1,0,0,1,0,0,0,1,1,2.0,1,0,1,1,1,1,1,1,1,1,1,0,1,0,1,0,0,0,0,0,0,0,0,0,0,0,0,0,1,0,0,0,0
1.6094379124341003,1.0986122886681098,7.1316985104669115,3.044522437723423,5.53338948872752,1.0986122886681098,2.0794415416798357,2.1972245773362196,0,0,0,0,0,0,0,1,1,3.0,1,0,0,1,1,0,0,1,1,1,1,0,1,0,0,0,0,0,0,1,0,0,0,0,0,0,1,0,0,0,1,0,0
1.3862943611198906,1.0986122886681098,6.55250788703459,2.833213344056216,6.139884552226255,0.6931471805599453,2.302585092994046,1.3862943611198906,0,0,0,0,0,0,0,1,1,1.0,0,0,0,0,1,0,0,1,0,0,1,0,0,0,0,0,0,0,0,1,0,0,0,0,0,0,0,0,0,1,0,1,0
1.6094379124341003,1.6094379124341003,7.21890970761906,3.1780538303479458,5.733341276897746,1.0986122886681098,2.3978952727983707,2.4849066497880004,1,1,1,1,0,0,1,1,1,3.0,1,0,1,1,1,1,1,1,1,1,1,0,1,0,1,0,0,0,0,0,0,0,0,0,0,0,1,0,0,0,0,0,0
1.3862943611198906,1.0986122886681098,6.654152520183219,2.9444389791664403,5.303304908059076,0.6931471805599453,2.8903717578961645,1.6094379124341003,1,0,1,1,0,0,1,0,0,1.0,0,0,0,0,0,1,0,0,1,0,1,0,1,0,0,0,0,0,0,0,0,0,0,0,1,0,0,0,0,0,0,0,1
1.0986122886681098,1.0986122886681098,6.787844982309579,3.044522437723423,6.139884552226255,0.6931471805599453,2.302585092994046,0.0,1,0,1,1,0,0,0,1,0,2.0,0,0,0,0,0,0,0,0,0,0,0,0,0,0,1,0,0,0,0,0,0,0,0,0,0,0,0,0,1,1,1,1,1
1.3862943611198906,1.0986122886681098,6.90875477931522,3.044522437723423,6.139884552226255,1.0986122886681098,2.302585092994046,1.791759469228055,0,0,0,0,0,0,0,1,1,1.0,0,0,0,0,1,0,0,1,1,0,1,0,1,0,0,0,0,0,0,1,0,0,0,0,0,0,1,0,0,1,1,1,0
1.3862943611198906,1.0986122886681098,7.172424577124845,2.8903717578961645,4.5217885770490405,1.0986122886681098,2.0794415416798357,2.3978952727983707,0,0,0,0,0,0,0,1,1,2.0,0,0,1,1,1,1,0,1,1,1,1,1,1,0,0,0,0,0,0,1,0,0,0,0,0,0,1,0,0,0,0,0,0
1.3862943611198906,1.0986122886681098,6.803505257608338,3.044522437723423,6.584791392385716,1.0986122886681098,1.3862943611198906,2.3978952727983707,0,0,1,1,0,0,0,0,1,2.0,0,0,1,1,1,1,1,1,1,0,1,0,1,1,0,0,0,0,0,0,0,0,0,0,1,0,0,0,0,0,1,0,0
1.3862943611198906,1.0986122886681098,6.740519359606223,3.044522437723423,6.139884552226255,0.6931471805599453,2.302585092994046,1.791759469228055,0,0,0,0,0,0,0,1,0,1.0,0,0,0,1,0,1,0,1,1,0,1,0,0,0,0,0,0,0,0,0,0,0,1,0,0,0,0,0,0,1,1,1,0
1.3862943611198906,1.0986122886681098,7.00397413672268,2.9444389791664403,6.139884552226255,0.6931471805599453,2.302585092994046,2.1972245773362196,0,1,0,1,1,0,1,1,0,1.0,0,0,1,0,1,1,1,1,1,0,1,0,1,0,1,0,0,0,0,0,0,0,0,0,0,0,1,0,0,1,0,1,0
1.3862943611198906,1.0986122886681098,6.9440872082295275,3.5263605246161616,6.311734809152915,1.0986122886681098,1.0986122886681098,2.4849066497880004,0,0,0,0,0,0,0,1,1,2.0,1,1,1,1,1,0,1,1,1,1,1,0,1,0,0,0,0,0,0,1,0,0,0,0,0,0,1,0,0,0,0,0,0
1.3862943611198906,1.0986122886681098,6.591673732008658,3.044522437723423,6.139884552226255,0.6931471805599453,2.302585092994046,0.0,1,0,0,1,0,0,0,0,0,2.0,0,0,0,0,0,0,0,0,0,0,0,0,0,0,0,0,0,0,0,0,0,0,0,0,1,0,0,1,0,1,1,1,1
1.3862943611198906,1.0986122886681098,7.00397413672268,3.4965075614664802,6.139884552226255,0.6931471805599453,3.367295829986474,2.302585092994046,0,0,0,0,0,0,0,0,1,3.0,0,0,1,1,1,1,0,1,1,1,1,0,1,0,1,0,0,0,0,0,0,0,0,0,0,0,1,0,0,0,0,1,0
1.3862943611198906,1.0986122886681098,6.748759547491679,2.5649493574615367,6.139884552226255,0.6931471805599453,3.1780538303479458,2.4849066497880004,1,0,1,1,0,0,0,1,0,2.0,1,1,1,1,1,1,1,1,1,0,1,0,1,0,0,0,0,0,0,0,0,0,0,0,1,0,0,0,0,0,0,1,0
1.3862943611198906,1.0986122886681098,6.920671504248683,3.1780538303479458,6.61338421837956,1.0986122886681098,2.302585092994046,2.3978952727983707,0,0,0,1,0,0,1,1,1,2.0,1,0,1,0,1,1,1,1,1,1,1,0,1,0,0,0,0,0,0,0,0,0,0,0,1,0,0,0,1,0,0,0,0
1.3862943611198906,1.0986122886681098,6.9440872082295275,3.5263605246161616,6.311734809152915,1.0986122886681098,1.0986122886681098,2.4849066497880004,0,0,0,0,0,0,0,1,1,3.0,1,1,1,1,1,0,1,1,1,1,1,0,1,0,0,0,0,0,0,1,0,0,0,0,0,0,1,0,0,0,0,0,0
1.6094379124341003,1.3862943611198906,7.122059881629142,3.58351893845611,6.745236349484363,1.0986122886681098,1.791759469228055,2.4849066497880004,0,0,0,0,0,0,0,0,1,2.0,1,1,1,1,1,0,1,1,1,1,1,0,1,0,0,0,0,0,0,0,0,0,0,0,0,0,0,0,1,0,0,0,0
1.3862943611198906,1.0986122886681098,6.55250788703459,3.044522437723423,6.139884552226255,0.6931471805599453,2.302585092994046,2.1972245773362196,0,0,0,0,0,0,0,0,1,2.0,0,0,0,1,1,1,0,1,1,1,0,1,1,0,0,0,0,0,0,0,0,1,0,0,0,0,0,0,0,1,1,1,1
1.3862943611198906,1.0986122886681098,6.55250788703459,3.044522437723423,6.139884552226255,1.0986122886681098,2.302585092994046,1.0986122886681098,0,0,0,0,0,0,0,1,1,3.0,0,0,0,0,0,0,0,1,0,0,1,0,0,0,0,0,0,0,0,1,0,0,0,0,0,0,0,0,0,1,1,1,0
1.3862943611198906,1.0986122886681098,6.68586094706836,2.9444389791664403,4.727387818712341,0.6931471805599453,2.302585092994046,1.3862943611198906,0,0,0,0,0,0,0,1,1,3.0,0,0,0,0,1,0,0,1,0,0,1,0,0,0,0,0,0,0,0,1,0,0,0,0,0,0,0,0,0,1,0,0,0
1.3862943611198906,0.6931471805599453,6.55250788703459,3.044522437723423,6.139884552226255,0.6931471805599453,2.302585092994046,1.6094379124341003,0,0,0,0,0,0,0,0,0,1.0,0,0,0,1,0,1,0,1,1,0,0,0,0,0,0,0,0,0,0,0,0,0,1,0,0,0,0,0,0,1,1,1,1
1.3862943611198906,1.0986122886681098,7.048386408721883,3.1780538303479458,5.159055299214529,0.6931471805599453,2.995732273553991,2.4849066497880004,0,0,0,0,0,0,0,1,0,2.0,1,1,1,1,1,1,1,1,1,0,1,0,1,0,0,0,0,0,0,1,0,0,0,0,0,0,1,0,0,0,0,0,0
1.791759469228055,1.6094379124341003,7.738052297689316,2.833213344056216,6.255750041753367,1.0986122886681098,3.2188758248682006,2.70805020110221,0,0,0,0,0,0,0,1,1,2.0,1,1,1,1,1,1,1,1,1,1,1,1,1,1,0,0,0,0,0,0,0,0,0,0,1,0,1,0,0,0,0,0,0
1.3862943611198906,1.0986122886681098,7.346655163176539,3.6888794541139363,6.139884552226255,0.6931471805599453,3.258096538021482,2.4849066497880004,1,1,0,1,0,0,0,1,1,2.0,1,0,1,1,0,1,0,1,1,1,1,1,1,1,1,0,0,0,0,0,0,0,0,0,0,0,1,0,0,0,0,1,0
1.3862943611198906,1.0986122886681098,6.917705609835305,3.6109179126442243,7.199678345691172,1.0986122886681098,1.9459101490553132,2.4849066497880004,1,0,1,1,0,0,0,1,0,2.0,1,0,1,1,1,1,1,1,1,1,1,0,1,0,1,0,0,0,0,0,0,0,0,0,0,0,0,0,1,0,0,0,0
1.6094379124341003,1.3862943611198906,7.204892510204673,3.044522437723423,6.398594934535208,1.0986122886681098,2.302585092994046,0.0,0,0,0,0,0,0,0,1,0,3.0,0,0,0,0,0,0,0,0,0,0,0,0,0,0,0,0,0,0,0,0,0,0,0,0,1,0,1,0,0,0,1,0,0
1.3862943611198906,1.0986122886681098,6.470799503782602,3.044522437723423,6.139884552226255,0.6931471805599453,2.302585092994046,1.0986122886681098,0,0,0,1,0,0,0,1,1,2.0,0,0,0,0,0,0,0,1,1,0,0,0,0,0,0,0,0,0,0,0,0,0,0,0,1,0,0,0,0,1,1,1,0
1.6094379124341003,1.3862943611198906,7.409136443920128,2.833213344056216,6.154858094016418,1.0986122886681098,2.302585092994046,2.302585092994046,0,0,0,0,0,0,0,1,1,2.0,1,0,1,0,1,0,1,1,1,1,1,0,1,0,0,0,0,0,0,1,0,0,0,0,0,0,1,0,0,0,0,0,0
1.3862943611198906,1.0986122886681098,7.177782416195197,3.295836866004329,5.659482215759621,0.6931471805599453,2.302585092994046,2.1972245773362196,0,0,0,0,0,0,0,1,0,3.0,0,0,1,1,1,1,0,1,1,0,1,0,1,0,0,0,0,0,0,0,0,0,1,0,0,0,1,0,0,1,0,0,1
1.6094379124341003,1.0986122886681098,6.70808408385307,3.044522437723423,6.139884552226255,0.6931471805599453,1.9459101490553132,2.0794415416798357,0,0,0,0,0,0,0,1,1,2.0,1,1,0,0,0,1,0,1,1,0,1,0,1,0,0,0,0,0,0,0,0,0,0,0,0,0,0,0,0,0,0,1,1
1.3862943611198906,1.0986122886681098,6.807934943699926,3.044522437723423,6.139884552226255,1.0986122886681098,2.302585092994046,2.70805020110221,0,0,0,0,0,0,0,1,1,2.0,1,1,1,1,1,1,1,1,1,1,1,1,1,1,0,0,0,0,0,0,0,1,0,0,0,0,0,0,1,1,1,1,0
1.3862943611198906,1.0986122886681098,6.55250788703459,1.791759469228055,6.139884552226255,0.6931471805599453,2.302585092994046,0.0,1,0,0,1,0,0,0,1,0,1.0,0,0,0,0,0,0,0,0,0,0,0,0,0,0,0,0,0,0,0,0,0,0,0,0,1,0,0,0,0,1,0,1,1
1.3862943611198906,1.0986122886681098,7.002155954403621,3.044522437723423,6.139884552226255,0.6931471805599453,2.302585092994046,2.0794415416798357,1,1,1,1,0,0,0,1,0,3.0,0,0,1,1,0,1,1,1,1,0,1,0,0,0,0,0,0,0,0,0,0,0,0,0,1,0,0,0,0,1,1,1,1
1.3862943611198906,0.6931471805599453,6.421622267806518,3.044522437723423,6.139884552226255,0.6931471805599453,2.302585092994046,0.0,0,0,0,0,0,0,0,1,1,3.0,0,0,0,0,0,0,0,0,0,0,0,0,0,0,0,0,0,0,0,1,0,0,0,0,0,0,0,1,0,1,1,1,1
1.3862943611198906,1.0986122886681098,6.774223886357614,2.6390573296152584,6.139884552226255,0.6931471805599453,2.70805020110221,0.0,1,0,1,1,0,0,0,0,0,1.0,0,0,0,0,0,0,0,0,0,0,0,0,0,0,1,0,0,0,0,0,0,0,0,0,0,0,1,0,0,0,0,1,0
1.0986122886681098,1.0986122886681098,6.9726062513017535,3.044522437723423,6.139884552226255,0.6931471805599453,2.302585092994046,0.0,0,0,0,0,0,0,0,1,0,2.0,0,0,0,0,0,0,0,0,0,0,0,0,0,0,0,0,0,0,0,0,0,0,1,0,0,0,0,0,1,1,1,1,0
1.6094379124341003,1.791759469228055,7.661527081358517,2.70805020110221,5.768320995793772,1.0986122886681098,2.302585092994046,2.1972245773362196,0,0,0,0,0,0,0,1,1,3.0,1,0,1,0,1,0,0,1,1,1,1,0,1,0,0,0,0,0,0,0,0,0,0,0,0,0,0,0,0,1,0,0,0
1.0986122886681098,1.0986122886681098,6.803505257608338,3.044522437723423,6.139884552226255,0.6931471805599453,2.302585092994046,1.791759469228055,0,0,0,0,0,0,0,1,0,2.0,0,0,1,0,1,0,0,1,0,0,1,0,1,0,0,0,0,0,0,0,0,0,0,0,0,1,1,0,0,1,1,1,0
1.6094379124341003,1.0986122886681098,7.409136443920128,3.2188758248682006,5.459585514144159,1.0986122886681098,2.302585092994046,1.791759469228055,0,0,0,0,0,0,0,1,1,3.0,0,0,0,0,1,0,0,1,1,0,1,0,1,0,0,0,0,0,0,1,0,0,0,0,0,0,1,0,0,1,0,0,0
1.6094379124341003,1.0986122886681098,7.2196420401307355,3.044522437723423,4.663439094112067,0.6931471805599453,2.302585092994046,2.1972245773362196,0,0,0,0,0,0,0,1,0,2.0,0,0,1,1,1,0,0,1,1,0,1,0,1,1,0,0,0,0,0,0,0,0,1,0,0,0,1,0,0,1,1,0,0
1.3862943611198906,1.0986122886681098,6.478509642208569,3.044522437723423,6.139884552226255,0.6931471805599453,2.302585092994046,1.6094379124341003,0,0,0,0,0,0,0,1,1,3.0,0,0,0,0,1,0,0,1,1,0,1,0,0,0,0,0,0,0,0,1,0,0,0,0,0,0,0,0,0,1,1,1,0
1.3862943611198906,1.0986122886681098,6.523562306149512,1.791759469228055,6.139884552226255,0.6931471805599453,2.302585092994046,0.0,0,0,0,0,0,0,0,0,1,3.0,0,0,0,0,0,0,0,0,0,0,0,0,0,0,0,0,0,0,0,0,0,0,0,0,1,0,0,0,0,1,0,1,1
1.0986122886681098,0.6931471805599453,6.20455776256869,3.044522437723423,6.139884552226255,0.6931471805599453,2.302585092994046,0.0,0,0,0,0,0,0,0,1,1,2.0,0,0,0,0,0,0,0,0,0,0,0,0,0,0,0,0,0,0,0,0,0,0,0,0,0,0,0,0,0,1,1,1,1
1.3862943611198906,1.3862943611198906,7.170888478512505,4.02535169073515,5.8888779583328805,1.0986122886681098,1.3862943611198906,1.6094379124341003,0,0,0,0,0,0,0,1,1,3.0,0,0,0,0,0,1,0,1,1,0,1,0,0,0,0,0,0,0,0,0,0,0,0,0,0,0,1,0,0,0,0,0,0
1.3862943611198906,1.0986122886681098,6.621405651764134,2.1972245773362196,5.41610040220442,0.6931471805599453,3.2188758248682006,1.6094379124341003,0,0,0,0,0,0,0,1,1,2.0,0,0,0,0,1,1,0,1,0,0,1,0,0,0,0,0,0,0,0,1,0,0,0,0,0,0,0,0,0,0,0,0,0
1.3862943611198906,1.0986122886681098,6.90875477931522,3.044522437723423,6.139884552226255,0.6931471805599453,2.1972245773362196,1.791759469228055,0,0,0,0,0,0,0,1,1,1.0,0,0,1,0,0,0,0,1,1,0,1,0,1,0,0,0,0,0,0,0,0,0,1,0,0,0,1,0,0,0,1,1,0
1.3862943611198906,1.0986122886681098,7.00397413672268,3.044522437723423,6.139884552226255,0.6931471805599453,2.302585092994046,1.9459101490553132,0,0,0,0,0,0,0,1,1,3.0,0,0,1,0,1,0,0,1,1,0,1,0,1,0,0,0,0,0,0,0,0,0,0,0,0,1,0,0,0,1,1,1,0
1.3862943611198906,1.0986122886681098,6.803505257608338,3.044522437723423,5.673323267171493,0.6931471805599453,3.044522437723423,2.1972245773362196,1,1,1,1,1,1,1,1,1,2.0,1,1,0,0,1,1,0,1,1,0,1,0,1,0,1,0,0,0,0,0,0,0,0,0,0,0,1,0,0,0,0,0,0
1.3862943611198906,1.0986122886681098,6.9930151229329605,3.044522437723423,6.697034247666484,0.6931471805599453,1.3862943611198906,1.6094379124341003,0,0,0,0,0,0,0,1,1,2.0,0,0,1,0,0,0,0,0,1,1,0,0,1,0,0,1,0,0,0,0,0,0,0,0,0,0,0,0,1,0,1,0,1
1.0986122886681098,0.6931471805599453,6.520621127558696,3.044522437723423,6.139884552226255,0.6931471805599453,2.302585092994046,1.791759469228055,0,0,0,0,0,0,0,0,0,2.0,0,0,0,0,0,1,0,1,1,0,1,0,1,0,0,0,0,0,0,0,0,0,0,0,1,0,0,0,0,1,1,1,1
1.0986122886681098,0.6931471805599453,6.329720905522696,3.044522437723423,6.139884552226255,0.6931471805599453,2.302585092994046,0.0,1,0,1,1,1,0,0,1,0,2.0,0,0,0,0,0,0,0,0,0,0,0,0,0,0,1,0,0,0,0,0,0,0,0,0,0,0,0,1,0,1,1,1,1
1.791759469228055,1.791759469228055,7.7437032581737535,1.791759469228055,6.139884552226255,1.0986122886681098,2.302585092994046,1.791759469228055,0,0,0,0,0,0,0,1,1,3.0,0,0,1,0,1,0,0,1,0,0,1,0,1,0,0,0,0,0,0,1,0,0,0,0,0,0,1,0,0,1,0,1,0
1.6094379124341003,1.6094379124341003,7.96693349840484,3.044522437723423,6.139884552226255,1.0986122886681098,2.302585092994046,0.6931471805599453,0,0,0,0,0,0,0,1,1,2.0,0,0,0,0,0,0,0,1,0,0,0,0,0,0,0,0,0,1,0,0,0,0,0,0,0,0,0,0,0,1,1,1,0
1.3862943611198906,1.0986122886681098,6.710523109452428,3.044522437723423,6.584791392385716,1.0986122886681098,1.3862943611198906,2.3978952727983707,0,0,1,1,0,0,0,1,1,2.0,1,0,1,1,1,1,1,1,1,0,1,0,1,0,0,0,0,0,0,0,0,0,0,0,1,0,0,0,0,0,1,0,0
1.3862943611198906,1.0986122886681098,7.138866999945524,2.1972245773362196,6.139884552226255,0.6931471805599453,2.995732273553991,2.0794415416798357,0,0,1,1,1,0,0,0,0,1.0,0,0,1,0,0,1,0,1,1,0,1,0,1,1,0,0,0,0,0,0,0,0,0,0,1,0,1,0,0,0,0,1,0
1.3862943611198906,0.6931471805599453,6.520621127558696,3.044522437723423,6.139884552226255,0.6931471805599453,2.302585092994046,1.6094379124341003,0,0,0,0,0,0,0,1,0,3.0,0,0,0,1,0,1,0,1,1,0,0,0,0,0,1,0,0,0,0,0,0,0,0,0,0,0,0,0,0,1,1,1,1
1.3862943611198906,1.0986122886681098,6.86484777797086,3.044522437723423,6.139884552226255,0.6931471805599453,2.302585092994046,1.9459101490553132,0,0,0,0,0,0,0,0,0,1.0,0,0,1,0,0,1,0,1,1,0,1,0,1,0,0,0,0,0,0,0,0,0,0,0,0,1,1,0,0,1,1,1,0
1.3862943611198906,1.0986122886681098,6.769641976852503,3.044522437723423,6.139884552226255,0.6931471805599453,2.302585092994046,1.3862943611198906,1,1,0,1,1,0,1,1,0,2.0,0,0,0,0,0,0,0,1,1,0,1,0,0,0,1,0,0,0,0,0,0,0,0,0,0,0,0,0,0,1,1,1,1
1.0986122886681098,1.0986122886681098,6.698268054115413,3.258096538021482,7.602900462204755,0.6931471805599453,1.6094379124341003,2.3978952727983707,0,0,0,0,0,0,0,1,1,2.0,0,1,1,0,1,1,1,1,1,1,1,0,1,0,0,0,0,0,0,0,0,0,0,0,0,0,0,0,1,0,0,0,0
1.3862943611198906,1.0986122886681098,6.693323668269949,3.044522437723423,6.139884552226255,0.6931471805599453,2.302585092994046,0.0,0,0,0,0,0,0,0,1,0,2.0,0,0,0,0,0,0,0,0,0,0,0,0,0,0,0,0,0,0,0,0,0,0,0,1,0,0,0,0,0,1,1,1,0
1.0986122886681098,1.0986122886681098,6.647688373563329,3.091042453358316,6.660575149839686,0.6931471805599453,2.302585092994046,2.302585092994046,0,0,0,0,0,0,0,1,1,2.0,0,1,1,1,0,1,1,0,1,1,1,0,1,0,0,0,0,0,0,0,0,0,0,0,0,0,0,0,1,0,0,0,1
1.0986122886681098,0.6931471805599453,6.311734809152915,3.044522437723423,6.139884552226255,0.6931471805599453,2.302585092994046,0.0,0,0,0,0,0,0,0,1,1,2.0,0,0,0,0,0,0,0,0,0,0,0,0,0,0,0,0,0,0,0,1,0,0,0,0,0,0,0,0,0,1,1,1,1
1.3862943611198906,1.0986122886681098,6.90875477931522,3.044522437723423,4.700480365792417,0.6931471805599453,2.302585092994046,2.0794415416798357,0,0,0,0,0,0,0,1,0,2.0,1,1,1,0,0,0,0,1,1,0,1,0,1,0,0,0,0,0,0,0,0,0,1,0,0,0,1,0,0,1,1,0,1
1.3862943611198906,1.0986122886681098,6.478509642208569,1.9459101490553132,6.139884552226255,0.6931471805599453,2.302585092994046,0.6931471805599453,1,0,0,1,0,0,0,0,0,3.0,0,0,0,0,0,0,0,1,0,0,0,0,0,0,0,0,0,0,0,0,0,0,0,0,1,0,0,0,0,1,0,1,1
1.6094379124341003,1.3862943611198906,7.581209826196346,3.044522437723423,6.139884552226255,0.6931471805599453,2.302585092994046,2.3978952727983707,0,0,0,0,0,0,0,1,0,2.0,1,0,0,1,1,1,1,1,1,0,1,0,1,1,0,1,0,0,0,0,0,0,0,0,0,0,1,0,0,1,1,1,1
1.3862943611198906,1.0986122886681098,6.957497370876951,2.1972245773362196,6.139884552226255,0.6931471805599453,2.302585092994046,1.3862943611198906,0,0,0,0,0,0,0,1,1,2.0,0,0,0,0,1,0,0,1,0,0,1,0,0,0,0,0,0,0,0,1,0,0,0,0,0,0,0,0,0,1,0,1,0
1.0986122886681098,0.6931471805599453,6.740519359606223,3.044522437723423,6.139884552226255,0.6931471805599453,2.302585092994046,2.0794415416798357,1,1,1,1,1,0,1,1,1,3.0,1,0,1,0,0,0,1,0,1,1,1,0,1,0,0,0,0,0,0,0,0,0,0,0,1,0,0,0,1,1,1,1,0
1.3862943611198906,1.0986122886681098,6.943122422819428,2.70805020110221,6.175867270105761,0.6931471805599453,2.772588722239781,2.4849066497880004,0,0,0,0,0,0,0,1,1,2.0,1,1,1,1,1,1,0,1,1,0,1,1,1,0,0,0,0,0,0,0,0,0,0,0,1,0,1,0,0,0,0,0,0
1.6094379124341003,1.0986122886681098,7.074963197966044,2.9444389791664403,6.411818267709897,1.0986122886681098,2.6390573296152584,2.302585092994046,1,1,1,1,0,0,1,0,0,1.0,1,0,1,0,1,1,1,1,1,0,1,0,1,0,1,0,0,0,0,0,0,0,0,0,0,0,1,0,0,0,0,0,0
0.6931471805599453,0.6931471805599453,6.520621127558696,3.332204510175204,5.717027701406222,0.6931471805599453,2.302585092994046,0.0,0,0,0,0,0,0,0,1,0,2.0,0,0,0,0,0,0,0,0,0,0,0,0,0,0,0,0,0,0,0,0,0,0,0,0,0,0,1,0,0,1,0,0,1
1.6094379124341003,1.3862943611198906,7.350516171833998,1.791759469228055,6.139884552226255,0.6931471805599453,2.302585092994046,1.3862943611198906,1,1,1,0,0,0,0,1,0,1.0,1,0,0,0,0,0,0,1,1,0,0,0,0,0,0,0,0,0,0,0,0,0,0,0,1,0,0,0,0,1,0,1,0
1.3862943611198906,1.0986122886681098,6.710523109452428,2.772588722239781,6.139884552226255,0.6931471805599453,2.302585092994046,1.791759469228055,0,0,1,1,1,0,0,1,1,2.0,0,0,1,0,0,1,0,1,1,0,1,0,0,0,0,0,0,0,0,0,0,0,0,0,1,0,0,0,0,1,0,1,1
1.3862943611198906,1.0986122886681098,6.625392368007956,1.791759469228055,4.727387818712341,0.6931471805599453,2.302585092994046,1.0986122886681098,1,0,0,0,0,0,0,1,0,2.0,0,0,0,0,0,0,0,1,1,0,0,0,0,0,0,0,0,0,0,0,0,0,0,0,1,0,0,0,0,1,0,0,1
1.3862943611198906,1.0986122886681098,7.0909098220799835,3.044522437723423,6.139884552226255,1.0986122886681098,2.0794415416798357,1.0986122886681098,0,0,0,0,0,0,0,1,1,2.0,0,0,0,0,0,0,0,1,0,0,1,0,0,0,0,0,0,0,0,0,0,1,0,0,0,0,1,0,0,0,1,1,0
1.3862943611198906,1.0986122886681098,7.280008252884188,2.833213344056216,6.154858094016418,0.6931471805599453,2.302585092994046,2.1972245773362196,0,0,0,0,0,0,0,1,1,2.0,1,0,1,0,0,0,1,1,1,1,1,0,1,0,0,0,0,0,0,1,0,0,0,0,0,0,1,0,0,0,0,0,1
1.3862943611198906,1.0986122886681098,6.621405651764134,3.044522437723423,6.139884552226255,0.6931471805599453,2.302585092994046,2.70805020110221,0,0,1,1,0,0,0,0,1,3.0,1,1,1,1,1,1,1,1,1,1,1,1,1,1,0,0,0,0,0,0,0,0,0,0,1,0,0,0,0,1,1,1,0
1.6094379124341003,1.3862943611198906,6.9957661563048505,3.4339872044851463,6.695798917058491,1.0986122886681098,2.3978952727983707,2.3978952727983707,0,0,0,0,0,0,0,1,1,3.0,0,0,1,0,1,1,0,1,1,1,1,1,1,1,0,0,0,0,0,1,0,0,0,0,0,0,1,0,0,0,0,0,0
1.3862943611198906,1.3862943611198906,7.251344983372214,3.295836866004329,5.3981627015177525,1.0986122886681098,1.6094379124341003,2.0794415416798357,0,0,0,0,0,0,0,1,1,2.0,0,0,1,0,0,1,0,1,1,0,1,1,1,0,0,0,0,0,0,1,0,0,0,0,0,0,1,0,0,0,0,0,0
1.3862943611198906,1.0986122886681098,6.85751406254539,3.044522437723423,6.139884552226255,0.6931471805599453,2.302585092994046,1.3862943611198906,0,0,0,0,0,0,0,1,1,1.0,0,0,0,0,0,0,0,1,0,1,1,0,0,0,0,0,0,0,0,0,0,0,0,0,1,0,0,0,0,1,1,1,1
1.3862943611198906,1.0986122886681098,6.55250788703459,3.4339872044851463,6.2166061010848646,0.6931471805599453,2.4849066497880004,2.302585092994046,0,0,0,0,0,0,0,1,1,2.0,1,0,1,1,1,0,1,1,1,0,1,0,1,0,0,0,0,0,0,1,0,0,0,0,0,0,0,0,0,0,0,0,0
1.6094379124341003,1.0986122886681098,7.101675971619444,3.713572066704308,6.2166061010848646,0.6931471805599453,2.995732273553991,2.3978952727983707,0,0,0,0,0,0,0,1,1,3.0,1,0,1,0,1,1,0,1,1,1,1,1,1,0,0,0,0,0,0,0,0,0,0,0,0,0,1,0,0,0,0,0,0
1.3862943611198906,0.6931471805599453,6.672032945461067,2.3978952727983707,5.771441123130016,0.6931471805599453,2.302585092994046,1.6094379124341003,1,1,0,1,0,1,1,0,0,2.0,0,0,0,0,1,0,0,1,1,0,1,0,0,0,1,0,0,0,0,0,0,0,0,0,0,0,0,0,0,1,0,0,1
0.6931471805599453,0.6931471805599453,6.315358001522335,3.044522437723423,6.139884552226255,0.6931471805599453,2.302585092994046,2.0794415416798357,0,0,0,0,0,0,0,1,0,2.0,1,0,1,0,1,0,0,1,1,0,1,0,1,0,0,0,0,0,0,0,0,0,1,0,0,0,0,0,1,1,1,1,1
1.3862943611198906,1.0986122886681098,6.634633357861686,3.044522437723423,6.139884552226255,0.6931471805599453,2.302585092994046,0.0,0,1,1,1,0,0,1,1,0,2.0,0,0,0,0,0,0,0,0,0,0,0,0,0,0,1,0,0,0,0,0,0,0,0,0,0,0,0,0,0,1,1,1,1
1.3862943611198906,1.0986122886681098,6.621405651764134,3.58351893845611,6.139884552226255,0.6931471805599453,3.258096538021482,1.9459101490553132,0,0,0,0,0,0,0,1,1,2.0,0,0,0,1,1,1,0,1,1,0,1,0,0,0,0,0,0,0,0,1,0,0,0,0,0,0,1,0,0,0,0,1,0
1.3862943611198906,1.0986122886681098,6.763884908562435,3.044522437723423,6.139884552226255,1.0986122886681098,2.302585092994046,2.302585092994046,0,0,0,0,0,0,0,1,1,2.0,0,1,1,1,1,0,1,1,1,0,1,0,1,0,0,0,0,0,0,0,0,0,1,0,0,0,1,0,0,1,1,1,0
1.0986122886681098,1.0986122886681098,6.9411900550683745,3.044522437723423,6.139884552226255,0.6931471805599453,2.302585092994046,1.9459101490553132,0,0,0,0,0,0,0,1,1,2.0,0,0,0,0,0,0,0,0,1,1,1,1,1,1,0,1,0,0,0,0,0,0,0,0,0,0,1,0,0,1,1,1,1
1.3862943611198906,1.0986122886681098,6.804614520062624,3.044522437723423,6.408528791059498,0.6931471805599453,2.9444389791664403,2.6390573296152584,0,0,1,1,0,0,0,1,0,3.0,1,1,1,1,1,1,1,1,1,1,1,0,1,1,0,0,0,0,0,0,0,0,0,0,1,0,1,0,0,0,0,0,0
1.3862943611198906,1.0986122886681098,6.928537818164665,3.1354942159291497,7.203405521083095,0.6931471805599453,1.9459101490553132,2.6390573296152584,0,0,0,0,0,0,0,1,1,2.0,0,1,1,1,1,1,1,1,1,1,1,1,1,1,0,0,0,0,0,1,0,0,0,0,0,0,1,0,0,0,0,0,0
1.3862943611198906,1.0986122886681098,6.55250788703459,3.4339872044851463,6.2166061010848646,0.6931471805599453,2.4849066497880004,2.302585092994046,0,0,0,0,0,0,0,1,1,2.0,1,0,1,1,1,0,1,1,1,0,1,0,1,0,0,0,0,0,0,1,0,0,0,0,0,0,0,0,0,0,0,0,0
1.3862943611198906,1.0986122886681098,6.900730664045173,1.791759469228055,6.139884552226255,0.6931471805599453,2.302585092994046,0.0,0,0,0,0,0,0,0,0,1,2.0,0,0,0,0,0,0,0,0,0,0,0,0,0,0,0,0,0,0,0,0,0,0,0,0,1,0,0,0,0,1,0,1,1
1.0986122886681098,1.0986122886681098,6.70073110954781,3.044522437723423,6.139884552226255,1.0986122886681098,2.302585092994046,2.70805020110221,1,0,1,1,0,0,0,1,1,3.0,1,1,1,1,1,1,1,1,1,1,1,1,1,1,1,0,0,0,0,0,0,0,0,0,0,0,0,0,1,1,1,1,0
1.3862943611198906,1.0986122886681098,7.0909098220799835,3.044522437723423,6.139884552226255,0.6931471805599453,2.302585092994046,1.791759469228055,0,0,0,0,0,0,0,1,1,3.0,0,0,0,0,1,0,0,1,1,0,1,0,1,0,0,0,0,0,0,0,0,0,0,0,0,0,1,0,0,1,1,1,0
1.3862943611198906,1.0986122886681098,6.478509642208569,1.791759469228055,6.139884552226255,0.6931471805599453,2.302585092994046,1.0986122886681098,0,0,1,1,1,0,0,0,1,2.0,0,0,0,0,0,0,0,0,1,0,1,0,0,0,0,0,0,0,0,0,0,0,0,0,1,0,0,0,0,1,0,1,1
1.3862943611198906,1.0986122886681098,7.00397413672268,2.5649493574615367,6.139884552226255,0.6931471805599453,2.302585092994046,1.3862943611198906,1,1,1,1,0,0,0,1,0,3.0,0,0,0,0,0,0,0,1,1,0,1,0,0,0,1,0,0,0,0,0,0,0,0,0,0,0,1,0,0,1,0,1,0
1.3862943611198906,1.0986122886681098,7.002155954403621,3.044522437723423,6.529418838262226,0.6931471805599453,2.302585092994046,2.0794415416798357,0,0,0,1,0,0,1,1,0,2.0,1,0,1,1,0,0,1,0,1,1,0,0,1,0,0,0,0,0,0,0,0,0,0,0,1,0,1,0,0,1,1,0,0
1.3862943611198906,1.0986122886681098,7.3783837129967145,3.044522437723423,6.139884552226255,0.6931471805599453,2.302585092994046,1.0986122886681098,0,0,0,0,0,0,0,1,0,2.0,0,0,0,0,0,0,0,1,0,0,1,0,0,0,0,0,0,0,0,0,0,0,0,1,0,0,0,0,0,1,1,1,1
1.6094379124341003,1.0986122886681098,9.146015161419625,2.8903717578961645,6.0330862217988015,0.6931471805599453,2.302585092994046,2.1972245773362196,0,0,0,1,0,0,1,0,0,2.0,0,1,0,1,1,1,0,1,1,0,1,0,1,0,0,0,0,0,0,0,0,0,0,0,1,0,1,0,0,1,0,0,0
1.3862943611198906,1.0986122886681098,6.68586094706836,3.1354942159291497,5.5093883366279774,0.6931471805599453,2.772588722239781,2.3978952727983707,1,1,1,1,0,1,0,1,1,2.0,0,1,1,1,1,1,0,1,1,0,1,0,1,1,1,0,0,0,0,0,0,0,0,0,0,0,1,0,0,0,0,0,0
1.3862943611198906,1.0986122886681098,7.182352111885263,3.044522437723423,6.008813185442595,1.0986122886681098,1.0986122886681098,2.1972245773362196,0,0,0,0,0,0,0,1,1,3.0,1,0,1,1,1,0,0,1,1,0,1,0,1,0,0,0,0,0,0,1,0,0,0,0,0,0,1,0,0,0,1,0,0
0.6931471805599453,0.6931471805599453,5.963579343618446,3.6109179126442243,6.6293632534374485,0.6931471805599453,1.9459101490553132,1.6094379124341003,0,0,0,0,0,0,0,1,0,2.0,0,0,0,0,1,1,0,1,0,0,1,0,0,0,0,0,0,0,0,0,0,0,0,0,0,0,1,0,0,0,0,0,0
1.3862943611198906,1.0986122886681098,7.002155954403621,3.044522437723423,6.529418838262226,0.6931471805599453,2.302585092994046,2.0794415416798357,0,0,0,1,0,0,1,1,0,2.0,1,0,1,1,0,0,1,0,1,1,0,0,1,0,0,0,0,0,0,0,0,0,0,0,1,0,1,0,0,1,1,0,0
0.6931471805599453,0.6931471805599453,6.573680166960646,3.044522437723423,5.973809611869261,0.6931471805599453,2.302585092994046,2.5649493574615367,0,0,0,0,0,0,0,1,1,2.0,1,1,1,1,1,1,1,1,1,1,1,0,1,0,0,0,0,0,0,0,0,0,0,0,0,0,0,0,0,1,1,0,0
0.6931471805599453,0.6931471805599453,6.385194398997726,2.9444389791664403,6.139884552226255,0.6931471805599453,2.302585092994046,1.791759469228055,0,0,0,0,0,0,0,1,1,2.0,0,0,0,0,1,1,0,1,1,0,1,0,0,0,0,0,0,0,1,0,0,0,0,0,0,0,1,0,0,1,0,1,0
1.3862943611198906,1.0986122886681098,6.807934943699926,2.5649493574615367,6.139884552226255,0.6931471805599453,2.302585092994046,2.302585092994046,1,0,1,1,1,0,0,1,1,2.0,1,0,1,1,1,1,0,1,1,0,1,0,1,0,0,0,0,0,0,0,0,0,0,0,1,0,1,0,0,1,0,1,0
1.3862943611198906,1.0986122886681098,6.823286122355687,2.772588722239781,6.111467339502679,0.6931471805599453,3.295836866004329,2.302585092994046,1,1,1,1,0,0,0,1,0,2.0,1,1,1,0,0,1,0,1,1,1,1,0,1,0,1,0,0,0,0,0,0,0,0,0,0,0,1,0,0,0,0,0,0
1.3862943611198906,1.0986122886681098,6.699500340161678,1.6094379124341003,5.910796644040527,0.6931471805599453,3.332204510175204,1.791759469228055,1,0,0,0,1,0,0,1,1,2.0,1,0,0,0,0,1,0,1,1,0,1,0,0,0,0,0,0,0,0,0,0,0,0,0,1,0,1,0,0,0,0,0,1
1.3862943611198906,1.3862943611198906,7.132497551660044,3.295836866004329,7.190676034332207,1.0986122886681098,1.791759469228055,2.4849066497880004,0,0,0,0,0,0,0,1,1,2.0,0,0,1,1,1,1,1,1,1,1,1,1,1,0,0,0,0,0,0,0,0,1,0,0,0,0,0,0,1,0,0,0,0
1.3862943611198906,1.0986122886681098,6.699500340161678,2.4849066497880004,5.3981627015177525,0.6931471805599453,2.302585092994046,1.3862943611198906,0,0,1,0,0,0,0,0,1,2.0,0,0,0,0,1,0,0,1,0,0,1,0,0,0,0,0,0,0,0,0,0,0,0,0,1,0,0,0,0,1,0,0,0
1.3862943611198906,1.0986122886681098,7.1853870155804165,3.4011973816621555,5.91350300563827,1.0986122886681098,1.9459101490553132,2.5649493574615367,1,1,1,1,0,1,0,1,1,3.0,1,1,1,1,1,0,1,1,1,1,1,1,1,0,1,0,0,0,0,0,0,0,0,0,0,0,1,0,0,0,0,0,0
1.3862943611198906,1.0986122886681098,6.580639137284949,2.8903717578961645,1.3862943611198906,0.6931471805599453,3.4657359027997265,1.3862943611198906,0,0,0,0,0,0,0,1,0,2.0,0,0,0,0,1,0,0,1,0,0,1,0,0,0,0,0,0,0,0,1,0,0,0,0,0,0,0,0,0,0,0,0,0
1.3862943611198906,1.0986122886681098,6.7464121285733745,2.1972245773362196,6.139884552226255,0.6931471805599453,3.1780538303479458,1.6094379124341003,0,1,1,1,0,1,1,1,1,2.0,0,0,0,0,0,0,0,1,1,0,1,0,1,0,0,0,0,0,0,0,0,0,0,0,1,0,0,0,0,0,0,1,0
1.6094379124341003,1.0986122886681098,7.195937226475569,2.772588722239781,4.941642422609304,1.0986122886681098,2.0794415416798357,2.0794415416798357,0,0,0,0,0,0,0,1,1,2.0,1,0,1,1,0,0,1,1,0,0,1,0,1,0,0,0,0,0,0,1,0,0,0,0,0,0,1,0,0,0,0,0,0
1.3862943611198906,1.0986122886681098,6.663132695990803,1.791759469228055,6.139884552226255,0.6931471805599453,2.302585092994046,2.302585092994046,0,0,1,0,1,0,1,1,0,1.0,1,1,1,0,0,1,0,0,1,0,1,1,1,1,1,0,0,0,0,0,0,0,0,0,0,0,0,0,0,1,0,1,1
0.6931471805599453,0.6931471805599453,6.306275286948016,3.044522437723423,7.087573705557973,0.6931471805599453,1.6094379124341003,2.3978952727983707,0,0,0,0,0,0,1,1,1,3.0,1,0,1,0,1,1,1,1,1,1,1,0,1,0,0,0,0,0,0,0,0,0,0,0,1,0,1,0,0,0,1,0,0
1.3862943611198906,1.3862943611198906,6.992096427415888,2.5649493574615367,5.303304908059076,1.0986122886681098,2.302585092994046,1.9459101490553132,0,0,0,0,0,0,0,1,0,2.0,1,0,0,1,0,0,1,0,1,1,1,0,0,0,0,0,0,0,0,0,0,0,0,1,0,0,0,0,0,1,0,0,0
1.6094379124341003,1.0986122886681098,7.095893221097532,3.044522437723423,6.139884552226255,0.6931471805599453,2.302585092994046,2.0794415416798357,1,0,0,1,0,0,0,0,0,2.0,1,0,0,0,1,0,0,1,1,0,1,0,1,1,1,0,0,0,0,0,0,0,0,0,0,0,1,0,0,1,1,1,0
1.0986122886681098,1.0986122886681098,6.55250788703459,3.044522437723423,6.139884552226255,1.0986122886681098,2.302585092994046,1.3862943611198906,0,0,0,0,0,0,0,1,1,2.0,0,0,0,0,1,0,0,1,0,0,1,0,0,0,0,0,0,0,0,1,0,0,0,0,0,0,1,0,0,1,1,1,0
1.3862943611198906,1.0986122886681098,6.825460036255307,2.772588722239781,6.53813982376767,1.0986122886681098,3.2188758248682006,2.0794415416798357,1,0,1,1,0,0,1,1,0,2.0,1,0,1,0,0,1,0,1,1,0,1,0,1,0,1,0,0,0,0,0,0,0,0,0,0,0,1,0,0,0,0,0,0
1.0986122886681098,1.0986122886681098,6.880384082186005,3.044522437723423,5.993961427306569,0.6931471805599453,2.302585092994046,1.6094379124341003,0,0,0,0,0,0,0,1,1,2.0,0,0,1,0,0,0,0,0,1,0,1,1,0,0,0,0,0,0,0,0,0,0,0,0,0,0,0,0,0,1,1,0,1
1.3862943611198906,1.0986122886681098,7.057036981697891,3.6635616461296463,6.139884552226255,0.6931471805599453,2.5649493574615367,2.302585092994046,1,1,1,1,1,0,1,1,1,2.0,1,0,1,0,1,0,0,1,1,0,1,1,1,1,1,0,0,0,0,0,0,0,0,0,0,0,1,0,0,0,0,1,0
1.3862943611198906,1.0986122886681098,6.803505257608338,3.044522437723423,6.139884552226255,0.6931471805599453,2.302585092994046,0.0,0,0,0,0,0,0,0,1,0,2.0,0,0,0,0,0,0,0,0,0,0,0,0,0,0,0,1,0,0,0,0,0,0,0,0,0,0,0,0,0,1,1,1,1
1.3862943611198906,1.0986122886681098,6.68586094706836,2.9444389791664403,5.209486152841421,0.6931471805599453,2.8903717578961645,1.9459101490553132,0,0,0,0,0,0,0,1,1,2.0,0,0,0,0,0,0,0,1,1,0,1,1,1,1,0,0,0,0,0,1,0,0,0,0,0,0,0,0,0,0,0,0,0
1.3862943611198906,1.0986122886681098,6.704414354964107,3.091042453358316,6.139884552226255,0.6931471805599453,2.302585092994046,1.9459101490553132,1,0,1,0,0,1,0,1,0,2.0,0,0,1,0,1,1,0,1,0,0,1,0,1,0,0,0,0,0,0,0,0,0,0,0,1,0,0,0,0,1,0,1,1
1.3862943611198906,1.6094379124341003,7.313886831633462,3.784189633918261,5.389071729816501,1.0986122886681098,2.1972245773362196,2.1972245773362196,0,0,0,0,0,0,0,1,1,3.0,1,0,1,1,0,0,1,0,1,1,1,0,1,0,0,0,0,0,0,1,0,0,0,0,0,0,1,0,0,0,0,0,0
1.3862943611198906,1.0986122886681098,7.134890851565884,3.8066624897703196,5.937536205082426,1.0986122886681098,1.791759469228055,2.302585092994046,0,0,0,0,0,0,0,1,1,3.0,1,0,1,0,1,0,1,1,1,1,1,0,1,0,0,0,0,0,0,1,0,0,0,0,0,0,1,0,0,0,0,0,0
1.3862943611198906,1.0986122886681098,6.68586094706836,3.1354942159291497,7.203405521083095,1.0986122886681098,1.9459101490553132,2.6390573296152584,0,0,0,0,0,0,0,1,1,2.0,0,1,1,1,1,1,1,1,1,1,1,1,1,1,0,0,0,0,0,1,0,0,0,0,0,0,1,0,0,0,0,0,0
1.6094379124341003,1.3862943611198906,8.029758520440822,3.044522437723423,5.407171771460119,1.6094379124341003,2.1972245773362196,0.0,0,0,0,0,0,0,0,1,1,3.0,0,0,0,0,0,0,0,0,0,0,0,0,0,0,0,0,0,0,0,1,0,0,0,0,0,0,1,0,0,0,1,0,0
1.3862943611198906,1.0986122886681098,6.814542897259958,3.044522437723423,6.139884552226255,0.6931471805599453,2.302585092994046,2.1972245773362196,0,0,0,0,0,0,0,1,0,2.0,1,0,1,1,0,1,0,0,1,0,1,0,1,1,0,0,0,0,0,0,0,0,0,0,0,1,1,0,0,1,1,1,1
1.0986122886681098,1.0986122886681098,6.70808408385307,3.044522437723423,6.568077911411976,0.6931471805599453,2.302585092994046,2.0794415416798357,0,0,0,0,0,0,0,1,0,2.0,0,0,1,1,0,0,1,1,1,0,1,0,1,0,0,0,0,0,0,0,0,0,0,0,0,0,0,0,0,1,1,0,0
1.3862943611198906,1.0986122886681098,6.55250788703459,3.4339872044851463,6.139884552226255,0.6931471805599453,2.302585092994046,1.9459101490553132,0,0,0,0,0,0,0,1,1,2.0,0,0,1,0,1,1,0,1,0,0,1,0,1,0,0,0,0,0,0,1,0,0,0,0,0,0,0,0,0,1,0,1,1
1.3862943611198906,1.0986122886681098,6.489204931325317,3.044522437723423,6.139884552226255,0.6931471805599453,2.302585092994046,0.0,0,0,0,0,0,0,0,1,1,2.0,0,0,0,0,0,0,0,0,0,0,0,0,0,0,0,0,0,0,0,0,0,0,0,0,1,0,0,0,0,1,1,1,1
1.3862943611198906,1.3862943611198906,7.404279118037268,3.044522437723423,5.407171771460119,1.0986122886681098,2.1972245773362196,2.302585092994046,0,0,0,0,0,0,0,1,1,3.0,1,0,1,0,1,0,1,1,1,1,1,0,1,0,0,0,0,0,0,1,0,0,0,0,0,0,1,0,0,0,1,0,0
1.0986122886681098,1.0986122886681098,6.775366090936392,3.044522437723423,6.139884552226255,0.6931471805599453,2.302585092994046,2.302585092994046,0,0,0,0,0,0,0,1,0,2.0,0,0,0,1,1,1,0,1,1,1,1,1,0,1,0,0,0,0,0,0,0,0,0,1,0,0,0,0,0,1,1,1,1
1.3862943611198906,1.0986122886681098,6.710523109452428,1.791759469228055,6.139884552226255,0.6931471805599453,2.302585092994046,1.3862943611198906,0,0,0,0,0,0,0,1,1,3.0,0,0,0,0,0,0,0,1,1,0,1,0,0,0,0,0,0,0,0,0,0,0,0,0,1,0,0,0,0,1,0,1,0
1.3862943611198906,1.0986122886681098,7.257002707092073,2.9444389791664403,6.6240652277998935,0.6931471805599453,3.1780538303479458,0.0,0,0,0,0,0,0,0,1,0,2.0,0,0,0,0,0,0,0,0,0,0,0,0,0,0,1,0,0,0,0,0,0,0,0,0,0,0,1,0,0,0,0,0,1
1.3862943611198906,1.0986122886681098,7.696667081526462,2.995732273553991,5.1298987149230735,1.0986122886681098,2.302585092994046,2.1972245773362196,0,0,0,0,0,0,0,1,1,3.0,0,0,1,1,1,1,0,1,0,0,1,1,1,0,0,0,0,0,0,1,0,0,0,0,0,0,0,0,0,1,0,0,0
1.6094379124341003,1.0986122886681098,7.04141166379481,3.2188758248682006,6.803505257608338,0.6931471805599453,2.1972245773362196,2.1972245773362196,0,0,0,0,0,0,0,1,0,2.0,0,0,1,0,1,1,0,1,1,1,1,0,1,0,1,0,0,0,0,0,0,0,0,0,0,0,1,0,0,0,0,0,0
1.3862943611198906,1.0986122886681098,6.698268054115413,3.044522437723423,6.139884552226255,0.6931471805599453,2.302585092994046,1.3862943611198906,0,1,0,0,0,0,0,1,1,2.0,0,0,0,0,1,0,0,0,1,0,1,0,0,0,0,0,0,0,0,0,0,0,0,0,1,0,0,0,0,1,1,1,1
1.3862943611198906,1.3862943611198906,7.280008252884188,3.713572066704308,6.18826412308259,1.0986122886681098,1.6094379124341003,2.3978952727983707,0,0,0,0,0,0,0,1,1,2.0,1,0,1,1,1,0,1,1,1,1,1,0,1,0,0,0,0,0,0,1,0,0,0,0,0,0,1,0,0,0,0,0,0
1.791759469228055,1.791759469228055,8.699681400989514,3.044522437723423,6.139884552226255,1.3862943611198906,2.302585092994046,1.3862943611198906,0,0,0,0,0,0,0,1,0,3.0,0,0,0,0,1,0,1,1,0,0,0,0,0,0,0,0,0,0,0,0,0,0,1,0,0,0,1,0,0,1,1,1,0
1.6094379124341003,1.0986122886681098,7.305188215393037,2.9444389791664403,4.68213122712422,0.6931471805599453,2.1972245773362196,1.9459101490553132,0,0,0,0,0,0,0,1,1,2.0,1,0,1,0,0,0,1,1,0,0,1,0,1,0,0,0,0,0,0,1,0,0,0,0,0,0,1,0,0,0,0,0,1
1.3862943611198906,0.6931471805599453,6.447305862541213,3.044522437723423,6.139884552226255,0.6931471805599453,2.302585092994046,0.0,0,0,0,0,0,0,0,1,0,2.0,0,0,0,0,0,0,0,0,0,0,0,0,0,0,1,0,0,0,0,0,0,0,0,0,0,0,0,0,0,1,1,1,1
1.3862943611198906,1.0986122886681098,6.90975328164481,1.6094379124341003,6.139884552226255,0.6931471805599453,2.302585092994046,0.0,0,0,0,0,0,0,0,1,0,2.0,0,0,0,0,0,0,0,0,0,0,0,0,0,0,0,0,0,0,0,0,0,0,0,0,0,0,0,0,0,1,0,1,1
1.3862943611198906,1.0986122886681098,6.863803391452954,3.044522437723423,6.139884552226255,0.6931471805599453,2.302585092994046,1.791759469228055,0,0,0,0,0,0,0,0,1,2.0,0,0,0,0,1,1,0,1,0,0,1,0,1,0,0,0,1,0,0,0,0,0,0,0,0,0,0,0,0,1,1,1,0
0.6931471805599453,0.6931471805599453,6.037870919922137,3.258096538021482,7.10002716662926,0.6931471805599453,2.302585092994046,0.0,0,0,0,0,0,0,0,1,1,2.0,0,0,0,0,0,0,0,0,0,0,0,0,0,0,0,0,0,0,0,0,0,0,0,0,1,0,0,0,1,0,0,0,1
1.3862943611198906,1.0986122886681098,6.85751406254539,3.044522437723423,6.455198563340122,0.6931471805599453,1.6094379124341003,1.9459101490553132,0,0,0,0,0,0,0,0,1,2.0,0,0,0,0,1,1,1,1,0,0,1,0,1,0,0,0,0,0,0,0,0,0,0,0,1,0,0,0,0,0,1,0,1
1.3862943611198906,1.0986122886681098,6.659293919683638,2.0794415416798357,7.150701457592526,0.6931471805599453,2.9444389791664403,0.0,0,0,0,0,0,0,0,0,0,2.0,0,0,0,0,0,0,0,0,0,0,0,0,0,0,0,0,0,0,0,0,0,0,0,0,1,0,0,0,0,0,0,0,1
1.0986122886681098,0.6931471805599453,6.311734809152915,3.044522437723423,6.139884552226255,0.6931471805599453,2.302585092994046,0.0,0,0,0,0,0,0,0,1,1,1.0,0,0,0,0,0,0,0,0,0,0,0,0,0,0,0,0,0,0,0,0,0,0,0,0,1,0,0,1,0,1,1,1,1
1.3862943611198906,1.0986122886681098,6.7464121285733745,3.044522437723423,6.139884552226255,0.6931471805599453,2.302585092994046,1.3862943611198906,0,0,0,1,0,0,0,1,1,2.0,0,0,0,0,1,0,0,1,0,0,1,0,0,0,0,0,0,0,0,0,0,0,0,0,1,0,0,0,0,1,1,1,0
1.3862943611198906,1.0986122886681098,6.8658910748834385,3.044522437723423,6.139884552226255,0.6931471805599453,2.302585092994046,2.70805020110221,0,0,0,0,0,0,0,1,1,2.0,1,1,1,1,1,1,1,1,1,1,1,1,1,1,0,0,0,0,0,0,0,0,0,0,0,0,0,0,1,1,1,1,1
1.0986122886681098,0.6931471805599453,6.244166900663736,3.044522437723423,6.139884552226255,0.6931471805599453,2.302585092994046,0.0,0,0,0,0,0,0,0,1,1,2.0,0,0,0,0,0,0,0,0,0,0,0,0,0,0,0,0,0,0,0,0,0,0,0,0,0,0,0,1,0,1,1,1,1
1.3862943611198906,1.0986122886681098,6.821107472256465,3.1354942159291497,5.796057750765372,0.6931471805599453,2.0794415416798357,2.0794415416798357,0,0,0,0,0,0,0,1,0,3.0,0,0,1,0,1,1,0,1,1,0,1,0,1,0,0,0,0,0,0,0,0,0,0,0,0,0,0,0,0,0,0,0,0
1.3862943611198906,1.0986122886681098,7.068172000388042,2.772588722239781,6.139884552226255,0.6931471805599453,2.302585092994046,1.9459101490553132,1,1,1,1,0,0,0,0,0,1.0,0,0,0,0,1,1,0,1,1,0,1,0,1,0,0,0,0,0,0,0,0,0,0,0,1,0,1,0,0,1,0,1,1
1.6094379124341003,1.3862943611198906,7.506042178518122,3.2188758248682006,7.119635638017636,1.0986122886681098,1.0986122886681098,2.1972245773362196,0,0,0,0,0,0,0,1,1,3.0,0,0,1,1,1,0,0,1,1,1,1,0,1,0,0,0,0,0,0,1,0,0,0,0,0,0,1,0,0,0,0,0,0
1.6094379124341003,1.0986122886681098,7.335633981927201,2.9444389791664403,6.2166061010848646,0.6931471805599453,3.332204510175204,2.1972245773362196,0,0,0,0,0,0,0,0,1,2.0,1,0,1,0,1,1,1,1,0,0,1,0,1,0,1,0,0,0,0,0,0,0,0,0,0,0,1,0,0,0,0,0,0
1.0986122886681098,0.6931471805599453,6.311734809152915,3.044522437723423,6.139884552226255,0.6931471805599453,2.302585092994046,0.0,0,0,0,0,0,0,0,1,0,2.0,0,0,0,0,0,0,0,0,0,0,0,0,0,0,0,0,0,0,0,1,0,0,0,0,0,0,0,0,0,1,1,1,1
1.6094379124341003,1.3862943611198906,7.346655163176539,3.044522437723423,6.163314804034641,1.0986122886681098,2.0794415416798357,2.5649493574615367,0,0,1,1,0,0,0,1,1,2.0,1,0,1,0,1,1,1,1,1,1,1,1,1,1,1,0,0,0,0,0,0,0,0,0,0,0,1,0,0,0,1,0,0
1.0986122886681098,1.0986122886681098,7.1929342212158,2.302585092994046,6.448889394146858,0.6931471805599453,2.302585092994046,1.9459101490553132,0,0,0,0,0,0,0,1,0,2.0,1,0,1,1,0,0,0,0,1,0,1,0,1,0,0,0,0,0,0,0,0,0,1,0,0,0,0,0,1,0,0,0,0
1.3862943611198906,1.0986122886681098,6.470799503782602,3.044522437723423,6.139884552226255,0.6931471805599453,2.302585092994046,0.6931471805599453,0,0,0,0,0,0,0,1,1,2.0,0,0,0,0,0,0,0,1,0,0,0,0,0,0,0,0,0,0,0,1,0,0,0,0,0,0,0,1,0,1,1,1,1
1.3862943611198906,1.0986122886681098,6.536691597591305,3.044522437723423,6.139884552226255,0.6931471805599453,2.302585092994046,0.0,1,0,1,1,0,1,0,1,1,2.0,0,0,0,0,0,0,0,0,0,0,0,0,0,0,0,0,0,0,0,0,0,0,0,0,1,0,0,0,0,1,1,1,0
1.0986122886681098,0.6931471805599453,6.773080375655535,3.044522437723423,6.139884552226255,0.6931471805599453,2.302585092994046,0.0,0,0,0,0,0,0,0,1,0,3.0,0,0,0,0,0,0,0,0,0,0,0,0,0,0,0,0,0,0,0,0,0,0,0,0,0,0,1,0,0,1,1,1,1
1.0986122886681098,1.0986122886681098,6.62273632394984,2.995732273553991,6.139884552226255,0.6931471805599453,3.4965075614664802,2.302585092994046,0,0,0,0,1,0,0,1,0,2.0,1,0,0,1,0,1,0,1,1,0,1,1,1,1,0,0,0,0,0,0,0,0,0,0,1,0,1,0,0,0,0,1,1
1.3862943611198906,1.0986122886681098,6.493753839851686,1.791759469228055,6.139884552226255,0.6931471805599453,2.302585092994046,1.3862943611198906,0,0,0,0,0,0,1,0,1,2.0,0,0,0,0,0,0,0,1,1,0,1,0,0,0,0,0,0,0,0,0,0,0,0,0,1,0,0,0,0,1,0,1,1
1.6094379124341003,1.3862943611198906,7.122059881629142,2.9444389791664403,5.204006687076795,1.0986122886681098,2.70805020110221,1.791759469228055,1,1,1,1,0,0,1,1,1,2.0,0,0,1,0,0,0,0,0,1,1,1,0,1,0,1,0,0,0,0,0,0,0,0,0,0,0,1,0,0,0,0,0,0
0.6931471805599453,0.6931471805599453,6.2166061010848646,3.044522437723423,5.560681631015528,0.6931471805599453,2.302585092994046,2.70805020110221,0,0,0,0,0,0,0,0,1,3.0,1,1,1,1,1,1,1,1,1,1,1,1,1,1,0,0,0,0,0,0,0,0,0,0,1,0,1,0,0,0,0,0,1
1.3862943611198906,1.0986122886681098,6.478509642208569,3.044522437723423,6.139884552226255,0.6931471805599453,2.302585092994046,1.791759469228055,0,0,0,0,0,0,0,1,0,1.0,0,0,0,1,0,1,0,1,1,0,1,0,0,0,0,0,0,0,0,0,0,0,0,0,1,0,0,0,0,1,1,1,1
1.0986122886681098,0.6931471805599453,6.423246963533519,3.044522437723423,6.9440872082295275,0.6931471805599453,2.772588722239781,2.3978952727983707,0,0,0,0,0,0,0,1,1,2.0,0,0,1,1,1,1,1,0,1,1,1,1,1,0,0,0,0,0,0,0,0,0,0,0,1,0,0,0,0,0,0,0,1
1.3862943611198906,1.3862943611198906,7.3395376954076745,2.8903717578961645,5.796057750765372,1.0986122886681098,2.4849066497880004,0.0,0,0,0,0,0,0,0,1,1,2.0,0,0,0,0,0,0,0,0,0,0,0,0,0,0,0,0,0,0,0,1,0,0,0,0,0,0,1,0,0,0,0,0,0
1.6094379124341003,1.6094379124341003,7.741099090035366,3.1354942159291497,4.382026634673881,1.0986122886681098,3.2188758248682006,2.302585092994046,0,0,0,0,0,0,0,1,1,1.0,1,0,1,1,1,0,1,1,1,0,1,0,1,0,0,0,0,0,0,1,0,0,0,0,0,0,1,0,0,0,0,0,0
1.791759469228055,2.0794415416798357,8.382747094863314,1.9459101490553132,5.638354669333745,0.6931471805599453,2.1972245773362196,2.70805020110221,0,0,0,0,0,0,0,1,0,3.0,1,1,1,1,1,1,1,1,1,1,1,1,1,1,0,0,0,0,0,0,0,0,0,0,1,0,1,0,0,0,0,0,1
1.3862943611198906,1.0986122886681098,7.0909098220799835,3.1780538303479458,6.61338421837956,1.0986122886681098,2.302585092994046,2.3978952727983707,0,0,0,1,0,0,1,1,1,1.0,1,0,1,0,1,1,1,1,1,1,1,0,1,0,0,0,0,0,0,0,0,0,0,0,1,0,0,0,1,0,0,0,0
1.3862943611198906,1.0986122886681098,7.074116816197362,3.044522437723423,6.648984550024776,1.0986122886681098,2.0794415416798357,1.9459101490553132,0,0,0,0,0,0,0,1,1,3.0,0,0,1,1,0,0,0,1,1,0,1,0,1,0,0,0,0,0,0,1,0,0,0,0,0,0,1,0,0,0,0,0,0
1.3862943611198906,1.0986122886681098,6.835184586147301,3.044522437723423,6.139884552226255,0.6931471805599453,2.302585092994046,0.0,0,0,0,0,0,0,0,1,0,2.0,0,0,0,0,0,0,0,0,0,0,0,0,0,0,0,0,0,0,0,0,0,0,0,1,0,0,0,0,0,1,1,1,0
1.3862943611198906,1.0986122886681098,7.1316985104669115,3.4339872044851463,6.018593214496234,1.0986122886681098,1.9459101490553132,2.302585092994046,0,0,0,0,0,0,0,1,1,2.0,1,0,1,1,1,0,1,1,1,0,1,0,1,0,0,0,0,0,0,1,0,0,0,0,0,0,1,0,0,0,0,0,0
0.6931471805599453,0.6931471805599453,6.315358001522335,3.044522437723423,6.139884552226255,0.6931471805599453,2.302585092994046,2.5649493574615367,0,0,0,0,0,0,0,1,0,3.0,1,1,1,1,1,1,1,1,1,1,1,0,1,0,0,0,0,0,0,0,0,0,1,0,0,0,0,0,1,1,1,1,1
1.9459101490553132,1.6094379124341003,7.6236419465115715,3.091042453358316,5.8888779583328805,1.0986122886681098,2.302585092994046,2.4849066497880004,0,0,0,0,0,0,0,1,0,3.0,1,1,1,1,0,1,0,1,1,1,1,0,1,1,0,0,0,0,0,0,0,0,0,0,0,0,1,0,0,1,0,0,0
1.6094379124341003,1.6094379124341003,7.529943370601589,3.044522437723423,6.139884552226255,1.3862943611198906,2.302585092994046,2.6390573296152584,0,0,0,0,0,0,0,1,1,2.0,1,1,1,0,1,1,1,1,1,1,1,1,1,1,0,0,0,0,0,0,0,0,0,0,0,1,1,0,0,1,1,1,0
1.3862943611198906,1.0986122886681098,6.7464121285733745,3.58351893845611,7.519692404116539,1.0986122886681098,1.6094379124341003,2.6390573296152584,0,0,0,0,0,0,0,1,1,3.0,1,1,1,1,0,1,1,1,1,1,1,1,1,1,0,0,0,0,0,0,0,0,0,0,0,0,0,0,1,0,0,0,0
1.0986122886681098,0.6931471805599453,6.716594773520978,3.091042453358316,6.419994928147142,1.0986122886681098,1.0986122886681098,0.0,0,0,0,0,0,0,0,1,0,2.0,0,0,0,0,0,0,0,0,0,0,0,0,0,0,0,0,0,0,0,0,0,0,0,0,0,0,1,0,0,0,0,0,0
1.3862943611198906,1.0986122886681098,6.478509642208569,3.044522437723423,6.139884552226255,0.6931471805599453,2.302585092994046,0.0,0,0,0,0,0,0,0,0,0,2.0,0,0,0,0,0,0,0,0,0,0,0,0,0,0,1,0,0,0,0,0,0,0,0,0,0,0,0,0,0,1,1,1,1
1.3862943611198906,1.0986122886681098,6.926577033222725,2.833213344056216,6.90875477931522,0.6931471805599453,2.302585092994046,2.0794415416798357,1,1,1,1,0,0,1,0,0,2.0,0,0,0,1,1,0,1,1,1,0,1,0,1,0,0,0,0,0,0,0,0,0,0,0,1,0,1,0,0,1,0,0,0
1.3862943611198906,1.0986122886681098,7.048386408721883,2.70805020110221,4.574710978503383,0.6931471805599453,3.295836866004329,1.791759469228055,0,0,0,0,0,0,0,1,1,1.0,0,0,0,0,1,0,0,1,1,0,1,0,1,0,0,0,0,0,0,1,0,0,0,0,0,0,1,0,0,0,0,0,0
1.3862943611198906,1.0986122886681098,6.918695219020472,3.1780538303479458,5.929589143389895,0.6931471805599453,2.772588722239781,2.0794415416798357,0,1,0,0,1,0,0,0,1,2.0,1,0,1,0,0,1,0,1,1,0,1,0,1,0,0,0,0,0,0,0,0,0,0,0,1,0,1,0,0,0,0,0,1
1.3862943611198906,1.0986122886681098,6.647688373563329,3.044522437723423,6.139884552226255,0.6931471805599453,2.302585092994046,0.0,0,0,0,0,0,0,0,0,0,2.0,0,0,0,0,0,0,0,0,0,0,0,0,0,0,0,0,0,0,0,0,0,0,0,0,0,0,0,0,0,1,1,1,0
1.0986122886681098,1.0986122886681098,6.573680166960646,3.044522437723423,6.139884552226255,0.6931471805599453,2.302585092994046,2.302585092994046,0,0,0,0,0,0,0,1,0,3.0,1,0,1,0,1,1,1,1,1,0,1,0,1,0,0,1,0,0,0,0,0,0,0,0,0,0,0,0,1,1,1,1,1
1.3862943611198906,1.0986122886681098,6.887552571664617,3.2188758248682006,6.516193076042964,1.0986122886681098,2.1972245773362196,2.0794415416798357,1,1,1,1,0,0,1,1,0,2.0,1,0,1,0,0,0,0,1,1,1,1,0,1,0,0,0,0,0,0,0,0,0,0,0,1,0,0,0,1,0,0,0,0
1.3862943611198906,1.0986122886681098,6.918695219020472,3.044522437723423,6.139884552226255,0.6931471805599453,2.302585092994046,0.0,0,0,0,0,0,0,0,1,0,1.0,0,0,0,0,0,0,0,0,0,0,0,0,0,0,0,0,0,0,0,0,0,0,0,1,0,0,0,0,0,1,1,1,0
1.3862943611198906,1.3862943611198906,7.079184394609668,3.6635616461296463,6.821107472256465,0.6931471805599453,1.9459101490553132,2.3978952727983707,0,0,0,0,0,0,0,1,1,2.0,1,0,1,0,1,1,1,1,1,1,1,0,1,0,1,0,0,0,0,0,0,0,0,0,0,0,1,0,0,0,0,0,1
1.3862943611198906,1.0986122886681098,7.170888478512505,3.044522437723423,6.139884552226255,0.6931471805599453,2.302585092994046,1.3862943611198906,0,0,0,0,0,0,0,1,0,2.0,0,0,0,0,0,0,0,1,0,0,1,0,1,0,0,0,0,0,0,0,0,0,1,0,0,0,1,0,0,1,1,1,0
1.6094379124341003,1.3862943611198906,7.208600337960199,2.6390573296152584,5.293304824724492,0.6931471805599453,2.302585092994046,1.0986122886681098,0,0,0,0,0,0,0,1,1,1.0,1,0,0,0,0,0,1,0,0,0,0,0,0,0,0,0,0,0,0,1,0,0,0,0,0,0,1,0,0,1,0,0,0
1.3862943611198906,1.0986122886681098,7.00397413672268,3.044522437723423,6.139884552226255,0.6931471805599453,2.302585092994046,0.0,0,0,0,0,0,0,0,1,1,2.0,0,0,0,0,0,0,0,0,0,0,0,0,0,0,0,0,1,0,0,0,0,0,0,0,0,0,1,0,0,1,1,1,0
1.3862943611198906,1.3862943611198906,7.650644551436897,3.7612001156935624,5.017279836814924,1.3862943611198906,1.3862943611198906,2.4849066497880004,0,0,0,0,0,0,0,1,1,3.0,1,0,1,1,1,1,1,1,1,1,1,0,1,0,0,0,0,0,0,1,0,0,0,0,0,0,1,0,0,0,0,0,0
1.3862943611198906,1.0986122886681098,6.625392368007956,3.044522437723423,6.139884552226255,0.6931471805599453,2.302585092994046,1.9459101490553132,1,1,0,1,0,1,1,0,0,1.0,0,0,1,1,0,1,0,1,0,0,1,0,1,0,1,0,0,0,0,0,0,0,0,0,0,0,1,0,0,1,1,1,0
1.3862943611198906,1.3862943611198906,7.288927694521257,3.044522437723423,6.139884552226255,0.6931471805599453,2.302585092994046,2.1972245773362196,0,1,1,1,0,1,1,0,0,1.0,0,1,0,1,0,0,1,1,1,0,1,0,1,1,0,0,0,0,0,0,0,0,0,0,1,0,1,0,0,1,1,1,0
1.3862943611198906,0.6931471805599453,6.478509642208569,2.70805020110221,4.51085950651685,0.6931471805599453,2.302585092994046,1.6094379124341003,0,0,1,1,0,0,0,0,1,3.0,0,0,0,0,0,1,0,1,1,0,1,0,0,0,0,0,0,0,0,0,0,0,0,0,1,0,0,0,0,1,0,0,1
1.3862943611198906,1.0986122886681098,7.170888478512505,1.6094379124341003,6.139884552226255,1.0986122886681098,2.302585092994046,1.791759469228055,0,0,0,0,0,0,0,1,0,2.0,0,0,1,0,1,1,0,1,0,0,1,0,0,0,0,0,0,0,0,0,0,0,0,1,0,0,0,0,0,1,0,1,0
1.3862943611198906,1.0986122886681098,6.55250788703459,1.791759469228055,6.139884552226255,0.6931471805599453,2.302585092994046,1.791759469228055,0,0,0,0,0,0,0,1,1,2.0,0,0,0,0,1,1,0,1,1,0,1,0,0,0,0,0,0,0,0,1,0,0,0,0,0,0,0,0,0,1,0,1,0
1.3862943611198906,1.0986122886681098,6.996681488176539,2.8903717578961645,6.077642243349034,1.0986122886681098,2.302585092994046,2.3978952727983707,1,0,1,1,0,0,0,1,1,1.0,0,0,1,1,1,1,1,1,1,0,1,0,1,1,1,0,0,0,0,0,0,0,0,0,0,0,1,0,0,0,0,0,0
1.3862943611198906,1.0986122886681098,6.7464121285733745,1.791759469228055,6.139884552226255,0.6931471805599453,2.302585092994046,1.791759469228055,1,0,1,1,1,0,0,1,1,3.0,0,0,0,0,0,1,0,1,1,0,1,0,1,0,0,0,0,0,0,0,0,0,0,0,1,0,0,0,0,1,0,1,0
1.3862943611198906,1.0986122886681098,6.625392368007956,3.044522437723423,6.139884552226255,1.0986122886681098,2.302585092994046,1.9459101490553132,0,0,0,0,0,0,0,1,1,1.0,0,0,0,1,1,1,0,1,1,0,1,0,0,0,0,0,0,0,0,0,0,0,0,0,1,0,0,0,0,1,1,1,0
1.0986122886681098,1.0986122886681098,6.684611727667927,3.044522437723423,6.139884552226255,0.6931471805599453,2.302585092994046,0.0,0,0,0,0,0,0,0,1,1,2.0,0,0,0,0,0,0,0,0,0,0,0,0,0,0,0,0,0,1,0,0,0,0,0,0,0,0,0,0,0,1,1,1,0
1.6094379124341003,1.3862943611198906,7.365180126021013,3.044522437723423,5.860786223465865,1.0986122886681098,2.4849066497880004,2.70805020110221,0,0,0,0,0,0,0,1,1,2.0,1,1,1,1,1,1,1,1,1,1,1,1,1,1,0,0,0,0,0,0,0,0,0,0,1,0,1,0,0,0,1,0,0
1.3862943611198906,1.0986122886681098,6.7226297948554485,3.044522437723423,6.455198563340122,1.0986122886681098,1.6094379124341003,2.302585092994046,0,1,0,0,0,0,0,1,1,1.0,0,0,1,1,1,1,0,1,1,1,1,0,1,0,0,0,0,0,0,0,0,0,0,0,1,0,0,0,0,0,1,0,0
1.3862943611198906,1.0986122886681098,6.975413927455952,3.6635616461296463,6.139884552226255,0.6931471805599453,2.6390573296152584,2.1972245773362196,0,0,0,0,0,0,0,1,0,2.0,1,0,1,0,1,0,0,1,1,0,1,1,1,0,0,0,0,0,0,1,0,0,0,0,0,0,1,0,0,0,0,1,0
1.3862943611198906,1.0986122886681098,6.68586094706836,3.091042453358316,6.008813185442595,0.6931471805599453,3.258096538021482,2.0794415416798357,0,0,0,0,0,0,0,1,1,1.0,0,0,0,1,1,1,0,1,1,0,1,0,1,0,0,0,0,0,0,1,0,0,0,0,0,0,1,0,0,0,0,0,0
1.9459101490553132,1.791759469228055,7.919719760924575,3.044522437723423,4.382026634673881,0.6931471805599453,2.302585092994046,1.791759469228055,0,0,0,0,0,0,0,1,1,2.0,1,0,1,0,0,0,0,0,1,1,0,0,1,0,0,0,0,0,0,0,0,0,0,0,0,0,1,0,0,1,1,0,1
1.3862943611198906,1.0986122886681098,6.720220155135295,3.044522437723423,6.139884552226255,0.6931471805599453,2.302585092994046,0.0,0,0,0,0,0,0,0,0,0,2.0,0,0,0,0,0,0,0,0,0,0,0,0,0,0,0,0,0,0,0,0,0,0,0,0,1,0,0,0,0,1,1,1,1
1.0986122886681098,1.0986122886681098,6.338594078203183,3.332204510175204,6.267200548541362,1.0986122886681098,2.1972245773362196,2.0794415416798357,1,1,0,1,0,0,0,1,1,3.0,1,0,1,0,0,0,1,0,1,1,1,0,1,0,1,0,0,0,0,0,0,0,0,0,0,0,0,0,0,0,0,0,0
1.3862943611198906,1.0986122886681098,7.208600337960199,3.044522437723423,6.697034247666484,1.0986122886681098,1.3862943611198906,2.302585092994046,0,0,0,0,0,0,0,1,1,2.0,1,0,1,0,1,0,1,1,1,1,1,0,1,0,0,1,0,0,0,0,0,0,0,0,0,0,0,0,1,0,1,0,0
1.3862943611198906,1.0986122886681098,6.478509642208569,3.044522437723423,6.139884552226255,0.6931471805599453,2.302585092994046,0.0,0,0,0,0,0,0,0,1,1,1.0,0,0,0,0,0,0,0,0,0,0,0,0,0,0,0,0,0,0,0,1,0,0,0,0,0,0,0,1,0,1,1,1,1
1.3862943611198906,1.0986122886681098,6.97166860472579,2.302585092994046,6.139884552226255,0.6931471805599453,2.302585092994046,0.0,0,0,1,1,1,0,0,1,1,2.0,0,0,0,0,0,0,0,0,0,0,0,0,0,0,0,0,0,0,0,0,0,0,0,0,1,0,0,0,0,1,0,1,1
1.3862943611198906,1.0986122886681098,6.70073110954781,3.5263605246161616,6.910750787961936,1.0986122886681098,2.302585092994046,2.302585092994046,0,0,1,1,0,0,0,1,0,2.0,0,0,1,1,1,1,1,1,1,0,1,0,1,0,0,0,0,0,0,0,0,0,0,0,1,0,0,0,1,0,0,0,0
1.6094379124341003,1.0986122886681098,7.04141166379481,3.2188758248682006,6.803505257608338,0.6931471805599453,2.1972245773362196,1.791759469228055,0,0,0,0,0,0,0,1,0,2.0,0,0,1,0,0,1,0,0,1,1,1,0,0,0,1,0,0,0,0,0,0,0,0,0,0,0,1,0,0,0,0,0,0
1.3862943611198906,0.6931471805599453,6.472346294500901,2.5649493574615367,6.322565239927284,0.6931471805599453,2.302585092994046,1.3862943611198906,0,0,0,0,0,0,0,1,0,2.0,0,0,0,0,1,0,0,1,0,0,1,0,0,0,0,0,0,0,0,1,0,0,0,0,0,0,1,0,0,1,0,0,1
1.0986122886681098,1.0986122886681098,6.655440350367647,3.7612001156935624,6.508769136971682,1.0986122886681098,1.9459101490553132,1.791759469228055,0,0,0,0,0,0,0,1,1,3.0,0,0,1,0,1,0,0,1,0,0,1,0,1,0,0,0,0,0,0,1,0,0,0,0,0,0,1,0,0,0,0,0,0
1.3862943611198906,1.0986122886681098,6.621405651764134,3.044522437723423,6.411818267709897,0.6931471805599453,2.302585092994046,1.6094379124341003,0,0,0,0,0,0,0,1,1,1.0,0,0,0,0,1,0,0,1,1,0,1,0,0,0,0,0,0,0,0,1,0,0,0,0,0,0,0,0,0,1,0,0,0
1.3862943611198906,1.0986122886681098,6.478509642208569,2.8903717578961645,6.139884552226255,0.6931471805599453,2.302585092994046,1.3862943611198906,0,0,0,0,0,0,0,1,1,3.0,0,0,0,0,1,0,0,1,0,0,1,0,0,0,0,0,0,0,0,1,0,0,0,0,0,0,0,0,0,1,0,1,0
1.3862943611198906,1.3862943611198906,6.946013991099227,3.044522437723423,6.447305862541213,0.6931471805599453,0.6931471805599453,2.70805020110221,0,0,0,0,0,0,0,1,0,1.0,1,1,1,1,1,1,1,1,1,1,1,1,1,1,0,0,0,0,0,0,0,0,1,0,0,0,0,0,1,0,1,0,1
1.3862943611198906,1.0986122886681098,7.061334366910438,3.044522437723423,6.008813185442595,1.0986122886681098,1.0986122886681098,2.3978952727983707,0,0,0,0,0,0,0,1,1,2.0,1,0,1,1,1,0,1,1,1,1,1,0,1,0,0,0,0,0,0,1,0,0,0,0,0,0,1,0,0,0,1,0,0
1.6094379124341003,1.0986122886681098,7.203405521083095,3.1354942159291497,4.976733742420574,1.0986122886681098,2.302585092994046,2.0794415416798357,0,0,0,0,0,0,0,1,1,3.0,0,0,0,0,1,1,0,1,1,1,1,0,1,0,0,0,0,0,0,1,0,0,0,0,0,0,1,0,0,1,0,0,0
1.3862943611198906,1.0986122886681098,7.046647277848756,2.8903717578961645,6.139884552226255,0.6931471805599453,2.302585092994046,2.3978952727983707,0,0,0,0,0,0,0,1,1,3.0,1,0,1,0,1,1,1,1,1,0,1,0,1,1,1,0,0,0,0,0,0,0,0,0,0,0,1,0,0,1,0,1,0
1.3862943611198906,1.0986122886681098,6.856461984594587,3.044522437723423,6.455198563340122,1.0986122886681098,1.6094379124341003,2.0794415416798357,0,0,0,0,0,0,0,1,1,2.0,0,0,0,1,1,1,0,1,1,0,1,0,1,0,0,0,0,0,0,0,0,0,0,0,1,0,0,0,0,0,1,0,0
1.3862943611198906,1.0986122886681098,6.7464121285733745,1.6094379124341003,6.139884552226255,0.6931471805599453,2.302585092994046,1.3862943611198906,0,0,0,0,0,0,0,1,1,2.0,0,0,0,0,0,0,0,1,1,0,1,0,0,0,0,0,0,0,0,0,0,0,0,0,1,0,0,0,0,1,0,1,0
1.6094379124341003,1.3862943611198906,7.0925737159746784,3.044522437723423,5.8971538676367405,1.0986122886681098,1.0986122886681098,2.302585092994046,0,0,0,0,0,0,0,1,1,1.0,1,0,1,1,1,0,1,1,1,0,1,0,1,0,0,0,0,0,0,0,0,1,0,0,0,0,1,0,0,0,1,0,0
1.0986122886681098,0.6931471805599453,6.249975242259483,3.044522437723423,6.139884552226255,0.6931471805599453,2.302585092994046,0.0,0,0,0,0,0,0,0,1,1,2.0,0,0,0,0,0,0,0,0,0,0,0,0,0,0,0,0,0,0,0,0,0,0,0,0,0,0,0,1,0,1,1,1,1
1.3862943611198906,1.0986122886681098,6.508769136971682,1.791759469228055,6.85751406254539,0.6931471805599453,2.302585092994046,0.6931471805599453,0,0,0,0,0,0,0,1,1,2.0,0,0,0,0,0,0,0,0,0,0,1,0,0,0,0,0,0,0,0,0,0,0,0,0,1,0,0,1,0,1,0,0,1
1.3862943611198906,1.0986122886681098,6.478509642208569,3.044522437723423,6.139884552226255,0.6931471805599453,2.302585092994046,1.3862943611198906,0,0,0,0,0,1,0,0,0,3.0,0,0,0,0,1,0,0,1,0,0,1,0,0,0,0,0,0,0,0,0,0,0,0,0,1,0,0,0,0,1,1,1,1
1.3862943611198906,1.0986122886681098,6.408528791059498,3.044522437723423,6.139884552226255,0.6931471805599453,2.302585092994046,1.3862943611198906,0,0,0,0,0,0,0,1,0,1.0,0,0,0,0,0,0,0,1,1,0,1,0,0,0,0,0,0,0,0,0,0,0,0,0,1,0,0,0,0,1,1,1,0
1.3862943611198906,1.0986122886681098,6.898714534329988,3.044522437723423,5.2832037287379885,1.0986122886681098,2.833213344056216,2.1972245773362196,1,0,1,1,0,0,0,1,1,2.0,0,0,1,0,1,1,1,1,1,0,1,0,1,0,1,0,0,0,0,0,0,0,0,0,0,0,1,0,0,0,0,0,0
1.6094379124341003,1.0986122886681098,7.042286171939743,3.044522437723423,6.499787040655854,1.0986122886681098,2.5649493574615367,2.6390573296152584,0,0,0,0,0,0,0,1,0,1.0,1,1,1,1,1,1,1,1,1,1,1,0,1,1,0,0,0,0,0,0,0,0,0,0,1,0,1,0,0,0,1,0,0
1.3862943611198906,1.0986122886681098,6.90975328164481,3.044522437723423,6.139884552226255,0.6931471805599453,2.302585092994046,1.9459101490553132,0,0,0,0,0,0,0,0,0,2.0,0,0,0,1,0,0,1,1,1,0,1,0,1,0,0,0,0,0,0,0,0,0,0,0,0,1,1,0,0,1,1,1,0
1.3862943611198906,1.0986122886681098,6.621405651764134,3.044522437723423,6.139884552226255,0.6931471805599453,2.302585092994046,1.3862943611198906,0,0,0,0,0,0,0,1,1,2.0,0,0,0,0,1,1,0,1,0,0,0,0,0,0,0,0,0,0,0,1,0,0,0,0,0,0,0,0,0,1,1,1,0
1.3862943611198906,1.0986122886681098,7.018401799069201,3.044522437723423,6.453624998892692,0.6931471805599453,2.302585092994046,2.5649493574615367,1,1,1,0,0,0,0,0,0,2.0,1,1,1,0,1,1,1,1,1,1,1,0,1,1,0,0,0,0,0,0,0,0,0,0,1,0,1,0,0,1,1,0,1
1.3862943611198906,1.0986122886681098,7.046647277848756,2.5649493574615367,6.139884552226255,0.6931471805599453,2.302585092994046,1.791759469228055,0,0,0,0,0,0,0,1,1,1.0,0,0,0,0,1,0,1,1,1,0,1,0,0,0,0,0,0,0,0,0,0,0,0,0,1,0,0,0,0,1,0,1,0
1.6094379124341003,1.0986122886681098,7.0967213784947605,2.9444389791664403,5.5254529391317835,0.6931471805599453,2.3978952727983707,1.9459101490553132,1,0,1,1,0,0,0,1,0,1.0,0,1,0,0,0,1,1,0,1,0,1,0,1,0,1,0,0,0,0,0,0,0,0,0,0,0,0,0,1,0,0,0,0
1.3862943611198906,1.0986122886681098,6.90875477931522,1.791759469228055,4.6913478822291435,0.6931471805599453,2.302585092994046,1.6094379124341003,0,0,0,0,0,0,0,1,1,1.0,0,0,1,0,0,0,0,0,0,1,1,0,1,0,0,0,0,0,0,1,0,0,0,0,0,0,1,0,0,1,0,0,0
1.3862943611198906,1.0986122886681098,6.8679744089702925,3.4657359027997265,8.349011198176003,0.6931471805599453,2.1972245773362196,1.6094379124341003,1,1,1,1,0,0,1,1,1,2.0,0,0,0,0,0,0,0,1,1,0,1,0,1,0,1,0,0,0,0,0,0,0,0,0,0,0,0,0,1,0,0,0,1
1.791759469228055,1.3862943611198906,7.346655163176539,3.044522437723423,4.812184355372417,0.6931471805599453,2.1972245773362196,2.70805020110221,1,0,1,1,0,0,0,1,0,2.0,1,1,1,1,1,1,1,1,1,1,1,1,1,1,0,0,0,0,0,0,0,0,0,0,1,0,1,0,0,0,1,0,0
1.3862943611198906,1.0986122886681098,6.9440872082295275,3.2188758248682006,6.008813185442595,0.6931471805599453,2.3978952727983707,1.9459101490553132,1,1,1,1,0,1,0,1,0,2.0,0,0,0,1,1,1,0,1,1,0,0,0,1,0,0,0,0,0,0,0,0,0,0,0,1,0,0,0,1,0,0,0,0
1.3862943611198906,0.6931471805599453,6.56244409369372,3.044522437723423,6.139884552226255,0.6931471805599453,2.302585092994046,1.0986122886681098,0,0,0,0,0,1,0,0,1,2.0,0,0,0,1,0,0,0,0,1,0,0,0,0,0,0,0,0,0,0,0,0,0,0,0,1,0,0,1,0,1,1,1,1
1.0986122886681098,1.0986122886681098,7.252762418053187,3.332204510175204,5.176149732573829,0.6931471805599453,2.3978952727983707,2.302585092994046,1,1,1,1,0,0,1,1,1,2.0,1,0,1,0,1,0,0,1,1,1,1,1,1,0,1,0,0,0,0,0,0,0,0,0,0,0,1,0,0,0,0,0,0
1.3862943611198906,1.0986122886681098,6.55250788703459,3.1354942159291497,6.139884552226255,0.6931471805599453,2.9444389791664403,1.3862943611198906,0,0,0,0,0,0,0,1,0,2.0,0,0,0,0,0,0,0,1,1,0,1,0,0,0,0,0,0,0,0,1,0,0,0,0,0,0,0,0,0,0,0,1,0
1.6094379124341003,1.0986122886681098,7.195937226475569,3.258096538021482,6.68586094706836,1.0986122886681098,2.302585092994046,2.1972245773362196,1,1,1,1,1,0,0,1,0,2.0,0,1,1,0,1,1,0,1,1,0,1,0,1,0,1,0,0,0,0,0,0,0,0,0,0,0,1,0,0,0,0,0,0
1.3862943611198906,1.0986122886681098,6.75343791859778,2.302585092994046,6.139884552226255,0.6931471805599453,2.302585092994046,1.9459101490553132,0,0,0,0,0,0,0,1,1,1.0,1,0,0,0,0,1,0,1,1,0,1,0,1,0,0,0,0,0,0,0,0,0,0,0,1,0,1,0,0,1,0,1,0
1.3862943611198906,1.0986122886681098,6.516193076042964,3.044522437723423,6.139884552226255,0.6931471805599453,2.302585092994046,1.6094379124341003,0,0,0,0,0,0,0,1,0,2.0,0,0,0,0,1,1,0,1,1,0,0,0,0,0,0,0,0,0,0,0,0,0,0,0,1,0,0,1,0,1,1,1,1
1.3862943611198906,1.0986122886681098,6.803505257608338,3.044522437723423,6.139884552226255,0.6931471805599453,2.302585092994046,0.0,0,0,0,0,0,0,0,1,1,1.0,0,0,0,0,0,0,0,0,0,0,0,0,0,0,0,0,0,0,0,0,0,0,0,0,0,0,0,1,0,1,1,1,1
1.3862943611198906,1.0986122886681098,6.55250788703459,3.4339872044851463,6.2166061010848646,0.6931471805599453,2.4849066497880004,2.302585092994046,0,0,0,0,0,0,0,1,1,2.0,1,0,1,1,1,0,1,1,1,0,1,0,1,0,0,0,0,0,0,1,0,0,0,0,0,0,0,0,0,0,0,0,0
1.3862943611198906,1.0986122886681098,7.01301578963963,3.044522437723423,6.139884552226255,1.0986122886681098,2.302585092994046,0.0,0,0,0,0,0,0,0,1,1,2.0,0,0,0,0,0,0,0,0,0,0,0,0,0,0,0,0,0,0,0,0,0,0,0,0,0,1,1,0,0,1,1,1,0
1.3862943611198906,1.0986122886681098,6.504288173536645,1.791759469228055,6.139884552226255,0.6931471805599453,2.302585092994046,1.3862943611198906,1,0,1,1,1,0,0,1,1,3.0,1,0,0,0,0,0,0,1,1,0,0,0,0,0,0,0,0,0,0,0,0,0,0,0,1,0,0,0,0,1,0,1,1
1.3862943611198906,1.0986122886681098,7.332369205929062,3.044522437723423,6.741700694652055,1.0986122886681098,2.302585092994046,2.3978952727983707,0,0,0,0,0,0,0,1,1,2.0,1,0,1,1,1,0,1,1,1,1,1,0,1,0,0,0,0,0,0,1,0,0,0,0,0,0,1,0,0,1,1,0,0
1.3862943611198906,1.0986122886681098,6.709304340258298,3.8066624897703196,7.667158255319148,0.6931471805599453,1.0986122886681098,2.0794415416798357,0,1,0,1,0,0,1,1,0,2.0,1,0,1,0,1,0,0,1,1,0,1,0,1,0,1,0,0,0,0,0,0,0,0,0,0,0,0,0,1,0,0,0,0
1.0986122886681098,1.0986122886681098,6.598509028614515,2.5649493574615367,6.139884552226255,0.6931471805599453,2.302585092994046,2.1972245773362196,0,0,0,0,0,0,0,0,0,2.0,0,0,0,1,1,1,1,1,1,0,1,0,1,0,0,0,0,0,0,0,0,0,0,0,1,0,1,0,0,1,0,1,0
1.3862943611198906,0.6931471805599453,6.439350371100098,3.044522437723423,6.139884552226255,0.6931471805599453,2.302585092994046,1.791759469228055,0,0,0,0,0,0,0,1,1,3.0,0,0,0,0,1,1,0,1,1,0,1,0,0,0,0,0,0,0,0,1,0,0,0,0,0,0,0,1,0,1,1,1,1
1.3862943611198906,1.0986122886681098,7.074116816197362,3.044522437723423,6.139884552226255,0.6931471805599453,3.044522437723423,0.0,0,0,0,0,0,0,0,1,0,1.0,0,0,0,0,0,0,0,0,0,0,0,0,0,0,0,0,0,0,0,0,0,0,0,0,0,0,0,0,0,0,1,1,1
1.3862943611198906,1.0986122886681098,7.122059881629142,2.9444389791664403,6.573680166960646,0.6931471805599453,2.833213344056216,2.70805020110221,1,1,1,1,0,0,0,1,0,2.0,1,1,1,1,1,1,1,1,1,1,1,1,1,1,1,0,0,0,0,0,0,0,0,0,0,0,1,0,0,0,0,0,1
1.3862943611198906,1.0986122886681098,7.00397413672268,2.995732273553991,6.139884552226255,0.6931471805599453,3.332204510175204,2.0794415416798357,1,0,1,1,0,0,0,1,0,2.0,1,0,1,0,0,0,0,1,1,1,1,0,1,0,1,0,0,0,0,0,0,0,0,0,0,0,1,0,0,0,0,1,1
1.3862943611198906,1.0986122886681098,7.261927092702751,3.5263605246161616,6.311734809152915,1.3862943611198906,1.0986122886681098,2.4849066497880004,0,0,0,0,0,0,0,1,1,3.0,1,1,1,1,1,0,1,1,1,1,1,0,1,0,0,0,0,0,0,1,0,0,0,0,0,0,1,0,0,0,0,0,0
1.0986122886681098,0.6931471805599453,6.478509642208569,3.044522437723423,6.139884552226255,0.6931471805599453,2.302585092994046,1.3862943611198906,0,0,0,0,0,0,0,1,1,2.0,0,0,0,0,1,0,0,1,0,0,1,0,0,0,0,0,0,0,0,1,0,0,0,0,0,0,1,0,0,1,1,1,0
1.3862943611198906,1.0986122886681098,6.862757913051401,3.044522437723423,6.139884552226255,0.6931471805599453,2.302585092994046,2.1972245773362196,0,0,0,0,0,0,0,1,0,2.0,0,0,1,0,1,1,1,1,1,0,1,0,1,0,0,0,0,0,0,0,0,0,1,0,0,0,1,0,0,1,1,1,0
1.0986122886681098,1.0986122886681098,6.82001636467413,1.6094379124341003,6.139884552226255,0.6931471805599453,3.4965075614664802,1.0986122886681098,1,1,1,1,0,0,1,1,1,3.0,0,0,0,0,0,0,0,1,0,0,1,0,0,0,0,0,0,0,0,0,0,0,0,0,1,0,1,0,0,0,0,1,0
1.3862943611198906,1.0986122886681098,6.8679744089702925,2.1972245773362196,6.139884552226255,0.6931471805599453,2.302585092994046,1.3862943611198906,1,0,1,0,0,1,0,1,0,3.0,0,0,0,0,0,0,0,1,1,0,1,0,0,0,0,0,0,0,0,0,0,0,0,0,1,0,0,0,0,1,0,1,0
1.6094379124341003,1.0986122886681098,6.7464121285733745,2.772588722239781,6.139884552226255,0.6931471805599453,2.3978952727983707,2.0794415416798357,1,0,0,1,0,0,0,1,1,3.0,0,0,1,0,1,1,1,1,0,0,1,0,1,0,0,0,0,0,0,0,0,0,0,0,1,0,1,0,0,0,0,1,0
1.3862943611198906,1.0986122886681098,6.931471805599453,3.044522437723423,6.139884552226255,0.6931471805599453,2.302585092994046,0.0,0,0,0,0,0,0,0,1,1,1.0,0,0,0,0,0,0,0,0,0,0,0,0,0,0,0,0,0,0,0,0,0,0,0,0,0,0,0,0,0,1,1,1,0
1.0986122886681098,1.0986122886681098,6.826545223556594,3.044522437723423,6.139884552226255,0.6931471805599453,2.302585092994046,0.0,0,0,0,0,0,0,0,1,0,2.0,0,0,0,0,0,0,0,0,0,0,0,0,0,0,0,0,0,0,0,0,0,0,0,1,0,0,0,0,0,1,1,1,0
1.3862943611198906,1.0986122886681098,7.0909098220799835,3.044522437723423,6.139884552226255,1.0986122886681098,2.302585092994046,2.3978952727983707,0,0,0,0,0,0,0,1,1,2.0,1,0,1,1,1,0,1,1,1,1,1,0,1,0,1,0,0,0,0,0,0,0,0,0,0,0,1,0,0,1,1,1,0
1.3862943611198906,1.0986122886681098,7.113956109566034,3.044522437723423,6.139884552226255,1.0986122886681098,2.302585092994046,1.9459101490553132,0,0,0,0,0,0,0,1,0,3.0,0,0,1,0,1,0,0,1,1,1,1,0,0,0,0,0,0,0,0,0,0,0,1,0,0,0,1,0,0,1,1,1,0
1.0986122886681098,0.6931471805599453,6.582025138892826,3.044522437723423,6.38856140554563,1.0986122886681098,1.791759469228055,2.3978952727983707,0,0,1,1,0,0,0,1,0,2.0,1,1,1,1,0,0,1,1,1,1,1,0,1,0,0,0,0,0,0,0,0,0,0,0,1,0,1,0,0,0,1,0,0
1.0986122886681098,1.0986122886681098,7.083387847625295,3.044522437723423,6.881411303642535,0.6931471805599453,2.0794415416798357,2.0794415416798357,0,0,0,0,0,0,0,1,0,2.0,0,0,1,0,0,1,1,1,0,1,1,0,1,0,0,0,0,0,0,0,0,0,0,0,0,0,0,0,0,0,0,0,1
1.3862943611198906,1.0986122886681098,7.115582126184454,3.332204510175204,5.8805329864007,1.0986122886681098,1.9459101490553132,1.9459101490553132,0,0,0,0,0,0,0,1,1,3.0,0,0,1,0,1,0,0,1,1,0,1,0,1,0,0,0,0,0,0,1,0,0,0,0,0,0,1,0,0,0,0,0,0
1.3862943611198906,1.0986122886681098,6.957497370876951,3.8501476017100584,6.594413459749778,1.3862943611198906,0.0,2.3978952727983707,0,0,0,0,0,0,0,1,1,2.0,1,0,1,1,1,1,1,1,1,0,1,0,1,0,0,0,0,0,0,1,0,0,0,0,0,0,1,0,0,0,0,0,0
1.3862943611198906,1.0986122886681098,7.061334366910438,3.044522437723423,6.008813185442595,0.6931471805599453,1.0986122886681098,1.9459101490553132,0,0,0,0,0,0,0,1,1,2.0,1,0,1,1,0,0,0,0,1,0,1,0,1,0,0,0,0,0,0,1,0,0,0,0,0,0,1,0,0,0,1,0,0
1.3862943611198906,1.0986122886681098,6.962243464266207,1.791759469228055,6.139884552226255,0.6931471805599453,2.302585092994046,1.3862943611198906,0,1,0,1,1,0,0,0,0,2.0,0,0,0,0,0,0,0,0,1,0,1,0,1,0,1,0,0,0,0,0,0,0,0,0,0,0,0,0,0,1,0,1,1
1.0986122886681098,0.6931471805599453,6.439350371100098,3.044522437723423,5.484796933490655,0.6931471805599453,2.302585092994046,1.3862943611198906,0,0,0,0,0,0,0,1,0,2.0,0,0,1,0,0,0,0,0,0,0,1,0,1,0,0,0,0,0,0,1,0,0,0,0,0,0,0,0,1,1,1,0,0
1.6094379124341003,1.0986122886681098,6.873163834212518,2.70805020110221,5.820082930352362,0.6931471805599453,2.6390573296152584,0.0,0,0,0,0,0,0,0,1,1,2.0,0,0,0,0,0,0,0,0,0,0,0,0,0,0,1,0,0,0,0,0,0,0,0,0,0,0,1,0,0,0,0,0,1
1.0986122886681098,1.0986122886681098,7.147559271189454,4.04305126783455,6.709304340258298,1.0986122886681098,0.6931471805599453,1.791759469228055,0,0,0,0,0,0,0,0,0,2.0,0,0,1,0,0,0,1,0,0,1,1,0,1,0,0,0,0,0,0,0,0,0,1,0,0,0,0,0,1,0,0,0,0
1.3862943611198906,1.0986122886681098,6.740519359606223,3.044522437723423,6.171700597410915,1.0986122886681098,0.6931471805599453,1.0986122886681098,0,0,0,0,0,0,0,1,0,2.0,0,0,0,0,0,0,0,1,1,0,0,0,0,0,0,0,0,0,0,1,0,0,0,0,0,0,1,0,0,0,1,0,0
1.3862943611198906,1.0986122886681098,6.523562306149512,3.1354942159291497,6.803505257608338,0.6931471805599453,2.70805020110221,1.3862943611198906,0,0,0,0,0,0,0,1,0,2.0,0,0,0,0,0,0,0,1,1,0,1,0,0,0,0,0,0,0,0,1,0,0,0,0,0,0,0,0,0,0,0,0,1
1.3862943611198906,1.0986122886681098,6.580639137284949,3.044522437723423,6.139884552226255,0.6931471805599453,3.4965075614664802,0.0,0,0,0,0,0,0,0,1,1,1.0,0,0,0,0,0,0,0,0,0,0,0,0,0,0,0,0,0,0,0,0,0,0,0,0,1,0,0,0,0,0,1,1,1
1.0986122886681098,1.0986122886681098,6.792344427470809,3.044522437723423,6.028278520230698,0.6931471805599453,2.302585092994046,2.302585092994046,0,0,0,1,0,0,0,1,1,2.0,1,0,1,1,1,0,1,1,1,0,1,0,1,0,0,0,0,0,0,0,0,0,0,0,1,0,0,0,0,1,1,0,0
1.3862943611198906,1.0986122886681098,6.985641817639208,3.044522437723423,6.139884552226255,1.0986122886681098,2.302585092994046,2.70805020110221,0,0,0,0,0,0,0,1,1,2.0,1,1,1,1,1,1,1,1,1,1,1,1,1,1,0,0,0,0,0,0,0,0,0,0,1,0,1,0,0,1,1,1,0
1.3862943611198906,1.0986122886681098,6.621405651764134,3.044522437723423,6.139884552226255,0.6931471805599453,2.302585092994046,0.0,0,0,0,0,0,0,0,1,1,3.0,0,0,0,0,0,0,0,0,0,0,0,0,0,0,0,0,0,0,0,0,0,0,0,0,0,0,0,1,0,1,1,1,1
1.0986122886681098,1.0986122886681098,6.68586094706836,3.044522437723423,6.139884552226255,0.6931471805599453,2.302585092994046,2.6390573296152584,1,0,0,1,0,0,1,1,1,2.0,1,1,1,1,1,1,1,1,1,1,1,1,1,0,1,0,0,0,0,0,0,0,0,0,0,0,0,0,1,1,1,1,0
1.3862943611198906,1.0986122886681098,6.78897174299217,3.4339872044851463,6.695798917058491,1.0986122886681098,2.3978952727983707,2.3978952727983707,0,0,0,0,0,0,0,1,1,1.0,0,0,1,0,1,1,0,1,1,1,1,1,1,1,0,0,0,0,0,1,0,0,0,0,0,0,1,0,0,0,0,0,0
1.3862943611198906,1.0986122886681098,6.90875477931522,3.044522437723423,6.139884552226255,0.6931471805599453,2.302585092994046,1.9459101490553132,0,0,0,0,0,0,0,1,1,2.0,0,0,1,0,0,0,0,0,1,1,1,1,1,0,0,0,0,0,0,0,0,0,0,0,0,1,1,0,0,1,1,1,0
1.3862943611198906,1.3862943611198906,7.243512974665482,2.9444389791664403,6.139884552226255,0.6931471805599453,3.258096538021482,2.5649493574615367,0,0,1,1,0,0,0,1,1,2.0,1,1,1,0,1,1,1,1,1,0,1,1,1,1,0,0,0,0,0,0,0,0,0,0,1,0,1,0,0,0,0,1,0
1.3862943611198906,1.0986122886681098,6.68586094706836,1.9459101490553132,6.511745329644728,1.0986122886681098,3.4011973816621555,1.791759469228055,0,0,0,0,0,0,0,1,0,2.0,0,0,0,0,1,0,0,1,1,0,1,0,1,0,0,0,0,0,0,1,0,0,0,0,0,0,0,0,0,0,0,0,0
1.3862943611198906,1.0986122886681098,6.639875833826536,3.044522437723423,6.139884552226255,0.6931471805599453,2.302585092994046,0.0,1,1,1,1,0,0,0,1,0,2.0,0,0,0,0,0,0,0,0,0,0,0,0,0,0,1,0,0,0,0,0,0,0,0,0,0,0,0,0,0,1,1,1,0
1.3862943611198906,1.0986122886681098,6.7464121285733745,3.091042453358316,6.008813185442595,0.6931471805599453,3.258096538021482,0.0,0,0,0,0,0,0,0,1,1,1.0,0,0,0,0,0,0,0,0,0,0,0,0,0,0,0,0,0,0,0,1,0,0,0,0,0,0,1,0,0,0,0,0,0
1.3862943611198906,1.0986122886681098,6.823286122355687,2.8903717578961645,6.39024066706535,1.0986122886681098,2.302585092994046,1.9459101490553132,0,0,0,0,0,0,0,1,0,2.0,0,0,0,0,1,1,0,1,1,0,1,0,1,0,1,0,0,0,0,0,0,0,0,0,0,0,0,0,0,1,0,0,0
1.3862943611198906,1.0986122886681098,7.155396301896734,2.833213344056216,6.139884552226255,0.6931471805599453,2.302585092994046,1.9459101490553132,0,0,0,0,0,0,0,1,1,2.0,0,0,1,0,0,0,0,1,1,0,1,0,1,1,0,0,0,0,0,0,0,0,0,0,1,0,0,0,0,1,0,1,0
1.3862943611198906,1.3862943611198906,6.9975959829819265,3.044522437723423,6.139884552226255,0.6931471805599453,2.302585092994046,0.0,0,0,0,0,0,0,0,1,1,2.0,0,0,0,0,0,0,0,0,0,0,0,0,0,0,0,0,0,0,0,0,0,0,0,0,0,0,0,0,1,1,1,1,0
1.3862943611198906,1.0986122886681098,6.602587892189336,3.044522437723423,6.391917113392602,0.6931471805599453,2.6390573296152584,1.9459101490553132,1,0,0,0,0,1,0,1,1,2.0,0,0,0,1,1,1,1,1,0,0,1,0,0,0,0,0,0,0,0,0,0,0,0,0,1,0,0,0,0,0,1,0,0
1.6094379124341003,1.3862943611198906,7.170888478512505,3.044522437723423,5.707110264748875,0.6931471805599453,2.6390573296152584,2.1972245773362196,0,0,0,0,0,0,0,1,1,3.0,1,0,1,1,0,1,0,1,1,0,1,0,1,0,0,0,0,0,0,0,0,0,0,0,1,0,1,0,0,0,0,0,1
1.3862943611198906,1.0986122886681098,6.898714534329988,1.6094379124341003,6.139884552226255,0.6931471805599453,2.302585092994046,2.0794415416798357,0,0,0,0,0,0,0,1,1,3.0,1,0,0,1,1,1,0,1,1,0,1,0,0,0,0,0,0,0,0,0,0,0,0,0,0,0,0,0,0,1,0,1,1
1.3862943611198906,1.0986122886681098,7.152268856032539,3.58351893845611,6.139884552226255,1.0986122886681098,2.0794415416798357,2.3978952727983707,0,0,0,0,0,0,0,1,1,2.0,1,0,1,0,1,1,1,1,1,1,1,0,1,0,0,0,0,0,0,0,0,0,0,0,1,0,0,0,1,0,0,1,0
1.3862943611198906,1.0986122886681098,6.68586094706836,3.828641396489095,7.063903961472068,1.0986122886681098,1.791759469228055,2.302585092994046,0,0,0,0,0,0,0,1,1,3.0,1,0,1,0,1,1,0,1,1,1,1,0,1,0,0,0,0,0,0,1,0,0,0,0,0,0,1,0,0,0,0,0,0
1.0986122886681098,0.6931471805599453,6.398594934535208,3.044522437723423,6.139884552226255,1.0986122886681098,2.302585092994046,1.0986122886681098,0,0,0,0,0,0,0,1,0,1.0,0,0,0,0,0,0,0,1,1,0,0,0,0,0,1,0,0,0,0,0,0,0,0,0,0,0,0,1,0,1,1,1,0
0.6931471805599453,0.6931471805599453,6.104793232414985,3.091042453358316,6.1224928095143865,0.6931471805599453,2.1972245773362196,2.0794415416798357,0,0,0,0,0,0,0,1,1,2.0,1,0,1,1,0,0,1,0,1,0,1,0,1,0,0,0,0,0,0,0,0,0,0,0,1,0,1,0,0,0,0,0,1
1.3862943611198906,1.0986122886681098,6.398594934535208,3.044522437723423,6.139884552226255,0.6931471805599453,2.302585092994046,2.0794415416798357,1,1,1,1,0,0,1,1,0,2.0,0,0,1,1,0,1,0,1,1,0,1,0,1,0,1,0,0,0,0,0,0,0,0,0,0,0,0,0,0,1,1,1,1
1.3862943611198906,1.0986122886681098,6.7464121285733745,3.044522437723423,6.139884552226255,0.6931471805599453,2.302585092994046,1.0986122886681098,1,0,0,0,0,0,1,1,0,1.0,0,0,0,0,0,0,0,0,1,0,1,0,0,0,0,0,0,0,0,0,0,0,0,0,1,0,1,0,0,1,1,1,0
1.0986122886681098,1.0986122886681098,7.101675971619444,3.2188758248682006,6.0014148779611505,1.0986122886681098,2.0794415416798357,2.1972245773362196,1,1,1,1,0,0,1,1,0,2.0,1,0,1,1,0,0,1,0,1,1,1,0,1,0,1,0,0,0,0,0,0,0,0,0,0,0,1,0,0,0,0,0,0
1.3862943611198906,1.0986122886681098,6.70808408385307,2.5649493574615367,6.139884552226255,0.6931471805599453,2.302585092994046,1.9459101490553132,0,0,0,0,0,0,0,1,0,2.0,1,1,0,0,0,1,0,1,0,0,0,0,1,1,1,0,0,0,0,0,0,0,0,0,0,0,1,0,0,1,0,1,1
1.3862943611198906,1.0986122886681098,6.803505257608338,3.044522437723423,6.139884552226255,0.6931471805599453,2.302585092994046,0.0,0,0,0,0,0,0,0,0,1,1.0,0,0,0,0,0,0,0,0,0,0,0,0,0,0,0,1,0,0,0,0,0,0,0,0,0,0,0,0,0,1,1,1,1
1.3862943611198906,1.0986122886681098,6.811244378601294,3.044522437723423,6.408528791059498,0.6931471805599453,2.9444389791664403,2.0794415416798357,0,0,1,1,0,0,0,1,0,2.0,0,0,1,0,0,1,0,1,1,0,1,0,1,1,0,0,0,0,0,0,0,0,0,0,1,0,1,0,0,0,0,0,0
1.0986122886681098,0.6931471805599453,6.2285110035911835,3.044522437723423,6.139884552226255,0.6931471805599453,2.302585092994046,0.0,0,0,0,0,0,0,0,1,0,2.0,0,0,0,0,0,0,0,0,0,0,0,0,0,0,0,0,0,0,0,0,0,0,0,0,0,0,0,1,0,1,1,1,1
1.6094379124341003,1.0986122886681098,7.372118028337787,3.044522437723423,6.484635235635252,1.0986122886681098,2.3978952727983707,2.6390573296152584,1,0,1,1,0,0,0,1,1,3.0,1,1,1,1,1,1,1,1,1,1,1,0,1,1,1,0,0,0,0,0,0,0,0,0,0,0,1,0,0,0,1,0,0
1.3862943611198906,1.0986122886681098,6.698268054115413,3.044522437723423,6.139884552226255,0.6931471805599453,2.302585092994046,1.0986122886681098,0,0,0,0,0,0,0,0,0,2.0,0,0,0,0,0,0,0,1,1,0,0,0,0,0,0,0,0,0,0,0,0,0,0,0,1,0,0,1,0,1,1,1,0
1.0986122886681098,1.0986122886681098,6.366470447731438,3.044522437723423,6.139884552226255,0.6931471805599453,2.302585092994046,1.9459101490553132,0,0,0,0,0,0,0,1,0,2.0,0,0,0,1,1,1,1,1,1,0,0,0,0,0,0,0,0,0,0,1,0,0,0,0,0,0,0,0,0,1,1,1,1
1.3862943611198906,1.0986122886681098,6.501289670540389,3.044522437723423,6.139884552226255,0.6931471805599453,2.302585092994046,0.0,0,0,0,0,0,0,0,1,0,2.0,0,0,0,0,0,0,0,0,0,0,0,0,0,0,0,0,0,0,0,0,0,0,1,0,0,0,0,0,0,1,1,1,1
1.3862943611198906,1.0986122886681098,6.759255270663693,1.791759469228055,6.139884552226255,0.6931471805599453,2.302585092994046,1.791759469228055,1,0,1,1,0,0,0,1,1,1.0,1,0,0,1,0,0,0,1,1,0,1,0,0,0,0,0,0,0,0,0,0,0,0,0,1,0,0,0,1,1,0,1,0
1.3862943611198906,1.0986122886681098,7.065613363597717,2.772588722239781,6.139884552226255,1.0986122886681098,2.302585092994046,2.4849066497880004,1,1,1,1,0,0,0,1,0,2.0,1,1,1,1,0,1,1,1,1,0,1,0,1,1,0,0,0,0,0,0,0,0,0,0,1,0,1,0,0,1,0,1,0
0.6931471805599453,0.6931471805599453,6.2166061010848646,3.4011973816621555,5.921578419643816,0.6931471805599453,2.3978952727983707,2.0794415416798357,0,0,0,0,0,0,0,1,1,2.0,0,0,1,1,0,1,0,1,1,0,1,0,1,0,0,0,0,0,0,0,0,0,0,0,1,0,1,0,0,0,0,0,1
1.3862943611198906,1.0986122886681098,6.566672429803241,3.044522437723423,6.139884552226255,0.6931471805599453,2.302585092994046,0.0,0,0,0,0,0,0,0,1,0,2.0,0,0,0,0,0,0,0,0,0,0,0,0,0,0,0,1,0,0,0,0,0,0,0,0,0,0,0,0,0,1,1,1,1
1.3862943611198906,1.0986122886681098,6.7650389767805414,3.044522437723423,6.139884552226255,0.6931471805599453,2.302585092994046,0.0,0,0,0,0,0,0,0,0,0,1.0,0,0,0,0,0,0,0,0,0,0,0,0,0,0,0,0,0,0,0,0,0,0,1,0,0,0,1,0,0,1,1,1,1
1.3862943611198906,1.0986122886681098,7.313886831633462,3.044522437723423,4.976733742420574,1.6094379124341003,2.302585092994046,2.0794415416798357,1,0,1,1,0,1,0,1,1,3.0,0,0,1,0,1,0,1,1,1,0,1,0,1,0,0,0,0,0,0,0,0,0,0,0,1,0,0,0,1,1,1,0,0
1.3862943611198906,1.0986122886681098,6.55250788703459,3.1354942159291497,6.9167150203536085,0.6931471805599453,3.295836866004329,1.3862943611198906,0,0,0,0,0,0,0,1,1,1.0,0,0,0,0,1,0,0,1,0,0,1,0,0,0,0,0,0,0,0,1,0,0,0,0,0,0,0,0,0,0,0,0,1
1.6094379124341003,1.3862943611198906,6.9411900550683745,2.5649493574615367,5.43372200355424,1.0986122886681098,2.302585092994046,2.3978952727983707,1,0,1,1,0,0,0,1,0,2.0,1,0,1,1,1,1,1,1,1,0,1,0,1,0,0,0,0,0,0,0,0,0,0,0,1,0,0,0,1,0,0,0,0
1.3862943611198906,1.0986122886681098,6.478509642208569,3.044522437723423,6.139884552226255,0.6931471805599453,2.302585092994046,0.0,0,0,1,1,0,0,0,1,1,2.0,0,0,0,0,0,0,0,0,0,0,0,0,0,0,0,0,0,0,0,0,0,0,0,0,1,0,0,1,0,1,1,1,1
0.6931471805599453,0.6931471805599453,6.12029741895095,3.044522437723423,6.139884552226255,0.6931471805599453,2.302585092994046,1.3862943611198906,0,0,0,0,0,0,0,0,1,2.0,0,0,0,0,1,0,0,1,0,0,1,0,0,0,0,0,1,0,0,0,0,0,0,0,0,0,0,0,0,1,1,1,1
1.3862943611198906,1.0986122886681098,6.478509642208569,3.044522437723423,6.139884552226255,0.6931471805599453,2.302585092994046,1.0986122886681098,1,0,1,1,0,0,0,1,0,2.0,0,0,0,0,1,1,0,0,0,0,0,0,0,0,0,0,0,0,0,0,0,0,0,0,1,0,0,0,0,1,1,1,1
1.3862943611198906,1.0986122886681098,6.957497370876951,3.713572066704308,6.326149473155099,1.0986122886681098,2.302585092994046,2.1972245773362196,1,1,1,0,0,1,0,1,0,2.0,1,0,1,0,1,0,1,1,1,0,1,0,1,0,1,0,0,0,0,0,0,0,0,0,0,0,0,0,1,1,0,0,0
1.3862943611198906,1.0986122886681098,6.683360945766275,3.044522437723423,6.139884552226255,0.6931471805599453,2.302585092994046,2.0794415416798357,0,0,0,0,0,0,0,0,1,1.0,0,0,0,1,1,1,1,1,1,0,1,0,0,0,0,0,0,0,0,0,1,0,0,0,0,0,0,0,0,1,1,1,0
1.6094379124341003,1.0986122886681098,6.739336627357174,3.044522437723423,6.139884552226255,0.6931471805599453,2.302585092994046,1.791759469228055,0,0,0,0,0,0,0,0,0,2.0,0,0,0,0,0,0,1,1,1,0,1,0,1,0,0,0,0,0,0,0,0,0,0,0,1,0,0,0,0,1,1,1,0
1.3862943611198906,1.0986122886681098,7.050122520269059,3.044522437723423,6.139884552226255,0.6931471805599453,2.302585092994046,2.0794415416798357,0,0,0,0,0,0,0,1,1,3.0,0,0,1,0,1,1,0,1,1,0,1,0,1,0,0,0,0,0,0,0,0,0,0,0,0,0,0,0,0,1,1,1,0
1.3862943611198906,1.0986122886681098,6.7464121285733745,3.044522437723423,7.273092595999522,0.6931471805599453,2.1972245773362196,1.791759469228055,0,0,0,0,0,0,0,1,0,2.0,0,0,0,1,1,0,0,1,1,0,1,0,0,0,0,0,0,0,0,0,0,0,0,0,1,0,0,0,0,0,0,0,1
1.3862943611198906,1.0986122886681098,6.78105762593618,1.791759469228055,0.6931471805599453,0.6931471805599453,2.302585092994046,0.0,0,0,0,0,0,0,0,1,1,2.0,0,0,0,0,0,0,0,0,0,0,0,0,0,0,0,0,0,0,0,0,0,0,0,0,1,0,0,0,0,1,0,0,1
1.3862943611198906,1.3862943611198906,7.161622002939187,3.4339872044851463,6.695798917058491,0.6931471805599453,2.3978952727983707,2.3978952727983707,0,0,0,0,0,0,0,1,1,3.0,0,0,1,0,1,1,0,1,1,1,1,1,1,1,0,0,0,0,0,1,0,0,0,0,0,0,1,0,0,0,0,0,0
1.3862943611198906,1.0986122886681098,7.0909098220799835,3.044522437723423,6.54965074223381,1.0986122886681098,2.9444389791664403,2.3978952727983707,0,0,0,0,0,0,0,1,0,2.0,1,0,1,1,1,1,0,1,1,1,1,0,1,0,0,0,0,0,0,0,0,0,0,0,0,0,0,0,0,0,1,0,0
1.3862943611198906,1.0986122886681098,7.052721049232323,3.044522437723423,6.139884552226255,1.0986122886681098,2.302585092994046,1.791759469228055,0,0,0,0,0,0,0,1,1,2.0,0,0,0,0,1,0,0,1,1,0,1,0,1,0,0,0,0,0,0,1,0,0,0,0,0,0,1,0,0,1,1,1,0
1.3862943611198906,1.0986122886681098,6.55250788703459,1.791759469228055,6.139884552226255,0.6931471805599453,2.302585092994046,1.6094379124341003,0,0,0,0,0,0,0,1,1,2.0,0,0,0,0,0,0,1,1,1,0,1,0,0,0,0,0,0,0,0,0,0,0,0,0,1,0,0,0,0,1,0,1,1
1.3862943611198906,1.0986122886681098,7.151485463904735,3.4657359027997265,6.1675164908883415,1.0986122886681098,1.9459101490553132,2.3978952727983707,0,0,0,0,0,0,0,1,1,3.0,1,0,1,1,1,0,1,1,1,1,1,0,1,0,0,0,0,0,0,1,0,0,0,0,0,0,1,0,0,0,0,0,0
1.3862943611198906,1.3862943611198906,6.734591659972948,1.791759469228055,5.198497031265826,0.6931471805599453,2.302585092994046,1.0986122886681098,0,0,0,0,0,0,0,1,1,2.0,0,0,0,0,0,0,0,1,1,0,0,0,0,0,0,0,0,0,0,0,0,0,0,0,1,0,0,0,0,1,0,0,1
1.3862943611198906,1.0986122886681098,6.78897174299217,3.4339872044851463,6.695798917058491,1.0986122886681098,2.3978952727983707,2.3978952727983707,0,0,0,0,0,0,0,1,1,3.0,0,0,1,0,1,1,0,1,1,1,1,1,1,1,0,0,0,0,0,1,0,0,0,0,0,0,1,0,0,0,0,0,0
1.3862943611198906,1.0986122886681098,6.810142450115136,3.091042453358316,6.338594078203183,0.6931471805599453,2.8903717578961645,2.1972245773362196,0,0,0,0,0,0,0,1,0,2.0,1,0,1,1,0,0,0,1,1,0,1,0,1,1,0,0,0,0,0,0,0,0,0,0,0,0,0,0,0,0,0,0,1
1.3862943611198906,1.0986122886681098,7.061334366910438,3.044522437723423,6.008813185442595,1.0986122886681098,1.0986122886681098,2.3978952727983707,0,0,0,0,0,0,0,1,1,2.0,1,0,1,1,1,1,1,1,1,0,1,0,1,0,0,0,0,0,0,1,0,0,0,0,0,0,1,0,0,0,1,0,0
1.3862943611198906,1.0986122886681098,6.85751406254539,1.791759469228055,6.139884552226255,0.6931471805599453,2.302585092994046,1.6094379124341003,1,0,1,1,0,0,0,1,0,1.0,0,0,0,0,0,1,0,1,1,0,1,0,0,0,0,0,0,0,0,0,0,0,0,0,1,0,0,0,0,1,0,1,0
1.6094379124341003,1.0986122886681098,7.095893221097532,3.044522437723423,6.529418838262226,0.6931471805599453,2.302585092994046,2.0794415416798357,0,0,0,1,0,0,1,1,0,2.0,1,0,1,1,0,0,1,0,1,1,0,0,1,0,0,0,0,0,0,0,0,0,0,0,1,0,1,0,0,1,1,0,1
1.3862943611198906,1.0986122886681098,7.027314514039777,3.044522437723423,5.424950017481403,0.6931471805599453,2.302585092994046,2.70805020110221,0,0,0,0,0,0,0,0,1,2.0,1,1,1,1,1,1,1,1,1,1,1,1,1,1,0,0,0,0,0,0,0,1,0,0,0,0,1,0,0,1,1,0,0
1.3862943611198906,1.0986122886681098,6.660575149839686,2.302585092994046,5.84354441703136,0.6931471805599453,2.4849066497880004,1.9459101490553132,0,0,1,0,0,0,0,1,0,2.0,1,0,0,1,0,1,0,1,1,0,1,0,0,0,0,0,0,0,0,0,0,0,0,0,1,0,1,0,0,0,0,0,0
1.3862943611198906,1.0986122886681098,6.9440872082295275,3.5263605246161616,6.311734809152915,1.0986122886681098,1.0986122886681098,2.4849066497880004,0,0,0,0,0,0,0,1,1,2.0,1,1,1,1,1,0,1,1,1,1,1,0,1,0,0,0,0,0,0,1,0,0,0,0,0,0,1,0,0,0,0,0,0
1.0986122886681098,0.6931471805599453,6.437751649736401,3.044522437723423,6.139884552226255,0.6931471805599453,2.302585092994046,0.0,0,1,0,1,1,0,1,1,0,2.0,0,0,0,0,0,0,0,0,0,0,0,0,0,0,1,0,0,0,0,0,0,0,0,0,0,0,0,1,0,1,1,1,1
1.3862943611198906,1.0986122886681098,6.55250788703459,3.58351893845611,6.139884552226255,0.6931471805599453,3.258096538021482,1.791759469228055,0,0,0,0,0,0,0,1,1,3.0,0,0,0,1,0,1,0,1,1,0,1,0,0,0,0,0,0,0,0,1,0,0,0,0,0,0,1,0,0,0,0,1,0
1.3862943611198906,1.0986122886681098,6.580639137284949,3.044522437723423,6.139884552226255,0.6931471805599453,2.302585092994046,1.3862943611198906,0,0,0,0,0,0,0,1,1,1.0,0,0,0,0,1,0,0,1,0,0,1,0,0,0,0,0,0,0,0,1,0,0,0,0,0,0,0,0,0,1,1,1,0
1.3862943611198906,1.6094379124341003,7.689828668736484,1.9459101490553132,4.59511985013459,1.6094379124341003,1.9459101490553132,2.6390573296152584,0,0,0,0,0,0,0,1,1,2.0,1,1,1,1,1,0,1,1,1,1,1,1,1,1,0,0,0,0,0,1,0,0,0,0,0,0,1,0,0,0,0,0,0
1.0986122886681098,1.0986122886681098,6.066108090103747,3.044522437723423,6.139884552226255,0.6931471805599453,1.0986122886681098,0.6931471805599453,1,1,1,1,1,0,1,1,1,2.0,0,0,0,0,0,0,1,0,0,0,0,0,0,0,1,0,0,0,0,0,0,0,0,0,0,0,0,0,1,0,1,1,1
1.6094379124341003,1.0986122886681098,7.141245122350491,1.791759469228055,6.139884552226255,1.0986122886681098,2.302585092994046,1.9459101490553132,0,0,0,0,0,1,0,1,1,2.0,0,0,1,0,1,0,0,1,1,0,1,0,1,0,0,0,0,0,0,0,0,0,0,0,1,0,0,0,0,1,0,1,0
1.3862943611198906,1.0986122886681098,6.917705609835305,3.6109179126442243,7.199678345691172,1.0986122886681098,1.9459101490553132,2.4849066497880004,1,0,1,1,0,0,0,1,0,1.0,1,0,1,1,1,1,1,1,1,1,1,0,1,0,1,0,0,0,0,0,0,0,0,0,0,0,0,0,1,0,0,0,0
1.3862943611198906,1.0986122886681098,7.147559271189454,2.772588722239781,5.910796644040527,0.6931471805599453,1.9459101490553132,2.1972245773362196,0,0,0,0,0,0,0,0,1,2.0,0,1,0,1,1,0,1,1,1,0,1,0,1,0,1,0,0,0,0,0,0,0,0,0,0,0,1,0,0,0,0,0,0
1.3862943611198906,1.0986122886681098,6.478509642208569,3.044522437723423,6.139884552226255,0.6931471805599453,2.5649493574615367,2.0794415416798357,0,0,0,0,0,0,0,0,1,3.0,0,1,1,1,0,0,0,0,1,1,1,0,1,0,0,0,0,0,0,0,0,0,0,0,1,0,0,1,0,0,1,1,1
1.3862943611198906,1.0986122886681098,6.920671504248683,3.1780538303479458,6.61338421837956,0.6931471805599453,2.302585092994046,2.1972245773362196,0,0,0,1,0,0,1,1,1,2.0,1,0,1,1,0,1,0,0,1,1,1,0,1,0,0,0,0,0,0,0,0,0,0,0,1,0,0,0,1,0,0,0,1
1.3862943611198906,1.0986122886681098,7.3395376954076745,3.044522437723423,6.139884552226255,0.6931471805599453,2.302585092994046,1.791759469228055,0,0,0,0,0,0,0,1,0,3.0,0,0,0,0,1,0,0,1,1,0,1,0,1,0,0,0,0,0,0,0,0,0,0,1,0,0,1,0,0,1,1,1,0
1.3862943611198906,1.0986122886681098,6.621405651764134,1.791759469228055,6.139884552226255,0.6931471805599453,2.302585092994046,1.3862943611198906,0,0,0,0,0,0,0,0,0,2.0,0,0,0,0,0,1,0,0,1,0,1,0,0,0,0,0,0,0,0,0,0,0,0,0,1,0,0,1,0,1,0,1,1
1.3862943611198906,1.0986122886681098,6.803505257608338,3.044522437723423,6.139884552226255,0.6931471805599453,2.302585092994046,2.0794415416798357,0,0,0,0,0,0,0,1,1,2.0,1,0,1,0,1,0,0,1,1,0,1,0,1,0,0,1,0,0,0,0,0,0,0,0,0,0,0,0,0,1,1,1,0
1.3862943611198906,1.0986122886681098,6.75343791859778,2.6390573296152584,6.52649485957079,0.6931471805599453,2.1972245773362196,2.1972245773362196,0,0,0,0,0,0,0,1,0,2.0,0,0,0,1,1,1,0,1,1,0,1,1,1,0,0,0,0,0,0,0,0,0,0,0,1,0,0,0,0,0,0,0,0
1.6094379124341003,1.3862943611198906,7.234898420314831,3.044522437723423,6.802394763324311,1.0986122886681098,2.3978952727983707,2.5649493574615367,0,0,0,0,0,0,0,1,0,2.0,1,0,1,1,1,1,1,1,1,0,1,1,1,1,0,0,0,0,0,0,0,0,0,0,1,0,1,0,0,0,0,0,0
1.3862943611198906,1.0986122886681098,7.170888478512505,3.332204510175204,5.703782474656201,0.6931471805599453,3.4011973816621555,2.70805020110221,1,1,1,1,1,1,0,1,1,3.0,1,1,1,1,1,1,1,1,1,1,1,1,1,1,1,0,0,0,0,0,0,0,0,0,0,0,1,0,0,0,0,0,1
1.3862943611198906,1.0986122886681098,6.863803391452954,2.995732273553991,5.973809611869261,0.6931471805599453,2.302585092994046,2.5649493574615367,0,0,0,0,0,0,0,1,1,2.0,1,1,1,1,0,1,1,1,1,1,1,0,1,1,0,0,0,0,0,0,0,0,0,0,1,0,1,0,0,1,0,0,1
1.6094379124341003,1.3862943611198906,7.52294091807237,2.0794415416798357,6.139884552226255,1.0986122886681098,2.302585092994046,1.9459101490553132,0,0,0,0,0,0,0,1,0,3.0,0,0,0,0,1,1,0,1,1,0,1,0,1,0,0,0,0,0,0,0,0,0,0,0,1,0,1,0,0,1,0,1,0
1.3862943611198906,1.0986122886681098,6.673297967767654,3.044522437723423,6.139884552226255,0.6931471805599453,2.302585092994046,0.0,1,0,0,1,0,0,0,1,1,3.0,0,0,0,0,0,0,0,0,0,0,0,0,0,0,0,0,0,0,0,0,0,0,0,0,1,0,0,0,0,0,1,1,1
1.3862943611198906,1.0986122886681098,6.974478911025045,3.044522437723423,6.851184927493743,0.6931471805599453,2.0794415416798357,0.6931471805599453,0,0,0,0,0,0,0,1,0,2.0,0,0,0,0,0,0,0,0,0,0,0,1,0,0,0,0,0,0,0,0,0,0,0,0,0,0,1,0,0,0,1,0,0
1.3862943611198906,1.0986122886681098,6.803505257608338,1.791759469228055,6.139884552226255,0.6931471805599453,3.295836866004329,1.791759469228055,1,1,1,1,0,0,1,0,1,1.0,1,0,0,0,0,1,0,1,1,0,1,0,0,0,0,0,0,0,0,0,0,0,0,0,1,0,0,0,0,0,0,1,1
1.3862943611198906,1.3862943611198906,7.025538314638521,3.1354942159291497,6.424869023905388,1.0986122886681098,2.0794415416798357,1.9459101490553132,1,1,1,0,1,0,1,1,1,1.0,0,0,1,0,0,0,1,1,1,0,1,0,1,0,0,0,0,0,0,0,0,0,0,0,1,0,0,0,1,0,0,0,0
1.3862943611198906,1.0986122886681098,6.489204931325317,1.791759469228055,6.139884552226255,0.6931471805599453,2.302585092994046,0.0,0,0,1,1,1,0,0,1,1,2.0,0,0,0,0,0,0,0,0,0,0,0,0,0,0,0,0,0,0,0,0,0,0,0,0,1,0,0,1,0,1,0,1,1
0.6931471805599453,0.6931471805599453,6.363028103540465,3.044522437723423,6.139884552226255,0.6931471805599453,2.302585092994046,0.0,0,0,0,0,0,0,0,1,1,1.0,0,0,0,0,0,0,0,0,0,0,0,0,0,0,0,0,0,1,0,0,0,0,0,0,0,0,1,0,0,1,1,1,1
1.3862943611198906,1.0986122886681098,6.803505257608338,3.044522437723423,6.139884552226255,0.6931471805599453,2.302585092994046,0.0,0,0,0,0,0,0,0,1,1,2.0,0,0,0,0,0,0,0,0,0,0,0,0,0,0,0,0,0,0,0,1,0,0,0,0,0,0,0,0,0,1,1,1,0
1.3862943611198906,1.0986122886681098,7.057036981697891,2.9444389791664403,4.23410650459726,1.0986122886681098,3.332204510175204,2.0794415416798357,0,0,0,0,0,0,0,1,1,2.0,0,0,1,1,1,0,0,1,0,0,1,0,1,1,0,0,0,0,0,1,0,0,0,0,0,0,0,0,0,0,0,0,0
1.0986122886681098,0.6931471805599453,6.206575926724928,3.044522437723423,6.139884552226255,0.6931471805599453,2.302585092994046,0.0,0,0,0,0,0,0,0,1,0,1.0,0,0,0,0,0,0,0,0,0,0,0,0,0,0,0,0,0,0,0,0,0,0,0,1,0,0,0,1,0,1,1,1,1
1.3862943611198906,1.0986122886681098,6.478509642208569,1.3862943611198906,6.139884552226255,0.6931471805599453,2.1972245773362196,0.0,0,0,1,1,0,0,0,1,1,1.0,0,0,0,0,0,0,0,0,0,0,0,0,0,0,0,0,0,0,0,0,0,0,0,0,1,0,0,0,0,0,0,1,1
1.3862943611198906,1.0986122886681098,6.763884908562435,2.772588722239781,6.139884552226255,0.6931471805599453,2.302585092994046,1.9459101490553132,0,0,1,1,0,0,0,0,0,3.0,1,1,0,1,0,0,0,1,1,0,1,0,0,0,0,0,0,0,0,0,0,0,0,0,1,0,0,0,0,1,0,1,0
1.6094379124341003,1.0986122886681098,6.762729506931879,1.791759469228055,6.139884552226255,0.6931471805599453,2.302585092994046,1.3862943611198906,1,1,1,0,0,0,0,0,0,2.0,0,0,0,0,0,0,0,1,1,0,1,0,0,0,0,0,0,0,0,0,0,0,0,0,1,0,0,0,0,1,0,1,0
1.3862943611198906,0.6931471805599453,6.7464121285733745,3.044522437723423,6.139884552226255,0.6931471805599453,2.302585092994046,0.0,0,0,0,0,0,0,0,1,0,2.0,0,0,0,0,0,0,0,0,0,0,0,0,0,0,0,0,0,0,0,0,0,0,0,0,0,1,0,0,0,1,1,1,0
1.3862943611198906,0.6931471805599453,7.2078598714324755,3.044522437723423,6.139884552226255,0.6931471805599453,2.302585092994046,2.1972245773362196,0,0,0,0,0,0,0,1,1,2.0,1,0,1,1,1,0,0,1,1,0,1,0,1,0,0,0,0,0,0,0,0,0,0,0,0,1,1,0,0,1,1,1,0
1.3862943611198906,1.0986122886681098,6.90875477931522,3.044522437723423,5.41610040220442,0.6931471805599453,2.833213344056216,0.0,0,0,0,0,0,0,0,1,1,2.0,0,0,0,0,0,0,0,0,0,0,0,0,0,0,0,0,0,0,0,1,0,0,0,0,0,0,1,0,0,0,0,0,1
1.3862943611198906,1.0986122886681098,7.086737934510577,2.9444389791664403,6.2166061010848646,0.6931471805599453,3.332204510175204,2.0794415416798357,0,0,0,0,0,0,0,1,1,2.0,0,0,0,1,1,1,0,1,1,0,1,1,0,0,1,0,0,0,0,0,0,0,0,0,0,0,1,0,0,0,0,0,0
1.3862943611198906,1.0986122886681098,6.771935555839602,2.4849066497880004,6.5638555265321274,0.6931471805599453,2.302585092994046,2.0794415416798357,0,0,0,0,0,0,0,1,0,1.0,1,1,1,0,0,0,0,0,1,0,1,0,1,1,0,0,0,0,0,0,0,0,0,0,0,0,0,0,0,1,0,0,0
1.3862943611198906,0.6931471805599453,6.329720905522696,3.044522437723423,6.139884552226255,0.6931471805599453,2.9444389791664403,0.6931471805599453,0,0,0,0,0,0,0,1,1,3.0,0,0,0,0,1,0,0,0,0,0,0,0,0,0,0,0,0,0,0,1,0,0,0,0,0,0,0,1,0,0,0,1,1
1.3862943611198906,1.0986122886681098,7.00397413672268,3.044522437723423,6.139884552226255,1.0986122886681098,2.302585092994046,1.9459101490553132,0,0,0,0,0,0,0,1,0,1.0,0,0,1,0,1,0,0,1,1,0,1,0,1,0,0,0,0,0,0,0,0,0,0,1,0,0,1,0,0,1,1,1,0
1.0986122886681098,0.6931471805599453,6.249975242259483,3.044522437723423,6.139884552226255,0.6931471805599453,2.302585092994046,0.6931471805599453,0,0,0,0,0,0,0,1,1,2.0,0,0,0,0,1,0,0,0,0,0,0,0,0,0,0,0,0,0,0,0,0,0,0,0,1,0,0,0,0,1,1,1,1
1.3862943611198906,1.3862943611198906,7.1808311990445555,3.044522437723423,5.983936280687191,1.0986122886681098,2.833213344056216,1.791759469228055,0,0,0,0,0,0,0,1,1,1.0,0,0,0,0,1,0,0,1,1,0,1,0,1,0,0,0,0,0,0,1,0,0,0,0,0,0,1,0,0,0,1,0,0
1.3862943611198906,1.0986122886681098,6.7464121285733745,2.833213344056216,6.594413459749778,1.0986122886681098,1.791759469228055,2.0794415416798357,0,0,1,0,0,0,0,0,1,2.0,0,0,1,1,0,1,1,1,1,0,1,0,0,0,0,0,0,0,0,0,0,0,0,0,1,0,0,0,0,0,0,0,0
1.3862943611198906,1.0986122886681098,6.55250788703459,3.1780538303479458,6.073044534100405,0.6931471805599453,3.2188758248682006,2.302585092994046,0,0,0,0,0,0,0,1,1,1.0,1,0,1,1,0,1,0,1,1,0,1,0,1,1,0,0,0,0,0,1,0,0,0,0,0,0,0,0,0,0,0,0,0
1.3862943611198906,1.0986122886681098,6.478509642208569,3.332204510175204,6.12029741895095,0.6931471805599453,2.302585092994046,1.3862943611198906,0,0,0,0,0,0,0,1,1,2.0,0,0,0,0,1,0,0,1,0,0,1,0,0,0,0,0,0,0,0,1,0,0,0,0,0,0,0,0,0,1,0,0,1
1.3862943611198906,1.0986122886681098,6.716594773520978,3.044522437723423,5.886104031450156,0.6931471805599453,1.0986122886681098,1.9459101490553132,1,1,1,0,1,1,0,1,0,2.0,0,0,1,0,1,0,1,0,1,0,1,0,1,0,0,0,0,0,0,0,0,0,0,0,1,0,0,0,0,0,1,0,0
1.3862943611198906,1.0986122886681098,7.076653815443951,3.044522437723423,6.139884552226255,1.0986122886681098,2.302585092994046,0.6931471805599453,0,0,0,0,0,0,0,1,1,2.0,0,0,0,0,0,0,1,0,0,0,0,0,0,0,0,0,0,0,0,1,0,0,0,0,0,0,1,0,0,1,1,1,0
1.3862943611198906,1.0986122886681098,6.82001636467413,3.044522437723423,6.139884552226255,0.6931471805599453,2.302585092994046,0.0,0,0,0,0,0,0,0,1,1,1.0,0,0,0,0,0,0,0,0,0,0,0,0,0,0,0,1,0,0,0,0,0,0,0,0,0,0,0,0,0,1,1,1,1
1.6094379124341003,1.0986122886681098,7.21081845347222,3.044522437723423,6.139884552226255,1.0986122886681098,2.302585092994046,2.6390573296152584,0,0,0,0,0,0,0,0,1,2.0,1,1,1,1,1,1,1,1,1,1,1,1,1,0,0,0,0,0,0,0,0,0,0,0,0,0,0,0,0,1,1,1,0
1.6094379124341003,1.0986122886681098,7.00397413672268,3.044522437723423,6.139884552226255,1.0986122886681098,2.302585092994046,2.70805020110221,0,0,0,0,0,0,0,1,1,1.0,1,1,1,1,1,1,1,1,1,1,1,1,1,1,0,0,0,0,0,0,0,0,0,0,1,0,1,0,0,1,1,1,0
0.6931471805599453,0.6931471805599453,6.361302477572996,3.58351893845611,7.0909098220799835,0.6931471805599453,3.044522437723423,1.791759469228055,1,1,1,1,1,0,1,1,1,3.0,0,0,1,0,1,0,0,1,0,0,1,0,1,0,1,0,0,0,0,0,0,0,0,0,0,0,1,0,0,0,0,0,1
1.0986122886681098,1.0986122886681098,6.710523109452428,3.044522437723423,6.331501849893691,0.6931471805599453,2.302585092994046,2.302585092994046,0,0,0,0,0,0,0,1,1,2.0,0,0,1,1,0,1,1,1,1,0,1,0,1,1,0,0,0,0,0,0,0,0,0,0,0,0,0,0,0,0,1,0,1
1.3862943611198906,1.0986122886681098,6.55250788703459,3.091042453358316,6.391917113392602,0.6931471805599453,3.258096538021482,1.0986122886681098,0,0,0,0,0,0,0,1,1,2.0,0,0,0,0,1,0,0,0,0,0,1,0,0,0,0,0,0,0,0,1,0,0,0,0,0,0,0,0,0,0,0,0,1
1.0986122886681098,1.0986122886681098,6.68586094706836,3.044522437723423,6.139884552226255,0.6931471805599453,2.302585092994046,2.3978952727983707,1,0,0,1,0,0,1,1,1,2.0,1,0,1,0,1,1,1,1,1,1,1,0,1,0,1,0,0,0,0,0,0,0,0,0,0,0,0,0,1,1,1,1,0
1.3862943611198906,1.0986122886681098,7.388327859577107,2.995732273553991,5.37989735354046,0.6931471805599453,3.2188758248682006,2.302585092994046,0,0,0,0,0,0,0,1,0,2.0,1,1,1,1,0,0,0,1,1,1,1,0,1,0,0,0,0,0,0,0,0,0,0,0,0,0,1,0,0,0,0,0,1
1.3862943611198906,1.0986122886681098,7.00397413672268,3.044522437723423,4.700480365792417,0.6931471805599453,2.302585092994046,2.302585092994046,0,0,0,0,0,0,0,1,0,2.0,1,1,1,0,1,0,0,1,1,1,1,0,1,0,0,0,0,0,0,0,0,0,1,0,0,0,1,0,0,1,1,0,0
0.6931471805599453,0.6931471805599453,6.184148890937483,3.044522437723423,7.057036981697891,0.6931471805599453,2.3978952727983707,2.70805020110221,0,0,0,0,0,0,0,1,1,2.0,1,1,1,1,1,1,1,1,1,1,1,1,1,1,0,0,0,0,0,0,0,0,0,0,0,0,0,0,1,0,1,0,0
1.3862943611198906,1.0986122886681098,7.0909098220799835,4.110873864173311,7.324489979348532,0.6931471805599453,1.9459101490553132,2.4849066497880004,1,1,1,1,0,0,1,1,1,2.0,1,0,1,1,1,1,0,1,1,1,1,0,1,1,1,0,0,0,0,0,0,0,0,0,0,0,0,0,1,0,0,0,1
1.0986122886681098,1.0986122886681098,6.759255270663693,3.044522437723423,6.139884552226255,0.6931471805599453,2.302585092994046,1.3862943611198906,0,0,0,0,0,0,0,1,0,2.0,0,0,0,0,1,0,0,1,0,0,1,0,0,0,0,1,0,0,0,0,0,0,0,0,0,0,1,0,0,1,1,1,0
1.3862943611198906,1.0986122886681098,6.85751406254539,2.6390573296152584,4.290459441148391,0.6931471805599453,3.295836866004329,1.791759469228055,0,0,0,0,0,0,0,1,1,2.0,0,0,0,0,1,0,0,1,1,0,1,0,1,0,0,0,0,0,0,1,0,0,0,0,0,0,1,0,0,0,0,0,0
1.3862943611198906,1.0986122886681098,6.917705609835305,3.6109179126442243,7.199678345691172,1.0986122886681098,1.9459101490553132,1.9459101490553132,1,0,1,1,0,0,0,1,0,3.0,0,0,0,1,0,1,1,0,1,0,1,0,1,0,1,0,0,0,0,0,0,0,0,0,0,0,0,0,1,0,0,0,0
1.3862943611198906,1.0986122886681098,6.895682697747868,1.791759469228055,4.394449154672439,0.6931471805599453,1.9459101490553132,2.0794415416798357,0,0,0,0,0,0,0,1,0,3.0,1,0,0,1,1,0,0,1,1,0,1,0,1,0,0,0,0,0,0,0,0,0,1,0,0,0,0,0,0,0,0,0,0
1.3862943611198906,1.0986122886681098,6.55250788703459,3.4965075614664802,6.8966943316227125,0.6931471805599453,3.295836866004329,2.0794415416798357,0,0,0,0,0,0,0,1,1,2.0,0,0,1,0,1,0,0,1,1,0,1,0,1,1,0,0,0,0,0,1,0,0,0,0,0,0,1,0,0,0,0,0,0
1.3862943611198906,1.0986122886681098,6.784457062637643,3.044522437723423,6.139884552226255,0.6931471805599453,2.302585092994046,1.0986122886681098,0,0,1,0,0,0,0,1,0,2.0,0,0,0,0,0,0,0,1,1,0,0,0,0,0,0,0,0,0,0,0,0,0,0,0,1,0,0,0,0,1,1,1,0
1.3862943611198906,1.0986122886681098,7.161622002939187,3.091042453358316,6.1224928095143865,1.0986122886681098,2.1972245773362196,2.302585092994046,0,0,0,0,0,0,0,1,1,2.0,1,0,1,1,1,1,1,0,1,0,1,0,1,0,0,0,0,0,0,0,0,0,0,0,1,0,1,0,0,0,0,0,0
1.6094379124341003,1.6094379124341003,7.7702232041587855,3.044522437723423,4.356708826689592,1.3862943611198906,2.70805020110221,2.70805020110221,1,1,0,1,1,0,1,1,1,2.0,1,1,1,1,1,1,1,1,1,1,1,1,1,1,1,0,0,0,0,0,0,0,0,0,0,0,1,0,0,0,1,0,0
1.0986122886681098,1.0986122886681098,7.300472814267799,3.044522437723423,6.139884552226255,0.6931471805599453,2.302585092994046,2.1972245773362196,0,0,0,0,0,0,0,1,0,2.0,1,0,0,1,1,0,0,1,1,0,1,0,1,1,0,1,0,0,0,0,0,0,0,0,0,0,1,0,0,1,1,1,1
1.3862943611198906,1.0986122886681098,6.942156705699469,2.833213344056216,4.812184355372417,1.0986122886681098,2.833213344056216,2.0794415416798357,0,0,0,0,0,0,0,1,1,2.0,0,0,1,0,1,0,0,1,1,1,1,0,1,0,0,0,0,0,0,1,0,0,0,0,0,0,1,0,0,0,0,0,0
1.3862943611198906,1.3862943611198906,7.0909098220799835,1.791759469228055,6.139884552226255,1.3862943611198906,2.302585092994046,1.3862943611198906,1,0,1,1,0,0,1,1,1,1.0,1,0,1,0,0,0,1,0,0,0,0,0,0,0,1,0,0,0,0,0,0,0,0,0,0,0,1,0,0,1,0,1,0
1.3862943611198906,1.0986122886681098,6.957497370876951,3.044522437723423,6.648984550024776,1.0986122886681098,2.0794415416798357,1.9459101490553132,0,0,0,0,0,0,0,1,1,2.0,0,0,1,1,0,0,0,1,1,0,1,0,1,0,0,0,0,0,0,1,0,0,0,0,0,0,1,0,0,0,0,0,0
1.6094379124341003,1.3862943611198906,7.313886831633462,3.332204510175204,5.030437921392435,0.6931471805599453,2.70805020110221,2.0794415416798357,1,1,1,1,1,0,1,1,1,2.0,0,0,1,0,1,0,0,1,1,1,1,0,1,0,1,0,0,0,0,0,0,0,0,0,0,0,0,0,1,0,0,0,1
1.3862943611198906,1.0986122886681098,6.7464121285733745,3.4657359027997265,6.729824070489475,1.0986122886681098,0.0,1.3862943611198906,1,0,1,1,0,0,1,1,1,2.0,1,0,0,1,0,0,0,0,1,0,0,0,0,0,0,0,0,0,0,0,0,0,0,0,1,0,0,0,1,0,0,0,0
1.3862943611198906,1.0986122886681098,6.621405651764134,3.4339872044851463,6.2166061010848646,0.6931471805599453,2.4849066497880004,2.302585092994046,0,0,0,0,0,0,0,1,1,3.0,1,0,1,1,1,0,1,1,1,0,1,0,1,0,0,0,0,0,0,1,0,0,0,0,0,0,0,0,0,0,0,0,0
1.3862943611198906,1.0986122886681098,6.894670039433482,3.258096538021482,6.373319789577012,1.0986122886681098,2.1972245773362196,2.6390573296152584,0,0,0,0,0,0,0,1,1,3.0,1,1,1,1,1,1,1,1,1,1,1,1,1,0,0,0,0,0,0,0,0,0,0,0,0,0,0,0,0,0,0,0,0
1.0986122886681098,0.6931471805599453,6.55250788703459,3.044522437723423,6.139884552226255,0.6931471805599453,2.302585092994046,1.3862943611198906,0,0,0,0,0,0,0,1,1,2.0,0,0,0,0,1,0,0,1,0,0,1,0,0,0,0,0,0,0,0,1,0,0,0,0,0,0,1,0,0,1,1,1,0
1.0986122886681098,1.0986122886681098,6.7464121285733745,3.2188758248682006,6.2324480165505225,1.0986122886681098,1.3862943611198906,2.302585092994046,0,1,0,1,0,0,1,0,1,2.0,1,0,1,1,1,0,1,1,1,0,1,0,1,0,1,0,0,0,0,0,0,0,0,0,0,0,0,0,1,0,0,0,0
1.3862943611198906,1.0986122886681098,6.956545443151569,2.5649493574615367,5.564520407322694,0.6931471805599453,2.8903717578961645,2.1972245773362196,0,0,0,0,0,0,0,0,0,2.0,0,0,1,1,1,1,0,1,1,0,1,0,1,0,0,0,0,0,0,0,0,0,0,0,1,0,1,0,0,0,0,0,0
1.3862943611198906,1.0986122886681098,6.914730892718563,3.044522437723423,6.139884552226255,1.0986122886681098,2.302585092994046,0.0,0,0,0,0,0,0,0,1,1,2.0,0,0,0,0,0,0,0,0,0,0,0,0,0,0,0,0,0,0,0,0,0,1,0,0,0,0,0,0,0,1,1,1,0
1.3862943611198906,1.0986122886681098,6.7464121285733745,3.58351893845611,7.519692404116539,0.6931471805599453,1.6094379124341003,2.6390573296152584,0,0,0,0,0,0,0,1,1,2.0,1,1,1,1,0,1,1,1,1,1,1,1,1,1,0,0,0,0,0,0,0,0,0,0,0,0,0,0,1,0,0,0,1
1.3862943611198906,1.0986122886681098,7.05617528410041,3.044522437723423,6.139884552226255,0.6931471805599453,2.302585092994046,1.791759469228055,0,0,0,0,0,0,0,1,1,2.0,1,0,0,0,1,0,0,1,1,0,1,0,0,0,0,0,0,0,0,1,0,0,0,0,0,0,0,0,0,1,1,1,1
1.3862943611198906,1.0986122886681098,6.85751406254539,3.044522437723423,6.139884552226255,1.0986122886681098,2.302585092994046,2.1972245773362196,0,0,0,0,0,0,0,1,1,2.0,0,0,1,1,1,0,0,1,1,1,1,0,1,0,0,0,0,0,0,0,0,0,0,0,0,0,0,0,1,1,1,1,0
1.3862943611198906,1.0986122886681098,6.734591659972948,3.258096538021482,6.398594934535208,0.6931471805599453,2.1972245773362196,0.0,0,0,0,0,0,0,0,1,1,2.0,0,0,0,0,0,0,0,0,0,0,0,0,0,0,0,0,0,0,0,0,0,0,0,0,1,0,0,0,1,0,0,0,1
1.3862943611198906,1.0986122886681098,6.8001700683022,3.044522437723423,6.558197802812269,0.6931471805599453,2.6390573296152584,2.3978952727983707,1,0,0,1,0,0,0,0,0,1.0,1,1,1,0,1,1,1,1,1,0,1,0,1,0,0,0,0,0,0,0,0,0,0,0,1,0,1,0,0,0,1,0,0
1.3862943611198906,1.0986122886681098,6.55250788703459,2.9444389791664403,4.727387818712341,0.6931471805599453,2.302585092994046,1.3862943611198906,0,0,0,0,0,0,0,1,1,2.0,0,0,0,0,1,0,0,1,0,0,1,0,0,0,0,0,0,0,0,1,0,0,0,0,0,0,0,0,0,1,0,0,0
1.3862943611198906,1.0986122886681098,6.478509642208569,1.791759469228055,7.00397413672268,0.6931471805599453,2.302585092994046,2.0794415416798357,1,0,0,0,0,1,1,1,0,1.0,1,0,0,1,0,1,1,1,1,0,1,0,0,0,0,0,0,0,0,0,0,0,0,0,1,0,0,0,0,1,0,0,1
0.6931471805599453,0.6931471805599453,6.284134161070802,3.044522437723423,6.139884552226255,0.6931471805599453,2.302585092994046,2.0794415416798357,0,0,0,0,0,0,0,1,1,2.0,0,0,1,0,1,0,1,1,0,1,1,0,1,0,0,0,0,0,0,0,0,0,0,0,0,0,0,0,1,1,1,1,1
1.6094379124341003,1.3862943611198906,7.313886831633462,3.044522437723423,6.139884552226255,1.0986122886681098,2.302585092994046,2.5649493574615367,0,0,0,0,0,0,0,1,1,1.0,1,0,1,1,1,1,1,1,1,1,1,0,1,1,1,0,0,0,0,0,0,0,0,0,0,0,1,0,0,1,1,1,0
1.3862943611198906,1.0986122886681098,7.112327444710911,3.6635616461296463,6.161207321695077,1.0986122886681098,1.791759469228055,2.1972245773362196,0,0,0,0,0,0,0,1,1,3.0,0,0,1,0,0,1,0,1,1,1,1,1,1,0,0,0,0,0,0,1,0,0,0,0,0,0,1,0,0,0,0,0,0
1.3862943611198906,1.3862943611198906,8.412054873292933,2.6390573296152584,4.653960350157523,1.0986122886681098,2.833213344056216,0.0,0,0,0,0,0,0,0,1,1,2.0,0,0,0,0,0,0,0,0,0,0,0,0,0,0,1,0,0,0,0,0,0,0,0,0,0,0,1,0,0,0,0,0,0
1.0986122886681098,1.3862943611198906,6.85751406254539,3.044522437723423,6.111467339502679,1.0986122886681098,0.6931471805599453,2.5649493574615367,0,0,0,0,0,0,0,1,1,3.0,1,1,1,1,1,1,1,1,1,1,1,0,1,0,0,0,0,0,0,1,0,0,0,0,0,0,1,0,0,0,1,0,0
1.3862943611198906,1.0986122886681098,7.00397413672268,2.9444389791664403,6.139884552226255,0.6931471805599453,3.2188758248682006,2.3978952727983707,1,1,1,1,0,0,1,1,1,2.0,1,0,1,0,1,1,1,1,1,0,1,0,1,1,1,0,0,0,0,0,0,0,0,0,0,0,1,0,0,0,0,1,0
1.3862943611198906,1.0986122886681098,6.7226297948554485,3.044522437723423,6.139884552226255,0.6931471805599453,2.302585092994046,1.3862943611198906,0,1,1,1,1,0,1,1,0,2.0,0,0,0,1,0,1,0,0,1,0,0,0,0,0,1,0,0,0,0,0,0,0,0,0,0,0,0,0,0,1,1,1,1
1.3862943611198906,1.0986122886681098,6.111467339502679,3.044522437723423,7.047517221357296,1.0986122886681098,2.1972245773362196,2.4849066497880004,0,0,0,0,0,0,0,1,1,2.0,1,0,1,1,1,1,1,1,1,1,1,0,1,0,0,0,0,0,0,0,0,0,0,0,1,0,0,0,1,0,1,0,0
1.791759469228055,1.6094379124341003,8.002359546252707,2.9444389791664403,6.259581464064923,1.0986122886681098,2.772588722239781,2.70805020110221,0,0,0,0,0,0,0,1,0,2.0,1,1,1,1,1,1,1,1,1,1,1,1,1,1,0,0,0,0,0,0,0,0,0,0,1,0,1,0,0,0,0,0,0
1.3862943611198906,1.0986122886681098,6.807934943699926,3.044522437723423,6.139884552226255,0.6931471805599453,2.302585092994046,1.9459101490553132,0,0,0,0,0,0,0,1,0,2.0,0,0,1,1,1,0,0,1,1,0,1,0,0,0,0,0,0,0,0,1,0,0,0,0,0,0,0,0,0,1,1,1,0
1.3862943611198906,1.0986122886681098,6.962243464266207,3.044522437723423,6.139884552226255,1.0986122886681098,2.302585092994046,2.70805020110221,0,0,0,0,0,0,0,0,1,3.0,1,1,1,1,1,1,1,1,1,1,1,1,1,1,0,0,0,0,0,0,0,0,0,0,1,0,0,0,0,1,1,1,0
1.3862943611198906,1.3862943611198906,7.170888478512505,3.295836866004329,6.3080984415095305,1.0986122886681098,2.0794415416798357,2.70805020110221,0,0,0,0,0,0,0,1,1,1.0,1,1,1,1,1,1,1,1,1,1,1,1,1,1,0,0,0,0,0,1,0,0,0,0,0,0,1,0,0,0,0,0,0
1.0986122886681098,0.6931471805599453,6.535241271013659,3.044522437723423,6.139884552226255,0.6931471805599453,2.302585092994046,0.0,0,0,0,0,0,0,0,1,1,2.0,0,0,0,0,0,0,0,0,0,0,0,0,0,0,0,1,0,0,0,0,0,0,0,0,0,0,0,0,1,1,1,1,0
1.3862943611198906,1.0986122886681098,7.016609683894219,3.044522437723423,6.139884552226255,1.0986122886681098,2.302585092994046,2.1972245773362196,0,0,0,0,0,0,0,1,1,2.0,1,0,1,0,1,0,1,1,1,0,1,0,1,0,0,0,0,0,0,1,0,0,0,0,0,0,1,0,0,1,1,1,0
1.3862943611198906,1.0986122886681098,6.898714534329988,3.091042453358316,5.883322388488279,0.6931471805599453,2.3978952727983707,2.3978952727983707,0,1,1,1,1,1,1,1,0,2.0,1,1,1,0,0,1,1,1,1,1,1,0,1,0,0,0,0,0,0,0,0,0,0,0,1,0,1,0,0,0,0,0,1
1.3862943611198906,1.0986122886681098,6.672032945461067,3.044522437723423,6.139884552226255,0.6931471805599453,2.302585092994046,0.0,0,0,0,0,0,0,0,1,1,1.0,0,0,0,0,0,0,0,0,0,0,0,0,0,0,0,0,0,0,0,0,0,0,0,0,1,0,0,0,0,1,1,1,1
1.3862943611198906,1.0986122886681098,7.00397413672268,2.70805020110221,4.574710978503383,0.6931471805599453,3.295836866004329,1.3862943611198906,0,0,0,0,0,0,0,1,1,1.0,0,0,0,0,0,0,0,1,0,0,1,0,1,0,0,0,0,0,0,1,0,0,0,0,0,0,1,0,0,0,0,0,0
1.3862943611198906,1.0986122886681098,6.946975992135418,1.791759469228055,6.139884552226255,0.6931471805599453,2.302585092994046,1.6094379124341003,1,1,1,1,0,0,1,1,1,1.0,1,0,0,0,0,0,0,1,1,0,1,0,0,0,0,0,0,0,0,0,0,0,0,0,1,0,0,0,0,1,0,1,1
1.3862943611198906,1.0986122886681098,6.767343125265392,2.772588722239781,6.139884552226255,0.6931471805599453,2.833213344056216,1.9459101490553132,0,1,0,0,0,1,1,0,1,2.0,0,0,0,0,1,1,1,1,1,0,1,0,0,0,0,0,0,0,0,0,0,0,0,0,1,0,0,0,0,0,0,1,0
1.3862943611198906,1.0986122886681098,7.109062135687172,2.833213344056216,6.139884552226255,0.6931471805599453,3.332204510175204,2.302585092994046,0,0,1,1,0,1,1,1,1,1.0,0,0,1,1,0,1,0,1,1,0,1,1,1,1,1,0,0,0,0,0,0,0,0,0,0,0,1,0,0,0,0,1,1
1.3862943611198906,1.0986122886681098,6.621405651764134,3.044522437723423,6.139884552226255,0.6931471805599453,2.302585092994046,1.6094379124341003,0,0,0,0,0,0,0,1,0,2.0,0,0,0,0,0,1,0,1,1,0,1,0,0,0,0,0,0,0,0,0,0,0,1,0,0,0,0,0,0,1,1,1,1
1.3862943611198906,1.0986122886681098,6.926577033222725,3.1780538303479458,5.703782474656201,0.6931471805599453,2.833213344056216,1.9459101490553132,0,1,1,1,1,0,1,1,0,2.0,0,0,0,1,0,1,0,1,1,0,1,0,1,0,0,0,0,0,0,0,0,0,0,0,1,0,0,0,0,0,0,0,0
1.0986122886681098,0.6931471805599453,6.573680166960646,3.044522437723423,5.973809611869261,0.6931471805599453,2.302585092994046,2.70805020110221,0,0,0,0,0,0,0,1,1,2.0,1,1,1,1,1,1,1,1,1,1,1,1,1,1,0,0,0,0,0,0,0,0,0,0,0,0,0,0,0,1,1,0,0
1.3862943611198906,1.0986122886681098,6.68586094706836,3.1354942159291497,6.139884552226255,0.6931471805599453,2.9444389791664403,1.6094379124341003,0,0,0,0,0,0,0,1,0,2.0,0,0,0,0,1,0,0,1,1,0,1,0,0,0,0,0,0,0,0,1,0,0,0,0,0,0,0,0,0,0,0,1,0
1.3862943611198906,1.0986122886681098,7.089243155027514,3.044522437723423,6.2878585601617845,0.6931471805599453,2.0794415416798357,0.0,1,0,0,0,0,0,1,0,0,2.0,0,0,0,0,0,0,0,0,0,0,0,0,0,0,0,0,0,0,0,0,0,0,0,0,1,0,1,0,0,0,1,0,1
1.3862943611198906,0.6931471805599453,6.759255270663693,3.044522437723423,6.139884552226255,0.6931471805599453,2.302585092994046,0.0,0,0,0,0,0,0,0,1,0,2.0,0,0,0,0,0,0,0,0,0,0,0,0,0,0,0,0,0,0,0,0,0,0,0,1,0,0,0,0,0,1,1,1,0
1.3862943611198906,1.0986122886681098,7.00397413672268,3.4339872044851463,6.705639094860003,1.6094379124341003,2.0794415416798357,2.302585092994046,0,0,0,0,0,0,0,1,1,3.0,1,0,1,1,1,0,1,1,1,0,1,0,1,0,0,0,0,0,0,1,0,0,0,0,0,0,1,0,0,0,0,0,0
1.0986122886681098,0.6931471805599453,6.478509642208569,3.044522437723423,6.139884552226255,0.6931471805599453,2.302585092994046,1.6094379124341003,0,0,0,0,0,0,0,1,1,2.0,0,0,0,0,1,1,1,0,0,0,1,0,0,0,0,0,0,0,0,1,0,0,0,0,0,0,0,1,0,1,1,1,1
1.3862943611198906,1.3862943611198906,7.15305163493748,2.772588722239781,4.9344739331306915,1.3862943611198906,2.0794415416798357,2.0794415416798357,0,0,0,0,0,0,0,0,0,2.0,0,0,1,0,1,0,1,1,1,0,1,0,1,0,0,0,0,0,0,0,0,0,0,0,1,0,1,0,0,0,0,0,0
1.3862943611198906,1.3862943611198906,7.282073658093465,2.302585092994046,5.342334251964811,1.0986122886681098,3.258096538021482,2.0794415416798357,0,0,0,0,1,0,0,1,1,2.0,1,0,1,0,0,1,0,1,1,0,1,0,1,0,0,0,0,0,0,0,0,0,0,0,1,0,1,0,0,0,0,0,0
1.3862943611198906,1.0986122886681098,6.898714534329988,4.07753744390572,7.170888478512505,1.0986122886681098,2.302585092994046,2.1972245773362196,1,1,0,1,1,0,1,1,0,2.0,1,0,1,1,0,0,1,0,1,1,1,0,1,0,1,0,0,0,0,0,0,0,0,0,0,0,0,0,1,1,0,0,0
1.3862943611198906,1.0986122886681098,6.732210706467206,3.1354942159291497,6.705639094860003,1.0986122886681098,2.833213344056216,2.1972245773362196,0,0,0,0,0,0,0,1,1,2.0,1,0,1,1,1,0,0,1,1,0,1,0,1,0,0,0,0,0,0,1,0,0,0,0,0,0,1,0,0,0,0,0,0
1.3862943611198906,1.0986122886681098,7.288927694521257,3.044522437723423,7.5652752818989315,1.0986122886681098,2.3978952727983707,1.9459101490553132,0,0,0,0,0,0,0,1,0,2.0,0,0,1,0,0,1,0,1,1,0,1,0,1,0,0,0,0,0,0,0,0,0,0,0,1,0,1,0,0,0,1,0,0
1.0986122886681098,1.0986122886681098,6.660575149839686,3.044522437723423,6.8690144506657065,1.0986122886681098,1.6094379124341003,2.4849066497880004,0,0,0,0,0,0,0,1,0,2.0,1,0,1,0,1,1,0,1,1,1,1,1,1,1,0,0,0,0,0,0,0,0,0,0,0,0,1,0,0,0,1,0,0
1.3862943611198906,1.0986122886681098,6.7580945044277305,3.332204510175204,6.139884552226255,0.6931471805599453,2.9444389791664403,2.0794415416798357,0,0,0,0,0,0,0,1,1,2.0,1,0,1,0,1,0,0,1,1,0,1,0,1,0,0,0,0,0,0,1,0,0,0,0,0,0,1,0,0,0,0,1,0
1.3862943611198906,1.0986122886681098,6.7580945044277305,3.044522437723423,6.139884552226255,0.6931471805599453,2.302585092994046,1.9459101490553132,0,0,0,0,0,0,0,1,0,2.0,0,0,0,0,1,1,1,1,1,0,1,0,0,0,0,0,0,0,0,1,0,0,0,0,0,0,0,0,0,1,1,1,0
1.3862943611198906,1.0986122886681098,6.955592608396297,2.3978952727983707,6.139884552226255,0.6931471805599453,3.5263605246161616,2.5649493574615367,1,0,1,1,0,1,1,1,1,2.0,1,1,1,1,1,1,1,1,1,1,1,0,1,0,0,0,0,0,0,0,0,0,0,0,1,0,0,0,0,0,0,1,0
1.3862943611198906,1.0986122886681098,6.85751406254539,3.258096538021482,6.115892125483034,1.0986122886681098,1.9459101490553132,1.791759469228055,0,0,0,0,0,0,0,0,1,2.0,0,0,1,0,1,0,0,1,1,0,0,0,1,0,0,0,0,0,0,0,0,1,0,0,0,0,1,0,0,0,0,0,0
1.3862943611198906,1.0986122886681098,6.957497370876951,3.044522437723423,6.139884552226255,0.6931471805599453,2.302585092994046,0.6931471805599453,0,0,0,0,0,0,0,1,0,2.0,0,0,0,0,1,0,0,0,0,0,0,0,0,0,0,0,0,0,0,0,0,0,0,0,1,0,0,0,0,1,1,1,1
1.3862943611198906,1.0986122886681098,7.030857476116121,3.044522437723423,6.139884552226255,0.6931471805599453,2.302585092994046,0.0,0,0,0,0,0,0,0,1,1,2.0,0,0,0,0,0,0,0,0,0,0,0,0,0,0,0,0,0,0,0,0,0,0,0,1,0,0,0,0,1,1,1,1,1
1.3862943611198906,1.0986122886681098,6.55250788703459,1.791759469228055,3.9318256327243257,0.6931471805599453,2.302585092994046,1.6094379124341003,0,0,0,0,0,0,0,1,1,2.0,0,0,0,1,0,1,0,0,0,1,1,0,0,0,0,0,0,0,0,1,0,0,0,0,0,0,0,0,0,1,0,0,0
1.3862943611198906,1.0986122886681098,6.536691597591305,2.8903717578961645,1.3862943611198906,0.6931471805599453,3.4657359027997265,0.0,0,0,0,0,0,0,0,1,1,1.0,0,0,0,0,0,0,0,0,0,0,0,0,0,0,0,0,0,0,0,1,0,0,0,0,0,0,0,0,0,0,0,0,1
1.3862943611198906,1.0986122886681098,7.018401799069201,3.6635616461296463,6.139884552226255,1.0986122886681098,2.6390573296152584,2.0794415416798357,0,0,0,0,0,0,0,1,0,2.0,1,0,1,0,1,0,0,1,0,0,1,1,1,0,0,0,0,0,0,1,0,0,0,0,0,0,1,0,0,0,0,1,0
1.3862943611198906,1.0986122886681098,7.244941546337007,3.258096538021482,5.655991810819852,1.0986122886681098,3.044522437723423,2.1972245773362196,0,0,0,0,0,0,0,1,1,1.0,1,0,1,0,1,0,0,1,1,1,1,0,1,0,0,0,0,0,0,1,0,0,0,0,0,0,1,0,0,0,0,0,0
1.3862943611198906,1.0986122886681098,7.1316985104669115,3.044522437723423,5.53338948872752,1.0986122886681098,2.0794415416798357,1.9459101490553132,0,0,0,0,0,0,0,1,1,2.0,1,0,0,1,0,0,0,1,1,1,0,0,1,0,0,0,0,0,0,1,0,0,0,0,0,0,1,0,0,0,1,0,0
1.3862943611198906,1.0986122886681098,6.915723448631314,3.044522437723423,6.139884552226255,0.6931471805599453,2.302585092994046,1.791759469228055,0,0,0,0,0,0,0,0,0,1.0,0,0,1,0,0,0,1,1,1,0,1,0,0,0,0,0,0,0,0,0,0,0,1,0,0,0,0,0,0,1,1,1,0
1.3862943611198906,1.0986122886681098,6.7580945044277305,3.044522437723423,6.139884552226255,0.6931471805599453,2.302585092994046,0.0,0,0,0,0,0,0,0,1,0,2.0,0,0,0,0,0,0,0,0,0,0,0,0,0,0,0,1,0,0,0,0,0,0,0,0,0,0,0,1,0,1,1,1,1
1.6094379124341003,1.3862943611198906,7.186144304522325,3.044522437723423,6.139884552226255,1.0986122886681098,2.302585092994046,2.6390573296152584,0,0,0,0,0,0,0,1,1,2.0,0,1,1,1,1,1,1,1,1,1,1,1,1,1,0,0,0,0,0,0,0,0,0,0,0,1,1,0,0,1,1,1,0
1.0986122886681098,1.0986122886681098,6.742880635791903,3.58351893845611,6.139884552226255,0.6931471805599453,2.0794415416798357,0.0,0,0,0,0,0,0,0,1,1,2.0,0,0,0,0,0,0,0,0,0,0,0,0,0,0,0,0,0,0,0,0,0,0,0,0,1,0,0,0,1,0,0,1,1
1.3862943611198906,1.0986122886681098,6.917705609835305,3.6109179126442243,7.199678345691172,1.0986122886681098,1.9459101490553132,2.4849066497880004,1,0,1,1,0,0,0,1,0,1.0,1,0,1,1,1,1,1,1,1,1,1,0,1,0,1,0,0,0,0,0,0,0,0,0,0,0,0,0,1,0,0,0,0
1.3862943611198906,1.0986122886681098,6.82001636467413,3.044522437723423,5.424950017481403,0.6931471805599453,2.302585092994046,2.1972245773362196,0,0,0,0,0,0,0,1,1,3.0,1,0,1,0,1,0,1,1,1,0,1,0,1,0,0,0,0,0,0,0,0,1,0,0,0,0,1,0,0,1,1,0,1
1.0986122886681098,0.6931471805599453,6.274762021241939,3.044522437723423,6.139884552226255,0.6931471805599453,2.302585092994046,1.3862943611198906,0,1,0,1,1,0,1,0,0,3.0,0,0,0,0,0,1,0,1,1,0,0,0,0,0,1,0,0,0,0,0,0,0,0,0,0,0,0,1,0,1,1,1,0
1.3862943611198906,1.0986122886681098,6.7464121285733745,3.044522437723423,6.455198563340122,1.0986122886681098,1.6094379124341003,2.70805020110221,0,1,0,0,0,0,0,1,1,3.0,1,1,1,1,1,1,1,1,1,1,1,1,1,1,0,0,0,0,0,0,0,0,0,0,1,0,0,0,0,0,1,0,0
1.3862943611198906,1.0986122886681098,7.0909098220799835,3.044522437723423,6.111467339502679,1.0986122886681098,0.6931471805599453,2.5649493574615367,0,0,0,0,0,0,0,1,1,3.0,1,1,1,1,1,1,1,1,1,1,1,0,1,0,0,0,0,0,0,1,0,0,0,0,0,0,1,0,0,0,1,0,0
1.3862943611198906,1.0986122886681098,6.807934943699926,3.044522437723423,6.139884552226255,0.6931471805599453,2.302585092994046,1.0986122886681098,0,0,0,0,0,0,0,1,1,2.0,0,0,0,0,0,0,0,1,0,0,1,0,0,0,0,0,0,0,0,0,0,0,0,0,0,1,0,0,0,1,1,1,0
1.3862943611198906,1.0986122886681098,6.97914527506881,3.044522437723423,6.139884552226255,0.6931471805599453,2.302585092994046,1.791759469228055,1,1,1,1,0,0,0,1,0,3.0,0,0,1,0,1,1,0,1,0,0,1,0,0,0,0,0,0,0,0,0,0,0,0,0,1,0,0,0,0,1,1,1,1
1.3862943611198906,1.0986122886681098,6.55250788703459,3.1780538303479458,6.139884552226255,0.6931471805599453,2.70805020110221,2.1972245773362196,0,0,0,0,0,0,0,1,1,3.0,1,0,1,1,1,0,1,1,1,0,1,0,0,0,0,0,0,0,0,1,0,0,0,0,0,0,0,0,0,0,0,1,0
1.3862943611198906,1.0986122886681098,6.639875833826536,2.9444389791664403,5.303304908059076,0.6931471805599453,2.8903717578961645,1.9459101490553132,1,0,1,1,0,0,1,0,0,2.0,0,0,0,0,1,1,0,1,1,0,1,0,1,0,0,0,0,0,0,0,0,0,0,0,1,0,0,0,0,0,0,0,1
1.3862943611198906,1.0986122886681098,6.647688373563329,3.044522437723423,5.973809611869261,0.6931471805599453,2.302585092994046,2.70805020110221,0,0,0,0,0,0,0,1,1,2.0,1,1,1,1,1,1,1,1,1,1,1,1,1,1,0,0,0,0,0,0,0,0,0,0,0,0,0,0,0,1,1,0,1
1.3862943611198906,1.0986122886681098,7.00397413672268,3.044522437723423,6.139884552226255,1.0986122886681098,2.302585092994046,2.70805020110221,0,0,0,0,0,0,0,1,1,2.0,1,1,1,1,1,1,1,1,1,1,1,1,1,1,0,0,0,0,0,0,0,0,0,0,1,0,1,0,0,1,1,1,0
1.3862943611198906,1.0986122886681098,7.5688956634069955,3.044522437723423,6.139884552226255,1.3862943611198906,2.302585092994046,0.6931471805599453,0,0,0,1,0,0,1,1,0,2.0,0,0,0,0,0,0,1,0,0,0,0,0,0,0,0,0,0,0,0,0,0,0,0,0,1,0,0,0,0,1,1,1,0
1.6094379124341003,1.0986122886681098,7.3783837129967145,3.2188758248682006,5.459585514144159,1.0986122886681098,2.302585092994046,0.6931471805599453,0,0,0,0,0,0,0,1,1,2.0,0,0,0,0,0,0,0,1,0,0,0,0,0,0,0,0,0,0,0,1,0,0,0,0,0,0,1,0,0,1,0,0,0
1.3862943611198906,1.0986122886681098,7.040536390215956,3.091042453358316,6.419994928147142,0.6931471805599453,1.0986122886681098,0.0,0,0,0,0,0,0,0,1,0,2.0,0,0,0,0,0,0,0,0,0,0,0,0,0,0,0,0,0,0,0,0,0,0,0,0,0,0,0,0,0,0,0,0,1
1.3862943611198906,1.0986122886681098,6.68586094706836,3.1354942159291497,6.139884552226255,0.6931471805599453,2.9444389791664403,1.6094379124341003,0,0,0,0,0,0,0,1,0,2.0,0,0,0,0,1,0,0,1,1,0,1,0,0,0,0,0,0,0,0,1,0,0,0,0,0,0,0,0,0,0,0,1,1
1.3862943611198906,1.0986122886681098,6.9930151229329605,3.044522437723423,6.697034247666484,0.6931471805599453,1.3862943611198906,2.302585092994046,0,0,0,0,0,0,0,1,1,2.0,1,0,1,0,1,0,1,1,1,1,1,0,1,0,0,1,0,0,0,0,0,0,0,0,0,0,0,0,1,0,1,0,1
1.3862943611198906,1.0986122886681098,7.266827347520591,2.772588722239781,5.303304908059076,0.6931471805599453,3.6109179126442243,2.4849066497880004,0,0,0,0,0,0,0,1,1,2.0,1,0,1,0,1,1,1,1,1,1,1,0,1,1,0,0,0,0,0,0,0,0,0,0,1,0,1,0,0,0,0,0,0
1.3862943611198906,1.0986122886681098,7.00397413672268,3.4339872044851463,6.705639094860003,1.0986122886681098,2.0794415416798357,2.302585092994046,0,0,0,0,0,0,0,1,1,3.0,1,0,1,1,1,0,1,1,1,0,1,0,1,0,0,0,0,0,0,1,0,0,0,0,0,0,1,0,0,0,0,0,0
1.3862943611198906,1.0986122886681098,6.68586094706836,3.4339872044851463,5.521460917862246,0.6931471805599453,2.4849066497880004,2.3978952727983707,0,0,0,0,0,0,0,1,0,2.0,1,0,1,1,1,0,1,1,1,1,1,0,1,0,0,0,0,0,0,1,0,0,0,0,0,0,0,0,0,0,0,0,0
1.0986122886681098,0.6931471805599453,6.329720905522696,3.044522437723423,6.139884552226255,0.6931471805599453,2.302585092994046,0.6931471805599453,1,0,1,1,1,0,0,1,0,2.0,0,0,0,0,1,0,0,0,0,0,0,0,0,0,1,0,0,0,0,0,0,0,0,0,0,0,0,1,0,1,1,1,1
1.3862943611198906,1.0986122886681098,7.106606137727303,3.2188758248682006,7.119635638017636,1.0986122886681098,1.0986122886681098,2.3978952727983707,0,0,0,0,0,0,0,1,1,3.0,1,0,1,1,1,0,1,1,1,1,1,0,1,0,0,0,0,0,0,1,0,0,0,0,0,0,1,0,0,0,0,0,0
1.3862943611198906,1.3862943611198906,7.086737934510577,3.044522437723423,6.139884552226255,1.0986122886681098,2.302585092994046,0.0,0,0,0,0,0,0,0,1,1,2.0,0,0,0,0,0,0,0,0,0,0,0,0,0,0,0,0,0,0,0,1,0,0,0,0,0,0,1,0,0,1,1,1,0
1.3862943611198906,1.0986122886681098,7.00397413672268,3.367295829986474,6.478509642208569,0.6931471805599453,1.9459101490553132,2.0794415416798357,1,0,1,1,1,0,0,1,0,2.0,1,0,1,1,0,0,1,1,0,0,1,0,1,0,1,0,0,0,0,0,0,0,0,0,0,0,1,0,0,0,0,0,1
1.3862943611198906,1.0986122886681098,6.954638864880987,3.5263605246161616,7.009408932708637,1.0986122886681098,1.6094379124341003,2.1972245773362196,0,0,0,0,0,0,0,1,1,3.0,1,0,1,1,0,0,1,1,1,0,1,0,1,0,0,0,0,0,0,1,0,0,0,0,0,0,1,0,0,0,0,0,0
1.3862943611198906,0.6931471805599453,6.385194398997726,3.044522437723423,6.139884552226255,0.6931471805599453,2.302585092994046,1.6094379124341003,0,0,0,0,0,0,0,1,0,2.0,0,0,0,1,0,1,0,1,1,0,0,0,0,0,0,0,0,0,0,0,0,0,0,0,1,0,0,1,0,1,1,1,0
1.3862943611198906,1.0986122886681098,6.7464121285733745,2.0794415416798357,4.795790545596741,0.6931471805599453,2.9444389791664403,1.6094379124341003,0,0,0,1,0,0,0,1,0,2.0,1,0,0,0,0,0,0,1,1,0,1,0,0,0,0,0,0,0,0,0,0,0,0,0,1,0,0,0,0,0,0,0,0
1.3862943611198906,1.0986122886681098,7.10085190894405,3.044522437723423,6.289715570908998,0.6931471805599453,2.302585092994046,1.0986122886681098,0,0,0,0,0,0,0,1,1,2.0,0,0,0,0,0,0,0,1,0,0,1,0,0,0,0,0,0,0,0,0,0,0,0,0,1,0,0,0,0,1,1,0,1
1.3862943611198906,1.0986122886681098,6.55250788703459,2.995732273553991,5.198497031265826,0.6931471805599453,2.302585092994046,2.0794415416798357,0,0,0,0,0,0,0,1,1,2.0,0,0,0,1,1,0,1,1,1,0,1,0,1,0,0,0,0,0,0,1,0,0,0,0,0,0,1,0,0,1,0,0,0
1.3862943611198906,1.0986122886681098,6.478509642208569,1.791759469228055,6.580639137284949,0.6931471805599453,2.302585092994046,1.3862943611198906,0,0,1,0,0,0,0,1,0,2.0,0,0,0,0,0,1,0,1,1,0,0,0,0,0,0,0,0,0,0,0,0,0,0,0,1,0,0,1,0,1,0,0,1
1.3862943611198906,1.0986122886681098,6.7464121285733745,3.4011973816621555,6.139884552226255,0.6931471805599453,2.772588722239781,1.3862943611198906,0,0,0,0,0,0,0,1,1,3.0,0,0,0,0,1,0,0,1,0,0,1,0,0,0,0,0,0,0,0,1,0,0,0,0,0,0,0,0,0,0,0,1,0
1.6094379124341003,1.3862943611198906,7.156176637480615,3.1354942159291497,5.983936280687191,1.0986122886681098,1.9459101490553132,2.3978952727983707,0,0,0,0,0,0,0,1,0,3.0,1,1,1,1,1,0,0,1,1,1,1,0,0,1,0,0,0,0,0,1,0,0,0,0,0,0,1,0,0,0,0,0,0
1.3862943611198906,1.0986122886681098,6.8001700683022,3.044522437723423,6.558197802812269,0.6931471805599453,2.6390573296152584,2.1972245773362196,1,0,0,1,0,0,0,0,0,2.0,1,1,1,0,0,1,0,1,1,0,1,0,1,0,0,0,0,0,0,0,0,0,0,0,1,0,1,0,0,0,1,0,1
1.3862943611198906,1.0986122886681098,6.68586094706836,1.9459101490553132,6.511745329644728,0.6931471805599453,3.4011973816621555,2.0794415416798357,0,0,0,0,0,0,0,1,0,2.0,1,0,0,1,1,0,0,1,1,0,1,0,1,0,0,0,0,0,0,1,0,0,0,0,0,0,0,0,0,0,0,0,0
1.3862943611198906,1.0986122886681098,7.00397413672268,3.4339872044851463,6.705639094860003,1.0986122886681098,2.0794415416798357,2.1972245773362196,0,0,0,0,0,0,0,1,1,2.0,1,0,1,1,0,0,1,1,1,0,1,0,1,0,0,0,0,0,0,1,0,0,0,0,0,0,1,0,0,0,0,0,0
1.3862943611198906,1.0986122886681098,6.752270376141742,3.044522437723423,6.3578422665081,0.6931471805599453,2.302585092994046,1.791759469228055,0,0,0,0,0,0,0,1,1,2.0,0,0,1,1,0,0,0,1,0,0,1,0,1,0,0,0,0,0,0,0,0,0,0,0,1,0,0,0,1,1,1,0,1
1.3862943611198906,1.0986122886681098,6.840546529288687,3.044522437723423,5.707110264748875,0.6931471805599453,2.3978952727983707,2.4849066497880004,0,0,0,0,0,0,0,1,1,1.0,1,1,1,1,0,1,1,1,1,1,1,0,1,0,0,0,0,0,0,0,0,0,0,0,1,0,1,0,0,0,1,0,1
1.3862943611198906,1.0986122886681098,7.172424577124845,3.044522437723423,5.860786223465865,1.0986122886681098,2.4849066497880004,2.70805020110221,0,0,0,0,0,0,0,1,1,2.0,1,1,1,1,1,1,1,1,1,1,1,1,1,1,0,0,0,0,0,0,0,0,0,0,1,0,1,0,0,0,1,0,0
1.3862943611198906,1.0986122886681098,6.823286122355687,3.044522437723423,6.139884552226255,0.6931471805599453,2.302585092994046,1.9459101490553132,1,1,1,1,0,0,0,0,0,2.0,0,0,0,0,1,1,1,1,1,0,1,0,0,0,0,0,0,0,0,0,0,0,0,0,1,0,0,0,0,1,1,1,0
1.3862943611198906,1.0986122886681098,6.90875477931522,3.044522437723423,6.139884552226255,1.0986122886681098,1.3862943611198906,2.302585092994046,0,0,0,0,0,0,0,1,0,3.0,0,0,1,0,1,1,0,1,1,1,1,0,1,1,0,0,0,0,0,1,0,0,0,0,0,0,0,0,0,0,1,1,0
1.3862943611198906,1.0986122886681098,6.68586094706836,3.044522437723423,6.139884552226255,0.6931471805599453,2.302585092994046,1.0986122886681098,0,0,0,0,0,0,0,1,1,3.0,0,0,0,0,0,0,0,0,1,0,1,0,0,0,0,0,0,0,0,0,0,0,0,0,1,0,0,0,0,1,1,1,1
1.0986122886681098,1.0986122886681098,6.698268054115413,3.258096538021482,7.602900462204755,0.6931471805599453,1.6094379124341003,2.1972245773362196,0,0,0,0,0,0,0,1,1,2.0,0,0,1,0,1,0,1,1,1,1,1,0,1,0,0,0,0,0,0,0,0,0,0,0,0,0,0,0,1,0,0,0,1
1.6094379124341003,1.0986122886681098,6.726233402358747,3.044522437723423,6.139884552226255,0.6931471805599453,1.9459101490553132,2.1972245773362196,0,0,0,0,0,0,0,1,1,2.0,1,1,0,0,1,1,0,1,1,0,1,0,1,0,0,0,0,0,0,0,0,0,0,0,0,0,0,0,0,0,0,1,1
1.3862943611198906,1.0986122886681098,6.919683849847411,3.1780538303479458,6.61338421837956,1.0986122886681098,2.302585092994046,2.3978952727983707,0,0,0,1,0,0,1,1,1,3.0,1,0,1,0,1,1,1,1,1,1,1,0,1,0,0,0,0,0,0,0,0,0,0,0,1,0,0,0,1,0,0,0,0
1.6094379124341003,1.0986122886681098,7.00397413672268,3.044522437723423,6.139884552226255,1.0986122886681098,2.302585092994046,2.70805020110221,0,0,0,0,0,0,0,1,1,2.0,1,1,1,1,1,1,1,1,1,1,1,1,1,1,0,0,0,0,0,0,0,1,0,0,0,0,1,0,0,1,1,1,0
1.0986122886681098,1.0986122886681098,6.721425700790643,3.044522437723423,6.139884552226255,1.0986122886681098,2.302585092994046,0.0,0,0,0,0,0,0,0,1,1,2.0,0,0,0,0,0,0,0,0,0,0,0,0,0,0,0,0,0,0,0,0,0,1,0,0,0,0,1,0,0,1,1,1,0
1.3862943611198906,1.0986122886681098,6.981934677156389,2.772588722239781,6.139884552226255,0.6931471805599453,2.302585092994046,2.0794415416798357,1,0,1,1,1,0,0,1,1,2.0,0,0,1,0,0,1,0,1,1,0,1,0,1,1,0,0,0,0,0,0,0,0,0,0,1,0,1,0,0,1,0,1,0
1.3862943611198906,1.0986122886681098,6.914730892718563,2.6390573296152584,6.139884552226255,0.6931471805599453,2.70805020110221,1.6094379124341003,0,0,0,0,0,0,0,1,0,2.0,0,0,0,1,0,1,0,0,1,0,1,0,0,0,0,0,0,0,0,0,0,0,0,0,0,0,0,0,0,0,0,1,1
1.3862943611198906,1.0986122886681098,7.0967213784947605,2.9444389791664403,5.5254529391317835,0.6931471805599453,2.3978952727983707,2.1972245773362196,1,0,1,1,0,0,0,0,0,2.0,0,1,0,0,1,1,1,1,1,0,1,0,1,0,1,0,0,0,0,0,0,0,0,0,0,0,0,0,1,0,0,0,1
0.6931471805599453,0.6931471805599453,6.144185634125646,3.091042453358316,6.139884552226255,0.6931471805599453,2.995732273553991,2.1972245773362196,0,0,0,0,0,0,0,1,0,3.0,0,0,1,0,1,1,0,1,1,1,1,0,1,0,0,0,0,0,0,0,0,0,0,0,1,0,0,0,0,0,0,1,0
1.3862943611198906,1.0986122886681098,6.70808408385307,3.044522437723423,5.707110264748875,1.0986122886681098,2.302585092994046,2.1972245773362196,0,0,0,0,0,0,0,0,1,1.0,1,0,1,0,1,0,1,1,1,0,1,0,1,0,0,0,0,0,0,0,0,0,0,0,0,0,0,0,0,1,0,0,0
1.3862943611198906,1.0986122886681098,6.55250788703459,2.995732273553991,5.777652323222656,0.6931471805599453,3.2188758248682006,2.0794415416798357,0,0,0,0,0,0,0,1,1,1.0,0,0,1,0,1,1,0,1,1,0,1,0,1,0,0,0,0,0,0,1,0,0,0,0,0,0,0,0,0,0,0,0,0
1.3862943611198906,1.0986122886681098,7.172424577124845,1.6094379124341003,5.298317366548036,0.6931471805599453,2.6390573296152584,1.791759469228055,0,0,0,0,0,0,0,0,0,2.0,0,1,1,0,0,0,0,0,1,0,1,0,1,0,0,0,0,0,0,0,0,0,0,0,1,0,0,0,0,0,0,0,0
1.3862943611198906,1.0986122886681098,6.55250788703459,2.995732273553991,5.777652323222656,0.6931471805599453,3.2188758248682006,2.0794415416798357,0,0,0,0,0,0,0,1,1,1.0,0,0,1,0,1,1,0,1,1,0,1,0,1,0,0,0,0,0,0,1,0,0,0,0,0,0,0,0,0,0,0,0,0
1.3862943611198906,1.0986122886681098,6.7464121285733745,2.772588722239781,6.139884552226255,0.6931471805599453,2.3978952727983707,1.9459101490553132,1,0,0,1,0,0,0,0,1,2.0,0,0,1,0,0,1,1,1,0,0,1,0,1,0,0,0,0,0,0,0,0,0,0,0,1,0,1,0,0,0,0,1,1
1.0986122886681098,0.6931471805599453,6.366470447731438,3.6109179126442243,6.705639094860003,0.6931471805599453,1.0986122886681098,2.1972245773362196,1,1,1,1,0,0,1,1,0,3.0,0,0,1,1,1,0,1,1,1,0,1,0,1,0,0,0,0,0,0,0,0,0,0,0,1,0,0,0,1,0,0,0,0
1.3862943611198906,0.6931471805599453,6.489204931325317,1.791759469228055,6.139884552226255,0.6931471805599453,2.302585092994046,0.0,0,0,0,0,0,0,0,0,1,3.0,0,0,0,0,0,0,0,0,0,0,0,0,0,0,0,0,0,0,0,0,0,0,0,0,1,0,0,0,0,1,0,1,1
1.0986122886681098,0.6931471805599453,6.257667587882639,2.6390573296152584,6.928537818164665,0.6931471805599453,2.302585092994046,0.0,0,0,0,0,0,0,0,1,1,2.0,0,0,0,0,0,0,0,0,0,0,0,0,0,0,0,0,0,0,0,1,0,0,0,0,0,0,0,0,0,1,0,0,1
1.3862943611198906,1.0986122886681098,6.90875477931522,3.044522437723423,6.139884552226255,1.0986122886681098,2.302585092994046,2.302585092994046,0,0,0,0,0,0,0,1,1,2.0,1,1,1,1,1,0,0,1,1,0,1,0,1,0,0,0,0,0,0,1,0,0,0,0,0,0,1,0,0,1,1,1,0
0.6931471805599453,0.6931471805599453,6.2166061010848646,3.044522437723423,6.139884552226255,0.6931471805599453,2.302585092994046,2.0794415416798357,0,0,0,0,0,0,0,1,1,2.0,1,0,1,0,0,0,0,0,1,1,1,1,1,0,0,0,0,0,0,0,0,0,0,0,0,1,0,0,1,1,1,1,1
1.3862943611198906,1.0986122886681098,7.307202314764738,3.044522437723423,6.139884552226255,1.0986122886681098,2.302585092994046,2.70805020110221,0,0,0,0,0,0,0,1,0,1.0,1,1,1,1,1,1,1,1,1,1,1,1,1,1,1,0,0,0,0,0,0,0,0,0,0,0,1,0,0,1,1,1,0
1.3862943611198906,1.0986122886681098,6.68586094706836,3.1354942159291497,6.139884552226255,0.6931471805599453,2.9444389791664403,1.6094379124341003,0,0,0,0,0,0,0,1,0,2.0,0,0,0,0,1,0,0,1,1,0,1,0,0,0,0,0,0,0,0,1,0,0,0,0,0,0,0,0,0,0,0,1,0
1.3862943611198906,1.0986122886681098,6.918695219020472,3.044522437723423,7.057036981697891,0.6931471805599453,2.3978952727983707,2.4849066497880004,0,0,0,0,0,0,0,1,1,2.0,0,0,1,1,1,1,1,1,1,1,1,0,1,1,0,0,0,0,0,0,0,0,0,0,0,0,0,0,1,0,1,0,0
1.3862943611198906,1.0986122886681098,6.582025138892826,2.772588722239781,6.139884552226255,0.6931471805599453,2.772588722239781,1.6094379124341003,1,1,0,1,0,1,1,0,0,2.0,0,0,0,1,0,1,0,1,1,0,0,0,0,0,1,0,0,0,0,0,0,0,0,0,0,0,0,0,0,0,0,1,0
1.3862943611198906,1.0986122886681098,6.566672429803241,1.791759469228055,3.713572066704308,0.6931471805599453,2.302585092994046,0.0,0,0,0,0,0,0,0,1,0,2.0,0,0,0,0,0,0,0,0,0,0,0,0,0,0,0,0,0,0,0,0,0,0,0,0,1,0,0,0,0,1,0,0,0
1.3862943611198906,1.0986122886681098,6.920671504248683,3.044522437723423,6.082218910376446,0.6931471805599453,3.4011973816621555,2.302585092994046,1,0,1,1,0,0,0,1,1,2.0,1,0,0,0,0,1,0,1,1,1,1,1,1,1,1,0,0,0,0,0,0,0,0,0,0,0,1,0,0,0,1,0,1
1.0986122886681098,0.6931471805599453,6.311734809152915,3.044522437723423,6.139884552226255,0.6931471805599453,2.302585092994046,1.3862943611198906,0,0,0,0,0,0,0,1,1,1.0,0,0,0,0,0,1,0,1,1,0,0,0,0,0,0,0,0,0,0,0,0,0,0,0,1,0,0,1,0,1,1,1,0
1.3862943611198906,1.0986122886681098,6.647688373563329,3.044522437723423,6.139884552226255,0.6931471805599453,2.302585092994046,0.0,0,0,0,0,0,0,0,1,1,1.0,0,0,0,0,0,0,0,0,0,0,0,0,0,0,0,0,0,0,0,0,0,0,0,0,0,0,0,1,0,1,1,1,1
1.3862943611198906,1.0986122886681098,6.963189985870238,3.044522437723423,6.139884552226255,0.6931471805599453,2.302585092994046,2.4849066497880004,0,0,0,0,0,0,0,1,0,1.0,1,0,1,1,1,1,1,1,1,1,1,0,1,0,0,0,0,0,1,0,0,0,0,0,0,0,0,0,0,1,1,1,1
1.3862943611198906,1.0986122886681098,6.803505257608338,2.5649493574615367,6.139884552226255,0.6931471805599453,2.302585092994046,1.791759469228055,0,0,0,1,0,0,0,1,0,2.0,0,0,0,0,0,0,0,1,1,0,1,0,1,1,0,0,0,0,0,0,0,0,0,0,1,0,0,0,0,1,0,1,1
1.3862943611198906,1.3862943611198906,7.0909098220799835,3.044522437723423,6.139884552226255,1.0986122886681098,2.302585092994046,2.302585092994046,0,0,0,0,0,0,0,1,1,2.0,1,0,1,0,1,1,1,1,1,0,1,0,1,0,1,0,0,0,0,0,0,0,0,0,0,0,1,0,0,1,1,1,0
1.3862943611198906,1.0986122886681098,6.55250788703459,2.0794415416798357,3.6109179126442243,0.6931471805599453,2.302585092994046,0.0,0,0,0,0,0,0,0,1,1,2.0,0,0,0,0,0,0,0,0,0,0,0,0,0,0,0,0,0,0,0,1,0,0,0,0,0,0,0,0,0,1,0,0,0
1.3862943611198906,1.0986122886681098,6.692083742506628,1.9459101490553132,6.139884552226255,0.6931471805599453,2.9444389791664403,1.6094379124341003,0,0,0,0,0,0,0,0,0,1.0,0,0,0,0,1,1,0,1,0,0,1,0,0,0,0,0,0,0,0,0,0,0,0,0,1,0,1,0,0,0,0,1,0
1.3862943611198906,1.0986122886681098,6.748759547491679,1.791759469228055,6.139884552226255,0.6931471805599453,2.1972245773362196,1.6094379124341003,1,1,1,1,0,0,1,1,0,2.0,1,0,0,0,0,0,0,1,1,0,1,0,0,0,0,0,0,0,0,0,0,0,0,0,1,0,0,0,0,0,0,1,1
1.3862943611198906,1.0986122886681098,7.3783837129967145,3.044522437723423,6.139884552226255,0.6931471805599453,2.302585092994046,0.0,0,0,0,0,0,0,0,1,0,2.0,0,0,0,0,0,0,0,0,0,0,0,0,0,0,0,0,0,0,0,0,0,0,0,1,0,0,1,0,0,1,1,1,1
1.3862943611198906,1.0986122886681098,6.7464121285733745,2.772588722239781,6.139884552226255,0.6931471805599453,2.302585092994046,2.0794415416798357,0,0,0,0,0,0,0,1,1,2.0,0,0,0,1,1,1,0,1,1,0,1,0,1,0,0,0,0,0,0,0,0,0,0,0,0,0,0,0,0,1,0,1,1
0.6931471805599453,0.6931471805599453,6.111467339502679,3.6635616461296463,7.261927092702751,0.6931471805599453,1.9459101490553132,2.70805020110221,0,0,0,0,0,0,0,1,1,2.0,1,1,1,1,1,1,1,1,1,1,1,1,1,1,0,0,0,0,0,0,0,0,0,0,1,0,0,0,1,0,0,0,0
1.3862943611198906,1.0986122886681098,6.90975328164481,3.091042453358316,5.971261839790462,1.0986122886681098,2.302585092994046,2.302585092994046,1,0,0,1,0,0,0,1,0,3.0,1,0,1,0,1,1,1,1,1,0,1,0,1,0,0,0,0,0,0,0,0,0,0,0,1,0,0,0,1,0,0,0,0
1.3862943611198906,1.0986122886681098,7.0431599159883405,3.4011973816621555,7.444248649496705,0.6931471805599453,2.5649493574615367,1.3862943611198906,0,0,0,1,0,0,1,0,0,2.0,0,0,0,1,0,0,0,1,0,0,0,0,1,0,0,0,0,0,0,0,0,0,0,0,1,0,1,0,0,0,0,0,0
1.3862943611198906,1.0986122886681098,6.7464121285733745,2.3978952727983707,3.044522437723423,0.6931471805599453,3.1780538303479458,1.791759469228055,0,0,1,1,1,0,0,0,0,1.0,0,0,0,0,1,0,0,1,1,0,1,0,1,0,0,0,0,0,0,0,0,0,0,0,1,0,0,0,0,0,0,0,0
0.6931471805599453,0.6931471805599453,5.971261839790462,3.044522437723423,6.139884552226255,0.6931471805599453,2.302585092994046,1.9459101490553132,0,0,0,0,0,0,0,1,0,1.0,0,0,1,1,0,1,0,0,1,0,1,0,1,0,0,0,0,0,0,0,0,0,1,0,0,0,1,0,0,1,1,1,0
1.0986122886681098,1.0986122886681098,6.957497370876951,3.713572066704308,7.215975002651466,1.0986122886681098,1.9459101490553132,2.4849066497880004,0,0,0,0,0,0,0,1,0,3.0,1,0,1,0,1,1,1,1,1,1,1,1,1,0,0,1,0,0,0,0,0,0,0,0,0,0,0,0,1,0,0,0,0
1.3862943611198906,1.0986122886681098,6.55250788703459,3.1354942159291497,6.626717749249025,0.6931471805599453,2.772588722239781,2.1972245773362196,0,0,0,0,0,0,0,1,0,3.0,1,0,0,0,1,0,1,1,1,0,1,0,1,1,0,0,0,0,0,1,0,0,0,0,0,0,1,0,0,0,0,0,0
1.3862943611198906,1.0986122886681098,6.478509642208569,3.044522437723423,6.139884552226255,0.6931471805599453,2.302585092994046,0.0,0,0,0,0,0,0,0,0,0,3.0,0,0,0,0,0,0,0,0,0,0,0,0,0,0,0,0,0,0,0,0,0,0,0,0,0,0,0,1,0,1,1,1,1
1.3862943611198906,1.3862943611198906,7.377133712833954,3.7612001156935624,6.508769136971682,1.0986122886681098,1.9459101490553132,2.1972245773362196,0,0,0,0,0,0,0,1,1,2.0,1,0,1,0,1,0,1,1,1,0,1,0,1,0,0,0,0,0,0,1,0,0,0,0,0,0,1,0,0,0,0,0,0
1.3862943611198906,1.0986122886681098,7.099201743553092,3.091042453358316,6.180016653652572,0.6931471805599453,2.0794415416798357,0.0,0,0,0,0,0,0,0,0,0,2.0,0,0,0,0,0,0,0,0,0,0,0,0,0,0,0,0,0,0,0,0,0,0,0,0,1,0,1,0,0,0,0,0,1
1.3862943611198906,1.0986122886681098,6.68586094706836,2.9444389791664403,5.303304908059076,0.6931471805599453,2.8903717578961645,1.9459101490553132,1,0,1,1,0,0,1,0,0,3.0,0,0,0,1,0,0,1,1,1,0,1,0,1,0,0,0,0,0,0,0,0,0,0,0,1,0,0,0,0,0,0,0,0
1.3862943611198906,1.0986122886681098,7.199678345691172,3.044522437723423,6.139884552226255,1.0986122886681098,2.302585092994046,1.791759469228055,0,0,0,0,0,0,0,1,0,3.0,0,0,1,0,1,0,0,1,0,0,1,0,1,0,0,0,0,0,0,0,0,0,1,0,0,0,1,0,0,1,1,1,0
1.6094379124341003,1.0986122886681098,7.192182058713246,3.258096538021482,6.68586094706836,1.0986122886681098,2.302585092994046,2.3978952727983707,1,1,1,1,1,0,0,1,0,3.0,1,0,1,1,1,1,1,1,1,0,1,0,1,0,1,0,0,0,0,0,0,0,0,0,0,0,1,0,0,0,0,0,0
1.3862943611198906,1.0986122886681098,6.668228248417403,3.1354942159291497,6.705639094860003,0.6931471805599453,2.833213344056216,2.1972245773362196,0,0,0,0,0,0,0,1,1,3.0,1,0,1,1,0,0,0,1,1,0,1,1,1,0,0,0,0,0,0,1,0,0,0,0,0,0,1,0,0,0,0,0,0
1.0986122886681098,1.0986122886681098,6.982862751468942,2.1972245773362196,4.499809670330265,1.0986122886681098,2.302585092994046,2.3978952727983707,0,0,0,0,0,0,0,1,0,2.0,0,0,1,0,1,1,0,1,1,1,1,1,1,1,0,0,0,0,0,0,0,0,0,1,0,0,0,0,0,1,0,0,0
1.3862943611198906,1.0986122886681098,6.704414354964107,1.791759469228055,6.139884552226255,0.6931471805599453,2.302585092994046,0.0,0,0,0,0,0,0,0,1,1,2.0,0,0,0,0,0,0,0,0,0,0,0,0,0,0,0,0,0,0,0,0,0,0,0,0,1,0,0,0,0,1,0,1,1
1.3862943611198906,1.0986122886681098,7.0825485693553,3.044522437723423,6.139884552226255,1.0986122886681098,2.302585092994046,0.0,0,0,0,0,0,0,0,1,0,2.0,0,0,0,0,0,0,0,0,0,0,0,0,0,0,0,0,0,0,0,0,0,0,0,1,0,0,1,0,0,1,1,1,0
1.0986122886681098,1.0986122886681098,6.646390514847729,3.091042453358316,6.419994928147142,1.0986122886681098,1.0986122886681098,2.1972245773362196,0,0,0,0,0,0,0,1,1,2.0,0,0,1,1,1,1,0,1,1,0,1,0,1,0,0,0,0,0,0,0,0,0,0,0,0,0,1,0,0,0,0,0,0
1.3862943611198906,1.0986122886681098,6.807934943699926,3.6109179126442243,5.739792912179234,1.0986122886681098,1.0986122886681098,1.0986122886681098,0,0,0,0,0,0,0,1,1,2.0,0,0,0,0,0,0,0,1,0,0,1,0,0,0,0,1,0,0,0,0,0,0,0,0,0,0,1,0,0,0,0,0,0
1.3862943611198906,1.0986122886681098,6.9440872082295275,3.5263605246161616,6.311734809152915,1.0986122886681098,1.0986122886681098,2.4849066497880004,0,0,0,0,0,0,0,1,1,3.0,1,1,1,1,1,0,1,1,1,1,1,0,1,0,0,0,0,0,0,1,0,0,0,0,0,0,1,0,0,0,0,0,0
1.3862943611198906,1.0986122886681098,7.104144092987527,3.044522437723423,6.139884552226255,1.0986122886681098,2.302585092994046,2.70805020110221,0,0,0,0,0,0,0,1,1,2.0,1,1,1,1,1,1,1,1,1,1,1,1,1,1,0,0,0,0,0,0,0,1,0,0,0,0,0,0,1,1,1,1,0
1.3862943611198906,1.0986122886681098,6.311734809152915,3.044522437723423,6.139884552226255,0.6931471805599453,2.302585092994046,0.0,0,0,0,0,0,0,0,1,0,3.0,0,0,0,0,0,0,0,0,0,0,0,0,0,0,1,0,0,0,0,0,0,0,0,0,0,0,0,1,0,1,1,1,1
1.3862943611198906,1.0986122886681098,6.931471805599453,1.791759469228055,5.342334251964811,0.6931471805599453,3.1354942159291497,1.9459101490553132,1,0,1,1,0,0,1,1,0,3.0,0,0,0,0,1,1,0,1,1,0,1,0,1,0,1,0,0,0,0,0,0,0,0,0,0,0,1,0,0,0,0,0,0
1.3862943611198906,1.0986122886681098,6.950814768442584,3.044522437723423,5.7899601708972535,0.6931471805599453,2.70805020110221,1.9459101490553132,0,0,1,0,0,0,0,0,1,2.0,1,0,1,1,0,0,1,0,0,0,1,0,1,0,0,0,0,0,0,0,0,0,0,0,1,0,1,0,0,0,1,0,0
0.6931471805599453,0.6931471805599453,6.111467339502679,3.713572066704308,6.853299093186078,0.6931471805599453,2.0794415416798357,0.0,0,0,0,0,0,0,0,1,1,2.0,0,0,0,0,0,0,0,0,0,0,0,0,0,0,0,0,0,0,0,0,0,0,0,0,1,0,1,0,0,0,0,0,1
1.0986122886681098,1.3862943611198906,7.0587581525186645,3.713572066704308,6.699500340161678,0.6931471805599453,2.5649493574615367,2.302585092994046,1,0,1,1,1,0,1,1,1,3.0,1,1,1,0,1,1,0,1,1,0,1,0,1,0,1,0,0,0,0,0,0,0,0,0,0,0,1,0,0,0,0,0,1
1.3862943611198906,0.6931471805599453,6.478509642208569,3.044522437723423,6.139884552226255,0.6931471805599453,2.302585092994046,0.0,1,0,0,0,0,0,0,0,1,3.0,0,0,0,0,0,0,0,0,0,0,0,0,0,0,0,0,0,0,0,0,0,0,0,0,1,0,1,0,0,1,1,1,1
1.0986122886681098,1.0986122886681098,6.55250788703459,3.044522437723423,6.139884552226255,0.6931471805599453,2.302585092994046,0.0,0,0,0,0,0,0,0,1,0,1.0,0,0,0,0,0,0,0,0,0,0,0,0,0,0,0,0,0,0,0,1,0,0,0,0,0,0,0,0,0,1,1,1,1
0.6931471805599453,0.6931471805599453,6.406879986069314,3.044522437723423,6.139884552226255,0.6931471805599453,2.302585092994046,2.0794415416798357,0,0,0,0,0,0,0,1,1,2.0,0,0,1,0,1,0,0,1,1,1,1,0,1,0,0,0,1,0,0,0,0,0,0,0,0,0,0,0,1,1,1,1,1
1.3862943611198906,1.0986122886681098,6.957497370876951,1.6094379124341003,6.139884552226255,0.6931471805599453,2.302585092994046,0.0,0,0,0,0,0,0,0,1,1,2.0,0,0,0,0,0,0,0,0,0,0,0,0,0,0,0,0,0,0,0,0,0,0,0,0,0,0,0,0,1,1,0,1,0
1.3862943611198906,1.0986122886681098,6.803505257608338,3.6635616461296463,6.161207321695077,1.0986122886681098,1.791759469228055,2.3978952727983707,0,0,0,0,0,0,0,1,1,1.0,1,0,1,0,1,1,0,1,1,1,1,1,1,0,0,0,0,0,0,1,0,0,0,0,0,0,1,0,0,0,0,0,0
1.3862943611198906,1.0986122886681098,6.811244378601294,3.044522437723423,5.54907608489522,0.6931471805599453,2.70805020110221,2.1972245773362196,1,0,1,1,0,0,0,1,1,2.0,1,1,1,0,0,0,1,1,1,0,1,0,1,0,0,0,0,0,0,0,0,0,0,0,1,0,1,0,0,0,1,0,0
1.0986122886681098,1.0986122886681098,6.913737350659685,3.044522437723423,6.957497370876951,0.6931471805599453,1.791759469228055,2.5649493574615367,0,0,0,0,0,0,0,1,1,2.0,1,0,1,1,1,0,1,1,1,1,1,1,1,1,0,0,0,0,0,0,0,0,0,0,0,0,1,0,0,0,1,0,0
1.3862943611198906,1.0986122886681098,6.621405651764134,3.044522437723423,6.139884552226255,0.6931471805599453,2.302585092994046,2.6390573296152584,0,0,0,0,0,0,0,0,1,1.0,1,1,1,1,1,1,1,1,1,1,1,1,0,1,0,0,0,0,0,0,0,0,0,0,1,0,0,0,0,1,1,1,1
1.3862943611198906,1.0986122886681098,7.052721049232323,3.044522437723423,6.139884552226255,1.0986122886681098,2.302585092994046,0.0,0,0,0,0,0,0,0,1,0,2.0,0,0,0,0,0,0,0,0,0,0,0,0,0,0,0,0,0,0,0,1,0,0,0,0,0,0,1,0,0,1,1,1,0
1.0986122886681098,1.0986122886681098,6.523562306149512,3.044522437723423,6.139884552226255,0.6931471805599453,2.302585092994046,1.3862943611198906,0,0,0,0,0,0,0,0,0,1.0,0,0,0,0,0,0,0,1,1,0,1,0,0,0,0,0,0,0,0,0,0,0,0,0,0,1,0,0,0,1,1,1,0
1.3862943611198906,1.0986122886681098,6.912742820493176,3.044522437723423,6.139884552226255,1.3862943611198906,2.302585092994046,2.70805020110221,0,0,0,0,0,0,0,1,1,2.0,1,1,1,1,1,1,1,1,1,1,1,1,1,1,1,0,0,0,0,0,0,0,0,0,0,0,1,0,0,1,1,1,0
1.3862943611198906,1.0986122886681098,6.7464121285733745,3.044522437723423,7.273092595999522,0.6931471805599453,2.1972245773362196,1.791759469228055,0,0,0,0,0,0,0,1,0,1.0,0,0,0,0,1,1,0,1,1,0,1,0,0,0,0,0,0,0,0,0,0,0,0,0,1,0,1,0,0,0,0,0,0
1.3862943611198906,1.0986122886681098,6.910750787961936,2.70805020110221,6.660575149839686,0.6931471805599453,1.3862943611198906,0.0,0,0,0,0,0,0,0,1,1,1.0,0,0,0,0,0,0,0,0,0,0,0,0,0,0,0,0,0,0,0,1,0,0,0,0,0,0,0,0,0,0,0,0,0
1.6094379124341003,1.0986122886681098,6.762729506931879,1.791759469228055,6.139884552226255,0.6931471805599453,2.302585092994046,1.6094379124341003,1,1,1,0,0,0,0,1,0,1.0,1,0,0,0,0,0,0,1,1,0,1,0,0,0,0,0,0,0,0,0,0,0,0,0,1,0,0,0,0,1,0,1,0
1.6094379124341003,1.3862943611198906,7.170888478512505,3.044522437723423,6.139884552226255,1.0986122886681098,2.302585092994046,2.70805020110221,0,0,0,0,0,0,0,1,1,2.0,1,1,1,1,1,1,1,1,1,1,1,1,1,1,0,0,0,0,0,0,0,1,0,0,0,0,1,0,0,1,1,1,0
1.3862943611198906,1.0986122886681098,6.855408798609928,3.295836866004329,6.137727054086234,0.6931471805599453,1.9459101490553132,2.3978952727983707,0,0,0,0,0,0,0,1,1,2.0,0,1,1,1,1,1,1,1,1,0,1,1,0,0,1,0,0,0,0,0,0,0,0,0,0,0,0,0,1,0,0,0,0
1.3862943611198906,1.0986122886681098,6.7464121285733745,3.044522437723423,7.273092595999522,0.6931471805599453,2.1972245773362196,1.3862943611198906,0,0,0,0,0,0,0,0,0,2.0,0,0,0,0,1,0,0,1,0,0,1,0,0,0,0,0,0,0,0,0,0,0,0,0,1,0,1,0,0,0,0,0,0
1.3862943611198906,1.0986122886681098,7.00397413672268,3.044522437723423,6.052089168924417,1.0986122886681098,1.9459101490553132,2.4849066497880004,0,0,0,0,0,1,0,1,1,2.0,1,1,1,1,1,0,1,1,1,1,1,0,1,0,0,0,0,0,0,0,0,0,0,0,1,0,1,0,0,0,0,0,0
1.3862943611198906,1.0986122886681098,7.109062135687172,2.833213344056216,6.139884552226255,0.6931471805599453,3.332204510175204,2.4849066497880004,0,0,1,1,0,1,1,1,1,2.0,0,0,1,1,1,1,0,1,1,1,1,1,1,1,1,0,0,0,0,0,0,0,0,0,0,0,1,0,0,0,0,1,0
1.3862943611198906,1.0986122886681098,6.68586094706836,3.1354942159291497,7.203405521083095,0.6931471805599453,1.9459101490553132,2.6390573296152584,0,0,0,0,0,0,0,1,1,2.0,0,1,1,1,1,1,1,1,1,1,1,1,1,1,0,0,0,0,0,1,0,0,0,0,0,0,1,0,0,0,0,0,0
1.3862943611198906,1.0986122886681098,6.5337888379333435,3.044522437723423,6.139884552226255,0.6931471805599453,2.302585092994046,1.0986122886681098,0,0,0,1,0,0,0,0,0,3.0,0,0,0,0,0,0,0,0,1,0,1,0,0,0,0,0,0,0,0,0,0,0,0,0,1,0,0,0,0,1,1,1,0
1.3862943611198906,1.0986122886681098,6.854354502255021,3.044522437723423,6.139884552226255,1.0986122886681098,2.302585092994046,2.70805020110221,0,0,0,0,0,0,0,0,1,3.0,1,1,1,1,1,1,1,1,1,1,1,1,1,1,0,0,0,0,0,0,0,1,0,0,0,0,1,0,0,1,1,1,0
1.3862943611198906,1.0986122886681098,7.00397413672268,2.70805020110221,4.574710978503383,0.6931471805599453,3.295836866004329,1.6094379124341003,0,0,0,0,0,0,0,1,1,2.0,0,0,0,0,1,0,0,1,0,0,1,0,1,0,0,0,0,0,0,1,0,0,0,0,0,0,1,0,0,0,0,0,1
1.3862943611198906,1.0986122886681098,6.90875477931522,3.6635616461296463,6.803505257608338,1.0986122886681098,0.0,1.9459101490553132,1,0,1,1,0,0,0,1,0,2.0,1,0,1,0,0,0,1,0,1,1,0,0,1,0,1,0,0,0,0,0,0,0,0,0,0,0,0,0,0,0,0,0,0
1.3862943611198906,1.0986122886681098,6.55250788703459,3.044522437723423,6.139884552226255,0.6931471805599453,2.302585092994046,1.6094379124341003,0,0,0,0,0,0,0,1,0,2.0,0,0,0,1,0,0,0,1,0,0,1,0,1,0,0,0,0,0,0,0,0,0,0,0,1,0,0,0,0,1,1,1,0
1.3862943611198906,1.0986122886681098,6.612041034833092,3.044522437723423,6.139884552226255,0.6931471805599453,2.302585092994046,1.3862943611198906,0,0,0,0,0,0,0,1,1,1.0,0,0,0,0,1,0,0,1,1,0,0,0,0,0,0,0,0,0,0,0,0,0,0,0,1,0,0,0,0,1,1,1,0
1.3862943611198906,1.3862943611198906,7.172424577124845,3.044522437723423,6.139884552226255,1.0986122886681098,2.302585092994046,2.302585092994046,0,0,0,0,0,0,0,1,1,2.0,0,0,1,0,1,1,0,1,1,1,1,1,1,0,0,0,0,0,0,1,0,0,0,0,0,0,1,0,0,1,1,1,0
1.3862943611198906,1.0986122886681098,7.030857476116121,3.2188758248682006,5.953243334287785,0.6931471805599453,2.302585092994046,0.0,1,1,0,1,0,0,1,1,1,3.0,0,0,0,0,0,0,0,0,0,0,0,0,0,0,1,0,0,0,0,0,0,0,0,0,0,0,1,0,0,1,0,0,0
1.3862943611198906,1.0986122886681098,6.6052979209482015,3.044522437723423,6.139884552226255,0.6931471805599453,2.302585092994046,1.9459101490553132,0,0,0,0,0,0,0,1,0,3.0,0,0,1,0,1,0,0,1,1,0,1,0,1,0,0,0,0,0,0,0,0,0,0,0,1,0,0,0,0,1,1,1,0
1.3862943611198906,1.0986122886681098,6.62273632394984,1.791759469228055,6.139884552226255,0.6931471805599453,3.044522437723423,1.6094379124341003,0,0,0,1,0,0,0,0,0,3.0,0,0,0,0,0,1,0,1,1,0,1,0,0,0,0,0,0,0,0,0,0,0,0,0,1,0,0,0,0,0,0,1,1
1.3862943611198906,1.0986122886681098,6.55250788703459,1.791759469228055,6.621405651764134,0.6931471805599453,2.302585092994046,1.0986122886681098,1,0,0,0,0,0,0,0,1,2.0,0,0,0,0,0,0,0,0,1,0,1,0,0,0,0,0,0,0,0,0,0,0,0,0,1,0,0,0,0,1,0,0,0
0.6931471805599453,0.6931471805599453,6.111467339502679,3.2188758248682006,5.993961427306569,0.6931471805599453,2.1972245773362196,1.9459101490553132,1,1,1,1,0,0,0,1,1,2.0,1,0,1,0,0,0,0,0,1,1,1,0,1,0,0,0,0,0,0,0,0,0,0,0,1,0,1,0,0,0,0,0,1
1.3862943611198906,1.0986122886681098,6.478509642208569,3.044522437723423,6.139884552226255,0.6931471805599453,2.302585092994046,0.0,0,0,0,1,0,0,1,1,1,2.0,0,0,0,0,0,0,0,0,0,0,0,0,0,0,0,0,0,0,0,0,0,0,0,0,1,0,0,0,0,1,1,1,0
1.0986122886681098,1.0986122886681098,6.55250788703459,3.912023005428146,6.175867270105761,0.6931471805599453,1.791759469228055,2.302585092994046,0,0,0,0,0,0,0,1,1,3.0,1,0,1,0,1,0,1,1,1,1,1,0,1,0,0,0,0,0,0,1,0,0,0,0,0,0,0,0,1,0,0,0,0
1.3862943611198906,1.0986122886681098,7.069023426578259,3.2188758248682006,5.746203190540153,0.6931471805599453,2.9444389791664403,2.6390573296152584,0,0,0,0,0,0,0,0,0,1.0,1,0,1,1,1,1,1,1,1,1,1,1,1,1,0,0,0,0,0,0,0,0,0,0,1,0,0,0,0,0,0,0,0
1.0986122886681098,0.6931471805599453,6.311734809152915,2.8903717578961645,5.41610040220442,0.6931471805599453,3.367295829986474,1.3862943611198906,0,0,0,0,0,0,0,1,1,1.0,0,0,0,0,1,0,0,1,0,0,1,0,0,0,0,0,0,0,0,1,0,0,0,0,0,0,0,0,0,0,0,0,0
0.6931471805599453,0.6931471805599453,6.111467339502679,3.044522437723423,5.2832037287379885,0.6931471805599453,2.4849066497880004,0.0,1,1,1,1,1,0,0,1,0,2.0,0,0,0,0,0,0,0,0,0,0,0,0,0,0,0,0,0,0,0,0,0,0,0,0,1,0,1,0,0,0,1,0,1
1.3862943611198906,1.0986122886681098,6.769641976852503,2.9444389791664403,6.139884552226255,0.6931471805599453,2.302585092994046,2.1972245773362196,0,0,0,0,0,0,0,0,0,2.0,0,0,1,0,1,1,0,1,1,0,1,1,1,0,0,0,0,0,0,0,0,0,0,0,1,0,0,0,0,1,0,1,0
1.3862943611198906,1.0986122886681098,6.68586094706836,3.044522437723423,6.139884552226255,1.0986122886681098,2.302585092994046,0.0,0,0,0,0,0,0,0,1,0,2.0,0,0,0,0,0,0,0,0,0,0,0,0,0,0,0,0,0,0,0,0,0,0,0,0,0,1,0,0,0,1,1,1,0
1.3862943611198906,1.0986122886681098,6.7464121285733745,3.044522437723423,6.139884552226255,1.0986122886681098,2.302585092994046,1.9459101490553132,1,0,1,1,0,0,0,1,0,2.0,0,0,0,1,1,0,1,1,1,0,1,0,0,0,0,0,0,0,0,0,0,0,0,0,1,0,0,0,0,1,1,1,0
1.3862943611198906,1.0986122886681098,6.621405651764134,3.044522437723423,6.139884552226255,0.6931471805599453,2.302585092994046,0.0,0,0,0,0,0,0,0,1,1,2.0,0,0,0,0,0,0,0,0,0,0,0,0,0,0,0,0,0,0,0,0,0,0,0,1,0,0,0,0,0,1,1,1,1
1.0986122886681098,1.0986122886681098,6.85751406254539,3.044522437723423,6.139884552226255,0.6931471805599453,2.302585092994046,1.6094379124341003,0,0,0,0,0,0,0,1,0,2.0,0,0,0,0,0,0,0,1,1,0,1,0,1,0,0,0,0,0,0,0,0,0,1,0,0,0,1,0,0,1,1,1,0
1.3862943611198906,1.0986122886681098,6.782192056006791,3.044522437723423,6.139884552226255,1.0986122886681098,2.302585092994046,2.302585092994046,1,0,0,1,0,0,1,0,1,2.0,1,0,1,0,1,1,1,1,1,0,1,0,1,0,1,0,0,0,0,0,0,0,0,0,0,0,0,0,1,1,1,1,0
0.6931471805599453,0.6931471805599453,6.249975242259483,2.0794415416798357,5.697093486505405,1.0986122886681098,2.302585092994046,1.791759469228055,0,0,0,0,0,0,0,1,1,2.0,0,0,0,0,1,0,0,1,1,0,1,0,1,0,0,0,0,0,0,1,0,0,0,0,0,0,1,0,0,0,0,0,0
1.3862943611198906,1.0986122886681098,6.952728644624869,2.6390573296152584,6.100318952020064,0.6931471805599453,2.833213344056216,1.9459101490553132,0,0,0,0,0,1,0,1,1,2.0,1,0,0,1,0,1,0,1,1,0,1,0,0,0,0,0,0,0,0,0,0,0,0,0,1,0,0,0,0,0,0,0,1
1.0986122886681098,1.0986122886681098,7.179307969504034,3.4339872044851463,5.0238805208462765,1.0986122886681098,2.833213344056216,2.70805020110221,1,1,1,1,0,0,1,1,1,2.0,1,1,1,1,1,1,1,1,1,1,1,1,1,1,1,0,0,0,0,0,0,0,0,0,0,0,1,0,0,0,0,0,0
1.3862943611198906,1.0986122886681098,6.9930151229329605,3.044522437723423,6.697034247666484,1.0986122886681098,1.3862943611198906,1.6094379124341003,0,0,0,0,0,0,0,1,1,2.0,0,0,1,0,0,0,0,0,1,1,0,0,1,0,0,1,0,0,0,0,0,0,0,0,0,0,0,0,1,0,1,0,0
1.3862943611198906,1.0986122886681098,6.803505257608338,3.044522437723423,6.139884552226255,0.6931471805599453,2.302585092994046,1.3862943611198906,0,0,0,0,0,0,0,1,1,2.0,0,0,0,0,0,1,0,1,0,0,1,0,0,0,0,0,0,0,0,0,0,0,0,0,0,1,0,0,0,1,1,1,0
1.3862943611198906,1.0986122886681098,7.121252453244542,2.1972245773362196,4.219507705176107,1.0986122886681098,2.302585092994046,1.9459101490553132,0,0,0,0,0,0,0,1,1,2.0,0,0,0,0,1,1,1,1,1,0,1,0,0,0,0,0,0,0,0,0,0,0,0,0,1,0,0,0,0,1,0,0,0
1.3862943611198906,1.0986122886681098,6.96979066990159,3.044522437723423,6.139884552226255,0.6931471805599453,2.302585092994046,1.791759469228055,0,0,0,0,0,0,0,1,1,2.0,0,0,1,0,0,0,1,1,1,0,1,0,0,0,0,0,0,0,0,0,0,0,0,0,1,0,0,0,0,1,1,1,1
1.3862943611198906,1.0986122886681098,6.732210706467206,3.1354942159291497,6.705639094860003,0.6931471805599453,2.833213344056216,2.302585092994046,0,0,0,0,0,0,0,1,1,2.0,1,0,1,1,1,0,0,1,1,0,1,1,1,0,0,0,0,0,0,1,0,0,0,0,0,0,1,0,0,0,0,0,0
1.3862943611198906,1.0986122886681098,6.7464121285733745,1.791759469228055,6.139884552226255,0.6931471805599453,2.302585092994046,1.0986122886681098,0,0,0,0,0,0,0,1,1,2.0,0,0,0,0,0,0,0,1,0,0,1,0,0,0,0,0,0,0,0,0,0,0,0,0,1,0,0,0,0,1,0,1,1
1.0986122886681098,0.6931471805599453,6.311734809152915,3.044522437723423,6.139884552226255,0.6931471805599453,2.302585092994046,0.0,0,0,0,0,0,0,0,1,1,3.0,0,0,0,0,0,0,0,0,0,0,0,0,0,0,0,0,0,0,0,0,0,0,0,0,1,0,0,1,0,1,1,1,1
1.3862943611198906,1.0986122886681098,6.960347729101308,1.791759469228055,6.152732694704104,1.0986122886681098,2.0794415416798357,1.791759469228055,0,0,0,0,0,0,0,1,1,2.0,0,0,0,1,0,0,1,1,1,0,1,0,0,0,0,0,0,0,0,0,0,0,0,0,1,0,0,0,0,0,0,0,0
1.3862943611198906,1.0986122886681098,7.077498053569231,3.044522437723423,6.139884552226255,0.6931471805599453,2.302585092994046,0.0,0,0,0,0,0,0,0,1,1,2.0,0,0,0,0,0,0,0,0,0,0,0,0,0,0,0,0,0,0,0,0,0,0,0,0,0,0,0,0,0,1,1,1,1
1.3862943611198906,1.0986122886681098,6.86171134048073,3.044522437723423,6.240275845170769,0.6931471805599453,2.3978952727983707,2.302585092994046,0,0,0,0,0,0,0,1,1,2.0,1,0,1,1,1,1,0,1,1,0,1,0,1,0,0,0,0,0,0,0,0,0,0,0,0,0,0,0,1,0,1,0,0
0.6931471805599453,0.6931471805599453,6.3080984415095305,3.044522437723423,6.139884552226255,0.6931471805599453,2.302585092994046,0.0,0,0,0,0,0,0,0,1,0,2.0,0,0,0,0,0,0,0,0,0,0,0,0,0,0,0,0,0,0,0,0,0,0,0,1,0,0,0,0,1,1,1,1,0
1.3862943611198906,1.0986122886681098,6.621405651764134,3.044522437723423,6.139884552226255,0.6931471805599453,2.302585092994046,2.1972245773362196,0,0,0,0,0,0,0,1,0,2.0,1,0,0,1,0,1,1,1,1,0,1,0,1,0,0,0,0,0,0,0,0,0,0,0,1,0,0,0,0,1,1,1,0
1.3862943611198906,1.0986122886681098,6.947937068614969,3.044522437723423,6.139884552226255,0.6931471805599453,2.302585092994046,0.0,0,0,0,0,0,0,0,0,1,2.0,0,0,0,0,0,0,0,0,0,0,0,0,0,0,0,0,0,0,0,0,0,0,1,0,0,0,0,0,0,1,1,1,1
1.3862943611198906,1.0986122886681098,7.068172000388042,3.044522437723423,6.139884552226255,1.0986122886681098,2.302585092994046,2.70805020110221,0,0,0,0,0,0,0,1,1,3.0,1,1,1,1,1,1,1,1,1,1,1,1,1,1,0,0,0,0,0,0,0,0,0,0,0,1,1,0,0,1,1,1,0
1.3862943611198906,1.0986122886681098,6.759255270663693,3.044522437723423,6.139884552226255,0.6931471805599453,2.302585092994046,1.0986122886681098,0,0,0,0,0,0,0,0,1,2.0,0,0,0,0,0,0,0,1,0,0,1,0,0,0,0,0,0,0,0,0,0,0,0,0,0,0,0,0,0,1,1,1,1
1.3862943611198906,1.0986122886681098,7.170888478512505,2.3978952727983707,6.139884552226255,0.6931471805599453,2.302585092994046,2.0794415416798357,0,0,0,0,0,0,0,1,1,2.0,0,0,0,0,1,1,0,1,0,1,1,1,1,0,0,0,0,0,0,1,0,0,0,0,0,0,1,0,0,1,0,1,0
1.3862943611198906,1.0986122886681098,6.55250788703459,1.791759469228055,6.139884552226255,0.6931471805599453,2.302585092994046,1.6094379124341003,1,0,1,1,0,0,1,1,0,3.0,0,0,0,0,1,0,0,1,1,0,1,0,0,0,0,0,0,0,0,0,0,0,0,0,1,0,0,0,0,1,0,1,0
1.3862943611198906,1.0986122886681098,6.85751406254539,3.044522437723423,6.139884552226255,0.6931471805599453,2.302585092994046,0.0,0,0,0,0,0,0,0,1,0,3.0,0,0,0,0,0,0,0,0,0,0,0,0,0,0,0,0,0,0,0,0,0,0,0,0,0,0,0,0,0,1,1,1,1
1.6094379124341003,1.3862943611198906,7.703007682479236,3.1354942159291497,6.3578422665081,1.6094379124341003,1.791759469228055,2.4849066497880004,1,1,1,1,0,0,0,1,1,3.0,1,1,1,1,0,1,1,1,1,1,1,0,1,0,0,0,0,0,0,0,0,0,0,0,1,0,0,0,1,0,0,0,0
1.3862943611198906,1.0986122886681098,7.102499355774649,3.044522437723423,5.926926025970411,0.6931471805599453,2.302585092994046,2.5649493574615367,0,0,0,0,0,0,0,1,1,2.0,1,0,1,1,1,1,0,1,1,1,1,1,1,1,0,0,0,0,0,0,0,0,0,0,0,0,0,0,1,1,1,0,0
1.3862943611198906,0.6931471805599453,6.478509642208569,3.044522437723423,6.139884552226255,0.6931471805599453,2.302585092994046,0.0,1,0,0,0,0,0,0,0,1,3.0,0,0,0,0,0,0,0,0,0,0,0,0,0,0,0,0,0,0,0,0,0,0,0,0,1,0,1,0,0,1,1,1,1
1.3862943611198906,1.0986122886681098,6.55250788703459,3.091042453358316,6.255750041753367,0.6931471805599453,3.2188758248682006,1.0986122886681098,0,0,0,0,0,0,0,1,1,2.0,0,0,0,0,1,0,0,1,0,0,0,0,0,0,0,0,0,0,0,1,0,0,0,0,0,0,0,0,0,0,0,0,0
1.6094379124341003,1.3862943611198906,7.4067107301776405,3.8066624897703196,5.937536205082426,1.0986122886681098,1.791759469228055,2.302585092994046,0,0,0,0,0,0,0,1,1,2.0,1,0,1,0,1,0,1,1,1,1,1,0,1,0,0,0,0,0,0,1,0,0,0,0,0,0,1,0,0,0,0,0,0
1.3862943611198906,1.0986122886681098,7.109062135687172,2.1972245773362196,4.219507705176107,1.0986122886681098,2.302585092994046,1.6094379124341003,0,0,0,0,0,0,0,1,1,1.0,0,0,0,1,0,0,0,1,1,0,1,0,0,0,0,0,0,0,0,0,0,0,0,0,1,0,0,0,0,1,0,0,0
0.6931471805599453,0.6931471805599453,6.306275286948016,3.044522437723423,7.087573705557973,0.6931471805599453,1.6094379124341003,2.3978952727983707,0,0,0,0,0,0,1,1,1,3.0,1,0,1,0,1,1,1,1,1,1,1,0,1,0,0,0,0,0,0,0,0,0,0,0,1,0,1,0,0,0,1,0,0
1.3862943611198906,1.0986122886681098,6.890609120147166,3.044522437723423,6.139884552226255,1.0986122886681098,1.9459101490553132,2.0794415416798357,0,0,0,0,0,0,0,1,0,3.0,0,0,1,0,1,1,0,1,1,0,1,0,1,0,0,0,0,0,0,0,0,0,1,0,0,0,1,0,0,0,1,1,0
1.3862943611198906,1.0986122886681098,6.7464121285733745,3.044522437723423,6.139884552226255,0.6931471805599453,1.9459101490553132,2.1972245773362196,0,0,0,0,0,0,0,1,1,3.0,1,1,0,0,1,1,0,1,1,0,1,0,1,0,0,0,0,0,0,0,0,0,0,0,0,0,0,0,0,0,0,1,0
1.0986122886681098,0.6931471805599453,6.437751649736401,3.044522437723423,6.139884552226255,0.6931471805599453,2.302585092994046,0.0,0,0,0,0,0,0,0,1,0,2.0,0,0,0,0,0,0,0,0,0,0,0,0,0,0,0,0,0,0,0,0,0,0,0,1,0,0,0,0,0,1,1,1,1
1.3862943611198906,0.6931471805599453,6.421622267806518,1.791759469228055,6.139884552226255,0.6931471805599453,2.302585092994046,0.0,0,0,0,0,0,0,0,1,1,1.0,0,0,0,0,0,0,0,0,0,0,0,0,0,0,0,0,0,0,0,1,0,0,0,0,0,0,0,0,0,1,0,1,1
1.3862943611198906,1.0986122886681098,6.792344427470809,2.833213344056216,5.2832037287379885,0.6931471805599453,2.772588722239781,2.3978952727983707,0,0,0,0,0,0,0,1,0,2.0,1,1,0,1,1,1,1,1,1,0,1,0,1,0,0,0,0,0,0,0,0,0,0,0,0,0,0,0,0,0,0,0,0
1.0986122886681098,1.0986122886681098,6.683360945766275,3.58351893845611,8.078688229229872,0.6931471805599453,1.791759469228055,2.6390573296152584,0,0,0,0,0,0,0,1,1,3.0,1,1,1,1,1,1,1,1,1,1,1,1,1,0,0,0,0,0,0,0,0,0,0,0,0,0,0,0,1,0,0,0,0
1.3862943611198906,1.0986122886681098,6.761572768804055,3.044522437723423,6.139884552226255,0.6931471805599453,2.302585092994046,1.3862943611198906,1,0,0,1,0,0,0,0,0,2.0,0,0,0,0,0,0,0,1,1,0,1,0,0,0,0,0,0,0,0,0,0,0,0,0,1,0,0,0,0,1,1,1,1
1.9459101490553132,1.791759469228055,8.824824939175638,1.791759469228055,3.044522437723423,1.3862943611198906,2.302585092994046,2.0794415416798357,0,0,0,0,0,0,0,1,1,1.0,1,0,1,0,0,0,0,1,1,0,1,1,1,0,0,0,0,0,0,1,0,0,0,0,0,0,1,0,0,1,0,0,0
1.6094379124341003,1.0986122886681098,6.899723107284872,3.044522437723423,7.135687347028144,1.0986122886681098,0.6931471805599453,2.3978952727983707,0,0,0,0,0,0,0,1,1,2.0,1,0,1,0,1,1,1,1,1,1,1,0,1,0,0,0,0,0,0,0,0,0,0,0,1,0,0,0,1,0,1,0,0
1.0986122886681098,0.6931471805599453,6.20455776256869,3.044522437723423,6.139884552226255,0.6931471805599453,2.302585092994046,0.0,0,0,0,0,0,0,0,1,1,1.0,0,0,0,0,0,0,0,0,0,0,0,0,0,0,0,0,0,0,0,0,0,0,0,0,0,0,0,0,0,1,1,1,1
1.3862943611198906,1.0986122886681098,6.777646593635117,2.6390573296152584,6.139884552226255,0.6931471805599453,2.70805020110221,2.302585092994046,1,0,1,1,0,0,0,0,0,1.0,1,0,1,0,1,1,1,1,1,0,1,0,1,0,1,0,0,0,0,0,0,0,0,0,0,0,1,0,0,0,0,1,0
1.3862943611198906,1.0986122886681098,7.280008252884188,1.3862943611198906,5.231108616854587,0.6931471805599453,3.5553480614894135,1.3862943611198906,0,0,0,0,0,0,0,1,1,2.0,0,0,0,0,0,0,0,1,0,1,1,0,0,0,0,0,0,0,0,1,0,0,0,0,0,0,0,0,0,0,0,0,0
1.6094379124341003,0.6931471805599453,6.966024187106113,3.044522437723423,6.139884552226255,0.6931471805599453,2.302585092994046,0.0,0,0,0,0,0,0,0,1,1,2.0,0,0,0,0,0,0,0,0,0,0,0,0,0,0,0,1,0,0,0,0,0,0,0,0,0,0,0,1,0,1,1,1,1
1.3862943611198906,1.0986122886681098,6.7464121285733745,2.5649493574615367,6.139884552226255,0.6931471805599453,2.302585092994046,2.0794415416798357,0,0,0,0,0,0,0,1,1,2.0,0,0,0,1,1,1,0,1,1,0,1,0,1,0,0,1,0,0,0,0,0,0,0,0,0,0,0,0,0,1,0,1,0
1.3862943611198906,0.6931471805599453,6.523562306149512,3.044522437723423,6.139884552226255,0.6931471805599453,2.302585092994046,0.0,0,0,0,1,0,0,0,0,1,2.0,0,0,0,0,0,0,0,0,0,0,0,0,0,0,0,0,0,0,0,0,0,0,0,0,1,0,0,0,0,1,1,1,1
1.6094379124341003,1.3862943611198906,7.409136443920128,2.833213344056216,6.154858094016418,1.0986122886681098,2.302585092994046,2.1972245773362196,0,0,0,0,0,0,0,1,1,2.0,1,0,1,0,0,0,1,1,1,1,1,0,1,0,0,0,0,0,0,1,0,0,0,0,0,0,1,0,0,0,0,0,0
1.3862943611198906,0.6931471805599453,6.55250788703459,3.1780538303479458,7.65728279297819,0.6931471805599453,3.044522437723423,0.6931471805599453,0,0,0,0,0,0,0,1,1,2.0,0,0,0,0,0,0,0,1,0,0,0,0,0,0,0,0,0,0,0,1,0,0,0,0,0,0,0,1,0,0,0,0,0
1.3862943611198906,1.0986122886681098,6.815639990074331,3.2188758248682006,6.3578422665081,0.6931471805599453,3.4011973816621555,2.3978952727983707,1,0,1,1,1,0,0,1,1,2.0,1,0,1,0,0,1,0,1,1,1,1,1,1,1,1,0,0,0,0,0,0,0,0,0,0,0,1,0,0,0,0,0,1
1.3862943611198906,1.0986122886681098,6.621405651764134,3.044522437723423,6.139884552226255,0.6931471805599453,2.302585092994046,0.0,0,0,0,0,0,0,0,0,1,2.0,0,0,0,0,0,0,0,0,0,0,0,0,0,0,0,0,0,0,0,0,0,0,0,0,1,0,0,0,0,1,1,1,1
1.3862943611198906,1.0986122886681098,6.55250788703459,2.9444389791664403,4.727387818712341,0.6931471805599453,2.302585092994046,1.0986122886681098,0,0,0,0,0,0,0,1,1,2.0,0,0,0,0,0,0,0,1,0,0,1,0,0,0,0,0,0,0,0,1,0,0,0,0,0,0,0,0,0,1,0,0,0
1.3862943611198906,1.0986122886681098,7.052721049232323,3.044522437723423,6.906754778648554,0.6931471805599453,1.0986122886681098,2.1972245773362196,0,0,0,0,0,0,0,1,1,2.0,1,0,1,1,1,0,0,1,1,0,1,0,1,0,0,0,0,0,0,0,0,0,0,0,1,0,0,0,1,0,1,0,1
1.0986122886681098,1.0986122886681098,6.066108090103747,3.044522437723423,7.00397413672268,0.6931471805599453,1.0986122886681098,0.0,1,1,1,1,1,0,1,1,0,2.0,0,0,0,0,0,0,0,0,0,0,0,0,0,0,1,0,0,0,0,0,0,0,0,0,0,0,0,0,1,0,1,0,0
1.3862943611198906,1.0986122886681098,7.0909098220799835,3.044522437723423,6.111467339502679,1.0986122886681098,0.6931471805599453,2.3978952727983707,0,0,0,0,0,0,0,1,1,2.0,1,0,1,1,1,0,1,1,1,1,1,0,1,0,0,0,0,0,0,1,0,0,0,0,0,0,1,0,0,0,1,0,0
1.3862943611198906,1.0986122886681098,6.536691597591305,2.9444389791664403,5.808142489980444,0.6931471805599453,2.995732273553991,2.302585092994046,1,0,1,1,0,0,0,1,1,1.0,1,1,1,1,0,1,0,1,1,0,1,0,1,0,0,0,0,0,0,0,0,0,0,0,1,0,0,0,0,0,0,0,1
1.3862943611198906,1.0986122886681098,6.90875477931522,3.044522437723423,6.90875477931522,1.0986122886681098,2.302585092994046,1.3862943611198906,0,0,0,0,0,0,0,1,1,3.0,0,0,0,0,1,0,0,1,0,0,1,0,0,0,0,0,0,0,0,1,0,0,0,0,0,0,0,0,1,1,1,0,0
1.3862943611198906,1.0986122886681098,6.70808408385307,2.4849066497880004,6.5638555265321274,0.6931471805599453,2.302585092994046,2.0794415416798357,0,0,0,0,0,0,0,1,0,2.0,1,1,1,0,0,0,0,0,1,0,1,0,1,1,0,0,0,0,0,0,0,0,0,0,0,0,0,0,0,1,0,0,0
1.3862943611198906,1.0986122886681098,6.478509642208569,3.044522437723423,6.139884552226255,0.6931471805599453,2.302585092994046,1.791759469228055,0,0,0,0,0,0,0,1,1,2.0,0,0,0,0,1,0,0,1,1,0,1,0,1,0,1,0,0,0,0,0,0,0,0,0,0,0,0,0,0,1,1,1,0
1.3862943611198906,1.0986122886681098,6.7464121285733745,2.5649493574615367,6.920671504248683,0.6931471805599453,2.302585092994046,2.0794415416798357,0,0,0,0,0,0,0,1,0,1.0,0,0,1,1,0,0,0,1,1,0,1,0,1,1,0,0,0,0,0,0,0,0,1,0,0,0,0,0,0,1,0,0,1
1.0986122886681098,1.0986122886681098,6.698268054115413,3.258096538021482,7.602900462204755,0.6931471805599453,1.6094379124341003,0.0,0,0,0,0,0,0,0,1,1,3.0,0,0,0,0,0,0,0,0,0,0,0,0,0,0,0,0,0,0,0,0,0,0,0,0,0,0,0,0,1,0,0,0,1
1.3862943611198906,1.0986122886681098,7.0909098220799835,1.9459101490553132,4.762173934797756,0.6931471805599453,2.302585092994046,2.0794415416798357,1,1,1,1,0,0,1,1,1,1.0,1,0,0,1,0,0,1,1,1,0,1,0,1,0,1,0,0,0,0,0,0,0,0,0,0,0,1,0,0,1,0,0,0
1.3862943611198906,1.0986122886681098,6.950814768442584,3.044522437723423,5.424950017481403,0.6931471805599453,2.302585092994046,1.9459101490553132,0,0,0,0,0,0,0,1,1,3.0,0,0,1,0,1,0,0,1,1,0,1,0,1,0,0,0,0,0,0,0,0,1,0,0,0,0,1,0,0,1,1,0,0
1.3862943611198906,1.0986122886681098,6.7464121285733745,2.3978952727983707,4.189654742026425,0.6931471805599453,2.302585092994046,1.3862943611198906,0,0,0,0,0,0,0,1,0,1.0,0,0,0,0,0,0,1,0,0,0,1,0,1,0,0,0,0,0,0,0,0,0,0,0,0,0,0,0,1,1,0,0,1
1.3862943611198906,1.0986122886681098,6.90875477931522,3.044522437723423,6.139884552226255,0.6931471805599453,2.302585092994046,1.791759469228055,0,0,0,0,0,0,0,1,1,1.0,0,0,0,1,1,0,0,1,1,0,1,0,0,0,0,1,0,0,0,0,0,0,0,0,0,0,0,0,0,1,1,1,1
1.3862943611198906,1.0986122886681098,6.683360945766275,3.1354942159291497,6.2166061010848646,0.6931471805599453,2.302585092994046,2.0794415416798357,0,1,1,1,0,0,1,1,1,2.0,0,0,1,1,0,1,0,1,1,0,1,0,1,0,1,0,0,0,0,0,0,0,0,0,0,0,0,0,1,1,0,0,1
1.3862943611198906,1.0986122886681098,6.634633357861686,3.044522437723423,6.139884552226255,0.6931471805599453,2.302585092994046,1.3862943611198906,1,0,0,0,0,0,0,0,0,3.0,0,0,0,0,0,0,0,1,1,0,1,0,0,0,0,0,0,0,0,0,0,0,0,0,1,0,0,0,0,1,1,1,0
1.3862943611198906,1.0986122886681098,6.803505257608338,3.5263605246161616,5.0106352940962555,1.0986122886681098,2.302585092994046,2.302585092994046,0,0,0,0,0,0,0,0,1,2.0,1,0,1,0,1,1,1,1,1,0,1,0,1,0,1,0,0,0,0,0,0,0,0,0,0,0,1,0,0,1,0,0,0
1.3862943611198906,1.0986122886681098,7.150701457592526,3.044522437723423,5.375278407684165,1.0986122886681098,1.6094379124341003,1.791759469228055,0,0,0,0,0,0,0,1,1,2.0,0,0,0,1,1,0,0,1,1,0,1,0,0,0,0,0,0,0,0,0,0,0,0,0,1,0,0,0,0,0,1,0,0
1.6094379124341003,1.3862943611198906,7.940939762327791,2.772588722239781,5.293304824724492,1.0986122886681098,3.258096538021482,2.4849066497880004,0,0,0,0,0,0,0,1,1,3.0,1,0,1,1,1,1,1,1,1,1,1,0,1,0,0,0,0,0,0,0,0,1,0,0,0,0,1,0,0,0,0,0,0
1.0986122886681098,1.0986122886681098,6.729824070489475,3.044522437723423,6.236369590203704,0.6931471805599453,1.3862943611198906,2.0794415416798357,0,0,0,0,0,0,0,1,1,2.0,0,0,1,0,1,1,0,1,1,0,1,0,1,0,1,0,0,0,0,0,0,0,0,0,0,0,1,0,0,0,1,0,0
1.3862943611198906,1.0986122886681098,6.55250788703459,2.9444389791664403,5.209486152841421,0.6931471805599453,2.8903717578961645,2.0794415416798357,0,0,0,0,0,0,0,1,1,2.0,0,0,0,0,1,0,0,1,1,0,1,1,1,1,0,0,0,0,0,1,0,0,0,0,0,0,0,0,0,0,0,0,0
1.3862943611198906,0.6931471805599453,6.818924065275521,3.044522437723423,6.139884552226255,1.0986122886681098,2.302585092994046,2.1972245773362196,0,0,0,0,0,0,0,1,1,2.0,0,0,0,1,1,1,0,1,1,0,1,1,1,0,0,0,0,0,0,0,0,0,0,0,0,0,0,0,0,1,1,1,0
1.3862943611198906,1.0986122886681098,6.694562058521095,3.044522437723423,6.139884552226255,0.6931471805599453,2.302585092994046,0.0,0,0,0,0,0,0,0,0,0,1.0,0,0,0,0,0,0,0,0,0,0,0,0,0,0,0,0,0,0,0,0,0,0,0,0,1,0,0,0,0,1,1,1,1
1.3862943611198906,1.0986122886681098,6.833031732786201,1.791759469228055,5.342334251964811,0.6931471805599453,3.1354942159291497,1.3862943611198906,1,0,1,1,0,0,1,0,0,2.0,0,0,0,0,0,0,0,1,1,0,1,0,0,0,1,0,0,0,0,0,0,0,0,0,0,0,1,0,0,0,0,0,1
1.3862943611198906,0.6931471805599453,6.478509642208569,3.044522437723423,6.139884552226255,0.6931471805599453,2.302585092994046,1.0986122886681098,0,0,0,0,0,0,0,1,0,1.0,0,0,0,1,0,0,0,0,1,0,0,0,0,0,0,0,0,0,0,0,0,0,0,0,0,0,0,1,0,1,1,1,1
1.3862943611198906,1.0986122886681098,6.55250788703459,3.044522437723423,6.139884552226255,0.6931471805599453,2.302585092994046,0.0,0,0,0,0,0,0,0,0,1,3.0,0,0,0,0,0,0,0,0,0,0,0,0,0,0,0,0,0,0,0,0,0,0,0,0,1,0,0,1,0,1,1,1,1
0.6931471805599453,0.6931471805599453,6.47543271670409,3.044522437723423,6.139884552226255,0.6931471805599453,2.302585092994046,1.9459101490553132,0,0,0,0,0,0,0,1,0,2.0,1,0,0,0,1,0,0,1,1,0,1,0,1,0,0,1,0,0,0,0,0,0,0,0,0,0,1,0,0,1,1,1,1
1.3862943611198906,1.0986122886681098,6.8679744089702925,3.044522437723423,6.139884552226255,0.6931471805599453,2.302585092994046,2.70805020110221,1,1,1,0,0,1,0,0,0,2.0,1,1,1,1,1,1,1,1,1,1,1,1,1,1,0,0,0,0,0,0,0,0,0,0,1,0,0,0,0,1,1,1,1
1.3862943611198906,1.0986122886681098,6.854354502255021,2.70805020110221,5.517452896464707,0.6931471805599453,2.302585092994046,1.791759469228055,0,0,1,0,0,0,0,0,1,2.0,0,0,1,0,0,0,0,1,1,0,1,0,1,0,0,0,0,0,0,0,0,0,0,0,1,0,1,0,0,1,0,0,1
1.3862943611198906,1.0986122886681098,6.7464121285733745,1.791759469228055,6.139884552226255,0.6931471805599453,2.302585092994046,1.0986122886681098,0,0,1,1,0,0,0,0,1,2.0,0,0,0,0,0,0,0,1,1,0,0,0,0,0,0,0,0,0,0,0,0,0,0,0,1,0,0,0,0,1,0,1,1
1.6094379124341003,1.0986122886681098,7.409136443920128,3.2188758248682006,5.459585514144159,1.0986122886681098,2.302585092994046,1.791759469228055,0,0,0,0,0,0,0,1,1,3.0,0,0,0,0,1,0,0,1,1,0,1,0,1,0,0,0,0,0,0,1,0,0,0,0,0,0,1,0,0,1,0,0,0
1.3862943611198906,1.0986122886681098,7.252053951852814,3.332204510175204,6.345636360828596,1.0986122886681098,2.3978952727983707,2.302585092994046,0,0,0,0,0,0,0,1,0,2.0,0,0,1,1,1,1,0,1,1,0,1,1,1,0,0,0,0,0,0,0,0,0,0,0,1,0,1,0,0,0,0,0,0
1.0986122886681098,0.6931471805599453,6.3818160174060985,3.044522437723423,4.941642422609304,0.6931471805599453,1.9459101490553132,0.0,0,0,0,0,0,0,0,1,0,2.0,0,0,0,0,0,0,0,0,0,0,0,0,0,0,0,0,0,0,0,0,0,0,0,1,0,0,0,0,0,0,1,0,0
1.3862943611198906,1.0986122886681098,7.089243155027514,3.044522437723423,6.008813185442595,1.0986122886681098,1.0986122886681098,1.9459101490553132,0,0,0,0,0,0,0,1,1,2.0,1,0,1,1,0,0,0,0,1,0,1,0,1,0,0,0,0,0,0,1,0,0,0,0,0,0,1,0,0,0,1,0,0
1.0986122886681098,1.0986122886681098,6.776506992372183,3.044522437723423,6.139884552226255,0.6931471805599453,2.302585092994046,0.0,0,0,0,0,0,0,0,1,0,2.0,0,0,0,0,0,0,0,0,0,0,0,0,0,0,0,0,0,0,0,0,0,0,0,0,0,0,1,0,0,1,1,1,1
1.3862943611198906,1.0986122886681098,7.095893221097532,3.044522437723423,6.139884552226255,0.6931471805599453,2.302585092994046,2.4849066497880004,0,0,0,0,0,0,0,1,0,3.0,1,1,1,1,1,1,1,1,1,0,1,0,1,0,0,0,0,0,0,0,0,0,0,1,0,0,1,0,0,1,1,1,0
0.6931471805599453,0.6931471805599453,6.306275286948016,3.044522437723423,6.139884552226255,0.6931471805599453,2.302585092994046,2.4849066497880004,0,0,0,0,0,0,1,1,1,2.0,1,0,1,1,1,1,1,1,1,1,1,0,1,0,0,0,0,0,0,0,0,0,0,0,1,0,1,0,0,1,1,1,0
1.3862943611198906,1.0986122886681098,6.398594934535208,1.6094379124341003,5.8664680569332965,0.6931471805599453,2.302585092994046,1.3862943611198906,0,0,0,0,0,0,0,0,0,1.0,0,0,0,0,0,0,1,0,1,0,1,0,0,0,0,0,0,0,0,0,0,0,1,0,0,0,0,0,0,1,0,0,1
1.3862943611198906,1.0986122886681098,6.78332520060396,3.044522437723423,6.139884552226255,0.6931471805599453,2.302585092994046,1.3862943611198906,0,0,0,0,0,0,0,1,0,3.0,0,0,0,0,0,0,0,1,0,0,1,0,1,0,0,1,0,0,0,0,0,0,0,0,0,0,0,0,0,1,1,1,0
1.3862943611198906,0.6931471805599453,6.478509642208569,1.791759469228055,6.139884552226255,0.6931471805599453,2.302585092994046,1.3862943611198906,0,0,0,0,0,0,0,0,0,3.0,1,0,0,0,0,0,0,1,0,0,1,0,0,0,0,0,0,0,0,0,0,0,0,0,1,0,0,0,0,1,0,1,1
1.3862943611198906,1.0986122886681098,6.74993119378857,1.791759469228055,6.139884552226255,0.6931471805599453,2.302585092994046,0.6931471805599453,0,0,0,0,1,0,0,1,1,2.0,0,0,0,0,0,0,0,0,0,0,1,0,0,0,0,0,0,0,0,0,0,0,0,0,1,0,0,0,0,1,0,1,0
1.3862943611198906,1.0986122886681098,6.842683282238422,3.6635616461296463,6.042632833682381,1.0986122886681098,2.5649493574615367,2.70805020110221,0,0,0,0,0,0,0,1,1,2.0,1,1,1,1,1,1,1,1,1,1,1,1,1,1,0,0,0,0,0,1,0,0,0,0,0,0,1,0,0,0,0,0,0
1.3862943611198906,1.0986122886681098,7.040536390215956,2.995732273553991,6.18826412308259,0.6931471805599453,3.367295829986474,2.5649493574615367,0,1,0,0,0,0,1,0,0,1.0,1,1,1,1,1,1,0,1,1,1,1,0,1,1,1,0,0,0,0,0,0,0,0,0,0,0,1,0,0,0,0,0,0
1.3862943611198906,1.0986122886681098,7.295735072749282,3.258096538021482,6.68586094706836,1.0986122886681098,2.302585092994046,2.4849066497880004,1,1,1,1,1,0,0,0,0,3.0,1,0,1,1,1,1,1,1,1,1,1,0,1,0,1,0,0,0,0,0,0,0,0,0,0,0,1,0,0,0,0,0,0
1.3862943611198906,1.0986122886681098,6.7464121285733745,1.791759469228055,6.139884552226255,0.6931471805599453,2.302585092994046,1.9459101490553132,0,0,0,0,0,0,0,0,1,1.0,0,0,0,0,1,1,1,1,1,0,1,0,0,0,0,0,1,0,0,0,0,0,0,0,0,0,0,0,0,1,0,1,1
1.3862943611198906,1.0986122886681098,6.748759547491679,2.8903717578961645,6.0014148779611505,0.6931471805599453,2.302585092994046,2.4849066497880004,0,0,0,0,0,0,0,1,1,2.0,1,0,1,1,1,1,1,1,1,1,1,0,1,0,1,0,0,0,0,0,0,0,0,0,0,0,1,0,0,0,0,0,0
0.6931471805599453,1.0986122886681098,6.966967138613983,2.8903717578961645,5.081404364984463,0.6931471805599453,2.302585092994046,1.791759469228055,0,0,0,0,0,0,0,1,1,1.0,0,0,0,0,1,0,0,1,1,0,1,0,1,0,0,0,0,0,0,1,0,0,0,0,0,0,1,0,0,1,0,0,0
1.3862943611198906,1.0986122886681098,6.594413459749778,2.8903717578961645,1.3862943611198906,0.6931471805599453,3.4657359027997265,1.3862943611198906,0,0,0,0,0,0,0,1,0,2.0,0,0,0,0,1,0,0,1,0,0,1,0,0,0,0,0,0,0,0,1,0,0,0,0,0,0,0,0,0,0,0,0,0
1.6094379124341003,1.0986122886681098,7.149131598557407,3.044522437723423,6.139884552226255,0.6931471805599453,2.302585092994046,2.4849066497880004,1,1,1,1,1,0,0,1,0,3.0,0,1,1,1,0,1,1,1,1,0,1,1,1,1,1,0,0,0,0,0,0,0,0,0,0,0,1,0,0,1,1,1,0
1.3862943611198906,1.0986122886681098,6.68586094706836,2.6390573296152584,6.139884552226255,0.6931471805599453,2.302585092994046,1.6094379124341003,0,1,1,1,1,0,0,1,0,2.0,0,0,0,0,0,0,0,1,1,0,1,0,1,0,1,0,0,0,0,0,0,0,0,0,0,0,1,0,0,1,0,1,1
1.3862943611198906,1.0986122886681098,7.00397413672268,3.044522437723423,5.707110264748875,0.6931471805599453,2.6390573296152584,2.1972245773362196,1,0,1,1,0,0,1,1,0,2.0,0,0,1,0,1,1,1,1,1,0,1,0,1,0,1,0,0,0,0,0,0,0,0,0,0,0,1,0,0,0,0,0,0
1.3862943611198906,1.0986122886681098,6.478509642208569,3.044522437723423,6.139884552226255,0.6931471805599453,2.302585092994046,0.0,0,0,0,0,0,0,0,1,0,2.0,0,0,0,0,0,0,0,0,0,0,0,0,0,0,0,0,0,0,0,1,0,0,0,0,0,0,0,0,0,1,1,1,0
1.6094379124341003,1.0986122886681098,7.148345743900068,3.4339872044851463,6.018593214496234,1.0986122886681098,1.9459101490553132,1.791759469228055,0,0,0,0,0,0,0,1,1,3.0,0,0,0,0,1,0,0,1,1,0,1,0,1,0,0,0,0,0,0,1,0,0,0,0,0,0,1,0,0,0,0,0,0
1.3862943611198906,1.0986122886681098,6.704414354964107,3.044522437723423,6.139884552226255,0.6931471805599453,2.302585092994046,0.0,0,0,0,0,0,0,0,1,0,2.0,0,0,0,0,0,0,0,0,0,0,0,0,0,0,0,0,0,0,0,0,0,0,0,1,0,0,1,0,0,1,1,1,1
1.3862943611198906,1.0986122886681098,6.489204931325317,1.791759469228055,6.139884552226255,0.6931471805599453,2.302585092994046,0.0,0,0,1,1,1,0,0,1,1,1.0,0,0,0,0,0,0,0,0,0,0,0,0,0,0,0,0,0,0,0,0,0,0,0,0,1,0,0,1,0,1,0,1,1
1.6094379124341003,1.3862943611198906,7.43955930913332,2.0794415416798357,5.697093486505405,1.3862943611198906,2.302585092994046,2.70805020110221,0,0,0,0,0,0,0,1,1,2.0,1,1,1,1,1,1,1,1,1,1,1,1,1,1,0,0,0,0,0,1,0,0,0,0,0,0,1,0,0,0,0,0,0
1.3862943611198906,1.0986122886681098,6.982862751468942,2.5649493574615367,6.139884552226255,0.6931471805599453,2.302585092994046,1.6094379124341003,0,0,0,0,0,0,0,1,1,3.0,0,0,0,0,1,0,0,1,1,0,1,0,0,0,0,0,0,0,0,0,0,0,0,0,1,0,0,0,0,1,0,1,0
1.3862943611198906,1.0986122886681098,6.6052979209482015,3.044522437723423,6.139884552226255,0.6931471805599453,2.302585092994046,1.791759469228055,0,0,0,0,0,0,0,1,0,1.0,0,0,0,1,0,0,0,1,1,0,1,0,1,0,0,0,0,0,0,0,0,0,1,0,0,0,0,0,0,1,1,1,0
1.6094379124341003,1.3862943611198906,7.404279118037268,3.044522437723423,5.407171771460119,1.0986122886681098,2.1972245773362196,2.3978952727983707,0,0,0,0,0,0,0,1,1,2.0,1,0,1,0,1,1,1,1,1,1,1,0,1,0,0,0,0,0,0,1,0,0,0,0,0,0,1,0,0,0,1,0,0
1.3862943611198906,1.0986122886681098,6.625392368007956,3.7612001156935624,5.017279836814924,1.0986122886681098,1.3862943611198906,2.3978952727983707,0,0,0,0,0,0,0,1,1,3.0,0,0,1,1,0,1,0,1,1,1,1,1,1,1,0,0,0,0,0,1,0,0,0,0,0,0,0,0,1,0,0,0,0
1.3862943611198906,1.0986122886681098,6.975413927455952,2.833213344056216,6.139884552226255,0.6931471805599453,2.302585092994046,2.1972245773362196,0,0,0,0,0,0,0,1,0,3.0,0,1,1,0,1,0,1,1,1,0,1,0,1,0,0,0,0,0,0,0,0,0,1,0,0,0,1,0,0,1,0,1,1
1.3862943611198906,1.0986122886681098,6.55250788703459,2.9444389791664403,5.209486152841421,0.6931471805599453,2.8903717578961645,1.9459101490553132,0,0,0,0,0,0,0,1,1,2.0,0,0,0,0,0,0,0,1,1,0,1,1,1,1,0,0,0,0,0,1,0,0,0,0,0,0,0,0,0,0,0,0,0
1.6094379124341003,1.0986122886681098,7.370860166536716,1.6094379124341003,6.139884552226255,0.6931471805599453,2.302585092994046,0.0,0,0,0,1,0,0,0,0,0,2.0,0,0,0,0,0,0,0,0,0,0,0,0,0,0,0,0,0,0,0,0,0,0,0,0,1,0,0,0,0,1,0,1,1
1.6094379124341003,1.3862943611198906,7.319202458767849,3.044522437723423,6.139884552226255,1.0986122886681098,2.302585092994046,0.0,0,0,0,0,0,0,0,1,1,2.0,0,0,0,0,0,0,0,0,0,0,0,0,0,0,1,0,0,0,0,0,0,0,0,0,0,0,1,0,0,1,1,1,0
1.3862943611198906,1.3862943611198906,7.025538314638521,3.1354942159291497,6.424869023905388,1.0986122886681098,2.0794415416798357,2.4849066497880004,1,1,1,0,1,0,1,1,1,1.0,1,0,1,1,1,1,1,1,1,1,1,0,1,0,0,0,0,0,0,0,0,0,0,0,1,0,0,0,1,0,0,0,0
1.3862943611198906,1.0986122886681098,6.688354713946762,3.044522437723423,6.139884552226255,0.6931471805599453,2.302585092994046,0.0,0,0,0,0,0,0,0,1,0,2.0,0,0,0,0,0,0,0,0,0,0,0,0,0,0,0,0,0,0,0,0,0,0,0,1,0,0,0,0,0,1,1,1,0
1.6094379124341003,1.3862943611198906,7.1372784372603855,2.5649493574615367,5.303304908059076,1.0986122886681098,2.302585092994046,2.5649493574615367,0,0,0,0,0,0,0,1,0,2.0,1,1,1,1,1,1,1,1,1,1,1,0,1,0,0,0,0,0,0,0,0,0,0,1,0,0,0,0,0,1,0,0,0
1.0986122886681098,1.0986122886681098,6.70808408385307,3.044522437723423,6.139884552226255,0.6931471805599453,1.9459101490553132,1.6094379124341003,0,0,0,0,0,0,0,1,1,3.0,0,0,0,0,1,0,1,1,0,0,1,0,0,0,0,0,0,0,0,0,0,0,0,0,0,0,1,0,0,0,1,1,1
1.3862943611198906,1.0986122886681098,6.68586094706836,3.044522437723423,7.550135342488429,0.6931471805599453,2.0794415416798357,2.70805020110221,0,0,0,0,0,0,0,1,0,2.0,1,1,1,1,1,1,1,1,1,1,1,1,1,1,0,0,0,0,0,1,0,0,0,0,0,0,0,0,0,0,1,0,0
1.3862943611198906,1.0986122886681098,6.784457062637643,2.70805020110221,6.558197802812269,0.6931471805599453,3.1354942159291497,2.302585092994046,0,0,0,0,0,0,0,1,0,1.0,0,0,1,1,1,1,0,1,1,1,1,0,1,0,0,0,0,0,0,0,0,0,0,0,1,0,1,0,0,0,0,0,0
1.3862943611198906,1.0986122886681098,6.957497370876951,2.70805020110221,6.139884552226255,0.6931471805599453,3.4339872044851463,0.0,0,0,0,0,0,0,0,1,1,2.0,0,0,0,0,0,0,0,0,0,0,0,0,0,0,1,0,0,0,0,0,0,0,0,0,0,0,0,0,0,0,0,1,1
1.3862943611198906,1.0986122886681098,7.00397413672268,3.044522437723423,6.139884552226255,1.0986122886681098,2.302585092994046,2.70805020110221,0,0,0,0,0,0,0,1,1,2.0,1,1,1,1,1,1,1,1,1,1,1,1,1,1,0,0,0,0,0,0,0,0,0,0,1,0,1,0,0,1,1,1,0
1.6094379124341003,1.3862943611198906,7.4067107301776405,3.8066624897703196,5.937536205082426,0.6931471805599453,1.791759469228055,2.3978952727983707,0,0,0,0,0,0,0,1,1,2.0,1,0,1,1,1,0,1,1,1,1,1,0,1,0,0,0,0,0,0,1,0,0,0,0,0,0,1,0,0,0,0,0,1
1.3862943611198906,1.3862943611198906,7.009408932708637,3.784189633918261,6.202535517187923,1.0986122886681098,1.0986122886681098,2.0794415416798357,1,0,1,1,0,0,1,1,0,2.0,0,0,1,0,1,0,0,1,1,1,1,0,1,0,1,0,0,0,0,0,0,0,0,0,0,0,1,0,0,0,0,0,0
1.3862943611198906,1.0986122886681098,6.612041034833092,3.044522437723423,5.726847747587197,0.6931471805599453,2.302585092994046,1.6094379124341003,1,1,0,1,0,0,0,0,1,3.0,0,0,0,0,1,1,0,1,0,0,1,0,0,0,0,0,0,0,0,0,0,0,0,0,1,0,0,0,0,1,1,0,1
1.6094379124341003,1.0986122886681098,7.147559271189454,3.4657359027997265,6.1675164908883415,1.0986122886681098,1.9459101490553132,2.1972245773362196,0,0,0,0,0,0,0,1,1,3.0,1,0,1,1,0,0,1,0,1,1,1,0,1,0,0,0,0,0,0,1,0,0,0,0,0,0,1,0,0,0,0,0,0
1.3862943611198906,0.6931471805599453,6.734591659972948,2.4849066497880004,6.139884552226255,0.6931471805599453,3.332204510175204,0.6931471805599453,0,0,0,0,0,0,0,1,0,2.0,0,0,0,0,0,0,0,1,0,0,0,0,0,0,0,0,0,0,0,1,0,0,0,0,0,0,0,0,0,0,0,1,1
0.6931471805599453,0.6931471805599453,6.434546518787453,3.6635616461296463,7.059617628291383,0.6931471805599453,1.791759469228055,1.791759469228055,1,0,1,1,1,0,0,1,0,3.0,0,0,1,1,0,0,0,1,0,0,1,0,1,0,1,0,0,0,0,0,0,0,0,0,0,0,0,0,1,0,0,0,0
0.6931471805599453,0.6931471805599453,6.385194398997726,2.9444389791664403,6.139884552226255,0.6931471805599453,2.302585092994046,1.9459101490553132,0,0,0,0,0,0,0,1,1,2.0,0,0,0,1,1,0,1,1,1,0,1,0,0,0,0,0,0,0,1,0,0,0,0,0,0,0,1,0,0,1,0,1,0
1.3862943611198906,1.0986122886681098,6.85751406254539,3.6635616461296463,6.803505257608338,1.0986122886681098,0.0,2.5649493574615367,1,0,1,1,0,0,0,1,0,2.0,1,1,1,1,1,1,1,1,1,1,1,0,1,0,1,0,0,0,0,0,0,0,0,0,0,0,0,0,0,0,0,0,0
0.6931471805599453,0.6931471805599453,6.016157159698354,3.044522437723423,6.139884552226255,0.6931471805599453,2.302585092994046,1.0986122886681098,0,0,0,0,0,0,0,1,0,3.0,0,0,0,0,1,0,0,0,0,0,1,0,0,0,0,0,0,0,0,0,0,0,1,0,0,0,0,0,1,1,1,1,1
1.3862943611198906,1.0986122886681098,6.963189985870238,2.9444389791664403,6.573680166960646,0.6931471805599453,2.833213344056216,1.9459101490553132,1,1,1,1,0,0,0,1,0,2.0,0,0,1,0,0,1,0,1,0,0,1,0,1,1,1,0,0,0,0,0,0,0,0,0,0,0,1,0,0,0,0,0,1
0.6931471805599453,0.6931471805599453,6.3818160174060985,3.6635616461296463,6.9411900550683745,0.6931471805599453,2.4849066497880004,2.4849066497880004,1,1,1,1,1,0,1,1,1,3.0,1,0,1,0,1,1,1,1,1,1,1,1,1,0,1,0,0,0,0,0,0,0,0,0,0,0,0,0,1,0,0,0,0
1.0986122886681098,1.0986122886681098,6.478509642208569,3.8066624897703196,7.667158255319148,0.6931471805599453,1.0986122886681098,2.0794415416798357,0,1,0,1,0,0,1,1,0,2.0,1,0,1,0,1,0,0,1,1,0,1,0,1,0,1,0,0,0,0,0,0,0,0,0,0,0,0,0,1,0,0,0,0
1.3862943611198906,1.0986122886681098,7.00397413672268,3.4657359027997265,5.8888779583328805,1.0986122886681098,3.1354942159291497,0.0,0,0,0,0,0,0,0,1,1,2.0,0,0,0,0,0,0,0,0,0,0,0,0,0,0,0,0,0,0,0,1,0,0,0,0,0,0,0,0,0,0,0,0,0
1.3862943611198906,1.0986122886681098,7.00397413672268,3.4339872044851463,6.139884552226255,1.0986122886681098,2.3978952727983707,1.6094379124341003,0,0,0,0,0,0,0,1,1,2.0,0,0,1,0,0,0,0,1,0,0,1,0,1,0,0,0,0,0,0,1,0,0,0,0,0,0,0,0,1,0,0,1,0
1.3862943611198906,1.0986122886681098,6.683360945766275,3.044522437723423,6.139884552226255,0.6931471805599453,2.302585092994046,1.791759469228055,0,0,0,0,0,0,0,0,0,1.0,0,0,0,0,0,1,0,1,1,0,1,0,1,0,0,0,0,0,0,0,1,0,0,0,0,0,0,0,0,1,1,1,1
1.0986122886681098,0.6931471805599453,6.309918278226516,3.044522437723423,6.139884552226255,0.6931471805599453,2.302585092994046,0.0,1,0,1,1,1,0,0,1,0,1.0,0,0,0,0,0,0,0,0,0,0,0,0,0,0,0,0,0,0,0,0,0,0,0,0,1,0,0,0,0,1,1,1,1
1.0986122886681098,1.0986122886681098,6.654152520183219,2.8903717578961645,5.746203190540153,1.0986122886681098,2.302585092994046,1.9459101490553132,0,0,0,0,0,0,0,1,1,2.0,0,0,1,0,0,0,0,1,1,1,1,0,1,0,0,0,0,0,0,1,0,0,0,0,0,0,0,0,1,1,0,0,0
1.0986122886681098,1.0986122886681098,7.086737934510577,3.044522437723423,6.139884552226255,0.6931471805599453,2.302585092994046,1.9459101490553132,0,0,0,0,0,0,0,1,1,2.0,0,0,1,0,1,0,0,1,1,0,1,0,1,0,0,0,0,0,0,0,0,0,0,0,0,0,1,0,0,1,1,1,0
1.3862943611198906,1.0986122886681098,7.161622002939187,3.044522437723423,6.139884552226255,0.6931471805599453,2.302585092994046,0.0,0,0,0,0,0,0,0,1,0,2.0,0,0,0,0,0,0,0,0,0,0,0,0,0,0,0,0,0,0,0,0,0,0,0,1,0,0,0,0,0,1,1,1,0
1.6094379124341003,1.0986122886681098,6.762729506931879,3.044522437723423,6.139884552226255,0.6931471805599453,2.302585092994046,0.0,0,0,0,0,0,0,0,1,0,1.0,0,0,0,0,0,0,0,0,0,0,0,0,0,0,0,0,0,1,0,0,0,0,0,0,0,0,0,1,0,1,1,1,0
1.0986122886681098,0.6931471805599453,6.293419278846481,3.044522437723423,6.139884552226255,0.6931471805599453,2.302585092994046,1.791759469228055,0,0,0,0,0,0,0,1,1,1.0,0,0,0,0,1,1,0,1,1,0,1,0,0,0,0,0,0,0,0,0,0,0,0,0,1,0,0,0,0,1,1,1,0
1.791759469228055,2.0794415416798357,8.702344075220351,2.9444389791664403,6.139884552226255,1.6094379124341003,2.302585092994046,2.4849066497880004,0,0,0,0,0,0,0,1,0,3.0,1,1,1,1,0,0,1,1,1,0,1,1,1,1,0,0,0,0,0,0,0,0,1,0,0,0,1,0,0,1,0,1,0
1.3862943611198906,0.6931471805599453,6.523562306149512,3.044522437723423,6.139884552226255,0.6931471805599453,2.302585092994046,1.3862943611198906,0,0,0,0,0,0,0,1,1,2.0,0,0,0,0,1,0,0,1,1,0,0,0,0,0,0,0,0,0,0,1,0,0,0,0,0,0,0,0,0,1,1,1,1
1.3862943611198906,1.3862943611198906,7.280008252884188,2.833213344056216,6.154858094016418,1.0986122886681098,2.302585092994046,2.302585092994046,0,0,0,0,0,0,0,1,1,1.0,1,0,1,0,1,0,1,1,1,1,1,0,1,0,0,0,0,0,0,1,0,0,0,0,0,0,1,0,0,0,0,0,0
1.3862943611198906,1.0986122886681098,7.00397413672268,2.70805020110221,4.574710978503383,0.6931471805599453,3.295836866004329,1.6094379124341003,0,0,0,0,0,0,0,1,1,2.0,0,0,0,0,1,0,0,1,0,0,1,0,1,0,0,0,0,0,0,1,0,0,0,0,0,0,1,0,0,0,0,0,0
1.3862943611198906,1.0986122886681098,6.931471805599453,4.1588830833596715,6.863803391452954,0.6931471805599453,1.0986122886681098,2.1972245773362196,1,1,1,1,0,0,0,1,1,2.0,1,0,1,1,0,0,0,1,1,1,1,0,1,0,1,0,0,0,0,0,0,0,0,0,0,0,0,0,1,0,0,0,1
1.3862943611198906,1.0986122886681098,6.679599185844383,2.0794415416798357,5.017279836814924,0.6931471805599453,2.302585092994046,0.6931471805599453,0,0,0,0,0,0,0,1,1,2.0,0,0,0,0,0,0,0,1,0,0,0,0,0,0,0,0,0,0,0,1,0,0,0,0,0,0,0,1,0,1,0,0,0
1.3862943611198906,1.0986122886681098,7.0909098220799835,3.044522437723423,6.139884552226255,0.6931471805599453,2.302585092994046,2.5649493574615367,0,0,0,0,0,0,0,1,1,1.0,1,0,1,1,0,1,1,1,1,1,1,1,1,1,0,0,0,0,0,0,0,0,0,0,0,0,0,0,0,1,1,1,1
1.3862943611198906,1.0986122886681098,6.962243464266207,3.044522437723423,6.139884552226255,0.6931471805599453,2.302585092994046,2.70805020110221,0,0,0,0,0,0,0,1,1,2.0,1,1,1,1,1,1,1,1,1,1,1,1,1,1,0,0,0,0,0,0,0,0,0,0,1,0,0,0,0,1,1,1,0
1.3862943611198906,1.0986122886681098,7.326465613840322,3.044522437723423,6.139884552226255,0.6931471805599453,2.302585092994046,2.302585092994046,0,0,0,0,0,0,0,1,1,2.0,1,0,1,0,0,0,0,1,1,1,1,1,1,1,0,0,0,0,0,0,0,0,0,0,0,1,1,0,0,1,1,1,0
0.6931471805599453,0.6931471805599453,6.2766434893416445,3.044522437723423,6.139884552226255,0.6931471805599453,2.302585092994046,2.5649493574615367,0,0,1,0,1,0,0,1,0,2.0,1,1,1,1,1,1,1,1,1,1,1,0,1,0,0,0,0,0,0,0,0,0,0,0,1,0,0,0,1,1,1,1,0
1.0986122886681098,1.0986122886681098,6.682108597449809,3.044522437723423,6.139884552226255,0.6931471805599453,2.302585092994046,1.9459101490553132,0,0,0,0,0,0,0,1,0,3.0,0,0,1,0,1,0,0,1,1,0,1,0,1,0,0,0,0,0,0,0,0,0,0,0,0,0,1,0,0,1,1,1,0
1.3862943611198906,1.0986122886681098,7.147559271189454,2.9444389791664403,6.139884552226255,0.6931471805599453,2.302585092994046,2.5649493574615367,0,0,0,0,0,0,0,1,1,2.0,1,1,1,0,1,1,0,1,1,1,1,1,1,1,1,0,0,0,0,0,0,0,0,0,0,0,1,0,0,1,0,1,0
1.3862943611198906,1.0986122886681098,6.658011045870748,2.0794415416798357,7.150701457592526,0.6931471805599453,2.9444389791664403,1.3862943611198906,0,0,0,0,0,0,0,0,0,1.0,0,0,0,0,1,0,0,0,1,0,1,0,0,0,0,0,0,0,0,0,0,0,0,0,1,0,0,0,0,0,0,0,1
1.3862943611198906,1.0986122886681098,7.195937226475569,3.58351893845611,5.5053315359323625,1.0986122886681098,1.6094379124341003,2.3978952727983707,1,1,1,1,1,1,0,1,1,3.0,1,0,1,1,1,0,0,1,1,1,1,0,1,1,1,0,0,0,0,0,0,0,0,0,0,0,1,0,0,0,0,0,0
1.3862943611198906,1.0986122886681098,6.419994928147142,3.044522437723423,6.139884552226255,0.6931471805599453,2.302585092994046,0.0,0,0,0,0,0,0,0,0,0,1.0,0,0,0,0,0,0,0,0,0,0,0,0,0,0,0,0,0,0,0,0,0,0,0,0,0,0,0,0,0,1,1,1,1
1.3862943611198906,1.0986122886681098,6.478509642208569,2.833213344056216,6.139884552226255,0.6931471805599453,2.302585092994046,1.6094379124341003,0,0,1,0,0,0,0,1,1,2.0,0,0,0,1,0,0,0,1,0,1,0,0,1,0,1,0,0,0,0,0,0,0,0,0,0,0,0,0,0,1,0,1,1
1.0986122886681098,0.6931471805599453,6.3473892096560105,3.044522437723423,6.139884552226255,0.6931471805599453,2.302585092994046,1.791759469228055,0,0,0,0,0,0,0,1,1,1.0,1,0,0,1,0,1,0,1,1,0,0,0,0,0,0,0,0,0,0,0,0,0,0,0,0,0,0,1,0,1,1,1,0
1.3862943611198906,1.0986122886681098,6.803505257608338,3.044522437723423,6.139884552226255,0.6931471805599453,2.302585092994046,2.3978952727983707,0,0,0,0,0,0,0,0,1,2.0,1,0,1,0,1,1,1,1,1,1,1,0,1,0,0,0,0,0,0,0,0,0,0,0,1,0,1,0,0,1,1,1,1
1.3862943611198906,1.0986122886681098,7.24422751560335,3.044522437723423,6.139884552226255,0.6931471805599453,2.302585092994046,0.0,0,0,0,0,0,0,0,1,0,2.0,0,0,0,0,0,0,0,0,0,0,0,0,0,0,0,0,0,0,0,0,0,0,0,1,0,0,0,0,0,1,1,1,1
0.6931471805599453,0.6931471805599453,6.580639137284949,2.5649493574615367,6.139884552226255,0.6931471805599453,2.302585092994046,2.0794415416798357,1,1,1,1,1,0,1,1,1,2.0,0,0,1,0,0,1,0,1,0,1,1,0,1,1,1,0,0,0,0,0,0,0,0,0,0,0,1,0,0,1,0,1,1
1.3862943611198906,1.0986122886681098,6.931471805599453,3.044522437723423,7.095064377287131,1.0986122886681098,1.6094379124341003,2.70805020110221,0,0,0,0,0,0,0,0,1,3.0,1,1,1,1,1,1,1,1,1,1,1,1,1,1,0,0,0,0,0,0,0,0,0,0,1,0,1,0,0,0,1,0,0
1.0986122886681098,0.6931471805599453,6.366470447731438,3.044522437723423,6.139884552226255,0.6931471805599453,2.302585092994046,1.0986122886681098,0,0,0,0,0,0,0,0,0,1.0,0,0,0,0,0,1,0,0,1,0,0,0,0,0,0,0,0,0,0,0,0,0,0,0,0,0,0,1,0,1,1,1,1
1.0986122886681098,0.6931471805599453,6.504288173536645,3.044522437723423,6.139884552226255,0.6931471805599453,2.302585092994046,0.0,0,0,0,0,0,0,0,1,0,3.0,0,0,0,0,0,0,0,0,0,0,0,0,0,0,0,0,0,0,0,0,0,0,1,0,0,0,0,0,0,1,1,1,1
1.3862943611198906,1.0986122886681098,6.78897174299217,3.4339872044851463,6.695798917058491,0.6931471805599453,2.3978952727983707,2.3978952727983707,0,0,0,0,0,0,0,1,1,2.0,0,0,1,0,1,1,0,1,1,1,1,1,1,1,0,0,0,0,0,1,0,0,0,0,0,0,1,0,0,0,0,0,0
1.3862943611198906,1.0986122886681098,6.7464121285733745,3.044522437723423,6.077642243349034,0.6931471805599453,2.6390573296152584,1.791759469228055,1,0,1,0,1,0,0,1,1,2.0,0,0,0,0,1,0,1,1,0,0,1,0,1,0,0,0,0,0,0,0,0,0,0,0,1,0,0,0,0,0,1,0,0
1.3862943611198906,1.0986122886681098,6.957497370876951,3.044522437723423,6.139884552226255,1.0986122886681098,2.302585092994046,2.70805020110221,0,0,0,0,0,0,0,1,1,2.0,1,1,1,1,1,1,1,1,1,1,1,1,1,1,0,0,0,0,0,0,0,0,0,0,1,0,1,0,0,1,1,1,0
1.3862943611198906,1.0986122886681098,6.803505257608338,3.258096538021482,7.063903961472068,1.0986122886681098,0.0,2.0794415416798357,0,0,0,1,0,0,0,0,1,2.0,0,1,1,0,0,0,0,1,1,0,1,0,1,1,0,0,0,0,0,0,0,0,0,0,1,0,0,0,0,0,0,0,0
1.3862943611198906,1.0986122886681098,7.333676395657684,2.5649493574615367,4.51085950651685,0.6931471805599453,2.302585092994046,2.1972245773362196,0,0,1,1,0,0,1,1,1,1.0,1,0,0,0,1,0,1,1,1,1,1,0,1,0,1,0,0,0,0,0,0,0,0,0,0,0,1,0,0,1,0,0,1
1.3862943611198906,1.0986122886681098,6.900730664045173,3.044522437723423,5.886104031450156,0.6931471805599453,1.0986122886681098,1.9459101490553132,1,1,1,0,1,1,0,0,0,3.0,0,0,0,0,1,0,1,1,1,0,1,0,1,0,0,0,0,0,0,0,0,0,0,0,1,0,0,0,0,0,1,0,0
1.0986122886681098,1.0986122886681098,6.860663671448287,3.6109179126442243,7.046647277848756,0.6931471805599453,1.6094379124341003,1.9459101490553132,0,0,0,0,0,0,0,1,1,2.0,1,0,1,1,0,0,0,0,1,0,1,0,1,0,0,0,0,0,0,0,0,0,0,0,0,0,0,0,0,0,0,0,0
1.3862943611198906,1.0986122886681098,7.274479558773871,3.044522437723423,6.139884552226255,0.6931471805599453,2.302585092994046,1.9459101490553132,0,0,0,0,0,0,0,1,1,2.0,0,0,1,0,0,1,0,1,1,0,1,0,1,0,0,0,0,0,0,1,0,0,0,0,0,0,1,0,0,1,1,1,1
1.0986122886681098,0.6931471805599453,6.493753839851686,3.044522437723423,6.139884552226255,0.6931471805599453,2.302585092994046,0.0,0,0,0,0,0,0,0,1,0,2.0,0,0,0,0,0,0,0,0,0,0,0,0,0,0,0,0,0,0,0,0,0,0,0,1,0,0,0,0,0,1,1,1,0
1.3862943611198906,1.0986122886681098,7.138866999945524,3.1354942159291497,6.980075940561763,0.6931471805599453,2.6390573296152584,2.1972245773362196,0,1,0,0,1,0,0,0,0,2.0,0,0,1,1,1,0,0,1,1,1,1,0,1,0,0,0,0,0,0,0,0,0,0,0,1,0,1,0,0,0,0,0,0
1.3862943611198906,1.0986122886681098,6.825460036255307,2.772588722239781,6.53813982376767,0.6931471805599453,3.2188758248682006,2.0794415416798357,1,0,1,1,0,0,1,0,0,2.0,1,0,1,0,0,1,0,1,1,0,1,0,1,0,1,0,0,0,0,0,0,0,0,0,0,0,1,0,0,0,0,0,0
1.3862943611198906,1.0986122886681098,6.55250788703459,2.9444389791664403,5.209486152841421,0.6931471805599453,2.8903717578961645,2.0794415416798357,0,0,0,0,0,0,0,1,1,2.0,0,0,0,0,1,0,0,1,1,0,1,1,1,1,0,0,0,0,0,1,0,0,0,0,0,0,0,0,0,0,0,0,0
0.6931471805599453,0.6931471805599453,6.210600077024653,2.5649493574615367,5.484796933490655,0.6931471805599453,2.302585092994046,2.302585092994046,0,1,0,1,1,0,0,1,1,2.0,1,0,0,1,1,1,1,1,1,0,1,0,1,0,1,0,0,0,0,0,0,0,0,0,0,0,0,0,0,1,0,0,0
1.3862943611198906,1.0986122886681098,6.841615476477592,3.044522437723423,6.139884552226255,0.6931471805599453,1.9459101490553132,2.1972245773362196,0,0,0,0,0,0,0,0,1,3.0,1,1,0,0,1,1,0,1,1,0,1,0,1,0,0,0,0,0,0,0,0,0,0,0,0,0,0,0,0,0,0,1,0
1.3862943611198906,1.0986122886681098,6.890609120147166,2.833213344056216,6.139884552226255,0.6931471805599453,2.302585092994046,1.791759469228055,0,0,1,1,0,0,1,1,1,2.0,0,0,0,0,0,0,0,1,1,0,1,0,1,1,1,0,0,0,0,0,0,0,0,0,0,0,1,0,0,1,0,1,1
1.3862943611198906,1.0986122886681098,6.951772164398911,2.4849066497880004,6.444131256700441,1.0986122886681098,2.302585092994046,2.70805020110221,1,0,1,1,0,0,0,1,0,2.0,1,1,1,1,1,1,1,1,1,1,1,1,1,1,1,0,0,0,0,0,0,0,0,0,0,0,1,0,0,1,0,0,0
0.6931471805599453,0.6931471805599453,6.559615237493242,3.7376696182833684,6.947937068614969,0.6931471805599453,2.1972245773362196,2.4849066497880004,1,0,1,1,1,0,0,1,1,2.0,1,0,1,1,1,1,1,1,1,1,1,0,1,0,1,0,0,0,0,0,0,0,0,0,0,0,0,0,1,0,0,0,0
1.3862943611198906,1.0986122886681098,6.68586094706836,2.1972245773362196,4.564348191467836,0.6931471805599453,2.302585092994046,0.0,0,0,0,0,0,0,0,1,1,2.0,0,0,0,0,0,0,0,0,0,0,0,0,0,0,0,0,0,0,0,1,0,0,0,0,0,0,1,0,0,1,0,0,0
1.3862943611198906,1.0986122886681098,7.346655163176539,3.044522437723423,6.139884552226255,0.6931471805599453,2.302585092994046,2.1972245773362196,0,0,0,0,0,0,0,1,0,2.0,1,0,1,1,1,0,0,1,1,0,1,0,1,0,0,0,0,0,0,0,0,0,0,1,0,0,1,0,0,1,1,1,0
1.3862943611198906,1.0986122886681098,6.807934943699926,3.044522437723423,6.139884552226255,0.6931471805599453,2.302585092994046,1.3862943611198906,0,0,0,0,0,0,0,1,0,2.0,0,0,0,0,1,0,0,1,0,0,1,0,0,0,0,0,0,0,0,1,0,0,0,0,0,0,0,0,0,1,1,1,0
1.3862943611198906,1.0986122886681098,7.01571242048723,3.6635616461296463,6.139884552226255,1.0986122886681098,2.6390573296152584,2.0794415416798357,0,0,0,0,0,0,0,1,0,2.0,1,0,1,0,1,0,0,1,0,0,1,1,1,0,0,0,0,0,0,1,0,0,0,0,0,0,1,0,0,0,0,1,0
1.3862943611198906,1.0986122886681098,6.802394763324311,3.044522437723423,6.139884552226255,0.6931471805599453,2.302585092994046,1.6094379124341003,0,0,0,0,0,0,0,0,1,2.0,0,0,0,1,0,0,0,1,1,0,1,0,0,0,0,0,0,0,0,0,1,0,0,0,0,0,0,0,0,1,1,1,0
1.3862943611198906,1.0986122886681098,6.7464121285733745,3.044522437723423,6.139884552226255,0.6931471805599453,2.302585092994046,1.3862943611198906,0,0,0,1,0,0,0,0,1,1.0,0,0,0,0,1,0,0,1,0,0,1,0,0,0,0,0,0,0,0,0,0,0,0,0,1,0,0,0,0,1,1,1,0
1.3862943611198906,0.6931471805599453,6.398594934535208,3.044522437723423,6.139884552226255,0.6931471805599453,2.302585092994046,1.3862943611198906,0,0,0,0,0,0,0,1,0,2.0,0,0,0,0,0,1,0,1,1,0,0,0,0,0,0,0,0,0,0,0,0,0,0,0,1,0,0,1,0,1,1,1,0
1.6094379124341003,1.3862943611198906,6.90875477931522,3.9318256327243257,8.188966863648876,1.0986122886681098,0.0,1.9459101490553132,1,1,1,1,0,1,1,1,0,2.0,0,0,1,0,1,0,0,1,1,0,1,0,1,0,1,0,0,0,0,0,0,0,0,0,0,0,1,0,0,0,0,0,0
1.3862943611198906,1.0986122886681098,6.489204931325317,3.044522437723423,6.139884552226255,0.6931471805599453,2.302585092994046,0.0,0,0,0,0,0,0,0,1,1,1.0,0,0,0,0,0,0,0,0,0,0,0,0,0,0,0,0,0,0,0,0,0,0,0,0,1,0,0,0,0,1,1,1,1
1.0986122886681098,1.0986122886681098,6.625392368007956,3.044522437723423,6.139884552226255,0.6931471805599453,2.302585092994046,0.0,0,0,0,0,0,0,0,1,1,3.0,0,0,0,0,0,0,0,0,0,0,0,0,0,0,0,0,0,0,0,0,0,0,0,0,0,0,0,1,0,1,1,1,1
1.3862943611198906,1.0986122886681098,6.478509642208569,2.4849066497880004,6.675823221634848,0.6931471805599453,3.091042453358316,1.6094379124341003,1,0,1,1,0,0,1,0,0,2.0,0,0,0,0,0,1,0,1,0,0,1,0,1,0,1,0,0,0,0,0,0,0,0,0,0,0,0,0,0,0,0,0,1
1.3862943611198906,1.0986122886681098,6.815639990074331,3.2188758248682006,6.3578422665081,0.6931471805599453,3.4011973816621555,2.3978952727983707,1,0,1,1,1,0,0,1,1,2.0,1,0,1,0,0,1,0,1,1,1,1,1,1,1,1,0,0,0,0,0,0,0,0,0,0,0,1,0,0,0,0,0,1
1.3862943611198906,1.0986122886681098,6.871091294610546,1.6094379124341003,0.6931471805599453,0.6931471805599453,2.3978952727983707,0.0,0,0,0,0,0,0,0,1,1,2.0,0,0,0,0,0,0,0,0,0,0,0,0,0,0,0,0,0,0,0,0,0,0,0,0,0,0,0,0,0,0,0,0,1
1.0986122886681098,1.0986122886681098,6.910750787961936,3.044522437723423,5.8971538676367405,1.0986122886681098,1.791759469228055,1.791759469228055,1,1,1,1,0,1,1,1,1,2.0,1,0,1,0,0,0,1,0,1,0,1,0,0,0,1,0,0,0,0,0,0,0,0,0,0,0,0,0,1,0,1,0,0
1.3862943611198906,1.0986122886681098,6.926577033222725,3.044522437723423,6.139884552226255,1.0986122886681098,2.302585092994046,2.4849066497880004,1,0,1,1,1,0,0,1,0,2.0,1,1,1,1,1,0,1,1,1,1,1,0,1,0,1,0,0,0,0,0,0,0,0,0,0,0,1,0,0,1,1,1,0
1.3862943611198906,1.0986122886681098,7.00397413672268,3.044522437723423,6.139884552226255,1.0986122886681098,2.302585092994046,2.70805020110221,0,0,0,0,0,0,0,1,1,2.0,1,1,1,1,1,1,1,1,1,1,1,1,1,1,0,0,0,0,0,0,0,0,0,0,1,0,1,0,0,1,1,1,0
1.3862943611198906,1.0986122886681098,6.8308742346461795,1.791759469228055,6.139884552226255,0.6931471805599453,2.302585092994046,1.0986122886681098,1,0,1,1,0,0,0,1,1,1.0,0,0,0,0,0,0,0,1,0,0,1,0,0,0,0,0,0,0,0,0,0,0,0,0,1,0,0,0,0,1,0,1,0
1.0986122886681098,0.6931471805599453,6.3473892096560105,3.044522437723423,6.139884552226255,0.6931471805599453,2.302585092994046,0.0,0,0,0,0,0,0,0,1,1,1.0,0,0,0,0,0,0,0,0,0,0,0,0,0,0,0,0,0,0,0,0,0,0,0,0,0,0,0,1,0,1,1,1,1
1.3862943611198906,1.0986122886681098,7.161622002939187,3.044522437723423,6.139884552226255,0.6931471805599453,2.302585092994046,0.0,0,0,0,0,0,0,0,1,0,2.0,0,0,0,0,0,0,0,0,0,0,0,0,0,0,0,0,0,0,0,0,0,0,0,1,0,0,0,0,0,1,1,1,0
1.0986122886681098,1.0986122886681098,6.489204931325317,3.044522437723423,6.139884552226255,0.6931471805599453,2.302585092994046,0.0,0,0,0,0,0,0,0,1,0,2.0,0,0,0,0,0,0,0,0,0,0,0,0,0,0,0,0,0,0,0,0,0,0,0,0,0,0,1,0,0,1,1,1,1
1.3862943611198906,1.0986122886681098,6.98100574072173,2.833213344056216,6.0330862217988015,0.6931471805599453,2.833213344056216,2.302585092994046,0,0,0,0,0,0,0,1,1,2.0,0,1,1,0,1,1,1,1,1,0,1,0,1,0,1,0,0,0,0,0,0,0,0,0,0,0,1,0,0,0,0,0,1
1.3862943611198906,1.3862943611198906,7.5126175446745105,3.044522437723423,6.139884552226255,1.0986122886681098,2.302585092994046,2.1972245773362196,0,0,0,0,0,0,0,1,0,3.0,1,0,1,1,1,0,0,1,1,0,1,0,1,0,0,0,0,0,0,0,0,0,1,0,0,0,1,0,0,1,1,1,0
1.0986122886681098,0.6931471805599453,6.411818267709897,3.044522437723423,6.139884552226255,0.6931471805599453,2.302585092994046,1.0986122886681098,0,0,0,0,0,0,0,0,0,1.0,0,0,0,0,0,0,0,0,1,0,1,0,0,0,0,0,0,0,0,0,0,0,1,0,0,0,0,0,0,1,1,1,1
1.3862943611198906,1.0986122886681098,6.55250788703459,3.044522437723423,6.139884552226255,1.0986122886681098,2.302585092994046,0.0,0,0,0,0,0,0,0,1,0,1.0,0,0,0,0,0,0,0,0,0,0,0,0,0,0,0,0,0,0,0,0,0,0,0,0,0,1,0,0,0,1,1,1,0
1.3862943611198906,1.0986122886681098,6.710523109452428,2.8903717578961645,6.139884552226255,0.6931471805599453,2.302585092994046,2.302585092994046,0,0,0,1,0,0,0,0,0,2.0,0,0,0,1,1,1,0,1,1,1,1,1,1,0,0,0,0,0,0,0,0,0,0,0,1,0,1,0,0,1,0,1,1
1.3862943611198906,1.0986122886681098,7.463363045520021,3.4339872044851463,6.398594934535208,1.0986122886681098,2.302585092994046,2.302585092994046,0,0,0,0,0,0,0,1,1,2.0,1,0,1,1,1,1,0,1,1,0,1,0,1,0,0,0,0,0,0,0,0,0,0,0,1,0,1,0,0,0,0,0,0
1.0986122886681098,1.0986122886681098,6.361302477572996,3.044522437723423,6.139884552226255,0.6931471805599453,2.302585092994046,2.302585092994046,1,1,1,1,1,0,1,1,1,3.0,1,1,1,1,1,0,0,0,1,1,1,0,1,0,1,0,0,0,0,0,0,0,0,0,0,0,0,0,1,1,1,1,1
1.6094379124341003,1.0986122886681098,6.846943139585379,3.6635616461296463,7.881559917056899,1.0986122886681098,1.6094379124341003,2.3978952727983707,0,0,0,0,0,0,0,1,1,2.0,1,0,1,0,1,1,1,1,1,0,1,0,1,1,1,0,0,0,0,0,0,0,0,0,0,0,0,0,1,0,0,0,0
1.6094379124341003,1.3862943611198906,7.68937110752969,1.9459101490553132,4.59511985013459,1.6094379124341003,1.9459101490553132,2.70805020110221,0,0,0,0,0,0,0,1,1,2.0,1,1,1,1,1,1,1,1,1,1,1,1,1,1,0,0,0,0,0,1,0,0,0,0,0,0,1,0,0,0,0,0,0
1.3862943611198906,1.0986122886681098,6.822197390620491,2.833213344056216,0.6931471805599453,0.6931471805599453,2.302585092994046,2.302585092994046,1,1,1,1,0,1,1,1,0,2.0,1,0,1,0,0,1,0,1,1,1,1,1,1,0,1,0,0,0,0,0,0,0,0,0,0,0,0,0,1,0,0,0,1
1.3862943611198906,1.0986122886681098,6.92951677076365,3.044522437723423,6.313548046277095,1.0986122886681098,2.302585092994046,0.0,0,1,0,0,1,0,0,1,1,2.0,0,0,0,0,0,0,0,0,0,0,0,0,0,0,0,0,0,0,0,0,0,0,0,0,1,0,0,0,0,1,1,0,0
1.3862943611198906,1.3862943611198906,7.109062135687172,3.044522437723423,6.139884552226255,1.0986122886681098,2.302585092994046,1.791759469228055,0,0,0,0,0,0,0,1,1,3.0,0,0,1,0,1,0,0,1,0,0,1,0,1,0,0,0,0,0,0,0,0,0,0,0,0,1,1,0,0,1,1,1,0
1.3862943611198906,1.0986122886681098,6.478509642208569,1.3862943611198906,6.139884552226255,0.6931471805599453,2.1972245773362196,0.0,0,0,1,1,0,0,0,1,1,1.0,0,0,0,0,0,0,0,0,0,0,0,0,0,0,0,0,0,0,0,0,0,0,0,0,1,0,0,0,0,0,0,1,1
1.6094379124341003,1.0986122886681098,6.489204931325317,3.044522437723423,6.139884552226255,0.6931471805599453,2.302585092994046,1.6094379124341003,0,0,0,0,0,0,0,1,1,2.0,0,0,0,0,1,0,0,1,1,0,1,0,0,0,0,0,0,0,0,1,0,0,0,0,0,0,0,0,0,1,1,1,1
1.0986122886681098,1.0986122886681098,6.7357800142423265,1.6094379124341003,4.605170185988092,0.6931471805599453,2.302585092994046,1.0986122886681098,0,0,0,0,0,0,0,1,1,2.0,1,0,0,0,0,0,0,0,0,0,1,0,0,0,0,0,0,0,0,0,0,0,0,1,0,0,0,0,0,1,0,0,0
1.3862943611198906,1.0986122886681098,6.616065185132817,3.044522437723423,6.139884552226255,0.6931471805599453,2.302585092994046,1.791759469228055,0,0,0,0,0,0,0,0,0,1.0,0,0,0,1,1,1,0,1,0,0,1,0,0,0,0,0,0,0,0,0,0,0,0,0,1,0,0,0,0,1,1,1,0
1.6094379124341003,1.0986122886681098,7.409136443920128,3.044522437723423,6.139884552226255,0.6931471805599453,2.302585092994046,1.791759469228055,0,0,0,0,0,0,0,1,1,2.0,0,0,0,0,1,0,0,1,1,0,1,0,1,0,0,0,0,0,0,0,0,0,0,0,0,1,1,0,0,1,1,1,0
1.3862943611198906,1.0986122886681098,7.106606137727303,3.2188758248682006,7.119635638017636,1.0986122886681098,1.0986122886681098,2.302585092994046,0,0,0,0,0,0,0,1,1,3.0,1,0,1,1,1,0,0,1,1,1,1,0,1,0,0,0,0,0,0,1,0,0,0,0,0,0,1,0,0,0,0,0,0
1.3862943611198906,1.0986122886681098,6.621405651764134,1.791759469228055,6.139884552226255,0.6931471805599453,2.302585092994046,0.6931471805599453,0,0,1,0,0,0,0,1,1,1.0,0,0,0,0,0,0,0,1,0,0,0,0,0,0,0,0,0,0,0,0,0,0,0,0,1,0,0,0,0,1,0,1,1
1.3862943611198906,1.0986122886681098,6.55250788703459,3.044522437723423,6.139884552226255,0.6931471805599453,2.302585092994046,0.0,0,0,0,0,0,0,0,1,0,2.0,0,0,0,0,0,0,0,0,0,0,0,0,0,0,0,0,0,0,0,0,0,0,0,0,0,1,0,0,0,1,1,1,1
1.3862943611198906,1.0986122886681098,7.064759027791802,3.2188758248682006,6.3578422665081,0.6931471805599453,3.4011973816621555,2.1972245773362196,1,0,1,1,1,0,0,1,1,3.0,1,0,1,0,1,1,0,1,1,0,1,0,1,0,1,0,0,0,0,0,0,0,0,0,0,0,1,0,0,0,0,0,0
1.3862943611198906,1.0986122886681098,7.049254841255837,3.4339872044851463,6.398594934535208,1.0986122886681098,2.302585092994046,2.3978952727983707,0,0,0,0,0,0,0,1,1,2.0,1,0,1,1,1,1,0,1,1,1,1,0,1,0,0,0,0,0,0,0,0,0,0,0,1,0,1,0,0,0,0,0,0
1.3862943611198906,1.0986122886681098,6.906754778648554,2.3978952727983707,6.139884552226255,0.6931471805599453,3.5263605246161616,1.791759469228055,0,0,0,0,0,0,0,0,0,1.0,0,0,0,0,0,1,0,1,1,0,1,0,1,0,0,0,0,0,0,0,0,0,0,0,1,0,1,0,0,0,0,1,0
1.3862943611198906,1.0986122886681098,6.597145701886651,3.044522437723423,6.139884552226255,0.6931471805599453,2.302585092994046,0.0,0,0,0,0,0,0,0,1,0,2.0,0,0,0,0,0,0,0,0,0,0,0,0,0,0,0,0,0,0,0,0,0,0,0,0,1,0,0,0,0,1,1,1,0
1.3862943611198906,1.0986122886681098,6.478509642208569,3.044522437723423,6.139884552226255,0.6931471805599453,2.302585092994046,0.0,0,0,0,1,0,0,0,1,1,1.0,0,0,0,0,0,0,0,0,0,0,0,0,0,0,0,0,0,0,0,0,0,0,0,0,1,0,0,0,0,1,1,1,1
1.3862943611198906,1.0986122886681098,6.90875477931522,3.044522437723423,6.139884552226255,0.6931471805599453,2.302585092994046,1.9459101490553132,0,0,0,0,0,0,0,1,0,1.0,1,0,0,0,0,0,1,1,0,1,0,1,0,1,1,0,0,0,0,0,0,0,0,0,0,0,1,0,0,1,1,1,1
1.3862943611198906,1.0986122886681098,7.151485463904735,3.4339872044851463,6.018593214496234,1.0986122886681098,1.9459101490553132,0.0,0,0,0,0,0,0,0,1,1,2.0,0,0,0,0,0,0,0,0,0,0,0,0,0,0,0,0,0,0,0,1,0,0,0,0,0,0,1,0,0,0,0,0,0
1.3862943611198906,1.0986122886681098,6.7464121285733745,3.044522437723423,6.139884552226255,0.6931471805599453,2.302585092994046,1.0986122886681098,1,0,1,1,0,0,0,1,1,2.0,0,0,0,0,1,0,1,0,0,0,0,0,0,0,0,0,0,0,0,0,0,0,0,0,1,0,0,0,0,1,1,1,1
1.3862943611198906,1.3862943611198906,7.172424577124845,3.044522437723423,5.983936280687191,1.0986122886681098,2.833213344056216,1.791759469228055,0,0,0,0,0,0,0,1,1,3.0,0,0,0,0,1,0,0,1,1,0,1,0,1,0,0,0,0,0,0,1,0,0,0,0,0,0,1,0,0,0,1,0,0
1.6094379124341003,1.0986122886681098,7.047517221357296,3.044522437723423,6.142037405587356,1.0986122886681098,2.302585092994046,2.3978952727983707,1,0,1,1,1,0,1,1,1,3.0,1,1,1,1,1,0,1,1,1,0,1,0,1,0,0,0,0,0,0,0,0,0,0,0,1,0,1,0,0,1,1,0,0
1.3862943611198906,1.0986122886681098,7.033506484287697,1.791759469228055,6.028278520230698,0.6931471805599453,2.8903717578961645,2.0794415416798357,0,0,0,0,0,0,0,1,0,2.0,1,0,1,0,1,0,0,1,1,0,1,0,1,0,0,0,0,0,0,0,0,0,0,0,1,0,0,0,0,0,0,0,0
1.6094379124341003,1.0986122886681098,6.966024187106113,3.6635616461296463,7.881559917056899,1.0986122886681098,1.6094379124341003,2.302585092994046,0,0,0,0,0,0,0,1,1,3.0,1,0,1,0,1,1,0,1,1,0,1,0,1,1,1,0,0,0,0,0,0,0,0,0,0,0,0,0,1,0,0,0,0
1.3862943611198906,1.0986122886681098,6.679599185844383,1.791759469228055,6.139884552226255,0.6931471805599453,2.302585092994046,1.6094379124341003,1,0,0,1,0,0,0,1,0,3.0,1,0,0,0,0,0,0,1,1,0,1,0,0,0,0,0,0,0,0,0,0,0,0,0,1,0,0,0,0,1,0,1,1
1.3862943611198906,1.3862943611198906,7.251344983372214,3.295836866004329,5.3981627015177525,1.0986122886681098,1.6094379124341003,2.0794415416798357,0,0,0,0,0,0,0,1,1,2.0,0,0,1,0,0,1,0,1,1,0,1,1,1,0,0,0,0,0,0,1,0,0,0,0,0,0,1,0,0,0,0,0,0
1.0986122886681098,1.0986122886681098,6.85751406254539,3.044522437723423,6.111467339502679,1.0986122886681098,0.6931471805599453,0.0,0,0,0,0,0,0,0,1,1,2.0,0,0,0,0,0,0,0,0,0,0,0,0,0,0,0,0,0,0,0,1,0,0,0,0,0,0,1,0,0,0,1,0,0
1.3862943611198906,1.0986122886681098,7.007600613951853,3.784189633918261,6.202535517187923,1.0986122886681098,1.0986122886681098,2.1972245773362196,1,0,1,1,0,0,1,1,0,3.0,1,0,1,0,1,0,0,1,1,1,1,0,1,0,1,0,0,0,0,0,0,0,0,0,0,0,1,0,0,0,0,0,0
1.3862943611198906,1.0986122886681098,6.55250788703459,3.258096538021482,6.139884552226255,0.6931471805599453,2.302585092994046,1.6094379124341003,0,0,0,0,0,0,0,1,0,2.0,0,0,0,0,1,0,0,1,1,0,1,0,0,0,0,0,0,0,0,1,0,0,0,0,0,0,0,0,0,1,0,1,0
1.3862943611198906,1.0986122886681098,7.0909098220799835,3.044522437723423,6.139884552226255,0.6931471805599453,2.302585092994046,1.791759469228055,0,0,0,0,0,0,0,1,1,3.0,0,0,1,0,0,0,0,1,1,0,1,0,1,0,0,0,0,0,0,0,0,0,0,0,0,1,1,0,0,1,1,1,1
1.3862943611198906,1.0986122886681098,7.0909098220799835,3.044522437723423,6.139884552226255,0.6931471805599453,2.302585092994046,0.0,0,0,0,0,0,0,0,1,1,2.0,0,0,0,0,0,0,0,0,0,0,0,0,0,0,0,0,0,0,0,0,0,0,0,0,0,1,1,0,0,1,1,1,1
1.3862943611198906,1.0986122886681098,6.7580945044277305,3.332204510175204,6.139884552226255,1.0986122886681098,2.9444389791664403,2.0794415416798357,0,0,0,0,0,0,0,1,1,2.0,1,0,1,0,1,0,0,1,1,0,1,0,1,0,0,0,0,0,0,1,0,0,0,0,0,0,1,0,0,0,0,1,0
1.3862943611198906,1.0986122886681098,6.957497370876951,2.302585092994046,3.6109179126442243,0.6931471805599453,3.2188758248682006,1.3862943611198906,0,0,0,0,0,0,0,1,1,1.0,0,0,0,0,0,1,0,1,0,0,1,0,0,0,0,0,0,0,0,1,0,0,0,0,0,0,1,0,0,0,0,0,0
1.3862943611198906,1.0986122886681098,6.956545443151569,2.5649493574615367,5.564520407322694,0.6931471805599453,2.8903717578961645,1.9459101490553132,0,0,0,0,0,0,0,0,0,3.0,0,0,0,1,1,1,0,1,0,0,1,0,1,0,0,0,0,0,0,0,0,0,0,0,1,0,1,0,0,0,0,0,0
1.0986122886681098,1.0986122886681098,6.489204931325317,3.044522437723423,6.139884552226255,0.6931471805599453,2.302585092994046,1.3862943611198906,0,0,0,0,0,0,0,1,1,2.0,0,0,0,1,0,0,0,1,1,0,0,0,0,0,0,0,0,0,0,1,0,0,0,0,0,0,0,1,0,1,1,1,1
1.3862943611198906,1.0986122886681098,6.8308742346461795,3.044522437723423,7.080867896690782,0.6931471805599453,3.091042453358316,2.302585092994046,1,1,1,1,0,0,0,1,1,2.0,1,1,1,0,0,1,0,1,1,0,1,0,1,1,0,0,0,0,0,0,0,0,0,0,1,0,1,0,0,0,1,0,0
1.3862943611198906,1.0986122886681098,6.55250788703459,2.8903717578961645,5.41610040220442,0.6931471805599453,3.367295829986474,2.1972245773362196,0,0,0,0,0,0,0,1,1,2.0,0,1,0,0,1,1,1,1,1,0,1,0,1,0,0,0,0,0,0,1,0,0,0,0,0,0,0,0,0,0,0,0,0
1.3862943611198906,1.0986122886681098,6.580639137284949,2.302585092994046,6.803505257608338,0.6931471805599453,2.302585092994046,2.302585092994046,0,0,1,1,0,0,0,0,0,3.0,1,0,0,1,1,1,0,1,1,1,1,0,1,0,1,0,0,0,0,0,0,0,0,0,0,0,0,0,0,1,0,0,1
1.3862943611198906,0.6931471805599453,6.621405651764134,3.044522437723423,6.139884552226255,0.6931471805599453,2.302585092994046,0.0,0,0,0,0,0,0,0,1,1,2.0,0,0,0,0,0,0,0,0,0,0,0,0,0,0,0,1,0,0,0,0,0,0,0,0,0,0,0,0,0,1,1,1,1
1.3862943611198906,1.0986122886681098,6.625392368007956,3.044522437723423,6.139884552226255,0.6931471805599453,2.302585092994046,0.6931471805599453,0,0,0,0,0,0,0,0,0,2.0,0,0,0,0,0,0,0,0,1,0,0,0,0,0,0,0,0,0,0,0,0,0,0,0,1,0,0,1,0,1,1,1,1
1.6094379124341003,1.3862943611198906,7.496097345175956,3.1780538303479458,4.5217885770490405,1.0986122886681098,3.4339872044851463,2.4849066497880004,0,0,0,0,0,0,0,1,1,2.0,1,1,1,1,1,1,1,1,1,0,1,0,1,0,0,0,0,0,0,1,0,0,0,0,0,0,1,0,0,0,0,0,0
1.0986122886681098,0.6931471805599453,6.269096283706261,3.044522437723423,6.139884552226255,0.6931471805599453,2.302585092994046,1.0986122886681098,1,0,0,1,1,0,1,0,0,1.0,0,0,0,0,1,0,0,0,1,0,0,0,0,0,1,0,0,0,0,0,0,0,0,0,0,0,0,1,0,1,1,1,1
1.0986122886681098,1.0986122886681098,6.818924065275521,3.044522437723423,6.139884552226255,1.0986122886681098,1.0986122886681098,1.9459101490553132,1,0,1,1,0,0,1,1,1,2.0,0,0,1,0,1,0,0,1,1,0,1,0,1,0,0,0,0,0,0,0,0,0,0,0,1,0,0,0,1,0,1,1,0
1.3862943611198906,1.0986122886681098,6.90875477931522,3.044522437723423,6.90875477931522,1.0986122886681098,2.302585092994046,1.3862943611198906,0,0,0,0,0,0,0,1,1,2.0,0,0,0,0,1,0,0,1,0,0,1,0,0,0,0,0,0,0,0,1,0,0,0,0,0,0,0,0,1,1,1,0,0
1.3862943611198906,1.0986122886681098,6.881411303642535,3.044522437723423,5.8664680569332965,0.6931471805599453,2.1972245773362196,2.0794415416798357,0,0,0,0,0,0,0,1,0,1.0,1,0,1,0,1,0,0,1,1,0,1,0,1,0,0,0,0,0,0,0,0,0,0,0,0,0,1,0,0,0,1,0,0
1.3862943611198906,1.0986122886681098,6.744059186311348,3.044522437723423,6.139884552226255,1.0986122886681098,1.9459101490553132,2.3978952727983707,0,0,0,0,0,0,0,1,0,2.0,1,0,1,0,1,1,1,1,1,1,1,0,1,0,0,0,0,0,0,0,0,0,1,0,0,0,1,0,0,0,1,1,0
1.3862943611198906,1.0986122886681098,7.232010331664759,3.044522437723423,5.983936280687191,1.0986122886681098,2.0794415416798357,2.4849066497880004,1,1,0,1,1,0,1,1,0,1.0,1,1,1,1,0,0,0,1,1,1,1,1,1,1,1,0,0,0,0,0,0,0,0,0,0,0,1,0,0,0,1,0,0
1.0986122886681098,0.6931471805599453,6.329720905522696,3.044522437723423,6.139884552226255,1.3862943611198906,2.302585092994046,1.3862943611198906,1,0,1,1,0,0,1,0,0,3.0,0,0,0,0,1,0,0,1,1,0,0,0,0,0,1,0,0,0,0,0,0,0,0,0,0,0,0,1,0,1,1,1,0
1.3862943611198906,1.0986122886681098,6.736966958001855,2.995732273553991,6.013715156042802,0.6931471805599453,1.791759469228055,2.0794415416798357,1,0,0,1,0,0,0,0,0,3.0,0,0,1,0,0,1,1,1,1,0,1,0,1,0,0,0,0,0,0,0,0,0,0,0,1,0,0,0,1,0,0,0,1
1.3862943611198906,1.0986122886681098,6.931471805599453,3.044522437723423,7.0909098220799835,1.0986122886681098,1.6094379124341003,2.1972245773362196,0,0,0,0,0,0,0,1,1,3.0,1,0,1,0,1,0,1,1,1,0,1,0,1,0,0,0,0,0,0,0,0,0,0,0,1,0,1,0,0,0,1,0,0
1.6094379124341003,1.3862943611198906,7.199678345691172,3.044522437723423,6.6895992691789665,1.0986122886681098,1.3862943611198906,2.4849066497880004,0,0,0,0,0,0,0,1,1,2.0,1,1,1,1,1,0,1,1,1,1,1,0,1,0,0,0,0,0,0,1,0,0,0,0,0,0,1,0,0,0,1,0,0
1.3862943611198906,1.0986122886681098,6.7464121285733745,3.044522437723423,6.79346613258001,0.6931471805599453,2.302585092994046,2.70805020110221,0,0,0,0,0,0,0,0,0,3.0,1,1,1,1,1,1,1,1,1,1,1,1,1,1,0,0,0,0,0,0,0,0,0,0,1,0,0,0,0,1,1,0,0
1.3862943611198906,1.0986122886681098,6.621405651764134,3.044522437723423,6.139884552226255,0.6931471805599453,2.302585092994046,1.9459101490553132,0,0,0,0,0,0,0,1,1,1.0,0,0,0,1,0,1,1,1,1,0,1,0,0,0,0,0,0,0,0,0,0,0,0,0,1,0,0,0,0,1,1,1,0
1.3862943611198906,1.0986122886681098,6.621405651764134,1.791759469228055,3.713572066704308,0.6931471805599453,2.302585092994046,1.791759469228055,0,0,0,0,0,0,0,1,0,2.0,0,0,0,0,0,0,1,1,1,0,1,0,1,0,0,0,0,0,0,0,0,0,0,0,1,0,0,0,0,1,0,0,1
1.3862943611198906,1.0986122886681098,6.55250788703459,3.4339872044851463,6.139884552226255,0.6931471805599453,2.302585092994046,1.9459101490553132,0,0,0,0,0,0,0,1,1,3.0,0,0,1,0,1,1,0,1,1,0,1,0,0,0,0,0,0,0,0,1,0,0,0,0,0,0,0,0,0,1,0,1,0
1.3862943611198906,1.0986122886681098,6.948897222313312,3.044522437723423,6.139884552226255,1.0986122886681098,2.302585092994046,1.791759469228055,0,0,0,0,0,0,0,1,1,2.0,0,0,0,0,1,0,0,1,1,0,1,0,1,0,0,0,0,0,0,0,0,0,0,0,0,1,1,0,0,1,1,1,0
1.3862943611198906,1.0986122886681098,6.470799503782602,3.044522437723423,6.139884552226255,0.6931471805599453,2.302585092994046,0.0,0,0,0,1,0,0,0,1,1,1.0,0,0,0,0,0,0,0,0,0,0,0,0,0,0,0,0,0,0,0,0,0,0,0,0,1,0,0,0,0,1,1,1,1
1.3862943611198906,1.0986122886681098,6.994849985833071,2.70805020110221,5.602118820879701,0.6931471805599453,2.1972245773362196,0.0,0,0,0,0,0,0,1,1,1,2.0,0,0,0,0,0,0,0,0,0,0,0,0,0,0,0,0,0,0,0,0,0,0,0,0,1,0,0,0,1,0,0,0,1
1.3862943611198906,1.0986122886681098,7.00397413672268,3.044522437723423,6.139884552226255,1.0986122886681098,2.302585092994046,2.70805020110221,0,0,0,0,0,0,0,1,0,3.0,1,1,1,1,1,1,1,1,1,1,1,1,1,1,0,0,0,0,0,0,0,0,0,0,0,1,1,0,0,1,1,1,0
1.3862943611198906,1.0986122886681098,6.68586094706836,1.6094379124341003,4.330733340286331,1.0986122886681098,2.302585092994046,2.1972245773362196,0,0,0,0,0,0,0,1,1,2.0,0,0,1,1,1,1,0,1,1,0,1,0,1,0,0,0,0,0,0,0,0,0,0,0,1,0,0,0,0,0,0,0,0
1.6094379124341003,1.0986122886681098,7.147559271189454,3.332204510175204,6.139884552226255,1.0986122886681098,2.9444389791664403,2.0794415416798357,0,0,0,0,0,0,0,1,1,2.0,1,0,1,0,1,0,0,1,1,0,1,0,1,0,0,0,0,0,0,1,0,0,0,0,0,0,1,0,0,0,0,1,0
1.3862943611198906,1.0986122886681098,6.842683282238422,3.6635616461296463,6.042632833682381,1.0986122886681098,2.5649493574615367,2.70805020110221,0,0,0,0,0,0,0,1,1,2.0,1,1,1,1,1,1,1,1,1,1,1,1,1,1,0,0,0,0,0,1,0,0,0,0,0,0,1,0,0,0,0,0,0
1.3862943611198906,1.0986122886681098,6.68586094706836,1.9459101490553132,6.511745329644728,1.0986122886681098,3.4011973816621555,1.791759469228055,0,0,0,0,0,0,0,1,0,2.0,1,0,0,0,1,0,0,1,0,0,1,0,1,0,0,0,0,0,0,1,0,0,0,0,0,0,0,0,0,0,0,0,0
1.3862943611198906,1.0986122886681098,7.074116816197362,1.791759469228055,5.771441123130016,0.6931471805599453,1.0986122886681098,2.1972245773362196,0,0,0,0,0,0,0,0,0,1.0,1,0,1,1,0,0,0,1,1,1,1,0,1,0,0,0,0,0,0,0,0,0,0,0,0,0,0,0,0,0,0,0,0
1.6094379124341003,1.0986122886681098,7.427144133408616,3.044522437723423,6.139884552226255,0.6931471805599453,2.302585092994046,0.6931471805599453,0,0,0,0,0,0,0,1,0,3.0,0,0,0,0,0,0,0,0,0,0,1,0,0,0,0,0,0,0,0,0,0,0,0,1,0,0,0,0,0,1,1,1,1
1.3862943611198906,1.0986122886681098,6.68586094706836,2.4849066497880004,7.123672785204607,0.6931471805599453,3.1780538303479458,1.6094379124341003,0,1,1,1,0,0,1,1,1,1.0,0,0,0,0,0,1,0,1,1,0,1,0,0,0,1,0,0,0,0,0,0,0,0,0,0,0,1,0,0,0,0,0,0
1.3862943611198906,1.0986122886681098,6.55250788703459,2.4849066497880004,4.61512051684126,0.6931471805599453,3.367295829986474,1.3862943611198906,0,0,0,0,0,0,0,1,1,2.0,0,0,0,0,1,0,0,1,0,0,1,0,0,0,0,0,0,0,0,1,0,0,0,0,0,0,0,0,0,0,0,0,0
1.3862943611198906,1.0986122886681098,6.7464121285733745,1.6094379124341003,4.110873864173311,0.6931471805599453,3.4011973816621555,1.0986122886681098,0,0,0,0,0,0,0,1,1,2.0,0,0,0,0,0,0,0,1,0,0,1,0,0,0,0,0,0,0,0,1,0,0,0,0,0,0,0,0,0,0,0,0,1
1.3862943611198906,1.3862943611198906,6.472346294500901,1.6094379124341003,6.139884552226255,0.6931471805599453,2.302585092994046,0.0,0,0,0,1,0,0,0,1,1,1.0,0,0,0,0,0,0,0,0,0,0,0,0,0,0,0,0,0,0,0,0,0,0,0,0,1,0,0,1,0,1,0,1,1
1.3862943611198906,1.0986122886681098,6.931471805599453,1.791759469228055,5.303304908059076,0.6931471805599453,2.995732273553991,2.1972245773362196,1,1,1,1,0,0,1,1,0,1.0,1,0,0,1,1,1,0,1,1,0,1,0,1,0,0,0,0,0,0,0,0,0,0,0,1,0,0,0,0,0,0,0,1
1.3862943611198906,1.0986122886681098,6.618738983517219,3.044522437723423,6.139884552226255,0.6931471805599453,2.302585092994046,1.9459101490553132,1,1,0,1,0,1,1,0,0,1.0,0,0,1,1,0,1,0,1,0,0,1,0,1,0,1,0,0,0,0,0,0,0,0,0,0,0,1,0,0,1,1,1,0
1.6094379124341003,1.3862943611198906,8.071218539969863,2.8903717578961645,6.555356891810665,1.3862943611198906,2.8903717578961645,1.9459101490553132,0,0,1,1,0,0,1,1,0,3.0,0,0,0,0,1,1,0,1,1,0,1,0,1,0,0,0,0,0,0,0,0,0,0,0,1,0,1,0,0,0,0,0,0
1.0986122886681098,1.0986122886681098,6.854354502255021,3.5553480614894135,6.137727054086234,0.6931471805599453,1.3862943611198906,1.9459101490553132,0,0,0,0,0,0,0,1,1,2.0,1,0,1,1,0,0,1,0,0,0,1,0,1,0,0,0,0,0,0,1,0,0,0,0,0,0,1,0,0,0,0,0,0
1.3862943611198906,1.0986122886681098,6.863803391452954,2.995732273553991,5.973809611869261,0.6931471805599453,2.302585092994046,2.6390573296152584,0,0,0,0,0,0,0,0,1,3.0,1,1,1,1,1,1,1,1,1,1,1,0,1,1,0,0,0,0,0,0,0,0,0,0,1,0,1,0,0,1,0,0,0
1.3862943611198906,1.0986122886681098,6.9865664594064265,3.1780538303479458,5.652489180268651,0.6931471805599453,2.5649493574615367,2.4849066497880004,1,0,1,1,0,0,0,1,1,2.0,0,1,1,1,0,1,1,1,1,1,1,0,1,1,1,0,0,0,0,0,0,0,0,0,0,0,1,0,0,0,0,0,1
1.6094379124341003,1.3862943611198906,7.170888478512505,3.044522437723423,6.139884552226255,1.0986122886681098,2.302585092994046,2.70805020110221,0,0,0,0,0,0,0,0,1,3.0,1,1,1,1,1,1,1,1,1,1,1,1,1,1,0,0,1,0,0,0,0,0,0,0,0,0,1,0,0,1,1,1,0
1.3862943611198906,1.0986122886681098,6.55250788703459,3.4339872044851463,6.2166061010848646,0.6931471805599453,2.4849066497880004,2.302585092994046,0,0,0,0,0,0,0,1,1,2.0,1,0,1,1,1,0,1,1,1,0,1,0,1,0,0,0,0,0,0,1,0,0,0,0,0,0,0,0,0,0,0,0,0
1.3862943611198906,1.0986122886681098,6.699500340161678,1.6094379124341003,5.910796644040527,0.6931471805599453,3.332204510175204,1.791759469228055,1,0,0,0,1,0,0,1,1,2.0,1,0,0,0,0,1,0,1,1,0,1,0,0,0,0,0,0,0,0,0,0,0,0,0,1,0,1,0,0,0,0,0,0
1.3862943611198906,1.0986122886681098,6.68586094706836,3.044522437723423,6.139884552226255,0.6931471805599453,2.302585092994046,1.6094379124341003,0,1,1,1,0,0,1,1,1,2.0,0,0,1,0,1,0,0,0,0,0,1,0,1,0,0,0,0,0,0,0,0,0,0,0,1,0,1,0,0,1,1,1,0
1.3862943611198906,1.0986122886681098,6.85751406254539,3.258096538021482,6.115892125483034,1.0986122886681098,1.9459101490553132,1.791759469228055,0,0,0,0,0,0,0,0,1,2.0,0,0,1,0,1,0,0,1,1,0,0,0,1,0,0,0,0,0,0,0,0,1,0,0,0,0,1,0,0,0,0,0,0
1.6094379124341003,1.0986122886681098,7.172424577124845,2.8903717578961645,4.5217885770490405,1.3862943611198906,2.0794415416798357,2.302585092994046,0,0,0,0,0,0,0,1,1,2.0,0,0,1,1,0,1,0,1,1,1,1,1,1,0,0,0,0,0,0,1,0,0,0,0,0,0,1,0,0,0,0,0,0
1.0986122886681098,0.6931471805599453,6.175867270105761,3.044522437723423,6.139884552226255,0.6931471805599453,2.302585092994046,1.0986122886681098,0,0,0,0,0,1,0,1,1,1.0,0,0,0,0,0,0,0,1,1,0,0,0,0,0,0,0,0,0,0,0,0,0,0,0,1,0,0,1,0,1,1,1,1
1.3862943611198906,1.0986122886681098,6.79346613258001,3.044522437723423,5.638354669333745,1.0986122886681098,1.791759469228055,1.791759469228055,0,0,1,0,0,0,0,1,1,2.0,0,0,1,0,0,0,1,1,1,0,0,0,1,0,0,0,0,0,0,0,0,0,0,0,1,0,0,0,1,0,1,0,0
1.0986122886681098,1.0986122886681098,6.478509642208569,3.58351893845611,7.519692404116539,0.6931471805599453,1.6094379124341003,2.6390573296152584,0,0,0,0,0,0,0,1,1,3.0,1,1,1,1,0,1,1,1,1,1,1,1,1,1,0,0,0,0,0,0,0,0,0,0,0,0,0,0,1,0,0,0,1
1.3862943611198906,1.0986122886681098,6.504288173536645,3.044522437723423,6.139884552226255,0.6931471805599453,2.302585092994046,1.3862943611198906,0,0,0,0,0,0,0,0,1,3.0,0,0,0,0,0,0,0,1,1,0,1,0,0,0,0,0,0,0,0,0,0,0,0,0,1,0,0,1,0,1,1,1,1
1.3862943611198906,1.0986122886681098,6.918695219020472,3.044522437723423,6.139884552226255,0.6931471805599453,2.302585092994046,2.4849066497880004,1,1,1,1,1,1,1,0,1,2.0,1,0,1,0,1,1,1,1,1,0,1,1,1,1,1,0,0,0,0,0,0,0,0,0,0,0,0,0,1,0,1,1,0
1.6094379124341003,1.0986122886681098,7.242082359256962,2.1972245773362196,6.028278520230698,1.0986122886681098,2.302585092994046,2.70805020110221,0,0,0,0,0,0,0,1,1,2.0,1,1,1,1,1,1,1,1,1,1,1,1,1,1,0,0,0,0,0,0,0,0,0,0,1,0,1,0,0,1,0,0,0
1.3862943611198906,1.0986122886681098,6.957497370876951,2.3978952727983707,4.634728988229636,0.6931471805599453,2.833213344056216,2.4849066497880004,0,0,0,0,0,0,0,1,1,2.0,1,0,1,0,1,1,0,1,1,1,1,1,1,1,0,0,0,0,0,0,0,0,0,0,1,0,1,0,0,0,0,0,0
1.3862943611198906,0.6931471805599453,6.504288173536645,3.044522437723423,6.139884552226255,0.6931471805599453,2.302585092994046,0.0,0,0,0,0,0,0,0,1,0,2.0,0,0,0,0,0,0,0,0,0,0,0,0,0,0,0,0,0,0,0,0,0,0,0,1,0,0,0,0,0,1,1,1,0
1.3862943611198906,1.0986122886681098,6.710523109452428,1.791759469228055,6.139884552226255,0.6931471805599453,2.302585092994046,1.0986122886681098,0,0,0,0,0,0,0,1,1,2.0,0,0,0,0,0,0,0,1,0,0,1,0,0,0,0,0,0,0,0,1,0,0,0,0,0,0,0,0,0,1,0,1,0
1.3862943611198906,1.0986122886681098,7.002155954403621,3.044522437723423,6.741700694652055,1.0986122886681098,2.302585092994046,0.6931471805599453,0,0,0,0,0,0,0,1,1,2.0,0,0,0,0,1,0,0,0,0,0,0,0,0,0,0,0,0,0,0,1,0,0,0,0,0,0,1,0,0,1,1,0,0
1.6094379124341003,1.3862943611198906,7.170888478512505,3.8066624897703196,6.529418838262226,0.6931471805599453,0.0,2.70805020110221,0,0,0,0,0,0,0,1,1,2.0,1,1,1,1,1,1,1,1,1,1,1,1,1,1,1,0,0,0,0,0,0,0,0,0,0,0,0,0,1,0,0,0,1
1.3862943611198906,1.0986122886681098,6.55250788703459,2.4849066497880004,4.61512051684126,0.6931471805599453,3.367295829986474,1.3862943611198906,0,0,0,0,0,0,0,1,1,2.0,0,0,0,0,1,0,0,1,0,0,1,0,0,0,0,0,0,0,0,1,0,0,0,0,0,0,0,0,0,0,0,0,0
1.3862943611198906,1.0986122886681098,7.00397413672268,2.995732273553991,6.561030665896573,0.6931471805599453,2.6390573296152584,2.4849066497880004,0,0,0,0,0,0,0,1,1,1.0,1,0,1,0,1,1,1,1,1,1,1,0,1,1,0,0,0,0,0,1,0,0,0,0,0,0,1,0,0,0,0,0,0
1.0986122886681098,1.0986122886681098,6.493753839851686,3.044522437723423,6.139884552226255,0.6931471805599453,2.302585092994046,2.4849066497880004,0,0,0,0,0,0,0,0,0,2.0,1,1,1,1,1,1,1,1,1,0,1,0,1,0,1,0,0,0,0,0,0,0,0,0,0,0,0,0,1,1,1,1,0
1.3862943611198906,1.0986122886681098,6.698268054115413,3.044522437723423,6.139884552226255,0.6931471805599453,2.302585092994046,1.3862943611198906,0,0,0,0,0,0,0,0,0,1.0,0,0,0,0,0,1,0,1,1,0,0,0,0,0,0,0,0,0,0,0,0,0,0,0,1,0,0,1,0,1,1,1,0
1.3862943611198906,0.6931471805599453,6.55250788703459,3.1354942159291497,6.9167150203536085,0.6931471805599453,3.295836866004329,1.0986122886681098,0,0,0,0,0,0,0,1,1,2.0,0,0,0,0,1,0,0,1,0,0,0,0,0,0,0,0,0,0,0,1,0,0,0,0,0,0,0,0,0,0,0,0,0
1.3862943611198906,1.0986122886681098,6.8885724595653635,3.044522437723423,6.139884552226255,0.6931471805599453,2.302585092994046,2.70805020110221,0,0,0,0,0,0,0,1,1,2.0,1,1,1,1,1,1,1,1,1,1,1,1,1,1,0,0,0,0,0,0,0,0,0,0,1,0,1,0,0,1,1,1,0
1.0986122886681098,0.6931471805599453,6.478509642208569,3.044522437723423,6.139884552226255,0.6931471805599453,2.302585092994046,1.6094379124341003,0,0,0,0,0,0,0,1,0,3.0,0,0,0,1,0,1,0,1,1,0,0,0,0,0,0,0,0,0,0,0,0,0,0,1,0,0,0,0,0,1,1,1,0
1.3862943611198906,1.0986122886681098,6.668228248417403,3.044522437723423,6.139884552226255,0.6931471805599453,2.302585092994046,1.791759469228055,0,0,0,0,0,0,0,0,0,1.0,0,0,0,1,1,1,0,1,1,0,0,0,0,0,0,0,0,0,0,0,0,0,0,0,1,0,0,0,0,1,1,1,0
1.3862943611198906,1.0986122886681098,6.654152520183219,3.044522437723423,6.139884552226255,0.6931471805599453,2.302585092994046,0.6931471805599453,0,0,0,0,0,0,0,0,0,2.0,0,0,0,0,0,0,0,0,0,0,1,0,0,0,0,0,0,0,0,0,0,0,0,0,1,0,0,1,0,1,1,1,1
1.3862943611198906,1.0986122886681098,7.00397413672268,3.4339872044851463,6.705639094860003,1.6094379124341003,2.0794415416798357,2.302585092994046,0,0,0,0,0,0,0,1,1,3.0,1,0,1,1,1,0,1,1,1,0,1,0,1,0,0,0,0,0,0,1,0,0,0,0,0,0,1,0,0,0,0,0,0
1.3862943611198906,1.0986122886681098,6.68586094706836,3.044522437723423,6.139884552226255,0.6931471805599453,2.302585092994046,1.6094379124341003,0,0,0,1,0,0,0,1,1,2.0,0,0,0,1,0,0,0,1,0,0,1,0,1,0,0,0,0,0,0,0,0,0,0,0,1,0,0,0,0,1,1,1,0
1.3862943611198906,1.0986122886681098,6.985641817639208,1.6094379124341003,0.6931471805599453,0.6931471805599453,2.302585092994046,0.0,0,0,0,0,0,0,0,1,1,2.0,0,0,0,0,0,0,0,0,0,0,0,0,0,0,0,0,0,0,0,0,0,0,0,0,1,0,0,0,0,1,0,0,1
0.6931471805599453,0.6931471805599453,6.150602768446279,3.044522437723423,6.139884552226255,0.6931471805599453,2.302585092994046,0.0,0,0,0,0,0,0,0,1,1,2.0,0,0,0,0,0,0,0,0,0,0,0,0,0,0,0,0,0,0,0,0,0,0,0,0,0,1,1,0,0,1,1,1,0
1.3862943611198906,1.0986122886681098,6.625392368007956,3.044522437723423,6.139884552226255,0.6931471805599453,2.302585092994046,1.3862943611198906,0,0,1,1,0,0,0,0,0,3.0,0,0,0,0,0,1,0,1,1,0,0,0,0,0,0,0,0,0,0,0,0,0,0,0,1,0,0,0,0,1,1,1,1
1.6094379124341003,1.0986122886681098,7.074116816197362,3.044522437723423,6.139884552226255,0.6931471805599453,2.302585092994046,2.1972245773362196,0,0,0,0,0,0,0,1,1,2.0,1,0,1,0,0,1,1,1,1,0,1,0,1,0,0,0,0,0,0,0,0,0,0,0,0,0,0,0,0,1,1,1,1
1.3862943611198906,1.0986122886681098,6.803505257608338,3.044522437723423,6.139884552226255,1.0986122886681098,2.302585092994046,2.70805020110221,0,0,0,0,0,0,0,0,1,3.0,1,1,1,1,1,1,1,1,1,1,1,1,1,1,0,0,0,0,0,0,0,1,0,0,0,0,1,0,0,1,1,1,0
1.3862943611198906,1.0986122886681098,6.957497370876951,3.044522437723423,6.139884552226255,0.6931471805599453,2.302585092994046,2.302585092994046,0,0,0,0,0,0,0,1,1,1.0,1,0,1,1,1,0,1,1,1,0,1,0,1,0,0,1,0,0,0,0,0,0,0,0,0,0,1,0,0,1,1,1,1
1.3862943611198906,1.0986122886681098,6.82001636467413,3.044522437723423,6.139884552226255,1.0986122886681098,2.302585092994046,0.0,0,0,0,0,0,0,0,1,1,2.0,0,0,0,0,0,0,0,0,0,0,0,0,0,0,0,0,0,0,0,0,0,0,0,0,0,0,0,0,0,1,1,1,0
1.3862943611198906,1.0986122886681098,7.1891677384203225,3.044522437723423,6.54965074223381,0.6931471805599453,2.302585092994046,1.9459101490553132,0,0,0,0,0,0,0,1,1,1.0,1,0,1,1,0,0,0,0,1,0,1,0,0,1,0,0,0,0,0,0,0,0,0,0,0,0,0,0,0,1,1,0,1
0.6931471805599453,0.6931471805599453,6.584791392385716,3.091042453358316,5.733341276897746,0.6931471805599453,2.302585092994046,2.302585092994046,1,0,1,0,0,0,0,1,0,2.0,1,0,1,0,1,1,1,1,1,0,1,0,1,0,0,0,0,0,0,0,0,0,0,0,1,0,1,0,0,0,0,0,0
1.3862943611198906,1.0986122886681098,6.947937068614969,2.772588722239781,6.803505257608338,0.6931471805599453,3.258096538021482,2.0794415416798357,0,1,1,1,0,0,1,1,1,2.0,0,0,1,0,0,1,0,1,1,0,1,1,1,0,1,0,0,0,0,0,0,0,0,0,0,0,0,0,0,0,0,0,1
1.3862943611198906,1.3862943611198906,7.1808311990445555,3.044522437723423,5.983936280687191,1.3862943611198906,2.833213344056216,1.791759469228055,0,0,0,0,0,0,0,1,1,2.0,0,0,0,0,1,0,0,1,1,0,1,0,1,0,0,0,0,0,0,1,0,0,0,0,0,0,1,0,0,0,1,0,0
1.3862943611198906,1.0986122886681098,6.68586094706836,3.1780538303479458,6.073044534100405,0.6931471805599453,3.2188758248682006,2.3978952727983707,0,0,0,0,0,0,0,1,1,2.0,1,0,1,1,1,1,0,1,1,0,1,0,1,1,0,0,0,0,0,1,0,0,0,0,0,0,0,0,0,0,0,0,0
1.3862943611198906,1.0986122886681098,6.559615237493242,1.6094379124341003,5.796057750765372,0.6931471805599453,2.302585092994046,1.791759469228055,0,0,0,0,0,0,0,1,0,2.0,0,0,0,1,0,1,0,1,1,0,1,0,0,0,0,0,0,0,0,0,0,0,1,0,0,0,0,0,0,1,0,0,0
1.3862943611198906,1.0986122886681098,7.001245622069476,3.044522437723423,5.707110264748875,0.6931471805599453,2.302585092994046,2.0794415416798357,0,0,0,0,0,0,0,1,1,2.0,1,0,1,1,0,0,0,1,1,0,1,0,1,0,0,0,0,0,0,0,0,0,0,0,0,0,1,0,0,1,1,0,1
1.0986122886681098,0.6931471805599453,6.597145701886651,3.044522437723423,6.037870919922137,0.6931471805599453,2.0794415416798357,2.70805020110221,0,0,0,0,0,0,0,1,1,2.0,1,1,1,1,1,1,1,1,1,1,1,1,1,1,0,0,0,0,0,0,0,0,0,0,0,0,0,0,1,0,1,0,0
1.6094379124341003,1.3862943611198906,7.213768308118642,2.833213344056216,4.553876891600541,1.0986122886681098,2.1972245773362196,2.0794415416798357,0,0,0,0,0,0,0,0,0,2.0,0,0,1,0,0,1,0,1,1,0,1,1,1,0,0,0,0,0,0,0,0,0,0,0,1,0,1,0,0,0,0,0,0
1.3862943611198906,1.0986122886681098,6.8308742346461795,3.1354942159291497,5.983936280687191,1.0986122886681098,1.9459101490553132,2.3978952727983707,0,0,0,0,0,0,0,1,0,2.0,1,1,1,1,1,0,0,1,1,1,1,0,0,1,0,0,0,0,0,1,0,0,0,0,0,0,1,0,0,0,0,0,0
1.3862943611198906,1.0986122886681098,6.807934943699926,3.044522437723423,6.008813185442595,1.0986122886681098,2.302585092994046,2.1972245773362196,0,0,0,0,0,0,0,1,1,3.0,1,0,1,0,1,0,1,1,1,0,1,0,1,0,0,0,0,0,0,0,0,0,0,0,1,0,0,0,1,1,1,0,0
0.6931471805599453,1.0986122886681098,6.093569770045136,3.044522437723423,6.139884552226255,0.6931471805599453,2.302585092994046,2.70805020110221,1,0,1,1,0,0,0,1,1,1.0,1,1,1,1,1,1,1,1,1,1,1,1,1,1,1,0,0,0,0,0,0,0,0,0,0,0,0,0,1,1,1,1,0
1.3862943611198906,1.0986122886681098,6.732210706467206,3.1354942159291497,6.705639094860003,0.6931471805599453,2.833213344056216,2.302585092994046,0,0,0,0,0,0,0,1,1,2.0,1,0,1,1,1,0,0,1,1,0,1,1,1,0,0,0,0,0,0,1,0,0,0,0,0,0,1,0,0,0,0,0,1
1.0986122886681098,1.0986122886681098,6.664409020350408,3.044522437723423,6.139884552226255,0.6931471805599453,2.302585092994046,1.9459101490553132,0,0,0,0,0,0,0,1,1,3.0,0,0,1,0,1,1,0,1,0,0,1,0,1,0,0,0,0,0,1,0,0,0,0,0,0,0,0,0,1,1,1,1,0
1.3862943611198906,1.0986122886681098,6.9874902470009905,2.8903717578961645,6.09807428216624,1.0986122886681098,2.302585092994046,2.0794415416798357,1,1,1,0,1,0,0,0,0,2.0,0,0,0,0,1,1,1,1,1,0,1,0,1,0,0,0,0,0,0,0,0,0,0,0,1,0,0,0,1,1,0,0,0
1.3862943611198906,1.0986122886681098,6.7580945044277305,3.044522437723423,6.139884552226255,0.6931471805599453,2.302585092994046,2.0794415416798357,0,1,0,0,0,0,0,1,1,1.0,0,0,1,0,1,0,1,1,1,0,1,0,1,0,0,0,0,0,0,0,0,0,0,0,1,0,0,0,0,1,1,1,1
1.6094379124341003,1.3862943611198906,7.756195343948118,3.6635616461296463,6.042632833682381,1.6094379124341003,2.5649493574615367,2.70805020110221,0,0,0,0,0,0,0,1,1,2.0,1,1,1,1,1,1,1,1,1,1,1,1,1,1,0,0,0,0,0,1,0,0,0,0,0,0,1,0,0,0,0,0,0
1.3862943611198906,1.0986122886681098,6.905753276311464,3.044522437723423,5.241747015059643,0.6931471805599453,2.302585092994046,2.1972245773362196,1,0,1,1,0,1,0,0,1,2.0,1,0,1,0,0,1,1,1,1,1,1,0,0,0,1,0,0,0,0,0,0,0,0,0,0,0,1,0,0,1,1,0,1
1.3862943611198906,1.0986122886681098,6.86171134048073,3.044522437723423,6.240275845170769,0.6931471805599453,2.3978952727983707,1.6094379124341003,0,0,0,0,0,0,0,1,1,2.0,1,0,1,1,0,0,0,0,0,0,0,0,1,0,0,0,0,0,0,0,0,0,0,0,0,0,0,0,1,0,1,0,1
1.3862943611198906,1.0986122886681098,6.943122422819428,3.258096538021482,7.135687347028144,0.6931471805599453,1.791759469228055,0.0,0,0,0,0,0,0,0,1,1,2.0,0,0,0,0,0,0,0,0,0,0,0,0,0,0,0,0,0,0,0,0,0,0,0,0,0,0,0,0,0,0,0,0,0
1.3862943611198906,1.0986122886681098,6.7464121285733745,3.044522437723423,6.171700597410915,1.0986122886681098,0.6931471805599453,1.0986122886681098,0,0,0,0,0,0,0,1,0,2.0,0,0,0,0,0,0,0,1,1,0,0,0,0,0,0,0,0,0,0,1,0,0,0,0,0,0,1,0,0,0,1,0,0
1.3862943611198906,1.0986122886681098,6.55250788703459,2.1972245773362196,4.23410650459726,0.6931471805599453,3.295836866004329,1.3862943611198906,0,0,0,0,0,0,0,1,1,2.0,0,0,0,0,1,0,0,1,0,0,1,0,0,0,0,0,0,0,0,1,0,0,0,0,0,0,0,0,0,0,0,0,0
1.3862943611198906,1.0986122886681098,7.040536390215956,3.044522437723423,6.139884552226255,1.0986122886681098,2.302585092994046,1.0986122886681098,0,0,0,0,0,0,0,1,0,1.0,0,0,0,0,0,0,0,1,0,0,1,0,0,0,0,0,0,0,0,0,1,0,0,0,0,0,0,0,0,1,1,1,0
1.3862943611198906,1.0986122886681098,6.7464121285733745,3.044522437723423,6.139884552226255,0.6931471805599453,2.302585092994046,1.6094379124341003,0,0,0,0,0,0,0,1,0,1.0,0,0,0,0,0,0,1,0,1,0,1,0,1,0,0,0,0,0,0,0,0,0,1,0,0,0,0,0,0,1,1,1,0
1.3862943611198906,1.0986122886681098,6.7464121285733745,2.833213344056216,6.192362489474872,1.0986122886681098,3.258096538021482,2.0794415416798357,0,0,0,0,0,0,0,1,0,1.0,1,0,1,1,0,0,0,1,1,0,1,0,1,0,0,0,0,0,0,1,0,0,0,0,0,0,1,0,0,0,0,0,0
1.3862943611198906,1.0986122886681098,7.00850518208228,1.791759469228055,6.139884552226255,0.6931471805599453,2.302585092994046,1.6094379124341003,1,0,1,1,0,0,1,1,1,2.0,0,0,0,0,0,0,0,1,1,0,1,0,1,0,0,0,0,0,0,0,0,0,0,0,1,0,0,0,0,1,0,1,0
1.3862943611198906,1.0986122886681098,7.24422751560335,3.044522437723423,6.139884552226255,0.6931471805599453,2.302585092994046,1.6094379124341003,0,0,0,0,0,0,0,1,0,2.0,0,0,0,1,0,0,0,1,1,0,1,0,0,0,0,0,0,0,0,0,0,0,0,1,0,0,1,0,0,1,1,1,0
1.0986122886681098,1.0986122886681098,6.693323668269949,3.044522437723423,6.139884552226255,0.6931471805599453,2.302585092994046,0.0,0,0,0,0,0,0,0,1,0,2.0,0,0,0,0,0,0,0,0,0,0,0,0,0,0,0,0,0,0,0,0,0,0,0,1,0,0,0,0,0,1,1,1,1
1.3862943611198906,1.0986122886681098,6.7464121285733745,2.6390573296152584,6.139884552226255,0.6931471805599453,2.70805020110221,1.6094379124341003,0,0,0,0,0,0,0,1,0,1.0,0,0,0,1,0,1,0,0,1,0,1,0,0,0,0,0,0,0,0,0,0,0,0,0,0,0,0,0,0,0,0,1,1
1.3862943611198906,0.6931471805599453,6.493753839851686,3.044522437723423,6.139884552226255,0.6931471805599453,2.302585092994046,0.0,0,0,0,0,0,0,0,1,0,1.0,0,0,0,0,0,0,0,0,0,0,0,0,0,0,0,1,0,0,0,0,0,0,0,0,0,0,0,1,0,1,1,1,1
1.3862943611198906,1.0986122886681098,6.79794041297493,1.791759469228055,5.484796933490655,0.6931471805599453,2.302585092994046,1.3862943611198906,0,0,0,0,0,0,0,1,1,1.0,0,0,0,0,0,0,1,0,1,0,1,0,0,0,0,0,0,0,0,0,0,0,0,0,1,0,0,0,0,1,0,0,0
1.0986122886681098,0.6931471805599453,6.2166061010848646,3.044522437723423,6.139884552226255,0.6931471805599453,2.302585092994046,1.6094379124341003,0,0,0,0,0,0,0,1,1,1.0,0,0,0,0,1,1,0,0,1,0,1,0,0,0,0,0,0,0,0,1,0,0,0,0,0,0,0,0,0,1,1,1,1
1.0986122886681098,0.6931471805599453,6.274762021241939,3.044522437723423,6.139884552226255,0.6931471805599453,2.302585092994046,1.0986122886681098,0,0,0,0,0,0,0,1,1,3.0,0,0,0,0,1,1,0,0,0,0,0,0,0,0,0,0,0,0,0,1,0,0,0,0,0,0,0,1,0,1,1,1,1
1.3862943611198906,1.0986122886681098,6.9411900550683745,2.9444389791664403,4.574710978503383,1.0986122886681098,2.302585092994046,2.0794415416798357,0,0,0,0,0,0,0,1,1,2.0,1,0,1,1,0,0,1,1,1,0,1,0,0,0,0,0,0,0,0,1,0,0,0,0,0,0,1,0,0,0,0,0,0
1.3862943611198906,1.0986122886681098,7.013915474810528,3.6635616461296463,6.139884552226255,1.0986122886681098,2.6390573296152584,1.9459101490553132,0,0,0,0,0,0,0,1,0,2.0,1,0,1,0,0,0,0,1,0,0,1,1,1,0,0,0,0,0,0,1,0,0,0,0,0,0,1,0,0,0,0,1,0
1.3862943611198906,1.0986122886681098,6.654152520183219,1.6094379124341003,6.139884552226255,0.6931471805599453,2.302585092994046,1.3862943611198906,0,0,0,0,0,0,0,1,0,1.0,0,0,0,0,0,0,0,1,1,0,1,0,0,0,0,0,0,0,0,0,0,0,0,1,0,0,0,0,0,1,0,1,0
1.3862943611198906,1.0986122886681098,6.803505257608338,3.7612001156935624,7.895808377083183,1.0986122886681098,1.6094379124341003,1.791759469228055,0,0,0,0,0,0,0,1,1,1.0,0,0,0,0,1,0,0,1,1,0,1,0,1,0,0,0,0,0,0,1,0,0,0,0,0,0,1,0,0,0,0,0,0
1.3862943611198906,1.0986122886681098,6.621405651764134,3.367295829986474,6.0473721790462776,0.6931471805599453,3.295836866004329,2.4849066497880004,0,0,0,0,0,0,0,1,1,2.0,1,0,1,0,1,1,1,1,1,1,1,0,1,1,0,0,0,0,0,1,0,0,0,0,0,0,1,0,0,0,0,0,0
1.0986122886681098,1.0986122886681098,6.311734809152915,3.044522437723423,6.139884552226255,0.6931471805599453,2.302585092994046,0.0,0,0,0,0,0,0,0,1,1,2.0,0,0,0,0,0,0,0,0,0,0,0,0,0,0,0,0,0,0,0,1,0,0,0,0,0,0,0,1,0,1,1,1,1
1.0986122886681098,1.0986122886681098,6.654152520183219,2.8903717578961645,5.746203190540153,0.6931471805599453,2.302585092994046,1.9459101490553132,0,0,0,0,0,0,0,1,1,2.0,0,0,1,0,0,0,0,1,1,1,1,0,1,0,0,0,0,0,0,1,0,0,0,0,0,0,0,0,1,1,0,0,1
1.6094379124341003,1.0986122886681098,7.148345743900068,3.4339872044851463,6.018593214496234,1.0986122886681098,1.9459101490553132,0.0,0,0,0,0,0,0,0,1,1,2.0,0,0,0,0,0,0,0,0,0,0,0,0,0,0,0,0,0,0,0,1,0,0,0,0,0,0,1,0,0,0,0,0,0
1.3862943611198906,1.0986122886681098,7.04141166379481,3.044522437723423,6.139884552226255,0.6931471805599453,2.302585092994046,2.0794415416798357,0,0,0,0,0,0,0,1,1,2.0,1,0,1,0,0,1,0,1,1,0,0,0,1,1,0,0,0,0,0,0,0,0,0,0,0,1,1,0,0,1,1,1,0
1.3862943611198906,1.0986122886681098,6.926577033222725,3.044522437723423,6.139884552226255,1.0986122886681098,2.302585092994046,1.9459101490553132,1,0,1,1,1,0,0,1,0,2.0,0,0,1,0,1,0,0,1,1,0,1,0,1,0,1,0,0,0,0,0,0,0,0,0,0,0,1,0,0,1,1,1,0
1.3862943611198906,1.0986122886681098,6.920671504248683,3.4965075614664802,5.988961416889864,0.6931471805599453,1.0986122886681098,2.302585092994046,0,0,1,1,0,0,0,1,0,2.0,0,0,1,1,1,0,1,1,1,1,1,0,1,0,0,0,0,0,0,0,0,0,0,0,1,0,0,0,1,0,0,0,1
1.3862943611198906,1.0986122886681098,6.580639137284949,2.8903717578961645,1.3862943611198906,0.6931471805599453,3.4657359027997265,1.3862943611198906,0,0,0,0,0,0,0,1,0,2.0,0,0,0,0,1,0,0,1,0,0,1,0,0,0,0,0,0,0,0,1,0,0,0,0,0,0,0,0,0,0,0,0,0
1.3862943611198906,1.0986122886681098,7.1180162044653335,3.4339872044851463,6.018593214496234,1.0986122886681098,1.9459101490553132,0.0,0,0,0,0,0,0,0,1,1,2.0,0,0,0,0,0,0,0,0,0,0,0,0,0,0,0,0,0,0,0,1,0,0,0,0,0,0,1,0,0,0,0,0,0
1.3862943611198906,1.0986122886681098,6.78897174299217,3.4339872044851463,6.695798917058491,0.6931471805599453,2.3978952727983707,2.3978952727983707,0,0,0,0,0,0,0,1,1,3.0,0,0,1,0,1,1,0,1,1,1,1,1,1,1,0,0,0,0,0,1,0,0,0,0,0,0,1,0,0,0,0,0,0
1.0986122886681098,0.6931471805599453,6.016157159698354,3.044522437723423,6.139884552226255,0.6931471805599453,2.302585092994046,1.791759469228055,0,0,0,0,0,0,0,1,0,3.0,0,0,0,0,1,0,0,1,1,0,1,0,1,0,0,0,0,0,0,0,0,0,1,0,0,0,0,0,1,1,1,1,1
1.3862943611198906,1.0986122886681098,6.478509642208569,3.044522437723423,6.139884552226255,0.6931471805599453,2.302585092994046,1.6094379124341003,0,0,0,0,0,0,0,1,0,2.0,0,0,0,0,1,1,0,1,0,0,1,0,0,0,0,0,0,0,0,1,0,0,0,0,0,0,0,1,0,1,1,1,1
1.3862943611198906,1.0986122886681098,6.440946540632921,2.6390573296152584,6.928537818164665,0.6931471805599453,2.302585092994046,1.3862943611198906,0,0,0,0,0,0,0,1,0,3.0,0,0,0,0,1,0,0,1,0,0,1,0,0,0,0,0,0,0,0,1,0,0,0,0,0,0,0,0,0,1,0,0,1
1.3862943611198906,1.0986122886681098,6.769641976852503,1.791759469228055,6.139884552226255,0.6931471805599453,2.302585092994046,1.6094379124341003,0,0,0,0,0,0,0,0,0,3.0,1,0,0,0,0,0,0,1,1,0,1,0,0,0,0,0,0,0,0,0,0,0,0,0,1,0,0,0,0,1,0,1,1
1.0986122886681098,1.0986122886681098,6.066108090103747,3.044522437723423,6.139884552226255,0.6931471805599453,2.302585092994046,1.791759469228055,1,1,0,1,0,0,1,1,1,3.0,0,0,0,0,1,1,0,0,1,0,1,0,1,0,0,0,0,0,0,0,0,0,0,0,1,0,0,0,0,1,1,1,1
1.0986122886681098,1.0986122886681098,6.717804695023691,3.044522437723423,5.8971538676367405,0.6931471805599453,1.791759469228055,1.791759469228055,1,1,1,1,0,1,1,1,1,2.0,1,0,1,0,0,0,1,0,1,0,1,0,0,0,1,0,0,0,0,0,0,0,0,0,0,0,0,0,1,0,1,0,0
1.3862943611198906,1.0986122886681098,6.55250788703459,3.1354942159291497,6.626717749249025,0.6931471805599453,2.772588722239781,1.791759469228055,0,0,0,0,0,0,0,1,0,2.0,0,0,0,0,1,0,0,1,0,0,1,0,1,1,0,0,0,0,0,1,0,0,0,0,0,0,1,0,0,0,0,0,0
1.3862943611198906,1.0986122886681098,6.892641641172089,3.295836866004329,6.042632833682381,1.0986122886681098,1.3862943611198906,0.0,0,0,0,0,0,0,0,1,1,2.0,0,0,0,0,0,0,0,0,0,0,0,0,0,0,0,0,0,0,0,0,0,0,0,0,1,0,0,0,0,0,0,0,0
1.3862943611198906,1.0986122886681098,6.748759547491679,2.5649493574615367,6.139884552226255,0.6931471805599453,3.1780538303479458,2.3978952727983707,1,0,1,1,0,0,0,1,0,3.0,1,1,1,1,0,1,1,1,1,0,1,0,1,0,0,0,0,0,0,0,0,0,0,0,1,0,0,0,0,0,0,1,0
1.6094379124341003,1.0986122886681098,7.1808311990445555,3.044522437723423,6.55250788703459,0.6931471805599453,2.3978952727983707,2.0794415416798357,0,0,0,0,0,0,0,1,1,2.0,0,0,1,0,0,1,0,1,1,0,1,1,1,0,1,0,0,0,0,0,0,0,0,0,0,0,1,0,0,0,1,0,1
1.3862943611198906,1.0986122886681098,7.0909098220799835,3.044522437723423,6.139884552226255,1.0986122886681098,2.302585092994046,2.70805020110221,0,0,0,0,0,0,0,1,0,1.0,1,1,1,1,1,1,1,1,1,1,1,1,1,1,1,0,0,0,0,0,0,0,0,0,0,0,1,0,0,1,1,1,0
1.3862943611198906,1.0986122886681098,6.55250788703459,1.791759469228055,6.139884552226255,0.6931471805599453,2.302585092994046,1.6094379124341003,0,0,0,0,0,0,0,1,1,2.0,0,0,0,0,0,0,1,1,1,0,1,0,0,0,0,0,0,0,0,0,0,0,0,0,1,0,0,0,0,1,0,1,0
1.3862943611198906,1.0986122886681098,6.907755278982137,2.1972245773362196,6.139884552226255,0.6931471805599453,2.302585092994046,1.6094379124341003,0,0,0,0,0,0,0,0,0,1.0,0,0,0,0,0,0,0,1,1,0,1,0,1,0,0,0,0,0,0,0,0,0,0,0,1,0,1,0,0,1,0,1,0
1.0986122886681098,0.6931471805599453,6.20455776256869,3.044522437723423,6.139884552226255,0.6931471805599453,2.302585092994046,0.0,0,0,0,0,0,0,0,1,1,3.0,0,0,0,0,0,0,0,0,0,0,0,0,0,0,0,0,0,0,0,0,0,0,0,0,0,0,0,1,0,1,1,1,1
1.0986122886681098,1.0986122886681098,6.601230118728877,3.044522437723423,6.139884552226255,0.6931471805599453,2.302585092994046,0.0,0,0,0,0,0,0,0,1,0,2.0,0,0,0,0,0,0,0,0,0,0,0,0,0,0,0,0,0,0,0,0,0,0,0,1,0,0,0,0,0,1,1,1,0
1.3862943611198906,1.0986122886681098,6.673297967767654,3.044522437723423,6.139884552226255,0.6931471805599453,2.302585092994046,0.0,1,0,0,1,0,0,0,1,1,2.0,0,0,0,0,0,0,0,0,0,0,0,0,0,0,0,0,0,0,0,0,0,0,0,0,1,0,0,0,0,0,1,1,1
1.0986122886681098,0.6931471805599453,6.255750041753367,3.044522437723423,6.139884552226255,0.6931471805599453,2.302585092994046,1.0986122886681098,0,0,0,0,0,0,0,0,0,2.0,0,0,0,0,0,1,0,0,1,0,0,0,0,0,0,0,0,0,0,0,0,0,0,0,0,0,0,1,0,1,1,1,1
1.3862943611198906,1.0986122886681098,7.10085190894405,3.044522437723423,6.289715570908998,1.0986122886681098,2.302585092994046,2.70805020110221,0,0,0,0,0,0,0,1,1,2.0,1,1,1,1,1,1,1,1,1,1,1,1,1,1,0,0,0,0,0,0,0,0,0,0,1,0,0,0,0,1,1,0,0
1.3862943611198906,1.0986122886681098,6.90875477931522,3.6635616461296463,6.803505257608338,0.6931471805599453,0.0,2.4849066497880004,1,0,1,1,0,0,0,1,0,2.0,1,0,1,1,1,1,1,1,1,1,1,0,1,0,1,0,0,0,0,0,0,0,0,0,0,0,0,0,0,0,0,0,1
1.3862943611198906,1.0986122886681098,7.00850518208228,1.791759469228055,6.139884552226255,0.6931471805599453,2.302585092994046,1.6094379124341003,1,0,1,1,0,0,1,1,1,1.0,0,0,0,0,0,0,0,1,1,0,1,0,1,0,0,0,0,0,0,0,0,0,0,0,1,0,0,0,0,1,0,1,0
0.6931471805599453,0.6931471805599453,6.478509642208569,2.995732273553991,6.126869184114185,0.6931471805599453,2.0794415416798357,2.70805020110221,1,1,1,1,0,0,1,1,1,2.0,1,1,1,1,1,1,1,1,1,1,1,1,1,1,0,0,0,0,0,0,0,0,0,0,1,0,1,0,0,0,0,0,0
1.3862943611198906,1.0986122886681098,6.985641817639208,2.8903717578961645,6.09807428216624,1.0986122886681098,2.302585092994046,1.3862943611198906,1,1,1,0,1,0,0,0,0,2.0,0,0,0,0,0,0,1,0,0,0,1,0,1,0,0,0,0,0,0,0,0,0,0,0,1,0,1,0,0,1,0,0,0
0.6931471805599453,0.6931471805599453,6.656726524178391,3.091042453358316,5.820082930352362,1.0986122886681098,2.0794415416798357,2.5649493574615367,0,0,0,0,0,0,0,1,0,2.0,1,0,1,0,1,1,1,1,1,1,1,1,1,1,0,0,0,0,0,0,0,0,0,0,1,0,1,0,0,0,0,0,0
1.6094379124341003,1.3862943611198906,7.496097345175956,2.70805020110221,6.139884552226255,1.0986122886681098,2.302585092994046,1.6094379124341003,0,0,0,0,0,0,0,1,1,1.0,0,0,0,0,1,0,0,1,0,0,1,0,1,0,0,0,0,0,0,1,0,0,0,0,0,0,1,0,0,1,0,1,0
1.3862943611198906,1.0986122886681098,6.654152520183219,3.5553480614894135,7.315218389752975,0.6931471805599453,1.9459101490553132,1.9459101490553132,1,0,0,1,0,0,0,1,0,2.0,0,0,1,0,0,1,0,1,1,0,1,0,1,0,1,0,0,0,0,0,0,0,0,0,0,0,0,0,0,0,0,0,1
1.3862943611198906,1.0986122886681098,7.252762418053187,3.091042453358316,5.659482215759621,1.0986122886681098,2.5649493574615367,2.302585092994046,1,0,1,1,0,0,0,0,0,2.0,1,0,1,1,0,0,1,1,1,0,1,1,1,0,0,0,0,0,0,0,0,0,0,0,1,0,1,0,0,0,0,0,0
0.6931471805599453,0.6931471805599453,6.573680166960646,2.5649493574615367,5.973809611869261,0.6931471805599453,1.6094379124341003,2.5649493574615367,0,0,0,0,0,0,0,1,1,1.0,1,1,1,1,1,1,1,1,1,1,1,0,1,0,0,0,0,0,0,0,0,0,0,0,0,0,0,0,0,0,0,0,1
1.3862943611198906,1.0986122886681098,6.68586094706836,3.1354942159291497,6.139884552226255,0.6931471805599453,2.9444389791664403,1.791759469228055,0,0,0,0,0,0,0,1,0,2.0,0,0,0,1,1,0,0,1,1,0,1,0,0,0,0,0,0,0,0,1,0,0,0,0,0,0,0,0,0,0,0,1,0
1.3862943611198906,1.0986122886681098,7.00669522683704,2.5649493574615367,6.139884552226255,0.6931471805599453,2.302585092994046,1.9459101490553132,0,0,0,0,0,0,0,1,0,2.0,0,0,1,0,1,0,0,1,1,0,1,0,1,0,0,0,0,0,0,0,0,0,0,0,1,0,0,0,0,1,0,1,0
1.3862943611198906,1.0986122886681098,6.875232087276577,3.044522437723423,6.139884552226255,0.6931471805599453,2.302585092994046,2.0794415416798357,0,0,0,0,0,0,0,1,1,2.0,1,0,0,0,1,1,0,1,1,0,1,0,1,0,0,0,0,0,0,0,0,0,0,0,1,0,0,0,0,1,1,1,0
1.3862943611198906,1.0986122886681098,6.82001636467413,1.6094379124341003,6.139884552226255,0.6931471805599453,3.4965075614664802,1.6094379124341003,1,1,1,1,0,0,1,1,1,2.0,0,0,1,0,0,0,0,1,1,0,1,0,0,0,0,0,0,0,0,0,0,0,0,0,1,0,1,0,0,0,0,1,0
1.3862943611198906,1.0986122886681098,6.75343791859778,3.044522437723423,6.695798917058491,0.6931471805599453,2.302585092994046,1.791759469228055,0,0,0,0,0,0,0,1,1,2.0,0,0,1,0,1,0,0,1,0,0,1,0,1,0,0,0,0,0,0,1,0,0,0,0,0,0,1,0,0,1,1,0,0
1.0986122886681098,1.0986122886681098,6.877296071497429,3.8066624897703196,5.6240175061873385,1.0986122886681098,1.791759469228055,0.0,0,0,0,0,0,0,0,1,1,3.0,0,0,0,0,0,0,0,0,0,0,0,0,0,0,0,0,0,0,0,0,0,0,0,0,1,0,1,0,0,0,0,0,0
1.3862943611198906,1.0986122886681098,7.01211529430638,3.044522437723423,6.139884552226255,0.6931471805599453,2.302585092994046,0.0,0,0,0,0,0,0,0,1,1,2.0,0,0,0,0,0,0,0,0,0,0,0,0,0,0,0,0,0,0,0,0,0,0,0,0,0,0,1,0,0,1,1,1,1
1.0986122886681098,0.6931471805599453,6.297109319933935,3.044522437723423,6.139884552226255,0.6931471805599453,2.302585092994046,0.0,0,0,0,0,0,0,0,1,1,2.0,0,0,0,0,0,0,0,0,0,0,0,0,0,0,0,0,0,0,0,0,0,0,0,0,1,0,0,0,0,1,1,1,1
1.3862943611198906,1.0986122886681098,6.771935555839602,3.044522437723423,6.139884552226255,1.0986122886681098,2.302585092994046,2.5649493574615367,0,0,0,0,0,0,0,1,1,2.0,1,1,1,1,1,1,1,1,1,1,1,0,1,0,0,0,0,0,0,0,0,0,0,0,1,0,0,0,0,1,1,1,0
1.3862943611198906,1.0986122886681098,6.68586094706836,3.044522437723423,8.188966863648876,0.6931471805599453,2.302585092994046,2.302585092994046,1,1,1,1,1,0,0,1,0,2.0,0,0,1,1,1,1,1,1,1,0,1,0,1,0,1,0,0,0,0,0,0,0,0,0,0,0,0,0,1,1,1,0,0
1.3862943611198906,1.0986122886681098,7.108244139731541,3.044522437723423,6.90875477931522,0.6931471805599453,2.4849066497880004,0.0,1,0,1,1,0,1,0,1,1,2.0,0,0,0,0,0,0,0,0,0,0,0,0,0,0,0,0,0,0,0,0,0,0,0,0,1,0,1,0,0,0,1,0,0
1.3862943611198906,1.0986122886681098,6.7650389767805414,3.044522437723423,6.139884552226255,0.6931471805599453,2.302585092994046,1.6094379124341003,0,0,0,0,0,0,0,1,0,3.0,0,0,0,0,0,0,1,1,1,0,0,0,1,0,0,0,0,0,0,0,0,0,1,0,0,0,0,0,0,1,1,1,0
1.3862943611198906,1.0986122886681098,6.70808408385307,2.772588722239781,6.139884552226255,0.6931471805599453,2.302585092994046,2.1972245773362196,0,0,1,1,1,0,0,1,1,3.0,0,0,1,1,1,1,0,1,1,0,1,0,1,0,0,0,0,0,0,0,0,0,0,0,1,0,0,0,0,1,0,1,0
1.3862943611198906,0.6931471805599453,6.55250788703459,3.044522437723423,6.139884552226255,0.6931471805599453,2.302585092994046,0.0,1,0,1,1,0,0,0,0,0,2.0,0,0,0,0,0,0,0,0,0,0,0,0,0,0,0,0,0,0,0,0,0,0,0,0,1,0,0,0,0,1,1,1,1
1.3862943611198906,1.0986122886681098,6.47543271670409,1.791759469228055,6.139884552226255,0.6931471805599453,2.302585092994046,1.791759469228055,0,0,0,0,0,0,0,1,1,1.0,0,0,0,1,0,0,0,1,1,0,1,0,1,0,0,0,0,0,0,0,0,0,0,0,1,0,0,0,0,1,0,1,0
1.3862943611198906,1.0986122886681098,6.7464121285733745,3.044522437723423,6.139884552226255,0.6931471805599453,2.302585092994046,0.6931471805599453,0,0,0,0,0,0,0,1,0,2.0,0,0,0,0,0,0,0,1,0,0,0,0,0,0,0,0,0,0,0,0,0,0,0,1,0,0,0,1,0,1,1,1,1
1.3862943611198906,1.0986122886681098,6.957497370876951,3.044522437723423,6.139884552226255,1.0986122886681098,2.302585092994046,1.791759469228055,0,0,0,0,0,0,0,1,0,2.0,0,0,1,0,0,0,0,1,1,0,1,0,1,0,0,0,0,0,0,0,0,0,0,1,0,0,0,0,0,1,1,1,0
1.6094379124341003,1.0986122886681098,7.404279118037268,3.044522437723423,5.407171771460119,1.0986122886681098,2.1972245773362196,0.0,0,0,0,0,0,0,0,1,1,2.0,0,0,0,0,0,0,0,0,0,0,0,0,0,0,0,0,0,0,0,1,0,0,0,0,0,0,1,0,0,0,1,0,0
1.0986122886681098,1.0986122886681098,6.421622267806518,3.044522437723423,5.948034989180646,0.6931471805599453,1.791759469228055,0.0,0,0,0,0,0,0,0,1,1,2.0,0,0,0,0,0,0,0,0,0,0,0,0,0,0,0,0,0,0,0,0,0,0,0,0,0,0,0,0,0,0,1,0,1
1.0986122886681098,1.0986122886681098,6.927557906278317,3.044522437723423,6.4692503167957724,0.6931471805599453,2.1972245773362196,2.1972245773362196,0,0,0,0,0,0,0,1,0,2.0,1,0,1,1,0,0,0,0,1,1,1,0,1,1,0,0,0,0,0,0,0,0,0,0,0,0,1,0,0,0,1,0,1
1.3862943611198906,1.0986122886681098,7.0909098220799835,3.044522437723423,6.648984550024776,1.0986122886681098,2.0794415416798357,1.9459101490553132,0,0,0,0,0,0,0,1,1,2.0,0,0,1,1,0,0,0,1,1,0,1,0,1,0,0,0,0,0,0,1,0,0,0,0,0,0,1,0,0,0,0,0,0
1.9459101490553132,1.791759469228055,8.11701408773731,3.2188758248682006,5.459585514144159,1.6094379124341003,2.302585092994046,0.6931471805599453,0,0,0,0,0,0,0,1,1,3.0,0,0,0,0,0,0,0,1,0,0,0,0,0,0,0,0,0,0,0,1,0,0,0,0,0,0,1,0,0,1,0,0,0
1.3862943611198906,1.0986122886681098,6.9782137426306985,3.044522437723423,6.90875477931522,0.6931471805599453,2.4849066497880004,2.6390573296152584,1,0,1,1,0,1,0,1,1,1.0,1,0,1,1,1,1,1,1,1,1,1,1,1,1,0,0,0,0,0,0,0,0,0,0,1,0,1,0,0,0,1,0,0
1.3862943611198906,1.0986122886681098,6.7464121285733745,2.5649493574615367,6.920671504248683,0.6931471805599453,2.302585092994046,2.3978952727983707,0,0,0,0,0,0,0,1,0,2.0,0,0,1,1,1,1,1,1,1,0,1,0,1,1,0,0,0,0,0,0,0,0,1,0,0,0,0,0,0,1,0,0,1
1.3862943611198906,1.0986122886681098,6.881411303642535,3.044522437723423,5.8664680569332965,0.6931471805599453,2.1972245773362196,1.791759469228055,0,0,0,0,0,0,0,1,0,2.0,1,0,1,0,0,0,0,0,1,0,1,0,1,0,0,0,0,0,0,0,0,0,0,0,0,0,1,0,0,0,1,0,1
1.3862943611198906,1.0986122886681098,7.1316985104669115,2.6390573296152584,5.771441123130016,0.6931471805599453,3.1780538303479458,2.5649493574615367,1,1,1,1,0,0,0,1,1,2.0,1,1,1,1,0,1,0,1,1,1,1,1,1,1,1,0,0,0,0,0,0,0,0,0,0,0,1,0,0,0,0,0,1
1.0986122886681098,1.0986122886681098,6.621405651764134,3.044522437723423,6.139884552226255,0.6931471805599453,2.302585092994046,2.5649493574615367,0,0,0,0,0,0,0,1,0,2.0,0,1,1,1,0,1,1,1,1,1,1,1,1,1,0,0,0,0,0,0,0,0,1,0,0,0,0,0,0,1,1,1,0
1.6094379124341003,1.3862943611198906,7.359467638255621,3.713572066704308,6.364750756851911,1.3862943611198906,1.6094379124341003,2.302585092994046,0,0,0,0,0,0,0,1,0,2.0,1,0,1,1,1,0,1,1,1,0,1,0,1,0,1,0,0,0,0,0,0,0,0,0,0,0,1,0,0,0,0,0,0
1.3862943611198906,1.0986122886681098,7.143617602704121,3.4965075614664802,5.43372200355424,0.6931471805599453,1.3862943611198906,2.302585092994046,1,0,1,1,0,0,0,1,1,2.0,1,0,1,0,1,1,1,1,1,0,1,0,1,0,1,0,0,0,0,0,0,0,0,0,0,0,1,0,0,0,0,0,1
1.6094379124341003,1.3862943611198906,7.406103381237015,2.3978952727983707,6.598509028614515,1.0986122886681098,2.8903717578961645,2.6390573296152584,0,0,0,0,0,0,0,0,0,1.0,1,1,1,1,1,1,1,1,1,1,1,0,1,1,0,0,0,0,0,0,0,0,0,0,1,0,1,0,0,0,0,0,0
1.3862943611198906,1.0986122886681098,7.438971592395862,3.4011973816621555,6.104793232414985,1.3862943611198906,1.791759469228055,2.1972245773362196,1,0,1,1,0,0,0,1,0,2.0,1,0,1,0,1,0,1,1,1,0,1,0,1,0,0,0,0,0,0,0,0,0,0,0,1,0,0,0,1,0,0,0,0
1.3862943611198906,1.0986122886681098,7.018401799069201,3.6635616461296463,6.139884552226255,0.6931471805599453,2.6390573296152584,2.0794415416798357,0,0,0,0,0,0,0,1,0,2.0,1,0,1,0,1,0,0,1,0,0,1,1,1,0,0,0,0,0,0,1,0,0,0,0,0,0,1,0,0,0,0,1,0
1.3862943611198906,1.0986122886681098,6.610696044717759,1.791759469228055,6.139884552226255,0.6931471805599453,2.302585092994046,2.1972245773362196,1,1,1,1,0,0,1,1,1,1.0,1,0,0,1,1,0,1,1,1,0,1,0,1,0,0,0,0,0,0,0,0,0,0,0,1,0,0,0,0,1,0,1,0
1.3862943611198906,1.0986122886681098,6.440946540632921,2.6390573296152584,6.928537818164665,0.6931471805599453,2.302585092994046,1.3862943611198906,0,0,0,0,0,0,0,1,0,3.0,0,0,0,0,1,0,0,1,0,0,1,0,0,0,0,0,0,0,0,1,0,0,0,0,0,0,0,0,0,1,0,0,1
1.3862943611198906,1.0986122886681098,6.78332520060396,3.1354942159291497,6.3578422665081,1.0986122886681098,1.791759469228055,2.4849066497880004,1,1,1,1,0,0,0,1,1,1.0,1,1,1,1,0,1,1,1,1,1,1,0,1,0,0,0,0,0,0,0,0,0,0,0,1,0,0,0,1,0,0,0,0
1.3862943611198906,1.0986122886681098,6.693323668269949,3.044522437723423,6.139884552226255,0.6931471805599453,2.302585092994046,0.0,0,0,0,0,0,0,0,1,0,2.0,0,0,0,0,0,0,0,0,0,0,0,0,0,0,0,0,0,0,0,0,0,0,0,1,0,0,0,0,0,1,1,1,0
1.6094379124341003,1.0986122886681098,6.795705775173514,3.044522437723423,6.139884552226255,0.6931471805599453,1.9459101490553132,2.0794415416798357,0,0,0,0,0,0,0,0,1,2.0,1,1,0,0,0,1,0,1,1,0,1,0,1,0,0,0,0,0,0,0,0,0,0,0,0,0,0,0,0,0,0,1,1
1.3862943611198906,1.0986122886681098,6.478509642208569,3.044522437723423,6.139884552226255,0.6931471805599453,2.302585092994046,1.6094379124341003,0,0,0,0,0,0,0,1,1,2.0,0,0,0,1,0,0,0,1,1,0,1,0,0,0,0,0,0,0,0,0,0,0,0,0,0,0,0,1,0,1,1,1,0
1.3862943611198906,1.0986122886681098,6.55250788703459,2.4849066497880004,4.61512051684126,0.6931471805599453,3.367295829986474,1.0986122886681098,0,0,0,0,0,0,0,1,1,2.0,0,0,0,0,0,0,0,1,0,0,1,0,0,0,0,0,0,0,0,1,0,0,0,0,0,0,0,0,0,0,0,0,0
1.3862943611198906,1.0986122886681098,6.55250788703459,3.044522437723423,6.139884552226255,0.6931471805599453,2.302585092994046,0.0,0,0,0,0,0,0,0,0,0,2.0,0,0,0,0,0,0,0,0,0,0,0,0,0,0,1,0,0,0,0,0,0,0,0,0,0,0,0,1,0,1,1,1,0
1.6094379124341003,1.0986122886681098,7.237059026124737,3.1354942159291497,6.68586094706836,0.6931471805599453,2.772588722239781,2.4849066497880004,0,0,0,0,0,0,0,0,0,2.0,1,0,1,1,1,1,1,1,1,1,1,0,1,0,1,0,0,0,0,0,0,0,0,0,0,0,1,0,0,0,0,0,0
1.3862943611198906,1.3862943611198906,6.946975992135418,3.044522437723423,6.139884552226255,0.6931471805599453,2.302585092994046,2.70805020110221,0,0,0,0,0,0,0,1,1,3.0,1,1,1,1,1,1,1,1,1,1,1,1,1,1,0,0,0,0,0,0,0,0,0,0,0,0,0,0,1,1,1,1,0
1.0986122886681098,1.0986122886681098,6.655440350367647,3.7612001156935624,6.508769136971682,1.0986122886681098,1.9459101490553132,1.791759469228055,0,0,0,0,0,0,0,1,1,2.0,0,0,1,0,1,0,0,1,0,0,1,0,1,0,0,0,0,0,0,1,0,0,0,0,0,0,1,0,0,0,0,0,0
1.3862943611198906,1.0986122886681098,7.086737934510577,2.772588722239781,5.855071922202427,0.6931471805599453,2.302585092994046,2.70805020110221,1,1,1,1,0,0,1,1,1,3.0,1,1,1,1,1,1,1,1,1,1,1,1,1,1,1,0,0,0,0,0,0,0,0,0,0,0,1,0,0,1,0,0,1
1.3862943611198906,1.0986122886681098,6.55250788703459,3.332204510175204,6.12029741895095,0.6931471805599453,2.302585092994046,1.3862943611198906,0,0,0,0,0,0,0,1,1,3.0,0,0,0,0,1,0,0,1,0,0,1,0,0,0,0,0,0,0,0,1,0,0,0,0,0,0,0,0,0,1,0,0,0
1.3862943611198906,1.0986122886681098,7.134890851565884,3.091042453358316,5.54907608489522,1.0986122886681098,1.9459101490553132,2.1972245773362196,0,0,0,0,0,0,0,1,1,3.0,1,0,1,0,1,0,1,1,1,0,1,0,1,0,0,0,0,0,0,1,0,0,0,0,0,0,1,0,0,0,0,0,0
1.3862943611198906,1.0986122886681098,7.0317412587631285,3.044522437723423,5.58724865840025,0.6931471805599453,2.302585092994046,2.1972245773362196,0,0,0,0,0,0,0,1,0,3.0,1,0,1,1,0,1,0,1,1,0,1,0,1,0,0,0,0,0,0,0,0,0,0,0,0,0,0,0,0,1,1,0,0
1.3862943611198906,1.0986122886681098,6.807934943699926,3.044522437723423,6.139884552226255,0.6931471805599453,2.302585092994046,1.9459101490553132,1,1,1,1,1,1,1,1,1,3.0,0,0,0,0,1,1,0,1,1,0,1,0,1,0,1,0,0,0,0,0,0,0,0,0,0,0,1,0,0,1,1,1,0
1.3862943611198906,1.0986122886681098,6.674561391814426,3.044522437723423,6.139884552226255,0.6931471805599453,2.302585092994046,0.0,0,0,0,0,0,1,0,1,1,2.0,0,0,0,0,0,0,0,0,0,0,0,0,0,0,0,0,0,0,0,0,0,0,0,0,1,0,0,0,0,1,1,1,0
1.3862943611198906,1.0986122886681098,6.55250788703459,2.9444389791664403,4.919980925828125,0.6931471805599453,3.4011973816621555,1.791759469228055,0,0,0,0,0,0,0,1,1,2.0,0,0,0,0,1,1,0,1,0,0,1,0,1,0,0,0,0,0,0,1,0,0,0,0,0,0,1,0,0,0,0,0,0
1.3862943611198906,1.0986122886681098,6.626717749249025,3.044522437723423,6.139884552226255,0.6931471805599453,2.302585092994046,0.0,0,0,0,0,0,0,0,0,0,1.0,0,0,0,0,0,0,0,0,0,0,0,0,0,0,0,0,0,0,0,0,0,0,0,0,1,0,0,0,0,1,1,1,1
0.6931471805599453,0.6931471805599453,6.329720905522696,3.8501476017100584,6.920671504248683,1.0986122886681098,1.3862943611198906,2.70805020110221,1,0,1,1,1,0,0,1,0,3.0,1,1,1,1,1,1,1,1,1,1,1,1,1,1,0,0,0,0,0,0,0,0,0,0,1,0,0,0,1,0,0,0,0
1.0986122886681098,1.0986122886681098,6.784457062637643,3.5263605246161616,6.616065185132817,1.0986122886681098,1.0986122886681098,2.3978952727983707,1,0,0,1,0,0,0,0,0,2.0,1,0,1,1,1,0,1,1,1,1,1,0,1,0,0,0,0,0,0,0,0,0,0,0,1,0,1,0,0,0,0,0,0
1.3862943611198906,1.0986122886681098,6.92951677076365,2.70805020110221,6.139884552226255,0.6931471805599453,2.302585092994046,1.0986122886681098,1,1,1,1,0,0,0,1,1,2.0,0,0,1,0,0,0,0,0,0,0,0,0,0,1,1,0,0,0,0,0,0,0,0,0,0,0,1,0,0,1,0,1,1
1.3862943611198906,1.0986122886681098,6.55250788703459,3.258096538021482,6.139884552226255,0.6931471805599453,2.302585092994046,1.3862943611198906,0,0,0,0,0,0,0,1,0,2.0,0,0,0,0,1,0,0,1,0,0,1,0,0,0,0,0,0,0,0,1,0,0,0,0,0,0,0,0,0,1,0,1,0
1.6094379124341003,1.6094379124341003,8.263332667439967,3.044522437723423,5.351858133476067,1.6094379124341003,2.0794415416798357,2.4849066497880004,0,0,0,0,0,0,0,1,1,1.0,1,1,1,1,1,0,1,1,1,1,1,0,1,0,0,0,0,0,0,1,0,0,0,0,0,0,1,0,0,0,1,0,0
1.3862943611198906,1.0986122886681098,6.478509642208569,1.3862943611198906,6.139884552226255,0.6931471805599453,2.1972245773362196,0.0,0,0,1,1,0,0,0,1,1,2.0,0,0,0,0,0,0,0,0,0,0,0,0,0,0,0,0,0,0,0,0,0,0,0,0,1,0,0,0,0,0,0,1,1
1.3862943611198906,1.0986122886681098,6.898714534329988,3.58351893845611,5.652489180268651,1.0986122886681098,1.0986122886681098,1.9459101490553132,1,0,0,1,0,0,1,1,0,3.0,0,0,1,0,1,0,0,1,1,0,1,0,1,0,1,0,0,0,0,0,0,0,0,0,0,0,1,0,0,0,0,0,0
1.3862943611198906,1.0986122886681098,6.478509642208569,3.044522437723423,6.139884552226255,0.6931471805599453,2.302585092994046,1.9459101490553132,0,0,0,0,0,0,0,1,1,1.0,0,0,0,1,1,1,0,1,1,0,1,0,0,0,0,0,0,0,0,1,0,0,0,0,0,0,0,0,0,1,1,1,0
1.3862943611198906,1.0986122886681098,6.9957661563048505,2.9444389791664403,6.345636360828596,0.6931471805599453,2.6390573296152584,2.1972245773362196,0,0,1,0,0,0,1,1,1,2.0,0,0,1,0,1,1,0,1,1,1,1,0,1,0,1,0,0,0,0,0,0,0,0,0,0,0,1,0,0,0,0,0,0
1.3862943611198906,1.0986122886681098,6.811244378601294,3.044522437723423,5.056245805348308,0.6931471805599453,2.1972245773362196,1.6094379124341003,0,0,1,0,0,0,0,1,0,2.0,0,0,0,0,1,0,0,1,1,0,1,0,0,0,0,0,0,0,0,0,0,0,0,0,1,0,0,0,1,0,1,0,0
1.3862943611198906,1.0986122886681098,6.7464121285733745,3.044522437723423,7.550135342488429,0.6931471805599453,2.0794415416798357,1.791759469228055,0,0,0,0,0,0,0,1,0,3.0,0,0,0,0,1,0,0,1,1,0,1,0,1,0,0,0,0,0,0,1,0,0,0,0,0,0,0,0,0,0,1,0,0
1.3862943611198906,1.0986122886681098,6.621405651764134,3.044522437723423,6.139884552226255,0.6931471805599453,2.302585092994046,1.3862943611198906,0,0,0,1,0,0,0,0,0,1.0,0,0,0,0,0,1,0,0,1,0,1,0,0,0,0,0,0,0,0,0,0,0,0,0,1,0,0,0,0,1,1,1,1
1.3862943611198906,0.6931471805599453,6.411818267709897,1.791759469228055,6.139884552226255,0.6931471805599453,2.302585092994046,0.0,0,0,1,0,1,0,1,1,0,2.0,0,0,0,0,0,0,0,0,0,0,0,0,0,0,0,0,0,0,0,0,0,0,0,0,1,0,0,0,0,1,0,1,1
1.3862943611198906,0.6931471805599453,6.478509642208569,3.044522437723423,6.139884552226255,0.6931471805599453,2.302585092994046,0.0,0,0,0,0,0,0,0,1,0,2.0,0,0,0,0,0,0,0,0,0,0,0,0,0,0,1,0,0,0,0,0,0,0,0,0,0,0,0,0,0,1,1,1,1
1.3862943611198906,1.0986122886681098,7.170888478512505,3.044522437723423,5.860786223465865,1.3862943611198906,2.4849066497880004,2.3978952727983707,0,0,0,0,0,0,0,1,1,2.0,1,0,1,0,1,0,1,1,1,1,1,0,1,1,0,0,0,0,0,0,0,0,0,0,1,0,1,0,0,0,1,0,0
1.3862943611198906,1.3862943611198906,7.249215057114389,3.332204510175204,5.605802066295998,1.0986122886681098,1.9459101490553132,2.302585092994046,0,1,0,1,0,1,1,1,0,2.0,1,0,1,1,0,0,1,1,1,1,1,0,1,0,0,0,0,0,0,0,0,0,0,0,1,0,0,0,1,0,0,0,0
1.3862943611198906,1.0986122886681098,7.057897937411856,3.6635616461296463,6.008813185442595,1.0986122886681098,1.0986122886681098,1.9459101490553132,0,0,0,0,0,0,0,1,1,2.0,1,0,1,1,0,0,0,1,1,0,1,0,0,0,0,0,0,0,0,1,0,0,0,0,0,0,1,0,0,0,0,0,0
1.6094379124341003,1.0986122886681098,7.438971592395862,2.8903717578961645,6.139884552226255,1.0986122886681098,3.4339872044851463,1.791759469228055,0,0,0,0,0,0,0,1,1,3.0,0,0,0,0,1,0,0,1,1,0,1,0,1,0,1,0,0,0,0,0,0,0,0,0,0,0,1,0,0,0,0,1,0
1.3862943611198906,1.0986122886681098,7.095064377287131,3.044522437723423,6.139884552226255,1.0986122886681098,2.0794415416798357,2.1972245773362196,0,0,0,0,0,0,0,1,1,2.0,0,0,1,0,1,1,1,1,1,0,1,0,1,0,0,0,0,0,0,0,0,1,0,0,0,0,1,0,0,0,1,1,0
1.6094379124341003,1.791759469228055,7.937731775260109,3.6109179126442243,5.198497031265826,1.0986122886681098,2.9444389791664403,2.4849066497880004,1,1,0,1,1,0,1,1,1,2.0,1,1,1,1,0,1,0,1,1,1,1,1,1,0,1,0,0,0,0,0,0,0,0,0,0,0,1,0,0,0,0,0,0
1.0986122886681098,1.0986122886681098,6.55250788703459,3.044522437723423,6.139884552226255,0.6931471805599453,2.302585092994046,1.0986122886681098,0,0,0,0,0,0,0,0,0,3.0,0,0,0,0,0,1,0,0,1,0,0,0,0,0,0,0,0,0,0,0,0,0,0,0,0,0,0,0,0,1,1,1,1
1.3862943611198906,1.0986122886681098,6.732210706467206,3.1354942159291497,6.705639094860003,0.6931471805599453,2.833213344056216,2.302585092994046,0,0,0,0,0,0,0,1,1,2.0,1,0,1,1,1,0,0,1,1,0,1,1,1,0,0,0,0,0,0,1,0,0,0,0,0,0,1,0,0,0,0,0,0
1.6094379124341003,1.3862943611198906,7.280008252884188,3.044522437723423,5.53338948872752,1.0986122886681098,2.0794415416798357,2.1972245773362196,0,0,0,0,0,0,0,1,1,3.0,1,0,0,1,1,0,0,1,1,1,1,0,1,0,0,0,0,0,0,1,0,0,0,0,0,0,1,0,0,0,1,0,0
1.3862943611198906,1.0986122886681098,6.68586094706836,3.2188758248682006,5.8377304471659395,0.6931471805599453,3.258096538021482,1.9459101490553132,0,0,0,0,0,0,0,1,1,2.0,0,0,0,0,1,1,0,1,1,0,1,0,1,0,0,0,0,0,0,1,0,0,0,0,0,0,1,0,0,0,0,0,0
1.3862943611198906,1.0986122886681098,6.90875477931522,3.044522437723423,4.700480365792417,0.6931471805599453,2.302585092994046,2.302585092994046,0,0,0,0,0,0,0,1,0,2.0,1,1,1,0,1,0,0,1,1,1,1,0,1,0,0,0,0,0,0,0,0,0,1,0,0,0,1,0,0,1,1,0,0
1.3862943611198906,1.3862943611198906,6.957497370876951,3.044522437723423,6.139884552226255,1.0986122886681098,2.302585092994046,2.70805020110221,0,0,0,0,0,0,0,1,0,1.0,1,1,1,1,1,1,1,1,1,1,1,1,1,1,1,0,0,0,0,0,0,0,0,0,0,0,1,0,0,1,1,1,0
1.3862943611198906,1.0986122886681098,6.621405651764134,2.995732273553991,5.777652323222656,0.6931471805599453,3.2188758248682006,1.791759469228055,0,0,0,0,0,0,0,1,1,3.0,0,0,0,0,1,0,0,1,1,0,1,0,1,0,0,0,0,0,0,1,0,0,0,0,0,0,0,0,0,0,0,0,0
1.3862943611198906,1.0986122886681098,6.621405651764134,3.044522437723423,6.139884552226255,0.6931471805599453,2.302585092994046,0.0,0,0,0,0,0,0,0,1,1,2.0,0,0,0,0,0,0,0,0,0,0,0,0,0,0,0,0,0,0,0,0,0,0,0,0,1,0,0,0,0,1,1,1,1
1.0986122886681098,0.6931471805599453,6.2166061010848646,3.044522437723423,6.139884552226255,0.6931471805599453,2.302585092994046,1.0986122886681098,0,0,0,0,0,0,0,1,1,2.0,0,0,0,0,0,1,0,0,1,0,0,0,0,0,0,0,0,0,0,0,0,0,0,0,0,0,0,1,0,1,1,1,1
1.6094379124341003,1.0986122886681098,7.244941546337007,2.5649493574615367,4.51085950651685,1.0986122886681098,2.302585092994046,2.70805020110221,0,0,1,1,0,0,1,1,1,1.0,1,1,1,1,1,1,1,1,1,1,1,1,1,1,1,0,0,0,0,0,0,0,0,0,0,0,1,0,0,1,0,0,0
1.3862943611198906,1.0986122886681098,6.925595197110468,3.044522437723423,6.139884552226255,1.0986122886681098,2.302585092994046,2.5649493574615367,0,0,0,0,0,0,0,1,1,2.0,1,1,1,1,1,1,1,1,1,1,1,0,1,0,0,0,0,0,0,0,0,0,0,0,1,0,0,0,1,1,1,1,0
1.6094379124341003,1.3862943611198906,7.259819610363186,3.044522437723423,5.932245187448011,1.0986122886681098,2.833213344056216,2.70805020110221,0,1,1,1,0,0,1,1,1,3.0,1,1,1,1,1,1,1,1,1,1,1,1,1,1,0,0,0,0,0,0,0,0,0,0,1,0,1,0,0,0,1,0,0
1.3862943611198906,1.0986122886681098,6.806829360392176,1.791759469228055,6.152732694704104,0.6931471805599453,2.0794415416798357,1.9459101490553132,0,0,0,0,0,0,0,1,1,1.0,0,0,0,1,1,1,0,1,1,0,1,0,0,0,0,0,0,0,0,0,0,0,0,0,1,0,0,0,0,0,0,0,0
1.0986122886681098,1.0986122886681098,6.748759547491679,3.970291913552122,7.3987862754199485,1.0986122886681098,1.6094379124341003,2.1972245773362196,1,1,1,1,0,0,1,1,1,1.0,1,0,1,0,1,0,0,1,1,1,1,0,1,0,1,0,0,0,0,0,0,0,0,0,0,0,0,0,1,0,0,0,0
1.3862943611198906,1.0986122886681098,6.7464121285733745,3.044522437723423,7.273092595999522,0.6931471805599453,2.1972245773362196,1.0986122886681098,0,0,0,0,0,0,0,1,0,2.0,0,0,0,0,0,0,0,1,0,0,1,0,0,0,0,0,0,0,0,0,0,0,0,0,1,0,1,0,0,0,0,0,0
1.3862943611198906,1.0986122886681098,6.7464121285733745,2.302585092994046,5.84354441703136,0.6931471805599453,2.4849066497880004,1.9459101490553132,0,0,1,0,0,0,0,0,0,1.0,1,0,0,1,0,1,0,1,1,0,1,0,0,0,0,0,0,0,0,0,0,0,0,0,1,0,0,0,0,0,0,0,1
1.3862943611198906,0.6931471805599453,6.523562306149512,3.044522437723423,6.139884552226255,0.6931471805599453,2.302585092994046,0.6931471805599453,0,0,0,0,0,0,0,1,1,3.0,0,0,0,0,1,0,0,0,0,0,0,0,0,0,0,0,0,0,0,1,0,0,0,0,0,0,0,0,0,1,1,1,1
1.6094379124341003,1.9459101490553132,7.5251007461258,3.6109179126442243,5.5053315359323625,1.0986122886681098,2.3978952727983707,2.4849066497880004,0,0,0,0,0,0,0,1,1,3.0,1,0,1,0,1,0,1,1,1,1,1,1,1,1,1,0,0,0,0,0,0,0,0,0,0,0,1,0,0,0,0,0,0
1.3862943611198906,1.0986122886681098,6.792344427470809,2.833213344056216,5.2832037287379885,0.6931471805599453,2.772588722239781,2.302585092994046,0,0,0,0,0,0,0,1,0,2.0,0,1,0,1,1,1,1,1,1,0,1,0,1,0,0,0,0,0,0,0,0,0,0,0,0,0,0,0,0,0,0,0,0
1.3862943611198906,1.0986122886681098,6.70808408385307,3.044522437723423,6.139884552226255,0.6931471805599453,2.302585092994046,0.0,0,0,0,0,0,0,0,1,0,2.0,0,0,0,0,0,0,0,0,0,0,0,0,0,0,0,0,0,0,0,0,0,0,0,1,0,0,0,0,0,1,1,1,0
1.3862943611198906,1.0986122886681098,6.450470422144176,1.6094379124341003,6.139884552226255,0.6931471805599453,2.302585092994046,1.0986122886681098,0,0,0,0,0,0,0,1,0,3.0,0,0,0,0,0,0,0,1,0,0,1,0,0,0,0,0,0,0,0,0,0,0,0,1,0,0,0,0,0,1,0,1,1
1.3862943611198906,1.0986122886681098,6.803505257608338,3.1354942159291497,6.626717749249025,1.791759469228055,2.772588722239781,1.791759469228055,0,0,0,0,0,0,0,1,0,2.0,0,0,0,0,1,0,0,1,1,0,1,0,1,0,0,0,0,0,0,1,0,0,0,0,0,0,1,0,0,0,0,0,0
1.3862943611198906,1.3862943611198906,7.377133712833954,3.7612001156935624,6.508769136971682,1.0986122886681098,1.9459101490553132,2.302585092994046,0,0,0,0,0,0,0,1,1,2.0,1,0,1,1,1,0,1,1,1,0,1,0,1,0,0,0,0,0,0,1,0,0,0,0,0,0,1,0,0,0,0,0,0
1.3862943611198906,1.0986122886681098,6.55250788703459,3.044522437723423,6.139884552226255,0.6931471805599453,2.302585092994046,1.0986122886681098,0,0,0,0,0,0,0,1,1,1.0,0,0,0,0,0,0,0,1,1,0,0,0,0,0,0,0,0,0,0,1,0,0,0,0,0,0,0,1,0,1,1,1,1
1.3862943611198906,1.0986122886681098,6.621405651764134,1.791759469228055,6.139884552226255,0.6931471805599453,2.302585092994046,2.0794415416798357,1,1,1,1,1,0,0,0,0,2.0,1,0,0,1,0,1,1,1,1,0,0,0,0,1,0,0,0,0,0,0,0,0,0,0,1,0,0,1,0,1,0,1,1
1.3862943611198906,1.0986122886681098,7.24422751560335,3.044522437723423,6.139884552226255,0.6931471805599453,2.302585092994046,2.0794415416798357,0,0,0,0,0,0,0,1,0,2.0,0,0,0,0,0,1,0,1,1,1,1,1,1,0,0,0,0,0,0,0,0,0,0,1,0,0,1,0,0,1,1,1,0
1.6094379124341003,1.3862943611198906,7.24422751560335,2.8903717578961645,6.517671272912275,1.0986122886681098,1.3862943611198906,1.791759469228055,0,0,0,0,0,0,0,1,1,2.0,0,0,1,1,0,0,0,1,0,0,1,0,1,0,0,0,0,0,0,0,0,1,0,0,0,0,1,0,0,0,0,0,0
1.3862943611198906,1.0986122886681098,6.591673732008658,3.044522437723423,6.139884552226255,0.6931471805599453,2.302585092994046,0.0,1,0,0,1,0,0,0,1,0,2.0,0,0,0,0,0,0,0,0,0,0,0,0,0,0,0,0,0,0,0,0,0,0,0,0,1,0,0,1,0,1,1,1,1
0.6931471805599453,0.6931471805599453,6.645090969505644,3.044522437723423,6.139884552226255,0.6931471805599453,2.302585092994046,2.3978952727983707,0,0,0,0,0,0,0,1,0,1.0,1,0,1,0,1,0,0,1,1,1,1,1,1,1,0,0,0,0,1,0,0,0,0,0,0,0,0,0,0,1,1,1,0
1.3862943611198906,1.0986122886681098,7.10085190894405,3.044522437723423,6.289715570908998,1.0986122886681098,2.302585092994046,2.0794415416798357,0,0,0,0,0,0,0,1,1,2.0,0,0,0,1,1,1,1,1,1,0,1,0,0,0,0,0,0,0,0,0,0,0,0,0,1,0,0,0,0,1,1,0,0
1.3862943611198906,0.6931471805599453,6.403574197934815,3.044522437723423,6.139884552226255,0.6931471805599453,2.302585092994046,1.3862943611198906,1,1,1,1,0,0,1,1,0,3.0,0,0,0,0,1,1,0,1,0,0,0,0,0,0,1,0,0,0,0,0,0,0,0,0,0,0,0,0,0,1,1,1,0
1.3862943611198906,1.0986122886681098,6.621405651764134,3.4965075614664802,6.8966943316227125,0.6931471805599453,3.295836866004329,2.3978952727983707,0,0,0,0,0,0,0,1,1,3.0,0,1,1,1,1,0,1,1,1,0,1,0,1,1,0,0,0,0,0,1,0,0,0,0,0,0,1,0,0,0,0,0,0
