Bedroom,Bathroom,Property Size,Tenure Type,# of Floors,Total Units,Property Type,Parking Lot,Floor Range,Land Title,State,Property Age,Listed_Facility_Count,Has_Bus_Stop,Has_Mall,Has_Park,Has_School,Has_Hospital,Has_Highway,Has_Railway_Station,Is_Non_Bumi_Lot,Freehold Indicator,Floor_Range_Ordinal,Has_Barbeque_Area,Has_Club_House,Has_Gymnasium,Has_Jogging_Track,Has_Lift,Has_Minimart,Has_Multipurpose_Hall,Has_Parking,Has_Playground,Has_Sauna,Has_Security,Has_Squash_Court,Has_Swimming_Pool,Has_Tennis_Court,price
3,2,1011.0,Freehold,,296.0,Apartment,,Low,Non Bumi Lot,Selangor,5.0,5,0,0,0,0,0,0,0,1,1,1.0,0,0,0,0,1,0,0,1,1,0,1,0,1,0,310000
2,2,900.0,Leasehold,,109.0,Condominium,1.0,High,Non Bumi Lot,Sabah,,12,0,0,0,0,0,0,0,1,0,3.0,1,1,1,1,1,0,1,1,1,1,1,1,1,0,369000
4,2,1385.0,Freehold,,42.0,Apartment,,Low,Non Bumi Lot,Johor,,5,0,0,0,0,0,0,0,1,1,1.0,0,0,1,0,0,0,1,0,1,0,1,0,1,0,469000
3,2,657.0,Freehold,,,Apartment,,Low,Non Bumi Lot,Selangor,,0,0,0,0,0,0,0,0,1,1,1.0,0,0,0,0,0,0,0,0,0,0,0,0,0,0,155000
3,2,800.0,Leasehold,6.0,672.0,Apartment,1.0,Medium,Non Bumi Lot,Penang,29.0,2,0,0,0,0,0,0,0,1,0,2.0,0,0,0,0,0,0,0,1,0,0,1,0,0,0,288000
3,2,700.0,Freehold,,,Apartment,1.0,Low,Non Bumi Lot,Penang,,5,0,0,0,0,0,0,0,1,1,1.0,0,0,0,0,1,0,0,1,1,0,1,0,1,0,360000
3,2,1091.0,Freehold,30.0,808.0,Condominium,1.0,Medium,Non Bumi Lot,Penang,10.0,10,0,0,0,0,0,0,0,1,1,2.0,0,0,1,0,1,1,0,1,1,1,1,1,1,1,530000
3,2,771.0,Leasehold,4.0,496.0,Apartment,2.0,,Non Bumi Lot,Sarawak,,0,0,0,0,0,0,0,0,1,0,,0,0,0,0,0,0,0,0,0,0,0,0,0,0,280000
3,2,982.0,Freehold,16.0,,Condominium,,,Non Bumi Lot,Kuala Lumpur,,5,0,0,1,1,0,0,1,1,1,,0,0,0,0,0,0,0,1,1,0,1,0,1,1,375000
3,2,732.0,Leasehold,,,Apartment,,Medium,Non Bumi Lot,Sabah,,4,0,0,0,0,0,0,0,1,0,2.0,0,0,0,1,0,0,0,1,1,0,1,0,0,0,300000
3,2,1030.0,Freehold,,,Condominium,2.0,Low,Non Bumi Lot,Kuala Lumpur,,14,0,0,0,0,0,0,0,1,1,1.0,1,1,1,1,1,1,1,1,1,1,1,1,1,1,470000
3,2,1270.0,Freehold,,,Condominium,2.0,Medium,Non Bumi Lot,Penang,,3,0,0,0,0,0,0,0,1,1,2.0,0,0,0,0,1,0,0,1,0,0,1,0,0,0,730000
3,2,811.0,Leasehold,,,Apartment,1.0,Medium,Non Bumi Lot,,,5,0,0,0,0,0,0,0,1,0,2.0,0,0,0,0,0,1,1,0,1,0,0,0,1,1,255000
2,2,872.0,Leasehold,,,Condominium,,,Non Bumi Lot,Johor,,0,0,0,0,0,0,0,0,1,0,,0,0,0,0,0,0,0,0,0,0,0,0,0,0,350000
3,2,1520.0,Leasehold,,,Condominium,,High,Non Bumi Lot,Sarawak,,13,0,0,0,0,0,0,0,1,0,3.0,1,1,1,1,1,0,1,1,1,1,1,1,1,1,728888
4,3,1239.0,Freehold,44.0,684.0,Service Residence,2.0,Medium,Non Bumi Lot,Kuala Lumpur,0.0,0,0,0,0,0,0,0,0,1,1,2.0,0,0,0,0,0,0,0,0,0,0,0,0,0,0,550000
3,2,864.0,Freehold,25.0,600.0,Condominium,2.0,,Non Bumi Lot,Selangor,8.0,0,0,0,0,0,0,0,0,1,1,,0,0,0,0,0,0,0,0,0,0,0,0,0,0,350000
4,2,1270.0,Freehold,27.0,,Condominium,2.0,,Non Bumi Lot,Penang,18.0,7,0,0,0,0,0,0,0,1,1,,1,0,1,0,1,0,0,1,1,0,1,0,1,0,598000
3,2,956.0,Freehold,,,Service Residence,2.0,High,Bumi Lot,Selangor,,14,0,0,0,0,0,0,0,0,1,3.0,1,1,1,1,1,1,1,1,1,1,1,1,1,1,290000
3,2,700.0,Freehold,5.0,,Apartment,,Medium,Bumi Lot,Selangor,,4,1,1,1,1,0,0,1,0,1,2.0,1,0,0,0,0,1,0,1,1,0,0,0,0,0,220000
3,2,1200.0,Freehold,,,Condominium,2.0,Medium,Non Bumi Lot,Putrajaya,,14,0,0,0,0,0,0,0,1,1,2.0,1,1,1,1,1,1,1,1,1,1,1,1,1,1,450000
4,2,1260.0,Freehold,5.0,,Apartment,1.0,Medium,Non Bumi Lot,Selangor,,5,0,0,1,1,0,0,0,1,1,2.0,1,0,0,0,0,0,0,1,1,0,1,0,1,0,249999
3,2,650.0,Freehold,,,Flat,,,Non Bumi Lot,Selangor,,1,0,0,0,0,0,0,0,1,1,,0,0,0,0,0,0,0,1,0,0,0,0,0,0,110000
3,2,936.0,Freehold,,,Condominium,2.0,High,Non Bumi Lot,Selangor,,11,0,0,0,0,0,0,0,1,1,3.0,1,1,1,1,1,0,1,1,1,0,1,0,1,1,570000
6,7,4177.0,Freehold,,551.0,Condominium,3.0,,Non Bumi Lot,Selangor,,0,0,1,0,0,1,0,0,1,1,,0,0,0,0,0,0,0,0,0,0,0,0,0,0,750000
2,2,686.0,Leasehold,,,Apartment,1.0,Medium,Non Bumi Lot,Sabah,,6,0,0,0,0,0,0,0,1,0,2.0,0,0,0,0,0,1,1,1,1,0,1,0,1,0,268000
2,2,958.0,Freehold,28.0,1149.0,Service Residence,,Medium,Non Bumi Lot,Johor,9.0,9,0,0,0,0,0,0,0,1,1,2.0,1,0,1,0,0,0,1,0,1,1,1,1,1,1,460000
3,2,1068.0,Leasehold,,944.0,Condominium,1.0,High,Non Bumi Lot,Johor,7.0,10,0,0,0,0,0,0,0,1,0,3.0,0,0,1,1,1,1,0,1,1,1,1,1,1,0,445000
3,2,804.0,Freehold,,,Service Residence,2.0,Medium,Non Bumi Lot,Selangor,,10,0,0,0,1,1,0,0,1,1,2.0,1,0,1,1,1,1,1,1,1,0,1,0,1,0,360000
3,2,850.0,Freehold,,536.0,Apartment,,,Bumi Lot,Selangor,,4,1,0,0,0,1,0,0,0,1,,0,0,0,1,0,0,0,1,1,0,1,0,0,0,285000
3,2,657.0,Freehold,,,Apartment,,Medium,Non Bumi Lot,Selangor,,0,0,0,0,0,0,0,0,1,1,2.0,0,0,0,0,0,0,0,0,0,0,0,0,0,0,155000
3,2,850.0,Leasehold,5.0,,Apartment,1.0,Medium,Non Bumi Lot,Selangor,,14,1,1,1,1,0,0,0,1,0,2.0,1,1,1,1,1,1,1,1,1,1,1,1,1,1,248000
3,2,1300.0,Freehold,27.0,299.0,Condominium,1.0,Medium,Non Bumi Lot,Kuala Lumpur,29.0,14,1,1,1,1,1,1,0,1,1,2.0,1,1,1,1,1,1,1,1,1,1,1,1,1,1,708000
2,2,750.0,Freehold,,,Condominium,2.0,Medium,Non Bumi Lot,Johor,,3,0,0,0,0,0,0,0,1,1,2.0,0,0,0,0,1,0,0,0,0,0,1,0,1,0,350000
3,1,678.0,Freehold,,,Flat,,Low,Non Bumi Lot,Johor,,0,0,0,0,0,0,0,0,1,1,1.0,0,0,0,0,0,0,0,0,0,0,0,0,0,0,188000
3,3,1515.0,Freehold,15.0,198.0,Condominium,1.0,High,Non Bumi Lot,Putrajaya,25.0,13,0,0,0,0,0,0,0,1,1,3.0,1,0,1,1,1,1,1,1,1,1,1,1,1,1,550000
3,2,753.0,Freehold,,,Apartment,,High,Non Bumi Lot,Selangor,,2,0,1,0,0,0,0,0,1,1,3.0,0,0,0,0,1,0,0,0,1,0,0,0,0,0,230000
2,1,550.0,Leasehold,,,Flat,,Low,Non Bumi Lot,Penang,,0,0,0,0,0,0,0,0,1,0,1.0,0,0,0,0,0,0,0,0,0,0,0,0,0,0,185000
2,2,663.0,Freehold,20.0,720.0,Apartment,1.0,Medium,Non Bumi Lot,Johor,,14,0,0,0,0,0,0,0,1,1,2.0,1,1,1,1,1,1,1,1,1,1,1,1,1,1,249000
3,2,950.0,Freehold,,309.0,Apartment,1.0,,Non Bumi Lot,Selangor,,3,0,1,0,0,0,1,1,1,1,,0,0,0,0,1,0,0,1,0,0,1,0,0,0,220000
4,2,1467.0,Freehold,18.0,107.0,Condominium,2.0,Medium,Non Bumi Lot,Penang,8.0,6,0,0,0,0,0,0,0,1,1,2.0,1,0,1,0,0,0,1,1,0,0,1,0,1,0,850000
3,2,856.0,Freehold,,808.0,Condominium,2.0,Medium,Non Bumi Lot,Penang,,5,0,0,0,0,0,0,0,1,1,2.0,0,0,1,0,1,0,0,1,0,0,1,0,1,0,510000
3,1,603.0,Leasehold,,,Apartment,,High,Bumi Lot,Kuala Lumpur,,3,1,1,1,1,0,0,1,0,0,3.0,0,0,0,0,1,1,1,0,0,0,0,0,0,0,235000
3,2,700.0,Freehold,30.0,500.0,Apartment,1.0,High,Non Bumi Lot,Penang,11.0,8,0,0,0,0,0,0,0,1,1,3.0,1,0,1,1,0,0,1,1,1,0,1,0,1,0,350000
3,2,728.0,Freehold,,,Condominium,,Medium,Non Bumi Lot,Negeri Sembilan,,4,0,0,0,0,0,0,0,1,1,2.0,0,0,0,0,1,0,0,1,1,0,1,0,0,0,155000
3,2,943.0,Leasehold,8.0,,Apartment,,,Non Bumi Lot,Kuala Lumpur,,5,0,0,0,0,0,0,0,1,0,,0,0,0,0,0,0,0,1,1,1,1,0,1,0,218000
3,2,700.0,Freehold,5.0,360.0,Condominium,1.0,,Non Bumi Lot,Penang,29.0,4,0,0,0,0,0,0,0,1,1,,0,0,0,0,1,0,0,1,1,0,1,0,0,0,265000
2,1,600.0,Leasehold,,,Flat,,Medium,Bumi Lot,Selangor,,0,1,1,1,1,0,0,1,0,0,2.0,0,0,0,0,0,0,0,0,0,0,0,0,0,0,170000
2,1,550.0,Freehold,,,Condominium,2.0,High,Bumi Lot,Selangor,,14,0,0,0,0,0,0,0,0,1,3.0,1,1,1,1,1,1,1,1,1,1,1,1,1,1,198000
3,2,850.0,Freehold,15.0,,Condominium,1.0,Medium,Bumi Lot,Selangor,10.0,6,1,0,0,1,0,0,0,0,1,2.0,0,0,1,0,0,1,1,1,0,0,1,0,1,0,300000
3,2,700.0,Leasehold,25.0,,Apartment,1.0,,Non Bumi Lot,Penang,,3,0,0,0,0,0,0,0,1,0,,0,0,0,0,1,0,0,1,0,0,1,0,0,0,250000
3,2,1100.0,Freehold,25.0,1220.0,Condominium,2.0,Low,Non Bumi Lot,Kuala Lumpur,19.0,10,1,0,1,1,0,0,0,1,1,1.0,1,0,1,0,1,1,0,1,1,1,1,0,1,1,400000
2,2,860.0,Leasehold,48.0,1332.0,Condominium,2.0,Medium,Non Bumi Lot,Kuala Lumpur,,9,0,0,0,0,0,0,0,1,0,2.0,1,0,1,0,1,0,1,1,1,1,1,0,1,0,568000
2,2,780.0,Freehold,,,Apartment,2.0,High,Non Bumi Lot,Penang,,4,0,0,0,0,0,0,0,1,1,3.0,0,0,0,0,1,0,0,1,1,0,1,0,0,0,240000
3,2,955.0,Leasehold,17.0,595.0,Apartment,1.0,Low,Non Bumi Lot,Kuala Lumpur,,5,0,0,0,0,0,0,0,1,0,1.0,0,0,0,0,1,0,0,1,1,0,1,0,1,0,265000
5,2,1164.0,Freehold,5.0,,Apartment,,Medium,Non Bumi Lot,Johor,,6,0,0,0,0,0,0,0,1,1,2.0,0,0,0,1,0,1,0,1,1,0,1,0,1,0,295000
2,3,950.0,Freehold,25.0,452.0,Condominium,2.0,,Non Bumi Lot,Putrajaya,6.0,5,0,0,0,0,0,0,0,1,1,,0,0,1,0,1,0,0,1,1,0,0,0,1,0,410000
3,2,838.0,Leasehold,20.0,780.0,Apartment,,,Non Bumi Lot,Kuala Lumpur,,0,0,0,0,0,0,0,0,1,0,,0,0,0,0,0,0,0,0,0,0,0,0,0,0,278000
3,2,1005.0,Leasehold,23.0,,Condominium,1.0,Low,Bumi Lot,Kuala Lumpur,,5,1,0,0,1,1,0,1,0,0,1.0,0,0,0,0,1,1,0,1,1,0,1,0,0,0,360000
3,2,689.0,Freehold,,,Apartment,1.0,,Bumi Lot,Selangor,,5,1,0,1,1,0,1,0,0,1,,0,0,0,1,0,0,1,1,1,0,1,0,0,0,195000
4,2,918.0,Freehold,38.0,2647.0,Service Residence,2.0,High,Non Bumi Lot,Kuala Lumpur,4.0,11,0,0,0,0,0,0,0,1,1,3.0,1,0,1,1,1,1,1,1,1,0,1,0,1,1,520000
3,2,1135.0,Leasehold,,,Condominium,2.0,,Non Bumi Lot,,,1,0,0,0,0,0,0,0,1,0,,0,0,0,0,0,0,0,0,0,0,1,0,0,0,468000
3,2,650.0,Leasehold,5.0,90.0,Apartment,1.0,Low,Non Bumi Lot,Selangor,,3,0,0,0,0,0,0,0,1,0,1.0,0,0,0,0,0,0,0,1,1,0,1,0,0,0,160000
3,2,1000.0,Freehold,22.0,504.0,Condominium,1.0,Medium,Non Bumi Lot,Penang,29.0,0,0,0,0,0,0,0,0,1,1,2.0,0,0,0,0,0,0,0,0,0,0,0,0,0,0,375000
1,1,655.0,Freehold,10.0,84.0,Condominium,1.0,Low,Non Bumi Lot,Selangor,9.0,14,0,0,0,0,0,0,0,1,1,1.0,1,1,1,1,1,1,1,1,1,1,1,1,1,1,299000
3,2,914.0,Freehold,,,Condominium,1.0,Medium,Non Bumi Lot,Sabah,,0,0,0,0,0,0,0,0,1,1,2.0,0,0,0,0,0,0,0,0,0,0,0,0,0,0,537500
3,2,926.0,Leasehold,,684.0,Condominium,1.0,,Non Bumi Lot,Selangor,,9,0,0,0,1,0,0,1,1,0,,0,0,1,0,1,1,1,1,1,1,1,0,1,0,299999
5,4,2304.0,Freehold,30.0,808.0,Condominium,3.0,High,Non Bumi Lot,Penang,10.0,10,0,0,0,0,0,0,0,1,1,3.0,0,0,1,0,1,1,0,1,1,1,1,1,1,1,1680000
3,2,764.0,Leasehold,18.0,200.0,Apartment,,Medium,Bumi Lot,Selangor,17.0,5,1,0,1,1,0,0,1,0,0,2.0,0,0,0,0,1,0,0,1,1,0,1,0,1,0,260000
3,2,670.0,Leasehold,,,Apartment,,Medium,Non Bumi Lot,Selangor,,2,0,0,0,0,0,0,0,1,0,2.0,0,0,0,0,0,1,0,0,0,0,0,0,1,0,165000
3,1,650.0,Freehold,12.0,216.0,Apartment,,,Non Bumi Lot,Kuala Lumpur,,3,1,0,1,1,0,0,0,1,1,,0,0,0,0,1,0,0,0,1,0,1,0,0,0,185000
3,1,667.0,Freehold,,,Apartment,,,Bumi Lot,Selangor,,0,0,0,0,0,0,0,0,0,1,,0,0,0,0,0,0,0,0,0,0,0,0,0,0,150000
3,2,887.0,Freehold,30.0,808.0,Condominium,1.0,Medium,Non Bumi Lot,Penang,10.0,10,0,0,0,0,0,0,0,1,1,2.0,0,0,1,0,1,1,0,1,1,1,1,1,1,1,450000
2,2,936.0,Freehold,38.0,420.0,Condominium,2.0,Medium,Non Bumi Lot,Penang,12.0,14,0,0,0,0,0,0,0,1,1,2.0,1,1,1,1,1,1,1,1,1,1,1,1,1,1,555000
3,1,721.0,Freehold,,,Apartment,,Medium,Bumi Lot,Negeri Sembilan,,4,0,0,0,0,0,0,0,0,1,2.0,0,0,0,0,1,1,0,1,1,0,0,0,0,0,200000
3,2,736.0,Freehold,,596.0,Apartment,2.0,,Non Bumi Lot,Selangor,13.0,4,1,0,0,0,0,1,0,1,1,,0,0,0,0,1,0,0,1,1,0,1,0,0,0,250000
3,2,1000.0,Freehold,,,Apartment,2.0,High,Non Bumi Lot,Penang,3.0,9,0,0,0,0,0,0,0,1,1,3.0,0,0,1,0,1,1,0,1,1,1,1,0,1,1,530000
3,2,1100.0,Freehold,25.0,1220.0,Condominium,1.0,Low,Non Bumi Lot,Kuala Lumpur,19.0,10,1,0,1,1,0,0,0,1,1,1.0,1,0,1,0,1,1,0,1,1,1,1,0,1,1,375000
3,2,950.0,Freehold,21.0,,Condominium,1.0,Medium,Non Bumi Lot,Penang,23.0,9,0,0,0,0,0,0,0,1,1,2.0,1,0,1,0,1,1,1,1,1,0,1,1,0,0,380000
2,2,1268.0,Leasehold,,,Condominium,1.0,Low,Non Bumi Lot,Sabah,,11,0,0,0,0,0,0,0,1,0,1.0,0,0,1,1,1,0,1,1,1,1,1,1,1,1,598000
3,2,700.0,Freehold,,,Flat,,Low,Non Bumi Lot,Penang,,0,0,0,0,0,0,0,0,1,1,1.0,0,0,0,0,0,0,0,0,0,0,0,0,0,0,120000
2,2,900.0,Freehold,38.0,473.0,Condominium,2.0,Low,Non Bumi Lot,Penang,5.0,8,0,0,0,0,0,0,0,1,1,1.0,0,0,1,0,0,1,0,1,1,1,1,1,1,0,500000
3,2,1175.0,Freehold,32.0,,Condominium,1.0,,Bumi Lot,Kuala Lumpur,28.0,7,0,0,0,0,0,0,0,0,1,,0,0,1,0,1,0,0,1,1,1,1,0,1,0,430000
3,2,850.0,Freehold,21.0,406.0,Condominium,1.0,Low,Non Bumi Lot,Penang,25.0,4,0,0,0,0,0,0,0,1,1,1.0,0,0,0,0,1,0,0,1,0,0,1,0,1,0,380000
3,2,960.0,Freehold,12.0,480.0,Condominium,1.0,Medium,Non Bumi Lot,Selangor,23.0,11,0,0,0,0,1,0,0,1,1,2.0,1,0,1,1,1,1,0,1,1,1,1,0,1,1,340000
3,2,789.0,Freehold,4.0,,Apartment,1.0,Low,Non Bumi Lot,Selangor,,2,1,0,0,1,0,0,0,1,1,1.0,0,0,0,0,0,0,0,1,1,0,0,0,0,0,160000
2,1,646.0,Freehold,63.0,956.0,Service Residence,1.0,,Non Bumi Lot,Kuala Lumpur,2.0,11,1,1,1,1,0,0,0,1,1,,1,1,1,1,1,0,1,1,1,1,1,0,1,0,432000
3,2,1050.0,Leasehold,,,Condominium,2.0,Medium,Non Bumi Lot,Selangor,,8,0,0,0,0,0,0,0,1,0,2.0,0,0,1,0,1,1,1,1,1,0,1,0,1,0,418000
2,2,855.0,Leasehold,9.0,672.0,Condominium,,Medium,Non Bumi Lot,Kuala Lumpur,18.0,8,0,0,0,0,0,0,0,1,0,2.0,0,1,1,0,1,0,0,1,1,0,1,0,1,1,255000
3,2,1200.0,Freehold,10.0,,Condominium,1.0,Medium,Non Bumi Lot,Penang,,3,0,0,0,0,0,0,0,1,1,2.0,0,0,0,0,1,0,0,1,0,0,1,0,0,0,380000
3,2,675.0,Leasehold,5.0,,Apartment,,High,Non Bumi Lot,Kuala Lumpur,,2,0,0,0,0,0,0,0,1,0,3.0,0,0,0,0,0,1,0,1,0,0,0,0,0,0,97999
4,3,1661.0,Freehold,41.0,192.0,Condominium,2.0,Medium,Non Bumi Lot,Kuala Lumpur,12.0,5,1,1,1,1,1,1,0,1,1,2.0,0,0,1,0,0,0,0,0,1,0,0,1,1,1,1150000
3,2,1000.0,Leasehold,18.0,,Condominium,1.0,High,Non Bumi Lot,Kuala Lumpur,,6,0,1,0,1,1,0,1,1,0,3.0,0,0,1,0,0,1,0,1,1,0,1,0,1,0,350000
2,3,1378.0,Leasehold,,,Condominium,1.0,,Non Bumi Lot,Sarawak,,7,0,0,0,0,0,0,0,1,0,,1,0,1,0,1,0,0,1,1,0,1,0,1,0,1500000
3,2,829.0,Freehold,6.0,225.0,Apartment,1.0,Medium,Non Bumi Lot,Selangor,,4,0,0,0,0,0,0,0,1,1,2.0,0,0,0,0,0,0,0,1,1,0,1,0,1,0,220000
3,2,861.0,Freehold,26.0,,Condominium,,Medium,Non Bumi Lot,Kuala Lumpur,,9,1,1,1,1,0,0,1,1,1,2.0,1,0,1,0,0,0,0,1,1,1,1,1,1,1,490000
4,2,1366.0,Leasehold,27.0,162.0,Condominium,,,Bumi Lot,Selangor,6.0,7,0,0,1,1,0,0,0,0,0,,1,0,1,0,0,0,1,1,1,0,1,0,1,0,470000
2,1,600.0,Freehold,,,Service Residence,1.0,High,Non Bumi Lot,,,6,0,0,0,0,0,0,0,1,1,3.0,0,0,1,0,1,0,0,1,1,0,1,0,1,0,480000
3,2,1000.0,Leasehold,21.0,,Apartment,2.0,Medium,Bumi Lot,Johor,,4,0,0,0,0,0,0,0,0,0,2.0,1,0,0,0,0,0,0,1,1,0,1,0,0,0,246000
2,3,1365.0,Freehold,,174.0,Service Residence,1.0,High,Non Bumi Lot,Penang,,10,0,0,0,0,0,0,0,1,1,3.0,1,0,1,1,1,1,0,1,1,1,1,0,1,0,988000
4,2,1000.0,Freehold,,1000.0,Apartment,,High,Non Bumi Lot,Penang,,5,0,0,0,0,0,0,0,1,1,3.0,0,0,0,0,1,0,0,1,1,0,1,0,1,0,360000
3,2,1120.0,Freehold,14.0,204.0,Condominium,,Medium,Non Bumi Lot,Kuala Lumpur,26.0,5,1,1,1,1,0,0,1,1,1,2.0,0,0,1,0,0,0,0,1,1,0,1,0,1,0,320000
2,2,850.0,Freehold,,,Apartment,,Medium,Bumi Lot,Johor,,9,0,0,0,0,0,0,0,0,1,2.0,1,0,1,1,1,0,1,1,1,0,1,0,1,0,450000
3,2,850.0,Freehold,8.0,,Apartment,1.0,Medium,Non Bumi Lot,Selangor,23.0,4,0,1,1,1,0,1,1,1,1,2.0,0,0,0,0,0,0,0,1,1,0,1,0,1,0,338800
3,2,850.0,Freehold,,,Flat,,High,Non Bumi Lot,Johor,,4,0,0,0,0,0,0,0,1,1,3.0,0,0,0,0,0,0,0,1,1,0,1,0,1,0,198000
3,2,1668.0,Freehold,14.0,224.0,Condominium,2.0,High,Non Bumi Lot,Selangor,,13,1,0,0,1,0,0,1,1,1,3.0,1,0,1,1,1,1,1,1,1,1,1,1,1,1,735000
3,2,1690.0,Freehold,10.0,117.0,Apartment,2.0,Low,Non Bumi Lot,Selangor,9.0,4,0,0,0,0,0,0,0,1,1,1.0,0,0,0,0,1,0,0,1,1,0,1,0,0,0,420000
4,2,1390.0,Freehold,21.0,460.0,Service Residence,2.0,Low,Non Bumi Lot,Johor,9.0,11,0,0,0,0,0,0,0,1,1,1.0,1,1,1,1,1,1,1,1,1,0,1,0,1,0,470000
2,3,2600.0,Freehold,,,Service Residence,1.0,,Non Bumi Lot,Penang,,0,0,0,0,0,0,0,0,1,1,,0,0,0,0,0,0,0,0,0,0,0,0,0,0,2080000
3,2,750.0,Leasehold,,,Apartment,,Low,Bumi Lot,Selangor,,6,0,0,0,0,0,0,0,0,0,1.0,0,0,0,1,0,1,1,1,1,0,1,0,0,0,265000
3,2,850.0,Freehold,,,Apartment,2.0,Medium,Bumi Lot,Selangor,,11,0,0,0,0,0,0,0,0,1,2.0,1,0,1,1,1,1,0,1,1,1,1,1,1,0,380000
3,2,700.0,Freehold,18.0,136.0,Condominium,1.0,Medium,Non Bumi Lot,Penang,29.0,4,0,0,0,0,0,0,0,1,1,2.0,0,0,0,0,1,1,0,1,0,0,1,0,0,0,330000
3,2,1200.0,Leasehold,,228.0,Service Residence,1.0,Medium,Bumi Lot,Selangor,,5,0,0,0,0,0,0,0,0,0,2.0,1,0,1,0,0,0,0,0,1,0,1,0,1,0,290000
3,2,800.0,Leasehold,6.0,672.0,Apartment,2.0,Medium,Non Bumi Lot,Penang,29.0,2,0,0,0,0,0,0,0,1,0,2.0,0,0,0,0,0,0,0,1,0,0,1,0,0,0,298000
4,2,1066.0,Freehold,12.0,136.0,Condominium,2.0,High,Non Bumi Lot,Selangor,3.0,6,1,1,0,1,0,0,0,1,1,3.0,0,0,1,0,1,0,0,1,1,0,1,0,1,0,680000
4,3,1547.0,Freehold,14.0,,Condominium,,Low,Non Bumi Lot,Selangor,,5,1,0,1,1,1,0,0,1,1,1.0,1,0,0,0,0,0,0,1,1,0,1,0,1,0,710000
3,2,907.0,Leasehold,12.0,,Condominium,1.0,Medium,Non Bumi Lot,Selangor,,7,0,0,0,0,0,0,0,1,0,2.0,0,0,1,0,1,1,0,1,1,0,1,0,1,0,255000
5,4,3900.0,Freehold,33.0,388.0,Condominium,3.0,High,Non Bumi Lot,Kuala Lumpur,14.0,9,1,1,1,1,0,0,1,1,1,3.0,1,0,1,0,1,1,0,1,1,1,1,0,1,0,3200000
2,2,1012.0,Freehold,18.0,600.0,Condominium,1.0,,Non Bumi Lot,Kuala Lumpur,,6,0,1,1,1,0,0,1,1,1,,1,0,0,1,0,1,0,1,1,0,1,0,0,0,370000
3,2,1936.0,Leasehold,,,Apartment,3.0,,Non Bumi Lot,Selangor,,7,0,0,0,1,0,0,1,1,0,,0,0,1,0,1,0,1,1,1,0,1,0,1,0,470000
2,1,788.0,Leasehold,,,Service Residence,,High,Non Bumi Lot,Sarawak,,0,0,0,0,0,0,0,0,1,0,3.0,0,0,0,0,0,0,0,0,0,0,0,0,0,0,550000
3,2,1254.0,Freehold,44.0,378.0,Condominium,2.0,Medium,Non Bumi Lot,Penang,5.0,9,0,0,0,0,0,0,0,1,1,2.0,1,0,1,0,1,0,1,1,1,1,1,0,1,0,825000
3,2,1184.0,Freehold,,,Apartment,,,Non Bumi Lot,Johor,,0,0,0,0,0,0,0,0,1,1,,0,0,0,0,0,0,0,0,0,0,0,0,0,0,338000
4,2,1300.0,Freehold,19.0,114.0,Condominium,2.0,,Non Bumi Lot,Penang,8.0,14,0,0,0,0,0,0,0,1,1,,1,1,1,1,1,1,1,1,1,1,1,1,1,1,730000
3,2,1012.0,Freehold,5.0,,Apartment,1.0,Low,Non Bumi Lot,Selangor,,5,0,0,0,0,0,0,0,1,1,1.0,1,0,0,0,0,0,0,1,1,0,1,0,1,0,365000
3,2,1097.0,Freehold,22.0,188.0,Apartment,1.0,High,Non Bumi Lot,Johor,15.0,0,0,0,0,0,0,0,0,1,1,3.0,0,0,0,0,0,0,0,0,0,0,0,0,0,0,490000
3,2,1173.0,Leasehold,15.0,,Condominium,1.0,Low,Bumi Lot,Selangor,,8,1,1,1,1,0,0,0,0,0,1.0,0,0,1,1,0,1,1,1,1,0,1,0,1,0,355000
3,2,1020.0,Freehold,12.0,140.0,Condominium,,,Non Bumi Lot,Kuala Lumpur,34.0,6,1,1,1,1,0,0,1,1,1,,1,0,1,0,0,0,0,1,1,0,1,0,1,0,350000
3,2,736.0,Freehold,,596.0,Apartment,,,Non Bumi Lot,Selangor,13.0,0,1,0,0,0,0,1,0,1,1,,0,0,0,0,0,0,0,0,0,0,0,0,0,0,270000
1,1,430.0,Freehold,25.0,2003.0,Service Residence,1.0,Low,Non Bumi Lot,Johor,4.0,8,0,0,0,0,0,0,0,1,1,1.0,0,0,1,0,1,0,1,1,1,1,1,0,1,0,200000
3,2,650.0,Leasehold,,,Apartment,1.0,High,Non Bumi Lot,Selangor,,2,0,1,1,1,0,0,1,1,0,3.0,0,0,0,0,0,1,0,0,1,0,0,0,0,0,128000
3,2,934.0,Freehold,35.0,311.0,Service Residence,2.0,High,Non Bumi Lot,Kuala Lumpur,4.0,6,1,0,1,1,1,0,1,1,1,3.0,0,0,1,0,0,0,0,1,1,0,1,1,1,0,600000
4,3,1500.0,Freehold,43.0,218.0,Condominium,2.0,,Non Bumi Lot,Penang,8.0,11,0,0,0,0,0,0,0,1,1,,1,0,1,1,1,1,1,1,1,1,1,0,1,0,750000
3,2,1470.0,Freehold,14.0,1339.0,Condominium,1.0,Low,Non Bumi Lot,Selangor,23.0,7,0,0,0,0,0,0,0,1,1,1.0,0,0,1,0,0,1,0,1,1,1,1,0,1,0,229000
3,2,753.0,Leasehold,,,Apartment,1.0,Medium,Non Bumi Lot,Selangor,,0,0,0,0,1,0,0,0,1,0,2.0,0,0,0,0,0,0,0,0,0,0,0,0,0,0,179000
3,2,650.0,Freehold,,,Apartment,,,Non Bumi Lot,Penang,9.0,6,0,0,0,0,0,0,0,1,1,,0,0,0,1,1,0,1,1,1,0,1,0,0,0,215000
3,2,850.0,Freehold,17.0,403.0,Condominium,1.0,,Non Bumi Lot,Kuala Lumpur,9.0,0,0,0,0,0,0,0,0,1,1,,0,0,0,0,0,0,0,0,0,0,0,0,0,0,380000
3,2,1098.0,Freehold,,512.0,Service Residence,,Medium,Non Bumi Lot,Johor,10.0,0,0,0,0,0,0,0,0,1,1,2.0,0,0,0,0,0,0,0,0,0,0,0,0,0,0,368000
4,3,1477.0,Freehold,22.0,229.0,Condominium,2.0,,Non Bumi Lot,Selangor,8.0,12,0,0,0,0,0,0,0,1,1,,1,0,1,1,1,1,1,1,1,1,1,1,1,0,448000
4,2,1062.0,Freehold,25.0,588.0,Service Residence,1.0,,Non Bumi Lot,Selangor,18.0,8,1,1,1,1,0,0,1,1,1,,0,0,0,0,1,1,1,1,1,0,1,0,1,1,420000
3,2,1076.0,Freehold,38.0,434.0,Condominium,,Low,Non Bumi Lot,Penang,7.0,7,0,0,0,0,0,0,0,1,1,1.0,1,0,1,1,0,0,0,0,1,1,1,0,1,0,520000
3,1,654.0,Freehold,7.0,36.0,Apartment,1.0,High,Non Bumi Lot,Penang,,4,0,0,0,0,0,0,0,1,1,3.0,0,0,0,0,1,0,1,1,0,0,1,0,0,0,280000
3,2,665.0,Freehold,23.0,,Apartment,1.0,Medium,Non Bumi Lot,Penang,14.0,8,0,0,0,0,0,0,0,1,1,2.0,1,0,1,1,1,0,1,1,1,0,1,0,0,0,379888
4,3,1828.0,Leasehold,,391.0,Condominium,2.0,Medium,Non Bumi Lot,Kuala Lumpur,11.0,13,1,1,0,1,1,0,1,1,0,2.0,1,0,1,1,1,1,1,1,1,1,1,1,1,1,750000
3,2,1100.0,Freehold,17.0,,Condominium,1.0,Medium,Non Bumi Lot,Kuala Lumpur,,6,1,1,0,1,1,0,1,1,1,2.0,0,0,1,0,1,0,0,1,1,0,1,0,1,0,310000
3,2,950.0,Leasehold,17.0,592.0,Apartment,1.0,,Non Bumi Lot,Penang,34.0,5,0,0,0,0,0,0,0,1,0,,0,0,0,0,1,0,1,1,1,0,1,0,0,0,295000
3,2,700.0,Freehold,30.0,500.0,Apartment,1.0,Medium,Non Bumi Lot,Penang,11.0,9,0,0,0,0,0,0,0,1,1,2.0,1,0,1,1,1,0,1,1,1,0,1,0,1,0,350000
3,3,1300.0,Freehold,26.0,548.0,Condominium,2.0,Medium,Non Bumi Lot,Penang,7.0,14,0,0,0,0,0,0,0,1,1,2.0,1,1,1,1,1,1,1,1,1,1,1,1,1,1,740000
4,2,965.0,Freehold,14.0,336.0,Condominium,2.0,,Non Bumi Lot,Kuala Lumpur,13.0,0,0,0,0,0,0,0,0,1,1,,0,0,0,0,0,0,0,0,0,0,0,0,0,0,285000
3,2,850.0,Freehold,22.0,816.0,Condominium,1.0,Medium,Non Bumi Lot,Penang,16.0,9,0,0,0,0,0,0,0,1,1,2.0,1,0,1,1,1,0,0,1,1,0,1,1,1,0,420000
3,2,1062.0,Leasehold,21.0,800.0,Apartment,,Medium,Non Bumi Lot,Kuala Lumpur,17.0,0,0,0,0,0,0,0,0,1,0,2.0,0,0,0,0,0,0,0,0,0,0,0,0,0,0,355000
2,2,994.0,Freehold,18.0,600.0,Condominium,1.0,Low,Non Bumi Lot,Kuala Lumpur,,6,0,1,1,1,0,0,1,1,1,1.0,1,0,0,1,0,1,0,1,1,0,1,0,0,0,450000
3,1,650.0,Freehold,,,Apartment,,,Non Bumi Lot,Penang,,4,0,0,0,0,0,0,0,1,1,,0,0,0,0,1,0,1,1,0,0,1,0,0,0,270000
1,1,280.0,Leasehold,,,Service Residence,,,Non Bumi Lot,Kuala Lumpur,,13,1,1,1,1,1,0,1,1,0,,1,1,1,1,1,1,1,0,1,1,1,1,1,1,230000
2,1,624.0,Leasehold,,,Apartment,,,Non Bumi Lot,Sarawak,,0,0,0,0,0,0,0,0,1,0,,0,0,0,0,0,0,0,0,0,0,0,0,0,0,125000
4,2,1050.0,Leasehold,5.0,,Condominium,,,Bumi Lot,Kuala Lumpur,,6,0,1,0,1,1,0,0,0,0,,1,0,0,0,0,1,0,1,1,0,1,0,1,0,420000
3,2,1227.0,Freehold,41.0,1115.0,Service Residence,2.0,Medium,Non Bumi Lot,Kuala Lumpur,5.0,14,0,0,1,1,0,0,1,1,1,2.0,1,1,1,1,1,1,1,1,1,1,1,1,1,1,820000
3,1,650.0,Leasehold,5.0,,Flat,,High,Non Bumi Lot,Selangor,,1,0,0,1,0,1,0,1,1,0,3.0,0,0,0,0,0,0,0,0,1,0,0,0,0,0,165000
3,2,953.0,Freehold,,280.0,Condominium,,,Non Bumi Lot,Selangor,3.0,11,0,0,1,1,0,0,0,1,1,,1,1,1,1,1,0,1,1,1,1,1,0,1,0,505000
3,2,850.0,Leasehold,,,Apartment,,Medium,Bumi Lot,Selangor,,4,0,0,0,0,0,0,0,0,0,2.0,0,0,0,0,1,0,0,1,1,0,1,0,0,0,185000
3,2,1100.0,Freehold,14.0,480.0,Condominium,1.0,Medium,Non Bumi Lot,Selangor,15.0,11,0,0,0,0,0,0,0,1,1,2.0,1,1,1,1,1,1,0,1,1,0,1,1,1,0,390000
3,2,842.0,Leasehold,19.0,408.0,Service Residence,1.0,Medium,Bumi Lot,Selangor,5.0,8,1,0,0,1,0,0,0,0,0,2.0,0,0,1,0,1,1,1,1,1,0,1,0,1,0,270000
3,2,1250.0,Freehold,,474.0,Condominium,2.0,,Non Bumi Lot,Kuala Lumpur,7.0,6,0,0,1,1,0,0,0,1,1,,0,0,1,0,1,0,0,1,1,0,1,0,1,0,450000
3,2,1171.0,Leasehold,,180.0,Condominium,1.0,Low,Non Bumi Lot,Kuala Lumpur,7.0,11,0,0,1,0,1,0,0,1,0,1.0,1,0,1,1,1,1,1,1,1,1,1,0,1,0,532000
4,2,1283.0,Freehold,11.0,236.0,Condominium,,,Non Bumi Lot,Selangor,26.0,10,0,1,1,1,1,1,0,1,1,,1,0,1,0,0,1,1,1,1,1,1,1,1,0,470000
3,2,1173.0,Leasehold,15.0,,Condominium,1.0,Medium,Bumi Lot,Selangor,,8,1,1,1,1,0,0,0,0,0,2.0,0,0,1,0,1,1,1,1,1,0,1,0,1,0,355000
3,2,1008.0,Freehold,12.0,306.0,Condominium,,,Non Bumi Lot,Selangor,8.0,5,0,0,0,0,0,0,0,1,1,,0,0,0,0,1,0,0,1,1,0,1,0,1,0,244000
3,2,980.0,Freehold,,,Apartment,1.0,Low,Non Bumi Lot,Melaka,,6,0,0,0,0,0,0,0,1,1,1.0,1,0,0,1,0,0,0,1,1,0,1,0,1,0,250000
4,2,1345.0,Freehold,17.0,91.0,Condominium,2.0,,Non Bumi Lot,Penang,7.0,12,0,0,0,0,0,0,0,1,1,,0,1,1,1,1,1,1,1,1,1,1,1,1,0,770000
3,2,700.0,Freehold,21.0,520.0,Apartment,1.0,High,Non Bumi Lot,Penang,24.0,7,0,0,0,0,0,0,0,1,1,3.0,0,0,1,1,1,0,0,1,1,0,1,0,1,0,318000
4,2,1270.0,Freehold,27.0,,Condominium,2.0,,Non Bumi Lot,Penang,18.0,7,0,0,0,0,0,0,0,1,1,,1,0,1,0,1,0,0,1,1,0,1,0,1,0,670000
3,2,1001.0,Leasehold,4.0,,Apartment,1.0,High,Non Bumi Lot,Johor,,0,0,0,0,0,0,0,0,1,0,3.0,0,0,0,0,0,0,0,0,0,0,0,0,0,0,210000
3,2,870.0,Leasehold,29.0,391.0,Condominium,1.0,Medium,Non Bumi Lot,Sabah,7.0,6,0,0,0,0,0,0,0,1,0,2.0,0,0,1,0,1,0,0,1,1,0,1,0,1,0,480000
3,3,1222.0,Freehold,30.0,808.0,Condominium,2.0,,Non Bumi Lot,Penang,10.0,10,0,0,0,0,0,0,0,1,1,,0,0,1,0,1,1,0,1,1,1,1,1,1,1,630000
3,2,944.0,Freehold,,,Apartment,,,Non Bumi Lot,Selangor,,0,0,0,1,1,0,0,1,1,1,,0,0,0,0,0,0,0,0,0,0,0,0,0,0,300000
3,2,1300.0,Freehold,15.0,368.0,Condominium,1.0,Medium,Bumi Lot,Kuala Lumpur,6.0,5,0,0,0,0,0,0,0,0,1,2.0,0,0,0,0,1,0,0,1,1,0,1,0,1,0,370000
3,2,1115.0,Leasehold,38.0,,Condominium,1.0,,Non Bumi Lot,Penang,13.0,7,0,0,0,0,0,0,0,1,0,,1,0,1,0,1,0,0,1,0,0,1,1,1,0,495000
6,5,3000.0,Freehold,,256.0,Condominium,2.0,High,Non Bumi Lot,Penang,15.0,9,0,0,0,0,0,0,0,1,1,3.0,1,0,1,0,1,0,0,1,1,1,1,0,1,1,1580000
3,2,1050.0,Leasehold,12.0,280.0,Condominium,2.0,Medium,Non Bumi Lot,Kuala Lumpur,8.0,9,1,0,1,1,0,0,1,1,0,2.0,0,1,1,0,1,1,1,1,1,0,1,0,1,0,418000
3,2,890.0,Leasehold,22.0,398.0,Apartment,1.0,Medium,Non Bumi Lot,Penang,14.0,4,0,0,0,0,0,0,0,1,0,2.0,0,0,0,0,1,0,0,1,0,0,1,0,1,0,390000
3,2,771.0,Leasehold,18.0,200.0,Apartment,,,Non Bumi Lot,Selangor,17.0,0,1,0,1,1,0,0,1,1,0,,0,0,0,0,0,0,0,0,0,0,0,0,0,0,250000
4,3,1445.0,Leasehold,20.0,456.0,Condominium,,,Non Bumi Lot,Selangor,7.0,8,0,0,1,0,1,0,0,1,0,,1,0,1,0,1,0,1,1,1,0,1,0,1,0,480000
4,4,6000.0,Freehold,,,Condominium,3.0,High,Non Bumi Lot,Penang,,14,0,0,0,0,0,0,0,1,1,3.0,1,1,1,1,1,1,1,1,1,1,1,1,1,1,3200000
3,2,650.0,Freehold,,,Flat,,High,Non Bumi Lot,Johor,,0,0,0,0,0,0,0,0,1,1,3.0,0,0,0,0,0,0,0,0,0,0,0,0,0,0,118000
3,2,700.0,Freehold,23.0,,Apartment,1.0,Medium,Non Bumi Lot,Penang,14.0,8,0,0,0,0,0,0,0,1,1,2.0,1,0,1,1,1,0,1,1,1,0,1,0,0,0,380000
3,2,800.0,Leasehold,,,Apartment,,,Non Bumi Lot,Johor,,2,0,0,0,0,0,0,0,1,0,,0,0,0,0,0,0,0,1,1,0,0,0,0,0,128000
3,2,1200.0,Freehold,30.0,816.0,Condominium,4.0,Medium,Non Bumi Lot,Penang,7.0,9,0,0,0,0,0,0,0,1,1,2.0,1,0,1,1,1,0,1,1,1,0,1,0,1,0,615000
2,2,825.0,Leasehold,34.0,542.0,Service Residence,2.0,,Non Bumi Lot,Kuala Lumpur,6.0,6,0,1,1,1,0,0,1,1,0,,0,0,1,0,1,0,0,1,1,0,1,0,1,0,415000
3,2,945.0,Leasehold,5.0,,Apartment,,Low,Non Bumi Lot,Kuala Lumpur,,3,0,0,0,0,0,0,0,1,0,1.0,1,0,0,0,0,0,0,1,0,0,1,0,0,0,200000
3,2,860.0,Freehold,,,Apartment,1.0,Low,Non Bumi Lot,Selangor,,8,0,0,0,1,0,0,0,1,1,1.0,0,0,0,1,1,1,1,1,1,0,1,0,1,0,240000
3,2,1130.0,Freehold,26.0,548.0,Condominium,2.0,Medium,Non Bumi Lot,Penang,7.0,14,0,0,0,0,0,0,0,1,1,2.0,1,1,1,1,1,1,1,1,1,1,1,1,1,1,600000
3,2,750.0,Freehold,,,Apartment,1.0,Medium,Non Bumi Lot,Putrajaya,,9,0,0,0,0,0,0,0,1,1,2.0,1,0,1,1,1,1,1,1,1,0,1,0,0,0,200000
3,3,1050.0,Freehold,,,Service Residence,,Low,Non Bumi Lot,Johor,,10,0,0,0,0,0,0,0,1,1,1.0,1,0,1,1,1,0,1,1,1,1,1,0,1,0,428000
3,2,1100.0,Leasehold,6.0,180.0,Condominium,1.0,Medium,Bumi Lot,Kuala Lumpur,,9,1,0,0,1,0,0,0,0,0,2.0,0,0,1,1,1,1,0,1,1,0,1,0,1,1,398000
3,2,1001.0,Leasehold,,400.0,Apartment,,Low,Non Bumi Lot,Johor,,9,0,0,0,0,0,0,0,1,0,1.0,1,1,1,0,1,0,0,1,1,1,1,0,1,0,280800
2,2,726.0,Freehold,11.0,1240.0,Condominium,,Medium,Bumi Lot,Kuala Lumpur,23.0,4,0,1,1,1,0,0,1,0,1,2.0,0,0,0,0,0,1,0,1,1,0,1,0,0,0,270000
3,2,850.0,Freehold,22.0,816.0,Condominium,1.0,Medium,Non Bumi Lot,Penang,16.0,9,0,0,0,0,0,0,0,1,1,2.0,1,0,1,1,1,0,0,1,1,0,1,1,1,0,388000
3,2,818.0,Freehold,20.0,,Apartment,,Medium,Non Bumi Lot,Johor,6.0,7,0,0,0,0,0,0,0,1,1,2.0,1,1,0,0,0,1,0,1,1,0,1,0,1,0,218000
3,1,888.0,Freehold,,,Apartment,1.0,Low,Non Bumi Lot,Kuala Lumpur,,0,0,0,0,0,0,0,0,1,1,1.0,0,0,0,0,0,0,0,0,0,0,0,0,0,0,270000
3,2,850.0,Freehold,,,Apartment,1.0,Medium,Non Bumi Lot,,,0,0,0,0,0,0,0,0,1,1,2.0,0,0,0,0,0,0,0,0,0,0,0,0,0,0,289000
3,2,1200.0,Freehold,,450.0,Condominium,2.0,Medium,Non Bumi Lot,Penang,1.0,7,0,0,0,0,0,0,0,1,1,2.0,0,0,1,0,1,0,0,1,1,1,1,0,1,0,1450000
3,2,880.0,Leasehold,5.0,90.0,Apartment,1.0,Medium,Non Bumi Lot,Selangor,,4,0,0,0,0,0,0,0,1,0,2.0,0,0,0,0,1,0,0,1,1,0,1,0,0,0,188000
3,2,1295.0,Freehold,6.0,225.0,Condominium,2.0,Medium,Non Bumi Lot,Penang,8.0,13,0,0,0,0,0,0,0,1,1,2.0,1,1,1,1,1,1,0,1,1,1,1,1,1,1,525000
3,1,705.0,Leasehold,,,Flat,,,Bumi Lot,Selangor,,2,1,0,1,1,0,0,0,0,0,,0,0,0,0,0,0,0,1,0,0,1,0,0,0,270000
3,2,958.0,Leasehold,5.0,,Apartment,,High,Non Bumi Lot,Selangor,,4,0,0,1,1,0,0,0,1,0,3.0,0,0,0,0,0,1,0,1,1,0,1,0,0,0,210000
2,1,624.0,Leasehold,,,Apartment,,,Non Bumi Lot,Sarawak,,0,0,0,0,0,0,0,0,1,0,,0,0,0,0,0,0,0,0,0,0,0,0,0,0,138000
4,2,1340.0,Leasehold,19.0,436.0,Condominium,1.0,Low,Bumi Lot,Kuala Lumpur,16.0,7,1,1,0,1,1,0,1,0,0,1.0,0,0,1,0,1,1,0,1,1,0,1,0,1,0,630000
3,2,1108.0,Leasehold,,,Condominium,1.0,High,Non Bumi Lot,Sarawak,,9,0,0,0,0,0,0,0,1,0,3.0,0,1,1,1,1,1,0,1,1,0,1,0,1,0,493000
3,2,810.0,Leasehold,,,Flat,1.0,Medium,Bumi Lot,Selangor,,0,0,0,0,0,0,0,0,0,0,2.0,0,0,0,0,0,0,0,0,0,0,0,0,0,0,140000
3,2,1249.0,Freehold,33.0,256.0,Condominium,2.0,,Non Bumi Lot,Penang,3.0,7,0,0,0,0,0,0,0,1,1,,0,0,1,0,0,1,0,1,1,1,1,0,1,0,1100000
3,2,700.0,Freehold,12.0,,Apartment,2.0,,Non Bumi Lot,Penang,23.0,0,0,0,0,0,0,0,0,1,1,,0,0,0,0,0,0,0,0,0,0,0,0,0,0,355000
3,2,925.0,Leasehold,16.0,196.0,Apartment,2.0,High,Non Bumi Lot,Johor,15.0,0,0,0,0,0,0,0,0,1,0,3.0,0,0,0,0,0,0,0,0,0,0,0,0,0,0,315000
3,2,900.0,Freehold,42.0,2685.0,Condominium,2.0,Low,Non Bumi Lot,Penang,4.0,5,0,0,0,0,0,0,0,1,1,1.0,0,0,0,0,1,0,0,1,1,0,1,0,1,0,480000
3,2,883.0,Leasehold,33.0,746.0,Service Residence,2.0,Medium,Non Bumi Lot,Selangor,2.0,9,1,0,0,1,0,0,0,1,0,2.0,1,0,1,1,1,0,1,0,1,1,1,0,1,0,490000
3,2,720.0,Leasehold,,,Apartment,,High,Bumi Lot,Selangor,,3,1,0,0,1,0,0,0,0,0,3.0,0,0,0,0,0,0,0,1,1,0,1,0,0,0,150000
3,2,820.0,Freehold,,,Apartment,2.0,Low,Bumi Lot,Selangor,,3,0,0,1,1,0,0,0,0,1,1.0,0,0,0,0,0,0,0,1,1,0,1,0,0,0,280000
3,2,925.0,Freehold,5.0,,Apartment,1.0,Low,Non Bumi Lot,Selangor,,6,1,0,1,1,0,0,0,1,1,1.0,1,0,0,1,0,1,0,1,1,0,1,0,0,0,368000
1,2,463.0,Freehold,,,Condominium,,,Non Bumi Lot,Johor,,0,0,0,0,0,0,0,0,1,1,,0,0,0,0,0,0,0,0,0,0,0,0,0,0,210000
3,3,1646.0,Freehold,44.0,378.0,Condominium,2.0,High,Non Bumi Lot,Penang,5.0,9,0,0,0,0,0,0,0,1,1,3.0,1,0,1,0,1,0,1,1,1,1,1,0,1,0,950000
3,2,1700.0,Leasehold,,,Condominium,1.0,High,Non Bumi Lot,Sarawak,,0,0,0,0,0,0,0,0,1,0,3.0,0,0,0,0,0,0,0,0,0,0,0,0,0,0,580000
3,2,1050.0,Freehold,14.0,,Apartment,1.0,,Non Bumi Lot,Kuala Lumpur,30.0,0,0,0,0,0,0,0,0,1,1,,0,0,0,0,0,0,0,0,0,0,0,0,0,0,285000
3,2,818.0,Freehold,5.0,,Apartment,1.0,Low,Bumi Lot,Selangor,,5,0,0,0,0,0,0,0,0,1,1.0,0,0,0,0,1,0,0,1,1,0,1,0,1,0,375000
3,2,926.0,Freehold,,,Service Residence,2.0,Low,Non Bumi Lot,Selangor,,9,0,0,0,0,0,0,0,1,1,1.0,1,1,1,1,1,0,0,1,1,0,1,0,1,0,456000
3,3,1819.0,Freehold,,228.0,Condominium,2.0,High,Non Bumi Lot,Penang,13.0,8,0,0,0,0,0,0,0,1,1,3.0,0,0,1,0,1,0,0,1,1,1,1,0,1,1,1300000
3,2,1034.0,Freehold,,505.0,Apartment,2.0,,Non Bumi Lot,Selangor,,8,0,0,0,0,0,0,0,1,1,,1,1,1,0,1,0,0,1,1,0,1,0,1,0,425000
2,1,600.0,Freehold,4.0,192.0,Apartment,2.0,,Non Bumi Lot,Kuala Lumpur,,4,1,1,0,1,1,0,1,1,1,,1,0,0,0,0,0,0,1,1,0,1,0,0,0,210000
3,2,720.0,Leasehold,17.0,3.0,Apartment,1.0,,Non Bumi Lot,Penang,31.0,2,0,0,0,0,0,0,0,1,0,,0,0,0,0,1,0,0,1,0,0,0,0,0,0,220000
3,2,850.0,Freehold,,,Apartment,,Medium,Non Bumi Lot,Johor,,0,0,0,0,0,0,0,0,1,1,2.0,0,0,0,0,0,0,0,0,0,0,0,0,0,0,180000
3,2,929.0,Freehold,,,Apartment,2.0,Medium,Bumi Lot,Negeri Sembilan,,9,0,0,0,0,0,0,0,0,1,2.0,0,0,1,1,1,1,0,1,1,1,1,0,1,0,315000
3,3,1518.0,Leasehold,,,Service Residence,,Medium,Bumi Lot,Kuala Lumpur,,12,1,1,0,1,0,0,1,0,0,2.0,1,1,1,0,1,1,1,1,1,1,1,0,1,1,850000
1,1,650.0,Freehold,20.0,,Apartment,1.0,Medium,Non Bumi Lot,Pahang,,6,0,0,0,0,0,0,0,1,1,2.0,1,0,0,1,1,1,0,1,0,0,1,0,0,0,200000
3,2,736.0,Freehold,,596.0,Apartment,,Low,Non Bumi Lot,Selangor,13.0,0,1,0,0,0,0,1,0,1,1,1.0,0,0,0,0,0,0,0,0,0,0,0,0,0,0,280000
3,2,1036.0,Freehold,,,Service Residence,2.0,,Non Bumi Lot,Johor,,0,0,0,0,0,0,0,0,1,1,,0,0,0,0,0,0,0,0,0,0,0,0,0,0,364000
2,2,650.0,Leasehold,44.0,2136.0,Service Residence,1.0,High,Non Bumi Lot,Kuala Lumpur,2.0,7,0,1,0,1,0,0,1,1,0,3.0,1,0,1,0,1,0,0,1,1,0,1,0,1,0,380000
3,3,1250.0,Freehold,36.0,981.0,Condominium,2.0,Medium,Non Bumi Lot,Kuala Lumpur,8.0,11,0,0,0,0,0,0,0,1,1,2.0,1,0,1,1,1,0,1,1,1,1,1,0,1,1,750000
3,2,852.0,Leasehold,12.0,,Apartment,1.0,High,Non Bumi Lot,Selangor,23.0,6,1,0,1,1,0,0,0,1,0,3.0,0,0,0,0,1,1,1,1,1,0,1,0,0,0,299900
4,4,1824.0,Leasehold,12.0,168.0,Condominium,1.0,Medium,Non Bumi Lot,Sabah,,6,0,0,0,0,0,0,0,1,0,2.0,0,0,1,0,1,0,0,1,1,0,1,0,1,0,650000
3,2,870.0,Leasehold,29.0,391.0,Service Residence,1.0,Medium,Non Bumi Lot,Sabah,7.0,9,0,0,0,0,0,0,0,1,0,2.0,0,0,1,1,1,1,0,1,1,1,1,0,1,0,438000
4,3,1250.0,Freehold,,,Apartment,,Low,Non Bumi Lot,Johor,,12,0,0,0,0,0,0,0,1,1,1.0,1,0,1,1,0,1,1,1,1,1,1,1,1,1,328000
3,2,1007.0,Leasehold,,912.0,Condominium,2.0,Low,Bumi Lot,Sabah,3.0,12,0,0,0,0,0,0,0,0,0,1.0,1,1,1,1,1,1,1,1,1,1,1,0,1,0,489819
3,2,650.0,Leasehold,15.0,,Apartment,,,Non Bumi Lot,Kuala Lumpur,,2,0,1,1,1,1,0,1,1,0,,0,0,0,0,0,0,0,1,0,0,1,0,0,0,208000
3,2,910.0,Freehold,15.0,,Apartment,1.0,Low,Non Bumi Lot,Selangor,16.0,8,0,1,0,0,0,1,1,1,1,1.0,1,0,0,0,1,1,1,1,1,0,1,0,1,0,240000
3,3,1225.0,Freehold,,,Condominium,1.0,Medium,Non Bumi Lot,Johor,6.0,5,0,0,0,0,0,0,0,1,1,2.0,0,0,0,0,1,0,1,1,1,0,0,0,1,0,620000
3,2,700.0,Leasehold,,,Flat,,,Non Bumi Lot,Kuala Lumpur,,1,1,0,1,1,0,0,1,1,0,,0,0,0,0,1,0,0,0,0,0,0,0,0,0,195000
3,2,900.0,Freehold,43.0,474.0,Condominium,,,Non Bumi Lot,Selangor,7.0,4,0,0,0,0,0,0,0,1,1,,0,0,0,0,0,0,0,1,1,0,1,0,1,0,375000
3,2,936.0,Freehold,38.0,420.0,Condominium,3.0,,Non Bumi Lot,Penang,12.0,14,0,0,0,0,0,0,0,1,1,,1,1,1,1,1,1,1,1,1,1,1,1,1,1,498000
3,2,900.0,Freehold,5.0,,Apartment,,,Non Bumi Lot,Selangor,26.0,5,1,1,1,1,0,0,1,1,1,,1,0,0,0,0,1,0,1,1,0,1,0,0,0,345000
4,2,1722.0,Freehold,,,Condominium,,Low,Non Bumi Lot,Johor,,9,0,0,0,0,0,0,0,1,1,1.0,0,0,1,1,1,0,0,1,1,0,1,1,1,1,488000
3,2,928.0,Leasehold,,,Apartment,2.0,,Non Bumi Lot,Selangor,,3,1,1,1,1,1,0,1,1,0,,0,0,0,0,1,0,0,1,0,0,1,0,0,0,300000
1,1,614.0,Freehold,11.0,488.0,Condominium,1.0,Low,Non Bumi Lot,Johor,8.0,7,0,0,0,0,0,0,0,1,1,1.0,0,0,1,0,1,0,0,1,1,1,1,0,1,0,355000
3,2,1130.0,Freehold,,,Condominium,2.0,High,Non Bumi Lot,Penang,,10,0,0,0,0,0,0,0,1,1,3.0,1,0,1,1,1,0,1,1,1,0,1,1,1,0,810000
3,2,1161.0,Freehold,10.0,396.0,Condominium,1.0,Low,Non Bumi Lot,Selangor,16.0,5,1,1,1,1,0,0,0,1,1,1.0,0,0,1,0,0,0,0,1,1,0,1,0,1,0,395000
3,2,870.0,Leasehold,29.0,391.0,Service Residence,1.0,Medium,Non Bumi Lot,Sabah,7.0,9,0,0,0,0,0,0,0,1,0,2.0,0,0,1,1,1,1,1,1,1,0,1,0,1,0,468000
3,2,914.0,Freehold,,,Apartment,,Low,Non Bumi Lot,Melaka,,0,0,0,0,0,0,0,0,1,1,1.0,0,0,0,0,0,0,0,0,0,0,0,0,0,0,245000
3,2,850.0,Leasehold,,,Apartment,1.0,Low,Bumi Lot,Selangor,,5,0,0,0,0,0,0,0,0,0,1.0,0,0,0,0,1,1,0,1,1,0,1,0,0,0,240000
2,1,550.0,Leasehold,,,Flat,,Low,Bumi Lot,Kuala Lumpur,,0,0,1,0,1,1,0,1,0,0,1.0,0,0,0,0,0,0,0,0,0,0,0,0,0,0,250000
4,3,1661.0,Freehold,41.0,192.0,Condominium,2.0,Medium,Non Bumi Lot,Kuala Lumpur,12.0,7,1,1,1,1,1,1,0,1,1,2.0,0,0,1,0,1,0,0,0,1,0,1,1,1,1,1150000
3,2,1025.0,Freehold,32.0,228.0,Condominium,1.0,Low,Non Bumi Lot,Kuala Lumpur,3.0,7,1,0,1,1,0,0,0,1,1,1.0,0,0,1,0,0,1,1,1,1,0,1,0,1,0,600000
3,2,650.0,Freehold,2.0,,Apartment,1.0,,Non Bumi Lot,Selangor,,0,0,0,1,1,0,0,0,1,1,,0,0,0,0,0,0,0,0,0,0,0,0,0,0,200000
3,2,1021.0,Leasehold,,,Service Residence,1.0,High,Non Bumi Lot,Kuala Lumpur,,14,1,1,1,1,1,0,0,1,0,3.0,1,1,1,1,1,1,1,1,1,1,1,1,1,1,499000
1,1,633.0,Leasehold,21.0,720.0,Service Residence,,Low,Non Bumi Lot,Kuala Lumpur,9.0,10,1,1,1,1,0,0,1,1,0,1.0,1,1,1,1,1,1,0,1,1,0,1,0,1,0,550000
1,1,476.0,Freehold,,561.0,Apartment,,Medium,Non Bumi Lot,Johor,9.0,9,0,0,0,0,0,0,0,1,1,2.0,0,0,1,1,0,1,1,1,1,0,1,0,1,1,230000
3,2,1000.0,Freehold,38.0,203.0,Condominium,2.0,Low,Non Bumi Lot,Penang,10.0,14,0,0,0,0,0,0,0,1,1,1.0,1,1,1,1,1,1,1,1,1,1,1,1,1,1,500000
3,2,1463.0,Freehold,33.0,490.0,Condominium,,Medium,Non Bumi Lot,Penang,3.0,8,0,0,0,0,0,0,0,1,1,2.0,1,0,1,1,1,0,1,1,0,0,1,0,1,0,628000
2,3,950.0,Freehold,,450.0,Condominium,2.0,,Non Bumi Lot,Penang,1.0,0,0,0,0,0,0,0,0,1,1,,0,0,0,0,0,0,0,0,0,0,0,0,0,0,930000
3,2,700.0,Freehold,,,Apartment,,Medium,Non Bumi Lot,Putrajaya,,2,0,0,0,0,0,0,0,1,1,2.0,0,0,0,0,0,0,0,1,1,0,0,0,0,0,221000
3,2,700.0,Freehold,21.0,406.0,Condominium,1.0,Medium,Non Bumi Lot,Penang,25.0,6,0,0,0,0,0,0,0,1,1,2.0,0,0,0,0,1,1,0,1,1,0,1,0,1,0,380000
3,2,800.0,Freehold,4.0,,Flat,1.0,High,Non Bumi Lot,Selangor,,0,0,0,0,0,1,0,0,1,1,3.0,0,0,0,0,0,0,0,0,0,0,0,0,0,0,85000
3,2,850.0,Leasehold,49.0,2155.0,Condominium,2.0,,Non Bumi Lot,Penang,7.0,0,0,0,0,0,0,0,0,1,0,,0,0,0,0,0,0,0,0,0,0,0,0,0,0,515000
3,2,1295.0,Freehold,,,Condominium,,,Non Bumi Lot,Kuala Lumpur,,8,1,1,1,1,1,1,1,1,1,,1,0,0,1,0,1,0,1,1,0,1,0,1,1,330000
3,2,900.0,Leasehold,,,Apartment,1.0,High,Non Bumi Lot,Penang,,6,0,0,0,0,0,0,0,1,0,3.0,0,0,0,1,0,1,0,1,0,1,1,0,1,0,290000
3,2,1024.0,Leasehold,4.0,,Apartment,,Low,Non Bumi Lot,Johor,,0,0,0,0,0,0,0,0,1,0,1.0,0,0,0,0,0,0,0,0,0,0,0,0,0,0,299000
2,1,560.0,Freehold,,,Flat,,High,Non Bumi Lot,Selangor,,0,1,1,1,1,0,0,1,1,1,3.0,0,0,0,0,0,0,0,0,0,0,0,0,0,0,120000
2,1,550.0,Leasehold,,,Flat,1.0,Low,Non Bumi Lot,Johor,,0,0,0,0,0,0,0,0,1,0,1.0,0,0,0,0,0,0,0,0,0,0,0,0,0,0,159000
3,2,1040.0,Leasehold,28.0,700.0,Service Residence,,,Non Bumi Lot,Kuala Lumpur,7.0,7,1,1,1,1,1,0,0,1,0,,0,1,1,0,0,1,0,1,1,0,1,0,1,0,400000
3,2,835.0,Leasehold,15.0,,Apartment,,,Bumi Lot,Selangor,,2,1,0,0,1,0,0,0,0,0,,0,0,0,0,0,0,0,1,0,0,1,0,0,0,320000
3,2,850.0,Freehold,,,Apartment,1.0,Low,Non Bumi Lot,Johor,,0,0,0,0,0,0,0,0,1,1,1.0,0,0,0,0,0,0,0,0,0,0,0,0,0,0,230000
3,2,1000.0,Leasehold,,,Apartment,1.0,Medium,Non Bumi Lot,Sarawak,,5,0,0,0,0,0,0,0,1,0,2.0,0,0,1,0,1,0,0,1,0,0,1,0,1,0,700000
3,2,1250.0,Freehold,30.0,461.0,Condominium,,,Bumi Lot,Selangor,4.0,0,0,0,0,0,0,0,0,0,1,,0,0,0,0,0,0,0,0,0,0,0,0,0,0,470000
3,2,1076.0,Freehold,,,Apartment,,Medium,Non Bumi Lot,Penang,,6,0,0,0,0,0,0,0,1,1,2.0,1,0,1,1,0,0,1,0,1,0,0,0,1,0,380000
4,4,1710.0,Freehold,,670.0,Condominium,2.0,Low,Non Bumi Lot,Kuala Lumpur,9.0,12,1,0,1,1,0,0,0,1,1,1.0,1,1,1,1,1,0,1,1,1,1,1,1,1,0,930000
3,2,850.0,Leasehold,,,Apartment,1.0,Medium,Non Bumi Lot,,,3,0,0,0,0,0,0,0,1,0,2.0,0,0,0,0,0,0,0,1,1,0,1,0,0,0,285000
3,2,950.0,Leasehold,,,Apartment,,,Non Bumi Lot,Johor,,0,0,0,0,0,0,0,0,1,0,,0,0,0,0,0,0,0,0,0,0,0,0,0,0,268000
3,2,1052.0,Freehold,,,Apartment,2.0,Medium,Non Bumi Lot,,,0,0,0,0,0,0,0,0,1,1,2.0,0,0,0,0,0,0,0,0,0,0,0,0,0,0,395000
3,2,893.0,Leasehold,49.0,2155.0,Condominium,,Medium,Non Bumi Lot,Penang,7.0,7,0,0,0,0,0,0,0,1,0,2.0,0,0,1,0,1,0,1,1,1,0,1,0,1,0,344000
3,2,1227.0,Freehold,17.0,676.0,Condominium,2.0,High,Non Bumi Lot,Putrajaya,3.0,7,0,0,0,0,0,0,0,1,1,3.0,0,0,1,1,1,0,0,1,1,0,1,0,1,0,596957
3,3,1557.0,Leasehold,,,Condominium,2.0,Medium,Non Bumi Lot,Sabah,,7,0,0,0,0,0,0,0,1,0,2.0,1,0,1,0,1,0,0,1,1,0,1,0,1,0,1059888
2,1,750.0,Freehold,,,Flat,,Low,Non Bumi Lot,Sabah,,1,0,0,0,0,0,0,0,1,1,1.0,0,0,0,0,0,1,0,0,0,0,0,0,0,0,62000
3,2,1055.0,Leasehold,22.0,1074.0,Condominium,1.0,High,Non Bumi Lot,Selangor,13.0,9,0,1,0,0,1,0,0,1,0,3.0,0,0,1,1,1,0,0,1,1,1,1,0,1,1,270000
3,2,1052.0,Leasehold,38.0,,Condominium,1.0,,Non Bumi Lot,Penang,13.0,7,0,0,0,0,0,0,0,1,0,,1,0,1,0,1,0,0,1,0,0,1,1,1,0,560000
3,2,850.0,Freehold,22.0,816.0,Condominium,2.0,Medium,Non Bumi Lot,Penang,16.0,9,0,0,0,0,0,0,0,1,1,2.0,1,0,1,1,1,0,0,1,1,0,1,1,1,0,430000
1,1,460.0,Leasehold,21.0,,Condominium,1.0,Medium,Non Bumi Lot,Selangor,19.0,9,0,0,0,0,0,0,0,1,0,2.0,0,0,1,1,1,1,0,1,1,0,1,0,1,1,173000
4,2,1062.0,Freehold,25.0,588.0,Service Residence,1.0,Low,Non Bumi Lot,Selangor,18.0,8,1,1,1,1,0,0,1,1,1,1.0,0,0,0,0,1,1,1,1,1,0,1,0,1,1,420000
3,2,1113.0,Leasehold,38.0,,Condominium,2.0,High,Non Bumi Lot,Penang,13.0,7,0,0,0,0,0,0,0,1,0,3.0,1,0,1,0,1,0,0,1,0,0,1,1,1,0,630000
3,2,1316.0,Leasehold,,,Condominium,1.0,,Non Bumi Lot,Sarawak,,6,0,0,0,0,0,0,0,1,0,,0,0,0,1,0,0,0,1,1,0,1,0,1,1,380000
3,2,1182.0,Freehold,25.0,300.0,Condominium,2.0,Medium,Non Bumi Lot,Penang,8.0,10,0,0,0,0,0,0,0,1,1,2.0,1,0,1,0,1,1,1,1,1,1,1,0,1,0,490000
3,2,887.0,Freehold,30.0,808.0,Condominium,2.0,Medium,Non Bumi Lot,Penang,10.0,10,0,0,0,0,0,0,0,1,1,2.0,0,0,1,0,1,1,0,1,1,1,1,1,1,1,480000
2,1,600.0,Leasehold,,,Flat,,Medium,Non Bumi Lot,Johor,,14,0,0,0,0,0,0,0,1,0,2.0,1,1,1,1,1,1,1,1,1,1,1,1,1,1,130000
3,2,800.0,Leasehold,,1900.0,Apartment,2.0,Medium,Non Bumi Lot,Penang,7.0,3,0,0,0,0,0,0,0,1,0,2.0,0,0,0,0,1,0,0,1,0,0,1,0,0,0,420000
2,1,688.0,Freehold,,,Service Residence,1.0,Medium,Non Bumi Lot,Melaka,,0,0,0,0,0,0,0,0,1,1,2.0,0,0,0,0,0,0,0,0,0,0,0,0,0,0,207100
3,2,1052.0,Freehold,,,Apartment,,,Non Bumi Lot,Selangor,,0,0,0,0,0,0,0,0,1,1,,0,0,0,0,0,0,0,0,0,0,0,0,0,0,280000
3,2,947.0,Leasehold,22.0,396.0,Condominium,2.0,,Non Bumi Lot,Penang,6.0,9,0,0,0,0,0,0,0,1,0,,1,1,1,1,0,0,0,1,1,1,1,0,0,1,560000
3,2,941.0,Leasehold,8.0,,Apartment,1.0,Low,Bumi Lot,Kuala Lumpur,,5,0,0,0,0,0,0,0,0,0,1.0,0,0,0,0,0,0,0,1,1,1,1,0,1,0,250000
3,2,700.0,Leasehold,22.0,,Apartment,1.0,Medium,Non Bumi Lot,Penang,18.0,4,0,0,0,0,0,0,0,1,0,2.0,0,0,0,0,1,0,0,1,1,0,1,0,0,0,280000
3,2,791.0,Freehold,,,Apartment,1.0,High,Bumi Lot,Selangor,,4,0,0,0,0,0,1,0,0,1,3.0,0,0,0,0,0,0,0,1,1,0,1,0,0,1,220000
1,1,434.0,Freehold,,,Apartment,,Medium,Non Bumi Lot,Johor,,5,0,0,0,0,0,0,0,1,1,2.0,0,0,0,0,1,1,0,0,1,0,1,0,1,0,250000
3,2,835.0,Leasehold,,,Apartment,,Low,Bumi Lot,Selangor,,0,1,0,0,0,1,0,1,0,0,1.0,0,0,0,0,0,0,0,0,0,0,0,0,0,0,210000
3,2,710.0,Freehold,18.0,,Apartment,1.0,High,Non Bumi Lot,Selangor,,0,0,0,0,0,0,0,0,1,1,3.0,0,0,0,0,0,0,0,0,0,0,0,0,0,0,179500
4,5,2266.0,Leasehold,28.0,,Condominium,,High,Non Bumi Lot,Sabah,,8,0,0,0,0,0,0,0,1,0,3.0,0,0,1,0,0,1,0,1,1,1,1,0,1,1,2100000
3,2,750.0,Freehold,,,Apartment,1.0,High,Non Bumi Lot,Selangor,,4,0,0,0,0,0,0,0,1,1,3.0,0,0,0,0,1,1,0,1,0,0,1,0,0,0,230000
3,2,1151.0,Freehold,,,Service Residence,1.0,Medium,Non Bumi Lot,Johor,,3,0,0,0,0,0,0,0,1,1,2.0,0,0,0,0,1,0,0,1,0,0,1,0,0,0,400000
3,2,1130.0,Freehold,5.0,,Apartment,,High,Non Bumi Lot,Johor,,0,0,0,0,0,0,0,0,1,1,3.0,0,0,0,0,0,0,0,0,0,0,0,0,0,0,258000
3,2,1598.0,Freehold,42.0,670.0,Condominium,2.0,Medium,Non Bumi Lot,Penang,6.0,7,0,0,0,0,0,0,0,1,1,2.0,0,0,1,0,1,0,1,1,1,0,1,0,1,0,620000
5,4,2080.0,Leasehold,,698.0,Apartment,,,Non Bumi Lot,Johor,18.0,0,0,0,0,0,0,0,0,1,0,,0,0,0,0,0,0,0,0,0,0,0,0,0,0,449000
2,1,600.0,Leasehold,6.0,210.0,Apartment,1.0,Low,Non Bumi Lot,Penang,19.0,5,0,0,0,0,0,0,0,1,0,1.0,0,0,0,0,1,1,0,1,1,0,1,0,0,0,220000
4,2,1349.0,Freehold,28.0,134.0,Condominium,1.0,Low,Non Bumi Lot,Penang,15.0,8,0,0,0,0,0,0,0,1,1,1.0,1,0,1,0,1,0,1,1,1,0,1,0,1,0,638000
3,2,810.0,Leasehold,,,Service Residence,1.0,,Non Bumi Lot,Kuala Lumpur,,0,0,0,0,0,0,0,0,1,0,,0,0,0,0,0,0,0,0,0,0,0,0,0,0,300000
3,2,1012.0,Freehold,23.0,744.0,Service Residence,3.0,Medium,Non Bumi Lot,Selangor,9.0,10,0,0,0,1,0,0,1,1,1,2.0,1,0,1,0,1,1,1,1,1,1,1,0,1,0,369900
1,1,618.0,Leasehold,28.0,467.0,Service Residence,,,Non Bumi Lot,Kuala Lumpur,8.0,9,0,0,1,0,0,0,0,1,0,,1,1,1,1,0,0,1,1,1,1,1,0,0,0,330000
3,2,980.0,Leasehold,5.0,,Apartment,1.0,Low,Non Bumi Lot,Selangor,,6,1,0,1,1,0,0,0,1,0,1.0,1,0,0,1,0,1,0,1,1,0,1,0,0,0,315000
3,2,700.0,Leasehold,17.0,3.0,Apartment,1.0,Medium,Non Bumi Lot,Penang,31.0,0,0,0,0,0,0,0,0,1,0,2.0,0,0,0,0,0,0,0,0,0,0,0,0,0,0,235000
3,2,1085.0,Freehold,24.0,467.0,Service Residence,2.0,Medium,Non Bumi Lot,Kuala Lumpur,14.0,11,1,0,0,1,1,0,1,1,1,2.0,1,1,1,1,0,1,0,1,1,0,1,1,1,1,560000
3,2,1040.0,Leasehold,28.0,700.0,Service Residence,2.0,High,Non Bumi Lot,Kuala Lumpur,7.0,7,1,1,1,1,1,0,0,1,0,3.0,0,1,1,0,0,1,0,1,1,0,1,0,1,0,430000
3,2,680.0,Leasehold,22.0,714.0,Apartment,1.0,Low,Non Bumi Lot,Penang,,6,0,0,0,0,0,0,0,1,0,1.0,0,0,0,0,1,1,1,1,1,0,1,0,0,0,225000
3,2,1015.0,Leasehold,21.0,800.0,Apartment,1.0,High,Non Bumi Lot,Kuala Lumpur,17.0,7,1,0,0,1,1,0,1,1,0,3.0,0,0,0,0,1,1,1,1,1,0,1,0,1,0,395000
3,2,850.0,Freehold,,,Apartment,2.0,,Non Bumi Lot,Selangor,,0,0,0,0,1,0,0,0,1,1,,0,0,0,0,0,0,0,0,0,0,0,0,0,0,195000
5,4,2400.0,Freehold,,,Condominium,3.0,High,Non Bumi Lot,,,10,0,0,0,0,0,0,0,1,1,3.0,0,0,1,0,1,1,0,1,1,1,1,1,1,1,1100000
3,2,720.0,Freehold,,,Apartment,,Medium,Non Bumi Lot,Penang,,2,0,0,0,0,0,0,0,1,1,2.0,0,0,0,0,1,0,0,0,0,0,1,0,0,0,190000
3,2,1012.0,Leasehold,22.0,531.0,Condominium,2.0,,Non Bumi Lot,Penang,12.0,7,0,0,0,0,0,0,0,1,0,,1,0,1,1,0,0,0,1,1,0,1,0,1,0,660000
3,2,1001.0,Freehold,22.0,246.0,Apartment,2.0,Medium,Non Bumi Lot,Selangor,17.0,5,0,0,0,0,0,0,0,1,1,2.0,0,0,0,0,1,1,0,1,1,0,1,0,0,0,280000
3,2,1060.0,Freehold,25.0,237.0,Condominium,1.0,,Non Bumi Lot,Penang,27.0,8,0,0,0,0,0,0,0,1,1,,1,0,1,0,1,0,1,1,1,0,1,0,1,0,450000
3,2,786.0,Freehold,18.0,,Apartment,1.0,,Non Bumi Lot,Selangor,,4,1,0,1,1,0,1,0,1,1,,0,0,0,0,0,0,0,1,1,1,1,0,0,0,235000
3,2,650.0,Freehold,2.0,,Apartment,,Medium,Non Bumi Lot,Selangor,,0,0,0,1,1,0,0,0,1,1,2.0,0,0,0,0,0,0,0,0,0,0,0,0,0,0,145000
3,2,900.0,Freehold,5.0,,Apartment,,High,Non Bumi Lot,Selangor,16.0,0,0,0,0,0,0,0,0,1,1,3.0,0,0,0,0,0,0,0,0,0,0,0,0,0,0,250000
4,2,1313.0,Leasehold,,,Condominium,3.0,High,Non Bumi Lot,Kuala Lumpur,,9,1,1,1,1,1,0,0,1,0,3.0,1,1,1,0,0,1,0,1,1,1,1,0,1,0,490000
5,2,928.0,Freehold,,,Service Residence,2.0,High,Non Bumi Lot,Kuala Lumpur,,0,1,0,1,1,1,0,0,1,1,3.0,0,0,0,0,0,0,0,0,0,0,0,0,0,0,410000
3,1,679.0,Freehold,,,Apartment,,Medium,Non Bumi Lot,Selangor,,1,0,0,0,0,0,0,0,1,1,2.0,0,0,0,0,0,1,0,0,0,0,0,0,0,0,180000
3,2,1100.0,Freehold,5.0,,Apartment,,,Non Bumi Lot,Kuala Lumpur,,2,1,0,1,1,0,0,1,1,1,,0,0,0,0,0,0,0,1,0,0,1,0,0,0,290000
3,2,700.0,Leasehold,,,Apartment,,Medium,Bumi Lot,Selangor,,1,1,1,1,1,1,0,1,0,0,2.0,0,0,0,0,0,0,0,1,0,0,0,0,0,0,190000
3,2,800.0,Leasehold,6.0,,Apartment,1.0,,Bumi Lot,Selangor,,2,0,0,0,0,0,0,0,0,0,,0,0,0,0,0,0,0,1,1,0,0,0,0,0,315000
3,2,970.0,Leasehold,16.0,1000.0,Condominium,,Medium,Non Bumi Lot,Selangor,,9,1,1,1,1,0,0,1,1,0,2.0,0,0,1,1,1,1,1,1,1,0,1,0,1,0,350000
3,2,1528.0,Leasehold,,,Condominium,,Medium,Non Bumi Lot,Sarawak,,8,0,0,0,0,0,0,0,1,0,2.0,1,1,1,1,0,0,0,1,1,0,1,0,1,0,728888
3,2,755.0,Freehold,5.0,,Apartment,1.0,,Non Bumi Lot,Selangor,,0,0,0,0,0,0,0,0,1,1,,0,0,0,0,0,0,0,0,0,0,0,0,0,0,220000
2,1,580.0,Leasehold,,,Apartment,1.0,,Bumi Lot,Selangor,,0,1,0,1,1,0,0,0,0,0,,0,0,0,0,0,0,0,0,0,0,0,0,0,0,135000
3,2,900.0,Freehold,42.0,670.0,Condominium,2.0,High,Non Bumi Lot,Penang,6.0,5,0,0,0,0,0,0,0,1,1,3.0,0,0,1,0,1,0,0,1,0,0,1,0,1,0,520000
2,1,550.0,Leasehold,,,Flat,,,Non Bumi Lot,Penang,,0,0,0,0,0,0,0,0,1,0,,0,0,0,0,0,0,0,0,0,0,0,0,0,0,150000
3,2,1050.0,Freehold,,,Flat,1.0,High,Bumi Lot,Selangor,,12,0,0,0,0,0,0,0,0,1,3.0,1,1,1,1,0,1,1,1,1,1,1,1,0,1,270000
4,3,1458.0,Freehold,,1188.0,Condominium,1.0,High,Non Bumi Lot,Selangor,21.0,13,1,1,1,1,0,0,0,1,1,3.0,1,1,1,1,0,1,1,1,1,1,1,1,1,1,258000
3,2,883.0,Leasehold,,156.0,Service Residence,,,Non Bumi Lot,Selangor,8.0,7,0,0,1,0,0,0,0,1,0,,0,0,1,0,1,0,1,1,1,0,1,0,1,0,235000
3,2,1088.0,Freehold,,809.0,Service Residence,,Medium,Non Bumi Lot,Melaka,3.0,4,0,0,0,0,0,0,0,1,1,2.0,0,0,1,0,0,0,0,0,1,1,0,0,1,0,500000
3,2,970.0,Leasehold,11.0,,Apartment,1.0,Low,Non Bumi Lot,Penang,20.0,3,0,0,0,0,0,0,0,1,0,1.0,0,0,0,0,0,1,0,1,0,0,1,0,0,0,399000
3,2,1223.0,Leasehold,,,Condominium,1.0,Medium,Non Bumi Lot,,,7,0,0,0,0,0,0,0,1,0,2.0,0,0,1,0,1,0,0,1,1,0,1,1,1,0,670000
2,1,554.0,Freehold,,,Service Residence,1.0,High,Non Bumi Lot,,,3,0,0,0,0,0,0,0,1,1,3.0,0,0,0,0,1,0,0,1,0,0,1,0,0,0,420000
3,2,813.0,Leasehold,21.0,,Apartment,,,Non Bumi Lot,Selangor,,5,1,0,1,0,0,1,0,1,0,,0,0,1,0,0,1,0,1,0,0,1,0,1,0,160000
3,2,1010.0,Leasehold,42.0,1932.0,Condominium,2.0,Medium,Bumi Lot,Selangor,6.0,8,0,0,1,1,0,0,0,0,0,2.0,1,0,0,1,1,0,1,1,1,0,1,0,1,0,450000
3,2,850.0,Freehold,42.0,1311.0,Condominium,2.0,High,Bumi Lot,Selangor,2.0,14,0,0,0,0,0,0,0,0,1,3.0,1,1,1,1,1,1,1,1,1,1,1,1,1,1,311000
2,2,850.0,Freehold,36.0,498.0,Service Residence,,Medium,Non Bumi Lot,Selangor,6.0,4,1,1,1,1,1,0,0,1,1,2.0,1,0,0,0,0,0,1,0,1,0,0,0,1,0,600000
3,2,700.0,Leasehold,25.0,,Apartment,2.0,,Non Bumi Lot,Penang,,5,0,0,0,0,0,0,0,1,0,,0,0,0,1,1,0,1,1,0,0,1,0,0,0,269000
3,2,703.0,Leasehold,4.0,,Apartment,,High,Non Bumi Lot,Sarawak,,2,0,0,0,0,0,0,0,1,0,3.0,0,0,0,0,0,0,0,1,0,0,1,0,0,0,220000
3,2,909.0,Leasehold,17.0,1128.0,Condominium,1.0,Medium,Bumi Lot,Kuala Lumpur,18.0,8,1,1,1,1,1,1,1,0,0,2.0,0,0,1,1,1,1,0,1,1,0,1,0,1,0,330000
3,1,615.0,Leasehold,12.0,,Apartment,1.0,Medium,Bumi Lot,Kuala Lumpur,,4,0,0,0,0,0,0,0,0,0,2.0,0,0,0,0,0,1,0,1,0,0,1,0,1,0,210000
3,2,947.0,Freehold,8.0,,Apartment,1.0,Medium,Non Bumi Lot,Selangor,,4,0,0,0,0,0,0,0,1,1,2.0,0,0,0,0,1,0,0,1,1,0,1,0,0,0,250000
4,2,1179.0,Freehold,,300.0,Apartment,1.0,,Non Bumi Lot,Johor,,8,0,0,0,0,0,0,0,1,1,,1,0,1,1,1,0,0,1,1,0,1,0,1,0,350000
3,2,1295.0,Freehold,36.0,1022.0,Condominium,,Low,Non Bumi Lot,Kuala Lumpur,16.0,9,1,0,1,1,0,0,0,1,1,1.0,1,0,1,1,0,1,0,0,1,1,1,0,1,1,530000
3,2,650.0,Leasehold,,,Flat,,Medium,Non Bumi Lot,Selangor,,3,0,0,0,0,0,0,0,1,0,2.0,0,0,0,0,1,0,0,1,1,0,0,0,0,0,180000
1,1,500.0,Freehold,30.0,551.0,Service Residence,2.0,High,Non Bumi Lot,Selangor,7.0,11,0,0,0,0,0,0,1,1,1,3.0,1,0,1,1,1,1,1,1,1,1,1,0,1,0,308000
4,2,850.0,Leasehold,5.0,,Apartment,,Low,Bumi Lot,Johor,,1,0,0,0,0,0,0,0,0,0,1.0,0,0,0,0,0,0,0,0,1,0,0,0,0,0,235000
3,2,800.0,Freehold,21.0,406.0,Condominium,,,Non Bumi Lot,Penang,25.0,0,0,0,0,0,0,0,0,1,1,,0,0,0,0,0,0,0,0,0,0,0,0,0,0,320000
3,2,710.0,Leasehold,3.0,,Apartment,,Low,Non Bumi Lot,Johor,,1,0,0,0,0,0,0,0,1,0,1.0,0,0,0,0,0,0,0,1,0,0,0,0,0,0,168000
3,2,810.0,Freehold,20.0,1.0,Condominium,1.0,,Non Bumi Lot,Kuala Lumpur,16.0,4,0,0,1,1,0,0,0,1,1,,0,0,0,0,0,1,0,1,0,0,1,0,1,0,288000
2,1,760.0,Freehold,24.0,1235.0,Condominium,2.0,,Non Bumi Lot,Penang,2.0,7,0,0,0,0,0,0,0,1,1,,0,0,1,1,0,0,0,1,1,1,1,0,1,0,600000
3,2,1144.0,Leasehold,,243.0,Service Residence,1.0,High,Non Bumi Lot,Johor,,7,0,0,0,0,0,0,0,1,0,3.0,0,0,0,0,0,1,1,1,1,1,1,0,1,0,489000
3,2,1114.0,Freehold,22.0,,Apartment,,,Non Bumi Lot,Selangor,22.0,9,1,0,1,1,0,0,0,1,1,,1,0,1,0,0,1,0,1,1,1,1,0,1,1,400000
3,2,800.0,Leasehold,,,Apartment,,Medium,Non Bumi Lot,Kuala Lumpur,,1,0,1,1,1,1,0,1,1,0,2.0,0,0,0,0,0,1,0,0,0,0,0,0,0,0,168000
3,2,800.0,Freehold,5.0,,Apartment,,Low,Bumi Lot,Selangor,,1,0,0,0,0,0,0,0,0,1,1.0,0,0,0,0,0,0,0,0,1,0,0,0,0,0,270000
3,2,872.0,Leasehold,11.0,,Apartment,1.0,Medium,Non Bumi Lot,Penang,,7,0,0,0,0,0,0,0,1,0,2.0,1,0,1,0,1,0,0,1,1,0,1,0,1,0,480000
3,2,920.0,Leasehold,15.0,690.0,Condominium,1.0,,Non Bumi Lot,Kuala Lumpur,24.0,7,1,0,1,1,0,0,1,1,0,,1,0,1,0,0,1,0,1,1,0,1,0,1,0,345000
2,2,1016.0,Freehold,44.0,378.0,Condominium,2.0,,Non Bumi Lot,Penang,5.0,7,0,0,0,0,0,0,0,1,1,,1,0,1,0,0,0,1,0,1,1,1,0,1,0,620000
3,2,1475.0,Freehold,5.0,,Condominium,2.0,,Non Bumi Lot,Penang,31.0,2,0,0,0,0,0,0,0,1,1,,0,0,0,0,0,0,0,1,0,0,1,0,0,0,860000
3,2,750.0,Freehold,,,Apartment,,Medium,Non Bumi Lot,Selangor,,0,0,0,0,0,0,0,0,1,1,2.0,0,0,0,0,0,0,0,0,0,0,0,0,0,0,260000
3,1,734.0,Freehold,,,Apartment,,Low,Non Bumi Lot,Kuala Lumpur,,1,0,0,1,1,0,0,0,1,1,1.0,0,0,0,0,0,0,0,1,0,0,0,0,0,0,120000
3,2,925.0,Freehold,35.0,,Service Residence,,,Non Bumi Lot,Selangor,7.0,0,0,0,0,0,0,0,0,1,1,,0,0,0,0,0,0,0,0,0,0,0,0,0,0,460000
3,2,1175.0,Freehold,,,Condominium,2.0,High,Non Bumi Lot,Penang,,5,0,0,0,0,0,0,0,1,1,3.0,0,0,0,0,1,0,0,1,1,0,1,0,1,0,800000
2,1,494.0,Freehold,,,Flat,,Low,Non Bumi Lot,Johor,,0,0,0,0,0,0,0,0,1,1,1.0,0,0,0,0,0,0,0,0,0,0,0,0,0,0,158000
3,2,750.0,Freehold,,,Condominium,,Medium,Non Bumi Lot,Penang,,0,0,0,0,0,0,0,0,1,1,2.0,0,0,0,0,0,0,0,0,0,0,0,0,0,0,298000
3,2,856.0,Leasehold,5.0,,Apartment,1.0,Medium,Bumi Lot,Selangor,,9,1,0,0,0,0,0,0,0,0,2.0,1,0,0,1,1,0,1,1,1,0,1,0,1,1,265000
3,2,1651.0,Leasehold,,,Service Residence,,,Non Bumi Lot,Sarawak,,6,0,0,0,0,0,0,0,1,0,,0,0,1,0,1,0,0,1,0,1,1,0,1,0,858520
3,2,700.0,Leasehold,,,Apartment,1.0,,Non Bumi Lot,Selangor,,5,0,0,0,0,0,0,0,1,0,,0,0,0,1,0,0,0,1,1,0,1,0,1,0,190000
3,2,922.0,Freehold,14.0,,Apartment,1.0,High,Non Bumi Lot,Selangor,,8,0,0,0,0,0,0,0,1,1,3.0,1,0,1,0,1,0,1,1,1,0,1,0,1,0,365000
3,2,1300.0,Freehold,8.0,68.0,Apartment,1.0,Medium,Non Bumi Lot,Penang,26.0,3,0,0,0,0,0,0,0,1,1,2.0,0,0,0,0,1,0,0,1,0,0,1,0,0,0,400000
3,2,700.0,Freehold,12.0,,Apartment,1.0,Medium,Non Bumi Lot,Penang,23.0,5,0,0,0,0,0,0,0,1,1,2.0,0,0,0,0,1,0,1,1,1,0,1,0,0,0,420000
2,2,948.0,Leasehold,,,Condominium,1.0,,Non Bumi Lot,Sarawak,,5,0,0,0,0,0,0,0,1,0,,0,0,1,0,1,0,0,1,0,0,1,0,1,0,688000
2,1,650.0,Freehold,,,Condominium,1.0,Medium,Non Bumi Lot,Penang,,5,0,0,0,0,0,0,0,1,1,2.0,0,0,0,0,1,0,0,1,1,0,1,0,1,0,468000
3,2,856.0,Freehold,10.0,48.0,Apartment,2.0,Medium,Non Bumi Lot,Penang,,3,0,0,0,0,0,0,0,1,1,2.0,0,0,0,0,1,0,0,1,0,0,1,0,0,0,430000
3,2,1100.0,Leasehold,,944.0,Condominium,1.0,Medium,Non Bumi Lot,Johor,7.0,14,0,0,0,0,0,0,0,1,0,2.0,1,1,1,1,1,1,1,1,1,1,1,1,1,1,460000
3,2,850.0,Leasehold,5.0,,Apartment,1.0,Medium,Non Bumi Lot,Selangor,,3,1,1,1,1,0,0,1,1,0,2.0,0,0,0,0,0,1,0,1,0,0,1,0,0,0,255000
3,2,1299.0,Freehold,16.0,320.0,Condominium,1.0,,Non Bumi Lot,Kuala Lumpur,24.0,5,1,1,1,1,0,0,1,1,1,,0,0,0,0,0,0,0,1,1,0,1,0,1,1,400000
2,2,997.0,Leasehold,,,Service Residence,1.0,,Non Bumi Lot,Kuala Lumpur,17.0,7,1,1,0,1,0,0,1,1,0,,1,0,1,0,0,1,0,1,0,1,1,0,1,0,468000
1,1,430.0,Freehold,,,Service Residence,,Low,Non Bumi Lot,Kuala Lumpur,,6,1,1,1,1,0,0,0,1,1,1.0,0,0,1,0,1,0,0,1,1,0,1,0,1,0,320000
3,2,1055.0,Freehold,15.0,336.0,Condominium,1.0,,Non Bumi Lot,Penang,25.0,10,0,0,0,0,0,0,0,1,1,,1,0,1,0,0,1,0,1,1,1,1,1,1,1,420000
4,2,1250.0,Leasehold,,,Service Residence,1.0,Medium,Non Bumi Lot,Johor,,5,0,0,0,0,0,0,0,1,0,2.0,0,0,0,1,0,0,0,1,1,0,1,0,1,0,400000
3,2,700.0,Leasehold,25.0,,Apartment,1.0,,Non Bumi Lot,Penang,,5,0,0,0,0,0,0,0,1,0,,0,0,0,0,1,0,1,1,1,0,1,0,0,0,240000
3,2,958.0,Freehold,45.0,2509.0,Service Residence,2.0,,Non Bumi Lot,Kuala Lumpur,4.0,0,1,1,1,1,0,1,0,1,1,,0,0,0,0,0,0,0,0,0,0,0,0,0,0,560000
3,2,860.0,Freehold,27.0,,Condominium,1.0,,Non Bumi Lot,Penang,18.0,7,0,0,0,0,0,0,0,1,1,,1,0,1,0,1,0,0,1,1,0,1,0,1,0,430000
1,1,517.0,Leasehold,,,Service Residence,,Medium,Non Bumi Lot,Sabah,,6,0,0,0,0,0,0,0,1,0,2.0,0,0,0,0,1,0,0,1,1,1,1,0,1,0,598000
4,2,1331.0,Freehold,17.0,475.0,Condominium,1.0,Medium,Non Bumi Lot,Kuala Lumpur,10.0,7,0,0,0,0,0,0,0,1,1,2.0,0,0,1,1,0,1,0,1,1,0,1,0,1,0,390000
3,2,650.0,Freehold,27.0,454.0,Apartment,1.0,High,Non Bumi Lot,Penang,,3,0,0,0,0,0,0,0,1,1,3.0,0,0,0,0,1,0,0,1,0,0,1,0,0,0,290000
3,2,871.0,Freehold,5.0,,Apartment,1.0,Low,Non Bumi Lot,Selangor,,5,1,0,1,1,1,0,0,1,1,1.0,0,0,0,0,0,1,0,1,1,0,1,0,1,0,388000
4,2,1000.0,Freehold,,,Apartment,1.0,Low,Non Bumi Lot,Johor,,6,0,0,0,0,0,0,0,1,1,1.0,0,0,0,0,1,1,0,1,1,0,1,0,1,0,295000
3,2,936.0,Freehold,38.0,420.0,Condominium,2.0,,Non Bumi Lot,Penang,12.0,14,0,0,0,0,0,0,0,1,1,,1,1,1,1,1,1,1,1,1,1,1,1,1,1,498000
3,2,850.0,Freehold,22.0,816.0,Condominium,1.0,High,Non Bumi Lot,Penang,16.0,9,0,0,0,0,0,0,0,1,1,3.0,1,0,1,1,1,0,0,1,1,0,1,1,1,0,370000
3,2,1115.0,Freehold,25.0,419.0,Condominium,2.0,High,Non Bumi Lot,Penang,6.0,7,0,0,0,0,0,0,0,1,1,3.0,0,0,1,0,0,1,0,1,1,1,1,0,1,0,565000
2,2,840.0,Freehold,35.0,1378.0,Condominium,2.0,Medium,Non Bumi Lot,Kuala Lumpur,,12,0,0,1,1,0,0,0,1,1,2.0,1,1,1,1,1,1,1,1,1,1,1,0,1,0,485000
3,3,1003.0,Leasehold,38.0,980.0,Condominium,2.0,Medium,Bumi Lot,Kuala Lumpur,4.0,11,0,0,1,1,0,1,1,0,0,2.0,1,0,1,1,1,1,1,1,1,0,1,1,1,0,450000
3,2,960.0,Freehold,31.0,4225.0,Service Residence,,,Non Bumi Lot,Kuala Lumpur,8.0,4,1,1,1,1,0,0,1,1,1,,0,0,0,0,0,0,0,1,1,0,1,0,1,0,420000
3,2,936.0,Freehold,38.0,420.0,Condominium,3.0,Medium,Non Bumi Lot,Penang,12.0,14,0,0,0,0,0,0,0,1,1,2.0,1,1,1,1,1,1,1,1,1,1,1,1,1,1,498000
1,1,619.0,Leasehold,34.0,542.0,Service Residence,1.0,High,Non Bumi Lot,Kuala Lumpur,6.0,4,0,1,1,1,0,0,1,1,0,3.0,0,0,1,0,0,0,0,1,0,0,1,0,1,0,300000
3,2,800.0,Freehold,,242.0,Apartment,1.0,High,Non Bumi Lot,Penang,,4,0,0,0,0,0,0,0,1,1,3.0,0,0,0,0,1,0,0,1,0,0,1,0,1,0,255000
2,2,871.0,Freehold,,316.0,Service Residence,1.0,High,Non Bumi Lot,Johor,,9,0,0,0,0,0,0,0,1,1,3.0,1,0,1,1,1,0,1,1,1,0,1,0,1,0,422888
3,2,807.0,Freehold,17.0,322.0,Apartment,,High,Bumi Lot,Johor,6.0,5,0,0,0,0,0,0,0,0,1,3.0,0,0,0,1,0,0,1,0,1,0,1,0,1,0,343000
3,2,1000.0,Leasehold,,,Apartment,,Low,Non Bumi Lot,Sarawak,,0,0,0,0,0,0,0,0,1,0,1.0,0,0,0,0,0,0,0,0,0,0,0,0,0,0,230000
3,2,850.0,Leasehold,,,Apartment,1.0,,Non Bumi Lot,Selangor,,4,0,0,0,0,0,0,0,1,0,,0,0,0,1,0,0,0,1,0,0,1,0,1,0,234000
3,2,1001.0,Leasehold,4.0,,Apartment,,High,Non Bumi Lot,Johor,,0,0,0,0,0,0,0,0,1,0,3.0,0,0,0,0,0,0,0,0,0,0,0,0,0,0,210000
4,2,844.0,Leasehold,,,Apartment,1.0,Medium,Bumi Lot,Selangor,,5,0,0,0,0,0,0,0,0,0,2.0,0,0,0,0,0,0,1,1,1,0,1,0,1,0,229000
3,2,1483.0,Freehold,46.0,1134.0,Service Residence,2.0,High,Non Bumi Lot,Johor,6.0,11,0,0,0,0,0,0,0,1,1,3.0,1,1,1,0,1,1,1,1,1,1,1,0,1,0,558888
3,2,1060.0,Freehold,25.0,237.0,Condominium,2.0,Medium,Non Bumi Lot,Penang,27.0,4,0,0,0,0,0,0,0,1,1,2.0,0,0,0,0,1,0,0,1,0,0,1,0,1,0,480000
2,1,689.0,Freehold,11.0,1240.0,Condominium,1.0,High,Non Bumi Lot,Kuala Lumpur,23.0,4,0,1,1,1,0,0,1,1,1,3.0,0,0,0,0,0,1,0,1,1,0,1,0,0,0,270000
3,2,1141.0,Freehold,,,Condominium,1.0,Low,Non Bumi Lot,,,0,0,0,0,0,0,0,0,1,1,1.0,0,0,0,0,0,0,0,0,0,0,0,0,0,0,300000
3,2,900.0,Leasehold,,,Condominium,1.0,Medium,Non Bumi Lot,Sabah,,0,0,0,0,0,0,0,0,1,0,2.0,0,0,0,0,0,0,0,0,0,0,0,0,0,0,420000
2,2,800.0,Leasehold,,,Service Residence,1.0,Medium,Non Bumi Lot,Kuala Lumpur,,10,0,0,0,0,0,0,0,1,0,2.0,1,0,1,0,1,1,1,1,1,1,1,0,1,0,405000
4,5,1968.0,Freehold,,803.0,Condominium,2.0,High,Non Bumi Lot,Penang,3.0,11,0,0,0,0,0,0,0,1,1,3.0,1,0,1,1,1,0,1,1,1,1,1,1,1,0,1100000
3,3,1082.0,Freehold,,552.0,Condominium,2.0,Medium,Non Bumi Lot,Selangor,1.0,10,0,0,0,0,0,0,0,1,1,2.0,1,0,1,0,1,1,0,1,1,1,1,1,1,0,310000
3,2,829.0,Freehold,,,Apartment,1.0,Medium,Non Bumi Lot,Kuala Lumpur,,6,0,0,0,0,0,0,0,1,1,2.0,1,0,1,0,0,0,0,1,1,0,1,0,1,0,300000
3,2,721.0,Freehold,13.0,496.0,Condominium,1.0,Medium,Non Bumi Lot,Penang,25.0,5,0,0,0,0,0,0,0,1,1,2.0,0,0,0,0,1,0,0,1,1,0,1,0,1,0,270000
2,1,700.0,Freehold,,,Apartment,1.0,Medium,Non Bumi Lot,,,8,0,0,0,0,0,0,0,1,1,2.0,1,0,1,1,1,0,1,1,1,0,1,0,0,0,420000
3,2,800.0,Freehold,5.0,,Apartment,1.0,Low,Non Bumi Lot,Selangor,,1,0,0,0,0,0,0,0,1,1,1.0,0,0,0,0,0,0,0,0,0,0,1,0,0,0,270000
3,2,850.0,Freehold,,960.0,Apartment,1.0,Medium,Bumi Lot,Selangor,,5,0,0,0,0,0,0,0,0,1,2.0,0,0,0,0,1,0,1,1,1,0,1,0,0,0,280000
3,2,682.0,Freehold,25.0,588.0,Service Residence,1.0,Medium,Non Bumi Lot,Selangor,18.0,8,1,1,1,1,0,0,1,1,1,2.0,0,0,0,0,1,1,1,1,1,0,1,0,1,1,290000
3,2,1044.0,Leasehold,,698.0,Apartment,1.0,Medium,Bumi Lot,Johor,18.0,0,0,0,0,0,0,0,0,0,0,2.0,0,0,0,0,0,0,0,0,0,0,0,0,0,0,269000
3,1,650.0,Leasehold,,,Apartment,,Low,Bumi Lot,Selangor,,1,0,0,0,1,0,0,0,0,0,1.0,0,0,0,0,0,0,0,1,0,0,0,0,0,0,180000
3,2,1159.0,Leasehold,5.0,414.0,Apartment,1.0,,Non Bumi Lot,Selangor,17.0,7,0,0,0,0,0,0,0,1,0,,1,0,1,0,1,0,0,1,1,0,1,0,1,0,289000
3,2,1003.0,Freehold,,363.0,Service Residence,2.0,Medium,Non Bumi Lot,Kuala Lumpur,5.0,5,1,1,1,1,0,1,1,1,1,2.0,1,0,1,0,0,0,1,0,1,0,1,0,0,0,878720
3,2,750.0,Leasehold,17.0,3.0,Apartment,1.0,Medium,Non Bumi Lot,Penang,31.0,2,0,0,0,0,0,0,0,1,0,2.0,0,0,0,0,0,0,0,1,0,0,1,0,0,0,235000
3,2,1100.0,Freehold,19.0,,Condominium,2.0,High,Non Bumi Lot,Kuala Lumpur,,10,1,1,1,1,0,0,1,1,1,3.0,1,0,1,1,1,1,0,1,1,0,1,0,1,1,550000
4,4,3200.0,Freehold,6.0,36.0,Condominium,3.0,,Non Bumi Lot,Penang,28.0,5,0,0,0,0,0,0,0,1,1,,0,0,1,0,0,0,0,1,1,0,1,0,1,0,1100000
3,2,710.0,Leasehold,,,Flat,,Low,Non Bumi Lot,Johor,,0,0,0,0,0,0,0,0,1,0,1.0,0,0,0,0,0,0,0,0,0,0,0,0,0,0,190000
3,2,850.0,Leasehold,13.0,,Apartment,,High,Non Bumi Lot,Johor,14.0,4,0,0,0,0,0,0,0,1,0,3.0,0,0,0,1,0,1,0,0,1,0,1,0,0,0,218000
3,2,1084.0,Freehold,10.0,160.0,Condominium,1.0,Medium,Non Bumi Lot,Kuala Lumpur,,9,1,0,1,1,0,0,0,1,1,2.0,0,0,1,0,1,1,0,1,1,0,1,1,1,1,289999
3,2,850.0,Freehold,22.0,816.0,Condominium,2.0,Low,Non Bumi Lot,Penang,16.0,9,0,0,0,0,0,0,0,1,1,1.0,1,0,1,1,1,0,0,1,1,0,1,1,1,0,380000
3,2,1000.0,Freehold,,,Condominium,2.0,Medium,Non Bumi Lot,,,6,0,0,0,0,0,0,0,1,1,2.0,0,0,1,0,1,0,0,1,1,0,1,0,1,0,308000
2,1,650.0,Leasehold,,,Flat,,,Non Bumi Lot,Kuala Lumpur,,0,0,0,0,0,0,0,0,1,0,,0,0,0,0,0,0,0,0,0,0,0,0,0,0,227000
2,2,650.0,Freehold,,,Service Residence,1.0,,Non Bumi Lot,Kuala Lumpur,,11,1,1,1,1,1,0,0,1,1,,1,0,1,1,1,1,1,1,1,0,1,0,1,1,420000
2,2,950.0,Freehold,,450.0,Condominium,2.0,Medium,Non Bumi Lot,Penang,1.0,10,0,0,0,0,0,0,0,1,1,2.0,1,0,1,0,1,1,1,1,1,1,1,0,1,0,1200000
3,2,1300.0,Freehold,19.0,706.0,Condominium,2.0,,Non Bumi Lot,Penang,13.0,10,0,0,0,0,0,0,0,1,1,,1,0,1,1,1,0,1,1,1,1,1,0,1,0,620000
3,2,692.0,Freehold,,,Flat,1.0,Medium,Non Bumi Lot,Johor,,3,0,0,0,0,0,0,0,1,1,2.0,0,0,0,0,0,1,0,1,1,0,0,0,0,0,138000
1,1,513.0,Freehold,21.0,780.0,Service Residence,1.0,High,Non Bumi Lot,Johor,,13,0,0,0,0,0,0,0,1,1,3.0,1,1,1,1,1,1,1,1,1,1,1,0,1,1,280000
3,2,936.0,Freehold,38.0,420.0,Condominium,2.0,Medium,Non Bumi Lot,Penang,12.0,14,0,0,0,0,0,0,0,1,1,2.0,1,1,1,1,1,1,1,1,1,1,1,1,1,1,570000
3,2,700.0,Leasehold,,,Apartment,1.0,Medium,Non Bumi Lot,Selangor,,4,0,0,0,0,0,0,0,1,0,2.0,0,0,0,1,0,0,0,1,0,0,1,0,1,0,160000
3,2,1239.0,Freehold,33.0,550.0,Condominium,2.0,,Non Bumi Lot,Penang,2.0,9,0,0,0,0,0,0,0,1,1,,1,1,1,1,0,0,1,0,1,1,1,0,1,0,870000
3,2,1185.0,Freehold,,,Apartment,2.0,Low,Bumi Lot,Selangor,,0,0,0,0,0,0,0,0,0,1,1.0,0,0,0,0,0,0,0,0,0,0,0,0,0,0,300000
3,2,1110.0,Freehold,,410.0,Condominium,2.0,Medium,Non Bumi Lot,Kuala Lumpur,15.0,9,0,0,0,0,0,0,0,1,1,2.0,1,0,1,0,0,1,1,1,1,1,1,0,1,0,570000
3,2,1275.0,Freehold,30.0,410.0,Condominium,2.0,,Non Bumi Lot,Penang,6.0,0,0,0,0,0,0,0,0,1,1,,0,0,0,0,0,0,0,0,0,0,0,0,0,0,600000
3,2,1068.0,Freehold,30.0,311.0,Condominium,2.0,Medium,Non Bumi Lot,Johor,7.0,11,0,0,0,0,0,0,0,1,1,2.0,1,0,1,1,0,1,1,1,1,1,1,0,1,1,450000
3,2,1054.0,Freehold,20.0,,Apartment,,Medium,Bumi Lot,Putrajaya,,8,0,0,0,0,0,0,0,0,1,2.0,1,0,1,1,1,0,0,1,1,0,1,0,1,0,365000
1,1,640.0,Freehold,,,Apartment,,High,Non Bumi Lot,Perak,,4,0,0,0,0,0,0,0,1,1,3.0,0,0,0,0,1,0,0,1,0,0,1,0,1,0,110000
3,2,660.0,Freehold,,,Apartment,,Medium,Bumi Lot,Negeri Sembilan,,2,0,0,0,0,0,0,0,0,1,2.0,0,0,0,0,0,1,0,1,0,0,0,0,0,0,120000
2,2,714.0,Leasehold,16.0,512.0,Service Residence,,,Non Bumi Lot,Selangor,9.0,6,0,0,0,0,0,0,0,1,0,,0,0,1,1,0,1,0,1,1,0,1,0,0,0,330000
3,2,900.0,Leasehold,,,Service Residence,2.0,,Non Bumi Lot,Selangor,,14,0,0,0,0,0,0,0,1,0,,1,1,1,1,1,1,1,1,1,1,1,1,1,1,380000
3,2,807.0,Leasehold,,,Apartment,1.0,Medium,Non Bumi Lot,,,4,0,0,0,0,0,0,0,1,0,2.0,0,0,0,0,1,0,0,1,1,0,1,0,0,0,200000
2,2,762.0,Leasehold,,512.0,Apartment,1.0,Low,Non Bumi Lot,Sabah,,3,0,0,0,0,0,0,0,1,0,1.0,0,0,0,0,0,1,0,1,0,0,1,0,0,0,338000
3,2,450.0,Freehold,,1149.0,Service Residence,2.0,,Non Bumi Lot,Selangor,8.0,11,0,0,0,0,0,0,0,1,1,,1,0,1,1,1,1,1,1,1,1,1,0,1,0,188000
3,2,800.0,Leasehold,,,Flat,1.0,Medium,Non Bumi Lot,Selangor,,0,0,0,0,0,0,0,0,1,0,2.0,0,0,0,0,0,0,0,0,0,0,0,0,0,0,108000
3,2,1020.0,Freehold,12.0,140.0,Condominium,1.0,,Non Bumi Lot,Kuala Lumpur,34.0,6,1,1,1,1,0,0,1,1,1,,1,0,1,0,0,0,0,1,1,0,1,0,1,0,330000
4,3,1766.0,Freehold,25.0,89.0,Condominium,2.0,,Non Bumi Lot,Penang,1.0,9,0,0,0,0,0,0,0,1,1,,1,0,1,1,1,0,1,1,1,0,1,0,1,0,1009000
3,2,926.0,Freehold,14.0,340.0,Apartment,1.0,,Bumi Lot,Selangor,,8,0,0,0,0,0,0,0,0,1,,0,0,1,1,0,1,0,1,1,0,1,1,1,0,270000
2,2,855.0,Freehold,,403.0,Service Residence,1.0,Medium,Non Bumi Lot,Selangor,5.0,9,0,0,1,1,0,0,0,1,1,2.0,0,0,1,0,1,1,0,1,1,1,1,1,1,0,530000
3,1,700.0,Freehold,18.0,701.0,Apartment,1.0,High,Non Bumi Lot,Penang,15.0,3,0,0,0,0,0,0,0,1,1,3.0,0,0,0,0,0,0,0,1,1,0,1,0,0,0,285000
3,2,571.0,Freehold,,,Flat,,High,Non Bumi Lot,Johor,,1,0,0,0,0,0,0,0,1,1,3.0,0,0,0,0,0,0,0,1,0,0,0,0,0,0,85000
3,2,1288.0,Freehold,21.0,455.0,Condominium,,Medium,Non Bumi Lot,Selangor,8.0,7,0,0,0,0,0,0,0,1,1,2.0,1,0,1,1,0,0,1,0,1,0,1,0,1,0,320000
3,2,957.0,Freehold,,,Apartment,,Medium,Non Bumi Lot,Selangor,,3,0,0,0,0,0,0,0,1,1,2.0,0,0,0,0,0,1,0,1,0,0,1,0,0,0,212000
3,2,1017.0,Freehold,9.0,,Apartment,1.0,Medium,Non Bumi Lot,Selangor,,5,0,0,0,0,0,0,0,1,1,2.0,0,0,0,0,1,1,0,1,0,0,1,0,1,0,325000
3,2,1458.0,Freehold,26.0,220.0,Condominium,2.0,High,Non Bumi Lot,Penang,4.0,8,0,0,0,0,0,0,0,1,1,3.0,0,0,1,0,1,1,0,1,1,0,1,1,1,0,1400000
3,2,1095.0,Freehold,38.0,434.0,Condominium,1.0,,Non Bumi Lot,Penang,7.0,7,0,0,0,0,0,0,0,1,1,,1,0,1,1,0,0,0,0,1,1,1,0,1,0,565000
3,2,1165.0,Freehold,,406.0,Condominium,2.0,,Non Bumi Lot,Penang,2.0,10,0,0,0,0,0,0,0,1,1,,1,0,1,1,1,0,1,1,1,1,1,0,1,0,620000
1,1,640.0,Freehold,,1050.0,Condominium,,High,Non Bumi Lot,Johor,5.0,11,0,0,0,0,0,0,0,1,1,3.0,1,0,1,1,0,0,1,1,1,1,1,1,1,1,348000
3,2,700.0,Freehold,35.0,,Condominium,1.0,High,Non Bumi Lot,Penang,25.0,5,0,0,0,0,0,0,0,1,1,3.0,0,0,0,1,0,1,0,1,1,0,1,0,0,0,245000
3,2,850.0,Leasehold,15.0,,Apartment,2.0,Medium,Non Bumi Lot,Selangor,,5,1,0,0,1,0,0,0,1,0,2.0,0,0,0,1,1,0,0,1,1,0,1,0,0,0,340000
3,3,1475.0,Freehold,17.0,328.0,Condominium,2.0,,Non Bumi Lot,Penang,11.0,11,0,0,0,0,0,0,0,1,1,,1,0,1,1,1,0,1,1,1,1,1,0,1,1,1200000
4,2,1292.0,Leasehold,25.0,576.0,Service Residence,3.0,Medium,Non Bumi Lot,Kuala Lumpur,7.0,8,0,1,1,0,1,0,1,1,0,2.0,1,0,1,1,0,0,1,1,1,0,1,0,1,0,598000
2,2,1272.0,Leasehold,,,Condominium,2.0,Medium,Non Bumi Lot,Melaka,,7,0,0,0,0,0,0,0,1,0,2.0,0,0,0,0,1,1,1,1,1,0,1,0,1,0,160000
3,2,860.0,Freehold,15.0,720.0,Service Residence,2.0,,Non Bumi Lot,Selangor,6.0,0,0,1,0,0,0,0,0,1,1,,0,0,0,0,0,0,0,0,0,0,0,0,0,0,220000
3,1,624.0,Freehold,5.0,,Apartment,1.0,High,Non Bumi Lot,Penang,,0,0,0,0,0,0,0,0,1,1,3.0,0,0,0,0,0,0,0,0,0,0,0,0,0,0,180000
3,1,615.0,Leasehold,12.0,,Apartment,,Medium,Bumi Lot,Kuala Lumpur,,4,0,0,0,0,0,0,0,0,0,2.0,0,0,0,0,1,0,1,1,1,0,0,0,0,0,210000
3,3,1475.0,Freehold,17.0,328.0,Condominium,2.0,Medium,Non Bumi Lot,Penang,11.0,5,0,0,0,0,0,0,0,1,1,2.0,0,0,0,0,1,0,0,1,1,0,1,0,1,0,1200000
3,2,966.0,Leasehold,,,Apartment,,Low,Non Bumi Lot,Johor,,0,0,0,0,0,0,0,0,1,0,1.0,0,0,0,0,0,0,0,0,0,0,0,0,0,0,235000
3,2,1000.0,Freehold,,,Condominium,1.0,Low,Non Bumi Lot,Pahang,,5,0,0,0,0,0,0,0,1,1,1.0,1,0,0,1,0,0,0,1,1,0,1,0,0,0,320000
3,2,950.0,Freehold,,,Condominium,2.0,,Non Bumi Lot,Selangor,,9,0,0,0,0,1,0,0,1,1,,1,0,1,1,1,1,0,1,1,1,1,0,0,0,342000
3,2,883.0,Leasehold,5.0,,Apartment,,Medium,Non Bumi Lot,Selangor,,4,0,0,1,1,0,0,0,1,0,2.0,0,0,0,0,0,1,0,1,1,0,1,0,0,0,230000
3,2,850.0,Leasehold,16.0,488.0,Condominium,1.0,,Non Bumi Lot,Penang,25.0,13,0,0,0,0,0,0,0,1,0,,1,1,1,1,1,1,0,1,1,1,1,1,1,1,447000
2,1,1226.0,Leasehold,,,Service Residence,1.0,Medium,Non Bumi Lot,Sarawak,,0,0,0,0,0,0,0,0,1,0,2.0,0,0,0,0,0,0,0,0,0,0,0,0,0,0,390000
4,4,2874.0,Leasehold,38.0,734.0,Condominium,6.0,Medium,Non Bumi Lot,Kuala Lumpur,1.0,14,1,1,1,1,0,0,1,1,0,2.0,1,1,1,1,1,1,1,1,1,1,1,1,1,1,1700000
3,2,650.0,Leasehold,5.0,,Flat,,High,Bumi Lot,Selangor,,12,0,0,0,1,1,0,1,0,0,3.0,1,1,1,1,1,1,1,0,0,1,1,1,1,1,160000
4,3,1250.0,Freehold,36.0,981.0,Condominium,2.0,Medium,Bumi Lot,Kuala Lumpur,8.0,9,1,1,1,1,0,1,0,0,1,2.0,1,0,1,1,1,0,1,1,1,0,1,0,1,0,650000
3,2,860.0,Freehold,5.0,,Condominium,,High,Non Bumi Lot,Selangor,,3,1,0,1,0,0,0,0,1,1,3.0,0,0,0,0,0,0,0,1,1,0,1,0,0,0,250000
3,2,818.0,Leasehold,44.0,2136.0,Service Residence,1.0,High,Non Bumi Lot,Kuala Lumpur,2.0,8,0,1,0,1,0,0,1,1,0,3.0,1,0,1,1,1,0,0,1,1,0,1,0,1,0,340000
3,2,845.0,Freehold,21.0,744.0,Condominium,1.0,,Non Bumi Lot,Kuala Lumpur,21.0,10,0,0,1,1,0,0,0,1,1,,1,0,1,1,0,1,0,1,1,1,1,0,1,1,260000
2,1,500.0,Leasehold,,,Flat,,,Non Bumi Lot,Penang,,0,0,0,0,0,0,0,0,1,0,,0,0,0,0,0,0,0,0,0,0,0,0,0,0,125000
3,2,650.0,Freehold,27.0,454.0,Apartment,,Medium,Non Bumi Lot,Penang,,3,0,0,0,0,0,0,0,1,1,2.0,0,0,0,0,1,0,0,1,0,0,1,0,0,0,250000
3,2,1184.0,Freehold,,,Apartment,,,Non Bumi Lot,Johor,,0,0,0,0,0,0,0,0,1,1,,0,0,0,0,0,0,0,0,0,0,0,0,0,0,330000
1,1,727.0,Freehold,44.0,477.0,Service Residence,1.0,,Non Bumi Lot,Kuala Lumpur,3.0,9,0,1,1,1,0,0,0,1,1,,0,0,1,0,1,0,1,1,1,1,1,1,1,0,850000
3,2,1018.0,Leasehold,,,Condominium,2.0,High,Non Bumi Lot,Kuala Lumpur,,6,1,0,1,1,1,0,0,1,0,3.0,0,0,1,0,1,0,0,1,1,0,1,0,1,0,470000
2,2,947.0,Freehold,34.0,462.0,Service Residence,2.0,,Non Bumi Lot,Penang,3.0,10,0,0,0,0,0,0,0,1,1,,1,0,1,1,1,0,1,1,1,1,1,0,1,0,480000
3,2,1001.0,Freehold,44.0,1400.0,Apartment,2.0,Medium,Non Bumi Lot,Kuala Lumpur,3.0,8,0,0,0,0,0,0,0,1,1,2.0,1,0,1,0,1,0,1,1,1,0,1,0,1,0,550000
3,2,1010.0,Leasehold,,397.0,Apartment,1.0,Medium,Non Bumi Lot,Kuala Lumpur,16.0,7,0,1,1,1,1,0,1,1,0,2.0,1,0,1,0,0,1,0,1,1,0,1,0,1,0,399999
3,2,1058.0,Freehold,16.0,260.0,Apartment,1.0,High,Non Bumi Lot,Selangor,,8,0,0,0,0,0,0,0,1,1,3.0,0,0,1,0,1,1,1,1,1,0,1,0,1,0,330000
3,2,1300.0,Freehold,21.0,455.0,Condominium,2.0,High,Non Bumi Lot,Selangor,8.0,9,0,0,0,0,0,0,0,1,1,3.0,1,0,1,1,1,0,1,1,1,0,1,0,1,0,350000
3,2,860.0,Leasehold,10.0,,Apartment,,Medium,Bumi Lot,Selangor,,5,0,0,0,0,0,0,0,0,0,2.0,0,0,0,0,1,1,0,1,0,0,1,0,1,0,280000
3,2,760.0,Leasehold,,,Apartment,,Low,Bumi Lot,Selangor,,2,1,0,0,1,0,0,0,0,0,1.0,0,0,0,0,0,0,0,1,0,0,1,0,0,0,193000
2,1,600.0,Freehold,49.0,480.0,Service Residence,1.0,High,Non Bumi Lot,Penang,5.0,6,0,0,0,0,0,0,0,1,1,3.0,0,0,1,0,1,0,0,1,1,0,1,0,1,0,480000
2,2,430.0,Freehold,,,Service Residence,,,Non Bumi Lot,Kuala Lumpur,2.0,1,1,1,1,1,1,0,1,1,1,,0,0,0,0,0,0,1,0,0,0,0,0,0,0,345000
3,2,700.0,Freehold,24.0,234.0,Apartment,1.0,,Non Bumi Lot,Penang,,4,0,0,0,0,0,0,0,1,1,,0,0,0,0,1,0,0,1,1,0,1,0,0,0,260000
2,1,570.0,Freehold,,,Flat,,Low,Non Bumi Lot,Johor,,0,0,0,0,0,0,0,0,1,1,1.0,0,0,0,0,0,0,0,0,0,0,0,0,0,0,175000
4,3,1900.0,Freehold,,350.0,Condominium,2.0,Low,Bumi Lot,Selangor,6.0,6,1,1,1,1,1,0,0,0,1,1.0,0,0,1,1,0,0,1,0,1,0,1,0,1,0,670000
3,2,850.0,Freehold,17.0,,Flat,1.0,Medium,Bumi Lot,Putrajaya,,3,0,0,0,0,0,0,0,0,1,2.0,0,0,0,1,0,0,0,1,0,0,0,0,1,0,270000
3,2,950.0,Freehold,,,Apartment,,,Non Bumi Lot,,,4,0,0,0,0,0,0,0,1,1,,0,0,0,1,0,0,0,1,1,0,1,0,0,0,318000
3,2,815.0,Freehold,35.0,912.0,Service Residence,2.0,Low,Non Bumi Lot,Selangor,3.0,14,1,0,0,1,0,0,0,1,1,1.0,1,1,1,1,1,1,1,1,1,1,1,1,1,1,485000
3,2,882.0,Freehold,,,Apartment,1.0,Medium,Non Bumi Lot,Penang,,3,0,0,0,0,0,0,0,1,1,2.0,0,0,0,0,1,0,0,1,0,0,1,0,0,0,230000
3,2,850.0,Freehold,47.0,1413.0,Service Residence,2.0,High,Non Bumi Lot,Kuala Lumpur,2.0,12,0,0,0,0,0,0,0,1,1,3.0,1,1,1,1,1,1,1,1,1,1,1,0,1,0,430000
1,1,667.0,Leasehold,22.0,470.0,Service Residence,1.0,High,Non Bumi Lot,Kuala Lumpur,9.0,10,1,1,1,1,1,0,0,1,0,3.0,0,0,1,1,1,1,1,1,1,1,1,0,1,0,290000
3,3,1515.0,Freehold,15.0,198.0,Condominium,1.0,Low,Non Bumi Lot,Putrajaya,25.0,11,0,0,0,0,0,0,0,1,1,1.0,1,0,1,1,1,1,1,1,1,1,1,0,1,0,550000
3,2,1238.0,Freehold,14.0,319.0,Apartment,1.0,Medium,Non Bumi Lot,Johor,,10,0,0,0,0,0,0,0,1,1,2.0,1,0,1,1,0,1,0,1,1,1,1,0,1,1,368000
1,1,460.0,Freehold,,,Service Residence,1.0,,Non Bumi Lot,Pahang,,14,0,0,0,0,0,0,0,1,1,,1,1,1,1,1,1,1,1,1,1,1,1,1,1,380000
4,3,1507.0,Leasehold,31.0,660.0,Service Residence,3.0,Medium,Non Bumi Lot,Selangor,3.0,12,0,0,0,1,0,0,1,1,0,2.0,1,0,1,1,1,1,1,1,1,1,1,0,1,1,1080000
3,1,764.0,Leasehold,14.0,,Apartment,,Medium,Bumi Lot,Kuala Lumpur,22.0,5,0,0,0,0,0,0,0,0,0,2.0,0,0,0,0,0,1,0,1,1,0,1,0,1,0,160000
3,2,700.0,Leasehold,5.0,,Apartment,,,Bumi Lot,Kuala Lumpur,,3,0,0,1,1,0,0,0,0,0,,0,0,0,0,0,1,0,1,1,0,0,0,0,0,230000
4,2,1139.0,Freehold,12.0,196.0,Condominium,1.0,,Non Bumi Lot,Selangor,15.0,6,0,0,0,0,0,0,0,1,1,,1,0,1,0,0,0,0,1,1,0,1,0,1,0,390000
3,2,1130.0,Freehold,,,Condominium,2.0,,Non Bumi Lot,Penang,,0,0,0,0,0,0,0,0,1,1,,0,0,0,0,0,0,0,0,0,0,0,0,0,0,460000
3,2,600.0,Leasehold,,,Apartment,,High,Bumi Lot,Selangor,,4,0,0,0,1,1,0,1,0,0,3.0,0,0,0,1,0,1,0,1,1,0,0,0,0,0,165000
3,2,650.0,Freehold,3.0,,Apartment,,,Non Bumi Lot,Selangor,8.0,0,0,0,1,1,0,0,0,1,1,,0,0,0,0,0,0,0,0,0,0,0,0,0,0,124999
3,2,700.0,Leasehold,17.0,1296.0,Apartment,1.0,Medium,Non Bumi Lot,Penang,38.0,3,0,0,0,0,0,0,0,1,0,2.0,0,0,0,0,0,1,0,1,1,0,0,0,0,0,198000
3,2,1520.0,Freehold,,,Apartment,2.0,Medium,Non Bumi Lot,Sarawak,,0,0,0,0,0,0,0,0,1,1,2.0,0,0,0,0,0,0,0,0,0,0,0,0,0,0,595000
3,2,806.0,Freehold,20.0,1.0,Condominium,1.0,Low,Non Bumi Lot,Kuala Lumpur,16.0,5,0,0,1,1,0,0,0,1,1,1.0,0,0,0,0,1,0,0,1,1,0,1,0,1,0,305000
3,2,1288.0,Leasehold,,,Apartment,,Medium,Non Bumi Lot,Sarawak,,0,0,0,0,0,0,0,0,1,0,2.0,0,0,0,0,0,0,0,0,0,0,0,0,0,0,350000
3,2,650.0,Leasehold,,,Flat,,High,Bumi Lot,Selangor,,5,0,0,0,0,0,0,0,0,0,3.0,0,0,0,0,0,1,1,1,1,0,1,0,0,0,119000
3,2,700.0,Freehold,20.0,,Condominium,1.0,Low,Non Bumi Lot,Penang,17.0,7,0,0,0,0,0,0,0,1,1,1.0,1,0,1,1,1,0,0,1,1,0,1,0,0,0,388000
1,1,318.0,Freehold,,,Service Residence,1.0,Low,Non Bumi Lot,Kuala Lumpur,,14,0,0,0,0,0,0,0,1,1,1.0,1,1,1,1,1,1,1,1,1,1,1,1,1,1,788000
3,2,1093.0,Leasehold,,634.0,Condominium,1.0,,Non Bumi Lot,Selangor,,8,1,1,1,0,0,0,0,1,0,,1,0,1,0,0,0,0,1,1,1,1,0,1,1,360000
3,2,909.0,Freehold,29.0,412.0,Condominium,2.0,,Non Bumi Lot,Kuala Lumpur,6.0,6,1,1,1,1,0,0,1,1,1,,1,0,1,0,0,0,0,1,1,0,1,0,1,0,560000
3,2,1050.0,Freehold,4.0,,Service Residence,,,Non Bumi Lot,Johor,,0,0,0,0,0,0,0,0,1,1,,0,0,0,0,0,0,0,0,0,0,0,0,0,0,298000
4,2,1207.0,Leasehold,18.0,250.0,Service Residence,1.0,Medium,Non Bumi Lot,Kuala Lumpur,10.0,10,1,0,1,1,0,0,0,1,0,2.0,0,1,1,1,1,1,1,1,1,0,1,0,1,0,449000
3,2,1323.0,Freehold,18.0,,Condominium,,,Non Bumi Lot,Kuala Lumpur,24.0,9,1,1,1,1,0,0,1,1,1,,1,0,1,0,0,1,1,1,1,0,1,0,1,1,355000
4,4,2600.0,Freehold,25.0,,Condominium,2.0,,Non Bumi Lot,Penang,13.0,8,0,0,0,0,0,0,0,1,1,,1,0,1,0,0,0,1,1,1,1,1,0,1,0,1230000
4,1,732.0,Leasehold,,,Apartment,,,Non Bumi Lot,Selangor,,1,0,0,1,1,0,0,0,1,0,,0,0,0,0,0,1,0,0,0,0,0,0,0,0,180000
3,2,1538.0,Freehold,14.0,1339.0,Condominium,,,Non Bumi Lot,Selangor,23.0,8,0,0,0,0,0,0,0,1,1,,0,0,1,0,1,1,0,1,1,1,1,0,1,0,269000
2,2,1188.0,Leasehold,24.0,296.0,Condominium,2.0,Medium,Bumi Lot,Selangor,15.0,9,0,0,1,1,0,0,0,0,0,2.0,1,0,1,1,0,0,1,0,1,1,1,0,1,1,550000
2,1,494.0,Freehold,,,Flat,,Low,Bumi Lot,Johor,,0,0,0,0,0,0,0,0,0,1,1.0,0,0,0,0,0,0,0,0,0,0,0,0,0,0,158000
3,2,1038.0,Freehold,14.0,319.0,Apartment,,Medium,Non Bumi Lot,Johor,,10,0,0,0,0,0,0,0,1,1,2.0,1,0,1,1,0,1,0,1,1,1,1,0,1,1,420000
3,2,800.0,Freehold,24.0,342.0,Condominium,1.0,Low,Non Bumi Lot,Penang,25.0,4,0,0,0,0,0,0,0,1,1,1.0,0,0,0,0,0,1,0,1,0,0,1,0,1,0,392000
4,2,1207.0,Leasehold,18.0,250.0,Service Residence,1.0,Low,Non Bumi Lot,Kuala Lumpur,10.0,6,1,0,1,1,0,0,0,1,0,1.0,0,1,0,0,0,1,1,0,1,0,1,0,1,0,535000
3,2,720.0,Leasehold,,,Apartment,1.0,High,Bumi Lot,Selangor,,2,1,0,0,1,0,0,0,0,0,3.0,0,0,0,0,0,0,0,1,1,0,0,0,0,0,160000
3,3,1539.0,Freehold,17.0,328.0,Condominium,3.0,,Non Bumi Lot,Penang,11.0,0,0,0,0,0,0,0,0,1,1,,0,0,0,0,0,0,0,0,0,0,0,0,0,0,1220000
3,2,874.0,Leasehold,11.0,,Apartment,1.0,Low,Non Bumi Lot,Selangor,,4,1,0,1,1,1,0,0,1,0,1.0,0,0,0,0,0,1,0,1,1,0,0,0,1,0,275000
3,2,750.0,Leasehold,5.0,,Flat,,Low,Non Bumi Lot,Selangor,,6,1,1,1,1,1,0,0,1,0,1.0,0,0,0,0,1,1,1,1,1,0,1,0,0,0,240000
3,3,1213.0,Leasehold,21.0,482.0,Condominium,2.0,,Non Bumi Lot,Selangor,7.0,9,0,0,0,0,0,0,0,1,0,,1,0,1,0,1,1,1,1,1,0,1,0,1,0,400000
3,2,753.0,Freehold,,,Apartment,,,Non Bumi Lot,Selangor,,6,0,0,0,0,0,0,0,1,1,,1,0,0,0,1,0,0,1,1,0,1,0,1,0,185000
2,2,550.0,Leasehold,19.0,1632.0,Apartment,,Low,Non Bumi Lot,Penang,24.0,0,0,0,0,0,0,0,0,1,0,1.0,0,0,0,0,0,0,0,0,0,0,0,0,0,0,220000
2,2,853.0,Leasehold,,,Service Residence,1.0,,Non Bumi Lot,Johor,,14,0,0,0,0,0,0,0,1,0,,1,1,1,1,1,1,1,1,1,1,1,1,1,1,345000
3,2,1419.0,Freehold,24.0,1235.0,Condominium,2.0,High,Non Bumi Lot,Penang,2.0,8,0,0,0,0,0,0,0,1,1,3.0,0,0,1,1,1,0,0,1,1,1,1,0,1,0,980000
3,2,1100.0,Freehold,,,Condominium,2.0,Medium,Non Bumi Lot,Selangor,,14,0,0,0,0,0,0,0,1,1,2.0,1,1,1,1,1,1,1,1,1,1,1,1,1,1,392000
3,2,1200.0,Freehold,27.0,798.0,Condominium,2.0,Medium,Bumi Lot,Selangor,15.0,8,0,0,1,1,0,0,0,0,1,2.0,1,1,1,0,0,0,0,1,1,1,1,1,0,0,330000
3,2,1000.0,Freehold,13.0,445.0,Apartment,,Low,Non Bumi Lot,Selangor,16.0,7,0,0,0,0,0,1,0,1,1,1.0,1,0,0,1,1,1,0,1,1,0,1,0,0,0,295000
3,2,1750.0,Freehold,33.0,550.0,Condominium,4.0,High,Non Bumi Lot,Penang,2.0,11,0,0,0,0,0,0,0,1,1,3.0,1,1,1,1,1,0,1,1,1,1,1,0,1,0,1300000
3,1,622.0,Freehold,,,Apartment,1.0,,Non Bumi Lot,Penang,,0,0,0,0,0,0,0,0,1,1,,0,0,0,0,0,0,0,0,0,0,0,0,0,0,328000
3,2,1100.0,Leasehold,43.0,1472.0,Condominium,,,Non Bumi Lot,Kuala Lumpur,4.0,14,0,0,0,0,0,0,0,1,0,,1,1,1,1,1,1,1,1,1,1,1,1,1,1,450000
3,2,819.0,Leasehold,44.0,2136.0,Service Residence,1.0,High,Non Bumi Lot,Kuala Lumpur,2.0,6,0,1,0,1,0,0,1,1,0,3.0,0,0,1,0,1,0,0,1,1,0,1,0,1,0,440000
3,2,861.0,Leasehold,13.0,,Apartment,,Medium,Bumi Lot,Johor,14.0,4,0,0,0,0,0,0,0,0,0,2.0,0,0,0,1,0,1,0,0,1,0,1,0,0,0,230000
3,3,1453.0,Freehold,,,Condominium,4.0,Medium,Non Bumi Lot,Penang,,0,0,0,0,0,0,0,0,1,1,2.0,0,0,0,0,0,0,0,0,0,0,0,0,0,0,500000
3,2,700.0,Leasehold,17.0,3.0,Apartment,1.0,High,Non Bumi Lot,Penang,31.0,0,0,0,0,0,0,0,0,1,0,3.0,0,0,0,0,0,0,0,0,0,0,0,0,0,0,265000
3,2,650.0,Leasehold,5.0,,Flat,,Low,Non Bumi Lot,Selangor,,0,0,0,0,0,0,0,0,1,0,1.0,0,0,0,0,0,0,0,0,0,0,0,0,0,0,200000
3,2,995.0,Freehold,,521.0,Condominium,,,Non Bumi Lot,Selangor,14.0,8,1,1,1,1,0,0,1,1,1,,1,1,1,1,0,1,0,0,0,1,0,1,0,1,420000
3,2,850.0,Leasehold,12.0,1012.0,Apartment,1.0,Medium,Non Bumi Lot,Sabah,,5,0,0,0,0,0,0,0,1,0,2.0,0,0,0,0,1,0,0,1,1,0,1,0,1,0,260000
2,1,520.0,Freehold,,,Flat,1.0,Low,Bumi Lot,Johor,,0,0,0,0,0,0,0,0,0,1,1.0,0,0,0,0,0,0,0,0,0,0,0,0,0,0,98000
3,2,1000.0,Leasehold,18.0,348.0,Service Residence,2.0,Medium,Non Bumi Lot,Selangor,11.0,0,0,0,0,0,0,0,0,1,0,2.0,0,0,0,0,0,0,0,0,0,0,0,0,0,0,590000
3,2,1100.0,Freehold,30.0,816.0,Condominium,4.0,,Non Bumi Lot,Penang,7.0,8,0,0,0,0,0,0,0,1,1,,1,0,1,1,0,0,1,1,1,0,1,0,1,0,620000
3,2,960.0,Leasehold,13.0,234.0,Apartment,1.0,Low,Non Bumi Lot,Kuala Lumpur,,3,0,0,1,1,0,0,0,1,0,1.0,0,0,0,0,1,0,0,1,0,0,1,0,0,0,440000
3,2,860.0,Freehold,,,Apartment,1.0,,Non Bumi Lot,Selangor,,4,0,0,0,1,0,0,0,1,1,,0,0,0,1,0,0,0,0,1,0,1,0,1,0,240000
3,2,1068.0,Freehold,14.0,702.0,Condominium,1.0,High,Non Bumi Lot,Selangor,16.0,11,0,0,0,0,0,0,0,1,1,3.0,1,1,1,0,1,1,1,1,1,0,1,1,1,0,360000
3,2,1028.0,Leasehold,,698.0,Apartment,,,Non Bumi Lot,Johor,18.0,2,0,0,0,0,0,0,0,1,0,,0,0,0,0,0,0,0,0,0,0,1,0,1,0,305000
3,2,868.0,Leasehold,,300.0,Apartment,1.0,,Bumi Lot,Selangor,13.0,6,0,0,1,0,1,0,0,0,0,,0,0,0,1,0,1,0,1,1,0,0,0,1,1,340000
3,2,850.0,Freehold,24.0,342.0,Condominium,1.0,Medium,Non Bumi Lot,Penang,25.0,6,0,0,0,0,0,0,0,1,1,2.0,0,0,0,0,1,1,0,1,1,0,1,0,1,0,380000
2,2,802.0,Freehold,33.0,490.0,Condominium,,High,Non Bumi Lot,Penang,3.0,10,0,0,0,0,0,0,0,1,1,3.0,1,0,1,1,1,1,1,1,1,0,1,0,1,0,410000
3,2,1600.0,Freehold,22.0,320.0,Condominium,,,Bumi Lot,Selangor,,5,1,0,0,0,0,0,0,0,1,,0,0,1,0,0,0,0,1,0,0,1,1,1,0,299999
3,2,950.0,Freehold,,1188.0,Condominium,1.0,Medium,Non Bumi Lot,Selangor,21.0,14,1,1,1,1,0,0,0,1,1,2.0,1,1,1,1,1,1,1,1,1,1,1,1,1,1,213000
3,2,850.0,Freehold,21.0,406.0,Condominium,1.0,Low,Non Bumi Lot,Penang,25.0,5,0,0,0,0,0,0,0,1,1,1.0,0,0,0,0,1,0,0,1,1,0,1,0,1,0,360000
3,2,1023.0,Freehold,,1205.0,Condominium,2.0,Medium,Non Bumi Lot,Selangor,4.0,6,0,0,0,0,0,0,0,1,1,2.0,0,0,1,0,1,0,0,1,1,0,1,0,1,0,300000
3,2,1238.0,Leasehold,,90.0,Condominium,1.0,Medium,Non Bumi Lot,Sabah,,3,0,0,0,0,0,0,0,1,0,2.0,0,0,0,0,0,0,0,1,0,0,1,0,1,0,539999
3,2,700.0,Freehold,23.0,,Apartment,1.0,Medium,Non Bumi Lot,Penang,14.0,8,0,0,0,0,0,0,0,1,1,2.0,1,0,1,1,1,0,1,1,1,0,1,0,0,0,380000
3,2,1353.0,Freehold,49.0,480.0,Service Residence,2.0,Medium,Non Bumi Lot,Penang,5.0,5,0,0,0,0,0,0,0,1,1,2.0,0,0,0,0,1,0,0,1,1,0,1,0,1,0,690000
2,1,809.0,Freehold,,247.0,Service Residence,1.0,Low,Bumi Lot,Selangor,5.0,9,1,0,0,0,0,1,1,0,1,1.0,1,0,1,1,1,1,0,1,1,0,1,0,1,0,650000
1,1,484.0,Freehold,,1160.0,Service Residence,,Low,Non Bumi Lot,Johor,10.0,9,0,0,0,0,0,0,0,1,1,1.0,0,0,1,1,0,1,1,0,1,1,1,0,1,1,225000
3,3,1106.0,Leasehold,43.0,493.0,Condominium,2.0,High,Non Bumi Lot,Kuala Lumpur,2.0,10,1,0,1,1,0,0,1,1,0,3.0,1,0,1,1,1,0,1,1,1,1,1,0,1,0,530000
3,2,938.0,Freehold,23.0,,Condominium,1.0,High,Non Bumi Lot,Selangor,,9,0,0,0,0,0,0,0,1,1,3.0,1,0,1,0,1,1,0,1,1,0,1,0,1,1,318000
3,2,815.0,Leasehold,,,Apartment,,Medium,Non Bumi Lot,Selangor,,0,0,0,0,0,0,0,0,1,0,2.0,0,0,0,0,0,0,0,0,0,0,0,0,0,0,255000
4,3,1500.0,Freehold,,222.0,Condominium,2.0,Medium,Non Bumi Lot,Penang,8.0,0,0,0,0,0,0,0,0,1,1,2.0,0,0,0,0,0,0,0,0,0,0,0,0,0,0,630000
3,2,1087.0,Freehold,38.0,420.0,Condominium,2.0,Medium,Non Bumi Lot,Penang,12.0,14,0,0,0,0,0,0,0,1,1,2.0,1,1,1,1,1,1,1,1,1,1,1,1,1,1,598000
3,2,850.0,Leasehold,,,Apartment,,Medium,Bumi Lot,Selangor,,4,0,0,0,1,0,0,0,0,0,2.0,0,0,0,0,1,0,0,1,1,0,1,0,0,0,255000
3,2,700.0,Freehold,23.0,2115.0,Flat,,,Non Bumi Lot,Penang,20.0,3,0,0,0,0,0,0,0,1,1,,0,0,0,0,1,1,0,1,0,0,0,0,0,0,135000
2,1,550.0,Freehold,,,Flat,1.0,Low,Non Bumi Lot,Penang,,2,0,0,0,0,0,0,0,1,1,1.0,0,0,0,0,0,0,0,1,0,0,1,0,0,0,230000
2,1,620.0,Freehold,,,Flat,,Medium,Non Bumi Lot,Selangor,,0,0,0,0,0,0,0,0,1,1,2.0,0,0,0,0,0,0,0,0,0,0,0,0,0,0,85000
1,1,636.0,Freehold,,,Condominium,1.0,Low,Non Bumi Lot,Selangor,,9,0,0,0,0,0,0,0,1,1,1.0,1,1,1,1,0,1,1,0,0,1,0,1,0,1,345000
3,2,883.0,Freehold,42.0,670.0,Condominium,2.0,High,Non Bumi Lot,Penang,6.0,5,0,0,0,0,0,0,0,1,1,3.0,0,0,1,0,1,0,0,1,0,0,1,0,1,0,495000
5,4,2600.0,Freehold,25.0,,Condominium,3.0,,Non Bumi Lot,Penang,13.0,8,0,0,0,0,0,0,0,1,1,,1,0,1,0,0,0,1,1,1,1,1,0,1,0,1450000
3,2,1582.0,Freehold,34.0,310.0,Service Residence,1.0,High,Non Bumi Lot,Kuala Lumpur,11.0,7,1,1,1,1,1,0,1,1,1,3.0,1,0,1,0,1,0,0,1,0,1,1,0,1,0,1050000
3,2,1170.0,Freehold,10.0,396.0,Condominium,,Medium,Non Bumi Lot,Selangor,16.0,9,1,1,1,1,0,0,0,1,1,2.0,1,0,1,0,0,1,1,1,1,0,1,0,1,1,360000
2,2,980.0,Freehold,,,Service Residence,,,Non Bumi Lot,,,5,0,0,0,0,0,0,0,1,1,,0,0,1,1,0,0,0,1,0,0,1,0,1,0,700000
3,2,841.0,Freehold,12.0,576.0,Apartment,1.0,High,Non Bumi Lot,Kuala Lumpur,,5,0,1,1,1,1,0,1,1,1,3.0,0,0,0,1,1,1,0,1,0,0,1,0,0,0,320000
3,2,1055.0,Freehold,,,Apartment,,Medium,Non Bumi Lot,Selangor,6.0,3,0,0,0,0,0,0,0,1,1,2.0,0,0,0,0,0,1,0,1,0,0,1,0,0,0,279999
2,2,701.0,Leasehold,26.0,324.0,Service Residence,,Medium,Non Bumi Lot,Sabah,3.0,5,0,0,0,0,0,0,0,1,0,2.0,0,0,0,0,1,1,0,1,0,0,1,0,1,0,868000
3,1,635.0,Freehold,5.0,59.0,Flat,1.0,,Non Bumi Lot,Penang,22.0,0,0,0,0,0,0,0,0,1,1,,0,0,0,0,0,0,0,0,0,0,0,0,0,0,230000
3,2,936.0,Freehold,23.0,,Condominium,1.0,Low,Bumi Lot,Selangor,,9,0,0,0,0,0,0,0,0,1,1.0,1,0,1,0,1,1,0,1,1,0,1,0,1,1,255000
4,3,1507.0,Freehold,18.0,500.0,Condominium,,,Bumi Lot,Kuala Lumpur,27.0,0,0,0,0,0,0,0,0,0,1,,0,0,0,0,0,0,0,0,0,0,0,0,0,0,395000
4,3,1590.0,Freehold,18.0,96.0,Condominium,3.0,,Non Bumi Lot,Penang,9.0,4,0,0,0,0,0,0,0,1,1,,0,0,1,0,0,0,0,0,1,0,1,0,1,0,600000
3,2,850.0,Freehold,29.0,,Apartment,,High,Non Bumi Lot,Penang,15.0,7,0,0,0,0,0,0,0,1,1,3.0,0,0,1,1,0,1,0,1,1,1,1,0,0,0,350000
3,2,1102.0,Freehold,,,Apartment,2.0,Medium,Non Bumi Lot,Selangor,,7,0,0,0,1,1,0,0,1,1,2.0,1,0,0,1,1,0,0,1,1,0,1,0,1,0,249000
2,2,1055.0,Leasehold,40.0,1360.0,Service Residence,,High,Non Bumi Lot,Melaka,6.0,9,0,0,0,0,0,0,0,1,0,3.0,1,0,1,0,1,0,1,1,1,1,1,0,1,0,500000
4,2,1161.0,Freehold,38.0,406.0,Condominium,2.0,,Non Bumi Lot,Penang,2.0,6,0,0,0,0,0,0,0,1,1,,1,0,1,1,0,0,0,1,1,0,1,0,0,0,680000
2,2,703.0,Freehold,,,Condominium,1.0,Medium,Non Bumi Lot,Penang,,11,0,0,0,0,0,0,0,1,1,2.0,1,1,1,0,1,1,1,1,1,1,1,0,1,0,350000
3,2,1254.0,Freehold,44.0,378.0,Condominium,2.0,High,Non Bumi Lot,Penang,5.0,9,0,0,0,0,0,0,0,1,1,3.0,1,0,1,0,1,0,1,1,1,1,1,0,1,0,760000
3,2,850.0,Leasehold,,120.0,Apartment,,Low,Bumi Lot,Selangor,10.0,3,1,0,0,1,0,0,0,0,0,1.0,0,0,1,0,0,0,0,1,1,0,0,0,0,0,255000
3,2,1100.0,Freehold,,760.0,Apartment,,Low,Non Bumi Lot,Selangor,,7,0,0,1,1,1,0,0,1,1,1.0,0,0,0,1,0,1,0,1,1,1,1,0,1,0,350000
2,1,753.0,Leasehold,47.0,685.0,Service Residence,,,Non Bumi Lot,Selangor,0.0,10,0,1,1,1,1,1,1,1,0,,1,0,1,1,1,0,0,1,1,1,1,0,1,1,668000
2,1,1101.0,Leasehold,,,Apartment,,Medium,Non Bumi Lot,Sarawak,,0,0,0,0,0,0,0,0,1,0,2.0,0,0,0,0,0,0,0,0,0,0,0,0,0,0,148000
3,2,800.0,Freehold,45.0,1168.0,Condominium,,High,Non Bumi Lot,Penang,5.0,5,0,0,0,0,0,0,0,1,1,3.0,0,0,1,0,0,1,0,1,1,0,1,0,0,0,530000
3,2,1000.0,Leasehold,16.0,576.0,Flat,2.0,Medium,Bumi Lot,Johor,,7,0,0,0,0,0,0,0,0,0,2.0,0,0,0,1,1,1,1,1,0,0,1,0,1,0,235000
1,1,750.0,Freehold,,,Service Residence,1.0,,Non Bumi Lot,Penang,,1,0,0,0,0,0,0,0,1,1,,0,0,0,0,0,0,0,0,0,0,1,0,0,0,690000
3,3,1045.0,Leasehold,,,Condominium,1.0,Medium,Non Bumi Lot,Kuala Lumpur,,10,1,0,0,1,0,0,1,1,0,2.0,1,0,1,1,1,1,1,1,1,0,1,0,1,0,560000
3,2,800.0,Leasehold,6.0,672.0,Apartment,1.0,Low,Non Bumi Lot,Penang,29.0,2,0,0,0,0,0,0,0,1,0,1.0,0,0,0,0,0,0,0,1,0,0,1,0,0,0,330000
3,2,951.0,Freehold,42.0,1675.0,Service Residence,1.0,Medium,Non Bumi Lot,Selangor,5.0,12,0,1,0,0,0,0,0,1,1,2.0,1,1,1,1,1,1,1,1,1,1,1,0,1,0,445000
3,2,950.0,Leasehold,,,Apartment,2.0,,Non Bumi Lot,Kuala Lumpur,,11,0,0,0,0,0,0,0,1,0,,0,0,1,1,1,1,0,1,1,1,1,1,1,1,450000
4,2,1059.0,Freehold,38.0,2647.0,Service Residence,1.0,Low,Non Bumi Lot,Kuala Lumpur,4.0,10,0,0,0,0,0,0,0,1,1,1.0,1,0,1,1,1,1,1,1,1,0,1,0,1,0,500000
3,2,900.0,Freehold,23.0,730.0,Condominium,1.0,High,Non Bumi Lot,Penang,24.0,6,0,0,0,0,0,0,0,1,1,3.0,0,0,0,0,1,1,0,1,1,0,1,0,1,0,350000
3,2,750.0,Freehold,5.0,,Apartment,1.0,High,Non Bumi Lot,Selangor,,0,0,0,0,0,0,0,0,1,1,3.0,0,0,0,0,0,0,0,0,0,0,0,0,0,0,200000
3,2,850.0,Freehold,8.0,,Apartment,1.0,Low,Non Bumi Lot,Selangor,23.0,4,0,1,1,1,0,1,1,1,1,1.0,0,0,0,0,0,0,0,1,1,0,1,0,1,0,360000
3,2,850.0,Freehold,19.0,448.0,Condominium,1.0,Medium,Non Bumi Lot,Penang,10.0,9,0,0,0,0,0,0,0,1,1,2.0,0,0,1,1,0,0,1,1,1,1,1,0,1,1,365000
1,1,635.0,Freehold,,280.0,Service Residence,1.0,,Non Bumi Lot,Selangor,5.0,7,0,0,1,0,0,0,0,1,1,,0,0,1,0,1,0,1,1,1,0,1,0,1,0,350000
3,2,958.0,Leasehold,17.0,,Apartment,1.0,High,Bumi Lot,Johor,,6,0,0,0,0,0,0,0,0,0,3.0,1,0,0,0,0,1,0,1,1,0,1,0,1,0,228000
3,2,646.0,Leasehold,,,Flat,,Medium,Non Bumi Lot,Selangor,,0,0,0,0,1,0,0,0,1,0,2.0,0,0,0,0,0,0,0,0,0,0,0,0,0,0,160000
3,2,650.0,Leasehold,,,Flat,,,Non Bumi Lot,Kuala Lumpur,,0,1,0,0,1,1,0,0,1,0,,0,0,0,0,0,0,0,0,0,0,0,0,0,0,170000
2,2,828.0,Freehold,,,Apartment,,Medium,Non Bumi Lot,Johor,,1,0,0,0,0,0,0,0,1,1,2.0,0,0,0,0,1,0,0,0,0,0,0,0,0,0,158000
3,2,807.0,Leasehold,6.0,,Condominium,1.0,Medium,Non Bumi Lot,Selangor,18.0,5,0,0,0,0,0,0,0,1,0,2.0,0,0,0,0,1,1,0,1,1,0,1,0,0,0,305000
3,2,1052.0,Freehold,,,Condominium,2.0,High,Bumi Lot,Selangor,,9,0,0,0,0,0,0,0,0,1,3.0,1,0,1,0,1,1,1,1,1,0,1,0,1,0,370000
3,2,1012.0,Freehold,11.0,704.0,Condominium,1.0,Medium,Non Bumi Lot,Selangor,22.0,8,0,0,0,0,0,0,0,1,1,2.0,1,0,1,0,0,1,0,1,1,0,1,0,1,1,330000
2,2,550.0,Freehold,26.0,,Apartment,,Medium,Non Bumi Lot,Penang,,6,0,0,0,0,0,0,0,1,1,2.0,0,0,0,0,1,1,0,1,1,0,1,0,1,0,133000
3,2,1270.0,Freehold,30.0,410.0,Condominium,2.0,,Non Bumi Lot,Penang,6.0,0,0,0,0,0,0,0,0,1,1,,0,0,0,0,0,0,0,0,0,0,0,0,0,0,600000
4,3,1488.0,Freehold,9.0,208.0,Condominium,2.0,Medium,Non Bumi Lot,Selangor,25.0,7,0,0,0,0,1,0,0,1,1,2.0,1,0,1,0,0,1,0,1,1,0,1,0,1,0,585000
3,2,1054.0,Freehold,,300.0,Condominium,2.0,Medium,Non Bumi Lot,Selangor,10.0,12,0,0,0,0,0,0,0,1,1,2.0,1,1,1,1,1,1,1,1,1,1,1,0,1,0,295000
3,2,800.0,Leasehold,,1900.0,Apartment,2.0,High,Non Bumi Lot,Penang,7.0,3,0,0,0,0,0,0,0,1,0,3.0,0,0,0,0,1,0,0,1,0,0,1,0,0,0,380000
3,2,950.0,Leasehold,18.0,385.0,Apartment,1.0,High,Non Bumi Lot,Kuala Lumpur,11.0,4,0,1,0,1,0,0,1,1,0,3.0,0,0,0,0,0,0,0,1,1,0,1,0,1,0,320000
2,1,660.0,Leasehold,,,Apartment,1.0,,Non Bumi Lot,Sarawak,,0,0,0,0,0,0,0,0,1,0,,0,0,0,0,0,0,0,0,0,0,0,0,0,0,158000
2,2,856.0,Leasehold,36.0,1338.0,Service Residence,1.0,High,Non Bumi Lot,Kuala Lumpur,6.0,14,1,0,1,1,0,0,0,1,0,3.0,1,1,1,1,1,1,1,1,1,1,1,1,1,1,315000
1,2,575.0,Freehold,,272.0,Service Residence,1.0,Medium,Non Bumi Lot,Selangor,14.0,8,1,1,0,0,0,0,0,1,1,2.0,0,0,1,0,1,1,0,1,1,0,1,0,1,1,225000
3,2,1120.0,Leasehold,,,Apartment,1.0,Medium,Non Bumi Lot,Sarawak,,5,0,0,0,0,0,0,0,1,0,2.0,0,0,1,0,1,0,0,1,0,0,1,0,1,0,530000
3,2,1365.0,Leasehold,19.0,306.0,Service Residence,,,Bumi Lot,Selangor,,0,0,0,0,0,0,0,0,0,0,,0,0,0,0,0,0,0,0,0,0,0,0,0,0,489999
3,1,646.0,Leasehold,,,Apartment,,Medium,Bumi Lot,Kuala Lumpur,,0,0,0,0,0,0,0,0,0,0,2.0,0,0,0,0,0,0,0,0,0,0,0,0,0,0,210000
3,2,1075.0,Leasehold,,,Condominium,1.0,Medium,Bumi Lot,Sabah,,6,0,0,0,0,0,0,0,0,0,2.0,0,0,1,0,1,0,0,1,1,0,1,0,1,0,429999
3,2,1000.0,Leasehold,,,Apartment,1.0,Medium,Non Bumi Lot,Sabah,,1,0,0,0,0,0,0,0,1,0,2.0,0,0,0,0,0,0,0,1,0,0,0,0,0,0,300000
3,2,850.0,Freehold,5.0,,Flat,1.0,High,Non Bumi Lot,Johor,13.0,0,0,0,0,0,0,0,0,1,1,3.0,0,0,0,0,0,0,0,0,0,0,0,0,0,0,198000
3,2,1100.0,Freehold,,,Condominium,2.0,High,Non Bumi Lot,Penang,,10,0,0,0,0,0,0,0,1,1,3.0,1,0,1,1,1,0,1,1,1,1,1,0,1,0,660000
3,2,925.0,Leasehold,21.0,,Apartment,,Medium,Non Bumi Lot,Johor,,4,0,0,0,0,0,0,0,1,0,2.0,1,0,0,0,0,0,0,1,1,0,1,0,0,0,288000
3,2,1350.0,Leasehold,4.0,227.0,Condominium,2.0,Low,Bumi Lot,Kuala Lumpur,13.0,13,0,0,0,0,0,0,0,0,0,1.0,1,1,1,1,1,1,1,1,1,0,1,1,1,1,750000
3,2,700.0,Freehold,32.0,988.0,Condominium,2.0,Low,Non Bumi Lot,Penang,26.0,7,0,0,0,0,0,0,0,1,1,1.0,0,0,1,0,1,0,0,1,1,0,1,0,1,1,360000
1,1,495.0,Leasehold,27.0,303.0,Condominium,,Medium,Non Bumi Lot,Johor,,9,0,0,0,0,0,0,0,1,0,2.0,1,0,1,0,1,1,1,1,1,0,1,0,1,0,235000
3,2,818.0,Freehold,5.0,480.0,Apartment,1.0,High,Bumi Lot,Selangor,,6,0,0,0,0,0,0,0,0,1,3.0,1,0,0,1,0,1,0,1,1,0,1,0,0,0,230000
3,2,650.0,Freehold,,,Flat,,,Non Bumi Lot,Penang,,0,0,0,0,0,0,0,0,1,1,,0,0,0,0,0,0,0,0,0,0,0,0,0,0,260000
1,1,550.0,Freehold,,,Condominium,1.0,,Non Bumi Lot,Selangor,,12,0,0,0,0,0,0,0,1,1,,1,0,1,1,1,1,1,1,1,1,1,0,1,1,270000
3,2,850.0,Leasehold,,,Apartment,1.0,High,Non Bumi Lot,Sabah,,3,0,0,0,0,0,0,0,1,0,3.0,0,0,0,0,1,0,0,1,0,0,1,0,0,0,200000
3,2,800.0,Leasehold,,,Apartment,1.0,Medium,Non Bumi Lot,Johor,,0,0,0,0,0,0,0,0,1,0,2.0,0,0,0,0,0,0,0,0,0,0,0,0,0,0,138000
1,1,689.0,Leasehold,,,Service Residence,,Medium,Non Bumi Lot,Perak,,5,0,0,0,0,0,0,0,1,0,2.0,0,0,0,0,1,0,1,1,0,0,1,0,1,0,38000
3,2,1230.0,Freehold,27.0,357.0,Condominium,2.0,,Non Bumi Lot,Penang,6.0,6,0,0,0,0,0,0,0,1,1,,0,0,1,0,1,0,0,1,1,0,1,0,1,0,490000
3,2,950.0,Leasehold,15.0,,Apartment,,,Non Bumi Lot,Kuala Lumpur,17.0,7,0,0,0,0,0,0,0,1,0,,1,0,0,0,0,1,0,1,1,1,1,0,1,0,305000
3,3,1200.0,Freehold,5.0,,Condominium,3.0,High,Non Bumi Lot,Kuala Lumpur,,2,1,0,1,1,0,0,1,1,1,3.0,0,0,0,0,0,0,0,1,0,0,1,0,0,0,532000
3,2,1096.0,Leasehold,19.0,256.0,Condominium,1.0,,Non Bumi Lot,Selangor,4.0,7,0,0,0,0,0,0,0,1,0,,0,0,1,0,1,0,1,1,1,0,1,0,1,0,389000
3,2,700.0,Freehold,18.0,136.0,Condominium,1.0,Medium,Non Bumi Lot,Penang,29.0,6,0,0,0,0,0,0,0,1,1,2.0,0,0,0,0,1,1,0,1,1,0,1,0,1,0,330000
3,2,774.0,Leasehold,36.0,630.0,Service Residence,1.0,Medium,Non Bumi Lot,Kuala Lumpur,7.0,9,0,0,1,0,0,0,1,1,0,2.0,0,0,1,1,0,1,0,1,1,0,1,1,1,1,530000
3,2,1378.0,Leasehold,15.0,368.0,Condominium,,,Bumi Lot,Kuala Lumpur,6.0,4,0,0,0,0,0,0,0,0,0,,0,0,0,0,0,0,0,1,1,0,1,0,1,0,400000
3,2,1062.0,Leasehold,21.0,800.0,Apartment,1.0,Medium,Non Bumi Lot,Kuala Lumpur,17.0,8,0,0,0,0,0,0,0,1,0,2.0,0,0,1,0,1,1,1,1,1,0,1,0,1,0,339999
3,2,1000.0,Freehold,,1000.0,Condominium,2.0,,Non Bumi Lot,Penang,,0,0,0,0,0,0,0,0,1,1,,0,0,0,0,0,0,0,0,0,0,0,0,0,0,390000
3,2,715.0,Freehold,5.0,,Apartment,,Low,Non Bumi Lot,Selangor,,0,0,0,0,0,0,0,0,1,1,1.0,0,0,0,0,0,0,0,0,0,0,0,0,0,0,295000
3,4,1281.0,Leasehold,22.0,470.0,Condominium,,Medium,Bumi Lot,Kuala Lumpur,9.0,7,1,1,1,1,1,0,0,0,0,2.0,0,0,1,1,0,0,1,1,0,1,1,0,1,0,650000
3,2,850.0,Freehold,28.0,422.0,Condominium,1.0,Medium,Non Bumi Lot,Penang,26.0,11,0,0,0,0,0,0,0,1,1,2.0,1,0,1,1,1,1,0,1,1,1,1,0,1,1,340000
3,2,1000.0,Freehold,,,Apartment,1.0,Medium,Non Bumi Lot,Penang,3.0,11,0,0,0,0,0,0,0,1,1,2.0,1,0,1,0,1,1,1,1,1,1,1,0,1,1,430000
3,2,850.0,Freehold,21.0,406.0,Condominium,1.0,Low,Non Bumi Lot,Penang,25.0,0,0,0,0,0,0,0,0,1,1,1.0,0,0,0,0,0,0,0,0,0,0,0,0,0,0,340000
1,2,576.0,Freehold,,272.0,Service Residence,1.0,Medium,Bumi Lot,Selangor,14.0,7,1,1,0,0,0,0,0,0,1,2.0,1,0,1,0,1,1,0,1,1,0,1,0,0,0,148000
3,2,1097.0,Leasehold,,,Apartment,,Low,Non Bumi Lot,Sarawak,,4,0,0,0,0,0,0,0,1,0,1.0,1,0,0,0,0,0,0,1,1,0,1,0,0,0,320000
3,2,786.0,Freehold,5.0,,Apartment,,,Bumi Lot,Selangor,,2,0,0,0,0,0,0,0,0,1,,0,0,0,0,0,0,0,1,0,0,1,0,0,0,150000
3,2,743.0,Leasehold,,,Apartment,,High,Non Bumi Lot,Melaka,,0,0,0,0,0,0,0,0,1,0,3.0,0,0,0,0,0,0,0,0,0,0,0,0,0,0,85000
3,2,1041.0,Freehold,16.0,,Condominium,2.0,Medium,Non Bumi Lot,Penang,28.0,3,0,0,0,0,0,0,0,1,1,2.0,0,0,0,0,1,0,0,1,0,0,1,0,0,0,550000
4,3,1504.0,Freehold,,,Condominium,2.0,Low,Non Bumi Lot,,,5,0,0,0,0,0,0,0,1,1,1.0,0,0,0,0,1,0,0,1,1,0,1,0,1,0,660000
3,2,1204.0,Leasehold,5.0,320.0,Apartment,,,Non Bumi Lot,Johor,2.0,8,0,0,0,0,0,0,0,1,0,,1,0,1,1,0,0,0,1,1,1,1,0,1,0,405000
3,2,1000.0,Freehold,,,Apartment,2.0,High,Non Bumi Lot,Penang,3.0,9,0,0,0,0,0,0,0,1,1,3.0,0,0,1,0,1,1,0,1,1,1,1,0,1,1,520000
3,2,1018.0,Leasehold,,,Apartment,,,Non Bumi Lot,Kuala Lumpur,,0,1,0,1,1,0,0,0,1,0,,0,0,0,0,0,0,0,0,0,0,0,0,0,0,405000
3,2,939.0,Freehold,38.0,420.0,Condominium,3.0,High,Non Bumi Lot,Penang,12.0,14,0,0,0,0,0,0,0,1,1,3.0,1,1,1,1,1,1,1,1,1,1,1,1,1,1,498000
3,2,700.0,Leasehold,,,Apartment,1.0,Low,Non Bumi Lot,,,4,0,0,0,0,0,0,0,1,0,1.0,0,0,0,1,0,0,0,1,0,0,1,0,1,0,215000
3,2,1091.0,Freehold,18.0,569.0,Condominium,1.0,,Non Bumi Lot,Kuala Lumpur,13.0,8,0,0,1,0,0,0,1,1,1,,0,0,1,0,1,1,0,1,1,1,1,0,1,0,350000
2,1,513.0,Leasehold,,,Flat,,Medium,Non Bumi Lot,Penang,,3,0,0,0,0,0,0,0,1,0,2.0,0,0,0,0,1,0,0,1,0,0,1,0,0,0,170000
3,2,1161.0,Freehold,11.0,336.0,Condominium,2.0,Medium,Non Bumi Lot,Selangor,6.0,9,0,1,0,0,0,0,0,1,1,2.0,1,1,1,1,0,0,0,1,1,1,1,0,1,0,480000
3,2,1259.0,Freehold,5.0,,Apartment,1.0,High,Bumi Lot,Selangor,,6,0,0,0,0,0,1,0,0,1,3.0,0,0,0,0,1,0,1,1,1,0,1,0,1,0,425000
3,2,1200.0,Freehold,5.0,,Apartment,,Low,Non Bumi Lot,Selangor,,0,0,0,1,1,0,0,0,1,1,1.0,0,0,0,0,0,0,0,0,0,0,0,0,0,0,310000
3,2,812.0,Leasehold,14.0,1008.0,Condominium,1.0,,Non Bumi Lot,Kuala Lumpur,28.0,1,1,0,1,1,1,0,0,1,0,,0,0,0,0,0,1,0,0,0,0,0,0,0,0,215000
3,2,838.0,Freehold,22.0,816.0,Condominium,2.0,,Non Bumi Lot,Penang,16.0,9,0,0,0,0,0,0,0,1,1,,1,0,1,1,1,0,0,1,1,0,1,1,1,0,385000
3,3,1598.0,Freehold,42.0,670.0,Condominium,2.0,Medium,Non Bumi Lot,Penang,6.0,5,0,0,0,0,0,0,0,1,1,2.0,0,0,1,0,1,0,0,1,0,0,1,0,1,0,615000
5,4,1830.0,Freehold,31.0,621.0,Condominium,2.0,Low,Non Bumi Lot,Kuala Lumpur,6.0,14,0,0,0,0,0,0,0,1,1,1.0,1,1,1,1,1,1,1,1,1,1,1,1,1,1,1850000
1,1,667.0,Freehold,18.0,238.0,Service Residence,2.0,Medium,Non Bumi Lot,Selangor,8.0,9,1,0,0,1,0,0,0,1,1,2.0,1,0,1,0,1,0,1,1,1,1,1,0,1,0,380000
3,2,1022.0,Freehold,,,Condominium,,,Non Bumi Lot,Selangor,,0,0,0,0,0,0,0,0,1,1,,0,0,0,0,0,0,0,0,0,0,0,0,0,0,207000
3,2,936.0,Freehold,38.0,420.0,Condominium,2.0,High,Non Bumi Lot,Penang,12.0,14,0,0,0,0,0,0,0,1,1,3.0,1,1,1,1,1,1,1,1,1,1,1,1,1,1,530000
3,1,657.0,Leasehold,,,Apartment,,Low,Non Bumi Lot,Selangor,,4,0,0,1,1,0,0,0,1,0,1.0,0,0,0,1,0,1,0,1,1,0,0,0,0,0,180000
3,2,801.0,Leasehold,,,Apartment,1.0,Medium,Bumi Lot,Selangor,,9,0,0,1,0,0,0,0,0,0,2.0,1,1,0,0,1,1,1,1,1,0,1,0,1,0,249000
2,2,800.0,Freehold,43.0,956.0,Apartment,,Medium,Non Bumi Lot,Selangor,,8,1,1,1,1,1,0,0,1,1,2.0,1,0,1,1,1,0,1,0,1,0,1,0,1,0,460000
1,1,477.0,Freehold,23.0,763.0,Service Residence,1.0,Low,Non Bumi Lot,Selangor,6.0,9,0,0,0,0,0,0,0,1,1,1.0,1,0,1,0,1,0,1,1,1,1,1,0,1,0,220000
3,2,860.0,Freehold,,,Apartment,1.0,Medium,Non Bumi Lot,Penang,,0,0,0,0,0,0,0,0,1,1,2.0,0,0,0,0,0,0,0,0,0,0,0,0,0,0,298000
2,2,1016.0,Freehold,44.0,378.0,Condominium,2.0,Medium,Non Bumi Lot,Penang,5.0,8,0,0,0,0,0,0,0,1,1,2.0,1,0,1,0,0,0,1,1,1,1,1,0,1,0,620000
3,2,800.0,Leasehold,,,Apartment,,Medium,Bumi Lot,Selangor,,0,0,0,0,0,0,0,0,0,0,2.0,0,0,0,0,0,0,0,0,0,0,0,0,0,0,260000
3,2,700.0,Freehold,22.0,403.0,Condominium,1.0,High,Non Bumi Lot,Penang,23.0,3,0,0,0,0,0,0,0,1,1,3.0,0,0,0,0,1,0,0,1,0,0,1,0,0,0,338000
3,2,700.0,Leasehold,,,Apartment,2.0,Medium,Bumi Lot,Selangor,,0,0,0,0,0,0,0,0,0,0,2.0,0,0,0,0,0,0,0,0,0,0,0,0,0,0,99000
4,3,2400.0,Freehold,35.0,195.0,Condominium,2.0,Medium,Non Bumi Lot,Penang,12.0,0,0,0,0,0,0,0,0,1,1,2.0,0,0,0,0,0,0,0,0,0,0,0,0,0,0,1580000
3,2,800.0,Leasehold,18.0,200.0,Apartment,1.0,High,Non Bumi Lot,Selangor,17.0,8,1,0,1,1,0,0,1,1,0,3.0,0,0,0,1,1,1,1,1,1,0,1,0,1,0,260000
3,2,1041.0,Freehold,16.0,,Condominium,2.0,Medium,Non Bumi Lot,Penang,28.0,4,0,0,0,0,0,0,0,1,1,2.0,0,0,0,0,1,0,0,1,0,0,1,0,1,0,550000
2,1,712.0,Leasehold,,,Apartment,1.0,Medium,Non Bumi Lot,Sabah,,5,0,0,0,0,0,0,0,1,0,2.0,0,0,0,1,0,0,0,1,1,0,1,0,1,0,225000
3,2,850.0,Freehold,,216.0,Apartment,2.0,Low,Non Bumi Lot,Penang,26.0,6,0,0,0,0,0,0,0,1,1,1.0,0,0,0,1,0,1,0,1,1,1,1,0,0,0,390000
3,1,650.0,Leasehold,,,Flat,,Medium,Bumi Lot,Selangor,,0,0,0,1,0,1,0,0,0,0,2.0,0,0,0,0,0,0,0,0,0,0,0,0,0,0,179000
4,2,1272.0,Freehold,17.0,475.0,Condominium,2.0,Medium,Non Bumi Lot,Kuala Lumpur,10.0,6,0,0,0,0,0,0,0,1,1,2.0,0,0,1,0,0,1,0,1,1,0,1,0,1,0,410000
3,2,1161.0,Freehold,10.0,396.0,Condominium,2.0,Medium,Bumi Lot,Selangor,16.0,9,1,1,1,1,0,0,0,0,1,2.0,1,0,1,0,0,1,1,1,1,0,1,0,1,1,350000
3,2,680.0,Freehold,20.0,,Apartment,1.0,Medium,Non Bumi Lot,Penang,17.0,3,0,0,0,0,0,0,0,1,1,2.0,0,0,0,0,1,0,0,1,0,0,1,0,0,0,335000
2,2,818.0,Freehold,,,Condominium,,High,Non Bumi Lot,Johor,6.0,8,0,0,0,0,0,0,0,1,1,3.0,1,0,1,0,1,0,1,1,1,0,1,0,1,0,488000
4,3,1600.0,Freehold,22.0,816.0,Condominium,2.0,Medium,Non Bumi Lot,Penang,16.0,9,0,0,0,0,0,0,0,1,1,2.0,1,0,1,1,1,0,0,1,1,0,1,1,1,0,660000
3,2,818.0,Leasehold,44.0,2136.0,Service Residence,,,Non Bumi Lot,Kuala Lumpur,2.0,8,0,1,0,1,0,0,1,1,0,,1,0,1,1,1,0,0,1,1,0,1,0,1,0,340200
3,2,613.0,Leasehold,,,Flat,1.0,High,Bumi Lot,Johor,,0,0,0,0,0,0,0,0,0,0,3.0,0,0,0,0,0,0,0,0,0,0,0,0,0,0,105000
4,3,1600.0,Freehold,22.0,816.0,Condominium,2.0,,Non Bumi Lot,Penang,16.0,9,0,0,0,0,0,0,0,1,1,,1,0,1,1,1,0,0,1,1,0,1,1,1,0,660000
3,2,764.0,Leasehold,18.0,200.0,Apartment,,Medium,Bumi Lot,Selangor,17.0,5,1,0,1,1,0,0,1,0,0,2.0,0,0,0,0,1,1,0,0,1,0,1,0,1,0,255000
2,2,1005.0,Freehold,,1050.0,Condominium,1.0,Medium,Non Bumi Lot,Johor,5.0,11,0,0,0,0,0,0,0,1,1,2.0,1,0,1,1,0,0,1,1,1,1,1,1,1,1,560000
3,2,987.0,Freehold,,,Apartment,,,Non Bumi Lot,Selangor,,4,0,0,0,0,0,0,0,1,1,,0,0,0,0,1,0,0,1,1,0,1,0,0,0,229000
2,2,1019.0,Leasehold,,644.0,Condominium,1.0,Medium,Non Bumi Lot,Johor,8.0,8,0,0,0,0,0,0,0,1,0,2.0,1,0,1,1,0,0,0,0,1,1,1,0,1,1,400000
3,2,914.0,Leasehold,30.0,294.0,Condominium,1.0,Low,Bumi Lot,Sabah,,8,0,0,0,0,0,0,0,0,0,1.0,1,0,1,0,1,0,1,1,1,0,1,0,1,0,467000
3,2,960.0,Freehold,8.0,,Condominium,1.0,Low,Non Bumi Lot,Selangor,,6,0,0,1,1,1,0,0,1,1,1.0,0,0,1,0,1,0,0,1,1,0,1,0,1,0,309000
3,2,1035.0,Freehold,38.0,528.0,Service Residence,3.0,High,Non Bumi Lot,Kuala Lumpur,5.0,8,0,1,0,1,1,0,0,1,1,3.0,1,0,1,0,1,1,0,1,1,0,1,0,1,0,700000
3,2,850.0,Freehold,15.0,303.0,Apartment,1.0,Medium,Non Bumi Lot,Johor,,2,0,0,0,0,0,0,0,1,1,2.0,0,0,0,0,0,0,0,0,0,0,1,0,1,0,225000
2,2,940.0,Freehold,34.0,462.0,Service Residence,1.0,High,Non Bumi Lot,Penang,3.0,10,0,0,0,0,0,0,0,1,1,3.0,1,0,1,1,1,0,1,1,1,1,1,0,1,0,500000
5,3,2300.0,Leasehold,18.0,522.0,Condominium,3.0,Low,Bumi Lot,Selangor,15.0,13,0,0,0,0,0,0,0,0,0,1.0,1,0,1,1,1,1,1,1,1,1,1,1,1,1,1300000
3,2,1200.0,Leasehold,,,Condominium,2.0,Medium,Non Bumi Lot,Selangor,,12,1,0,1,0,0,1,0,1,0,2.0,1,1,1,1,1,1,0,1,1,1,1,0,1,1,400000
3,2,908.0,Leasehold,28.0,650.0,Condominium,,,Non Bumi Lot,Kuala Lumpur,6.0,7,1,0,1,1,1,0,0,1,0,,1,0,1,1,0,0,1,1,0,0,1,0,1,0,420000
3,2,1141.0,Leasehold,21.0,613.0,Condominium,4.0,High,Non Bumi Lot,Johor,2.0,0,0,0,0,0,0,0,0,1,0,3.0,0,0,0,0,0,0,0,0,0,0,0,0,0,0,400000
1,1,549.0,Leasehold,25.0,528.0,Apartment,1.0,High,Non Bumi Lot,Johor,7.0,12,0,0,0,0,0,0,0,1,0,3.0,1,1,1,1,1,1,1,1,1,1,1,0,1,0,355000
1,1,295.0,Freehold,,1737.0,Service Residence,1.0,,Non Bumi Lot,Johor,,10,0,0,0,0,0,0,0,1,1,,1,0,1,1,1,0,1,1,1,1,1,0,1,0,240000
4,2,1101.0,Leasehold,17.0,,Condominium,1.0,,Non Bumi Lot,Kuala Lumpur,,6,1,0,1,1,0,0,1,1,0,,0,0,1,0,0,1,0,1,1,0,1,0,1,0,440000
4,2,1206.0,Leasehold,,684.0,Condominium,2.0,Medium,Non Bumi Lot,Selangor,,9,0,0,0,1,0,0,1,1,0,2.0,0,0,1,0,1,1,1,1,1,1,1,0,1,0,375000
3,2,1496.0,Freehold,46.0,1134.0,Condominium,2.0,High,Non Bumi Lot,Johor,6.0,11,0,0,0,0,0,0,0,1,1,3.0,1,0,1,1,1,1,1,1,1,1,1,0,1,0,598000
3,2,710.0,Leasehold,,,Flat,,High,Bumi Lot,Johor,,2,0,0,0,0,0,0,0,0,0,3.0,0,0,0,0,0,1,0,0,1,0,0,0,0,0,100000
3,2,1044.0,Leasehold,,698.0,Apartment,,Low,Bumi Lot,Johor,18.0,7,0,0,0,0,0,0,0,0,0,1.0,0,0,1,0,1,1,0,1,1,0,1,0,1,0,360000
4,3,1300.0,Freehold,,52.0,Condominium,2.0,Medium,Non Bumi Lot,Selangor,,14,0,1,0,0,0,0,0,1,1,2.0,1,1,1,1,1,1,1,1,1,1,1,1,1,1,299000
4,2,1400.0,Leasehold,,,Condominium,2.0,Low,Non Bumi Lot,Kuala Lumpur,7.0,5,1,0,1,1,0,0,1,1,0,1.0,0,0,1,1,0,0,1,1,1,0,0,0,0,0,900000
4,3,1396.0,Leasehold,20.0,899.0,Condominium,2.0,Medium,Non Bumi Lot,Selangor,10.0,14,0,0,0,0,0,0,0,1,0,2.0,1,1,1,1,1,1,1,1,1,1,1,1,1,1,490000
3,2,768.0,Leasehold,5.0,40.0,Apartment,1.0,Medium,Non Bumi Lot,Selangor,,5,0,0,0,0,0,0,0,1,0,2.0,0,0,0,0,1,0,0,1,1,0,1,0,1,0,199999
3,2,1200.0,Freehold,,,Condominium,1.0,High,Non Bumi Lot,Johor,,5,0,0,0,0,0,0,0,1,1,3.0,0,0,0,0,1,0,0,1,1,0,1,0,1,0,380000
3,2,1128.0,Leasehold,9.0,631.0,Condominium,2.0,High,Non Bumi Lot,Sabah,9.0,9,0,0,0,0,0,0,0,1,0,3.0,1,0,1,1,1,0,0,1,1,1,1,0,1,0,1399000
3,2,780.0,Freehold,5.0,281.0,Apartment,1.0,Low,Non Bumi Lot,Selangor,,4,0,0,0,0,0,0,0,1,1,1.0,1,0,0,0,0,0,0,1,1,0,1,0,0,0,260000
2,1,494.0,Freehold,,,Flat,,Medium,Non Bumi Lot,Johor,,0,0,0,0,0,0,0,0,1,1,2.0,0,0,0,0,0,0,0,0,0,0,0,0,0,0,155000
3,2,1050.0,Freehold,20.0,771.0,Condominium,2.0,High,Non Bumi Lot,Penang,7.0,6,0,0,0,0,0,0,0,1,1,3.0,0,0,1,1,0,0,0,1,1,0,1,0,1,0,543000
3,2,990.0,Leasehold,35.0,284.0,Condominium,,High,Non Bumi Lot,Kuala Lumpur,2.0,7,1,0,0,1,0,0,1,1,0,3.0,1,0,0,1,0,0,1,1,1,0,1,0,1,0,560000
3,2,950.0,Freehold,5.0,,Apartment,1.0,Low,Non Bumi Lot,Selangor,,8,0,0,0,0,0,0,0,1,1,1.0,1,0,0,1,0,1,1,1,1,0,1,0,1,0,260000
3,2,864.0,Freehold,,1200.0,Service Residence,,,Non Bumi Lot,Kuala Lumpur,2.0,5,1,1,1,1,1,1,1,1,1,,1,0,1,0,0,0,1,0,0,0,1,0,1,0,998000
3,2,900.0,Freehold,,,Apartment,1.0,Low,Bumi Lot,Selangor,,13,0,0,0,0,0,0,0,0,1,1.0,1,1,1,1,1,1,1,1,1,1,1,1,0,1,330000
1,1,500.0,Freehold,,177.0,Condominium,1.0,High,Non Bumi Lot,Pahang,9.0,10,0,0,0,0,0,0,0,1,1,3.0,1,0,1,0,1,1,1,1,1,1,1,0,1,0,450000
3,2,1275.0,Freehold,30.0,410.0,Condominium,2.0,Low,Non Bumi Lot,Penang,6.0,5,0,0,0,0,0,0,0,1,1,1.0,0,0,0,0,1,0,0,1,1,0,1,0,1,0,620000
3,2,828.0,Freehold,11.0,1240.0,Condominium,1.0,Medium,Non Bumi Lot,Kuala Lumpur,23.0,6,0,1,1,1,0,0,1,1,1,2.0,0,0,0,1,1,1,0,1,1,0,1,0,0,0,312800
3,2,710.0,Freehold,18.0,,Apartment,1.0,Medium,Non Bumi Lot,Penang,,2,0,0,0,0,0,0,0,1,1,2.0,0,0,0,0,0,0,0,1,0,0,1,0,0,0,348000
3,2,850.0,Leasehold,,478.0,Condominium,2.0,,Non Bumi Lot,Penang,1.0,9,0,0,0,0,0,0,0,1,0,,1,0,1,1,1,0,0,1,1,1,1,0,1,0,690000
3,2,1033.0,Freehold,,,Apartment,,Medium,Non Bumi Lot,Melaka,,2,0,0,0,0,0,0,0,1,1,2.0,0,0,0,0,1,0,0,1,0,0,0,0,0,0,165000
3,2,800.0,Leasehold,,,Apartment,,,Bumi Lot,Kuala Lumpur,,3,0,0,0,0,0,0,0,0,0,,0,0,0,0,0,0,0,1,0,0,1,0,1,0,260000
3,2,1055.0,Freehold,27.0,526.0,Apartment,,,Non Bumi Lot,Kuala Lumpur,8.0,7,1,1,0,1,0,0,0,1,1,,1,0,1,0,0,0,1,0,1,1,1,0,1,0,423000
3,2,916.0,Leasehold,12.0,352.0,Condominium,,,Bumi Lot,Selangor,10.0,7,0,0,0,0,0,0,0,0,0,,1,0,1,0,0,0,1,1,1,0,1,0,1,0,293000
1,1,463.0,Leasehold,,,Condominium,1.0,High,Non Bumi Lot,Johor,,14,0,0,0,0,0,0,0,1,0,3.0,1,1,1,1,1,1,1,1,1,1,1,1,1,1,209000
3,2,900.0,Freehold,4.0,,Apartment,1.0,High,Non Bumi Lot,Kuala Lumpur,,2,0,0,0,0,0,0,0,1,1,3.0,0,0,0,0,0,0,0,1,0,0,1,0,0,0,295000
3,2,1050.0,Freehold,22.0,504.0,Condominium,2.0,Low,Non Bumi Lot,Penang,29.0,0,0,0,0,0,0,0,0,1,1,1.0,0,0,0,0,0,0,0,0,0,0,0,0,0,0,399000
3,2,700.0,Freehold,24.0,234.0,Apartment,1.0,Medium,Non Bumi Lot,Penang,,3,0,0,0,0,0,0,0,1,1,2.0,0,0,0,0,1,0,0,1,0,0,1,0,0,0,280000
3,3,1130.0,Freehold,26.0,548.0,Condominium,2.0,Medium,Non Bumi Lot,Penang,7.0,14,0,0,0,0,0,0,0,1,1,2.0,1,1,1,1,1,1,1,1,1,1,1,1,1,1,600000
3,2,947.0,Leasehold,,,Service Residence,,Medium,Non Bumi Lot,Johor,,4,0,0,0,0,0,0,0,1,0,2.0,0,0,0,0,1,0,0,1,0,0,1,0,1,0,350000
3,2,794.0,Freehold,,,Apartment,1.0,High,Non Bumi Lot,Selangor,,0,0,0,0,1,1,0,0,1,1,3.0,0,0,0,0,0,0,0,0,0,0,0,0,0,0,145000
5,4,2650.0,Freehold,5.0,,Condominium,,Medium,Non Bumi Lot,Johor,,2,0,0,0,0,0,0,0,1,1,2.0,0,0,0,0,0,0,0,0,0,0,1,0,1,0,780000
3,2,850.0,Leasehold,12.0,1012.0,Apartment,,Low,Non Bumi Lot,Sabah,,7,0,0,0,0,0,0,0,1,0,1.0,0,0,1,1,0,0,0,1,1,0,1,0,1,1,275000
3,2,814.0,Freehold,7.0,359.0,Apartment,,,Non Bumi Lot,Selangor,10.0,2,0,0,0,0,0,0,0,1,1,,0,0,0,0,0,0,0,1,1,0,0,0,0,0,188000
1,1,680.0,Freehold,,,Service Residence,1.0,Medium,Non Bumi Lot,Johor,,14,0,0,0,0,0,0,0,1,1,2.0,1,1,1,1,1,1,1,1,1,1,1,1,1,1,259000
3,2,750.0,Freehold,5.0,,Apartment,1.0,Low,Non Bumi Lot,Selangor,,0,0,0,0,0,0,0,0,1,1,1.0,0,0,0,0,0,0,0,0,0,0,0,0,0,0,260000
3,1,600.0,Freehold,20.0,,Apartment,,,Non Bumi Lot,Penang,18.0,2,0,0,0,0,0,0,0,1,1,,0,0,0,0,1,0,0,1,0,0,0,0,0,0,135000
3,2,700.0,Freehold,5.0,7810.0,Apartment,,High,Non Bumi Lot,Selangor,,2,0,1,0,0,0,0,0,1,1,3.0,0,0,0,0,0,0,0,1,1,0,0,0,0,0,85000
3,2,1011.0,Freehold,26.0,440.0,Apartment,,,Non Bumi Lot,Johor,9.0,12,0,0,0,0,0,0,0,1,1,,1,1,1,1,1,0,1,1,1,1,1,0,1,1,420000
3,2,1004.0,Leasehold,,,Condominium,1.0,High,Non Bumi Lot,Sarawak,,8,0,0,0,0,0,0,0,1,0,3.0,0,0,1,1,1,0,0,1,1,1,1,0,1,0,715000
1,1,609.0,Freehold,,363.0,Service Residence,1.0,Medium,Non Bumi Lot,Kuala Lumpur,5.0,5,1,1,1,1,0,1,1,1,1,2.0,1,0,1,0,0,0,1,0,1,0,1,0,0,0,562880
3,2,1206.0,Freehold,28.0,585.0,Apartment,2.0,High,Non Bumi Lot,Johor,5.0,12,0,0,0,0,0,0,0,1,1,3.0,1,0,1,1,1,1,1,1,1,1,1,0,1,1,660000
3,4,2044.0,Leasehold,,135.0,Condominium,2.0,Low,Non Bumi Lot,Sabah,9.0,2,0,0,0,0,0,0,0,1,0,1.0,0,0,1,0,0,0,0,0,0,0,1,0,0,0,1250000
3,2,1080.0,Freehold,12.0,,Apartment,2.0,Medium,Non Bumi Lot,Penang,,6,0,0,0,0,0,0,0,1,1,2.0,0,0,0,1,1,0,0,1,1,0,1,0,1,0,350000
3,2,1226.0,Freehold,38.0,473.0,Condominium,2.0,,Non Bumi Lot,Penang,5.0,8,0,0,0,0,0,0,0,1,1,,0,0,1,0,0,1,0,1,1,1,1,1,1,0,740000
3,2,700.0,Freehold,30.0,500.0,Apartment,1.0,,Non Bumi Lot,Penang,11.0,9,0,0,0,0,0,0,0,1,1,,1,0,1,1,1,0,1,1,1,0,1,0,1,0,350000
3,2,850.0,Freehold,17.0,299.0,Condominium,2.0,,Non Bumi Lot,Selangor,3.0,7,0,0,0,0,0,0,0,1,1,,0,0,1,0,1,0,1,1,1,0,1,0,1,0,325000
3,2,850.0,Freehold,,635.0,Apartment,2.0,Medium,Non Bumi Lot,Selangor,4.0,9,0,1,0,0,0,0,0,1,1,2.0,0,0,1,1,1,1,0,1,1,1,1,0,1,0,260000
1,1,407.0,Freehold,,,Condominium,,Medium,Non Bumi Lot,Johor,6.0,14,0,0,0,0,0,0,0,1,1,2.0,1,1,1,1,1,1,1,1,1,1,1,1,1,1,358000
3,2,900.0,Freehold,29.0,274.0,Condominium,1.0,High,Non Bumi Lot,Penang,19.0,5,0,0,0,0,0,0,0,1,1,3.0,0,0,0,0,1,0,0,1,1,0,1,0,1,0,500000
3,2,1300.0,Leasehold,17.0,400.0,Condominium,1.0,Medium,Non Bumi Lot,Selangor,,10,0,1,1,1,1,0,1,1,0,2.0,1,0,1,1,1,1,1,1,1,0,1,0,1,0,420000
3,2,914.0,Freehold,15.0,464.0,Apartment,1.0,Low,Non Bumi Lot,Selangor,17.0,9,1,1,1,1,1,0,1,1,1,1.0,0,0,1,0,1,1,1,1,1,0,1,0,1,1,315000
3,2,932.0,Freehold,9.0,,Condominium,1.0,Medium,Non Bumi Lot,Selangor,,8,0,0,0,0,0,0,0,1,1,2.0,1,0,0,1,1,1,0,1,1,0,1,0,1,0,300000
3,2,732.0,Freehold,5.0,160.0,Apartment,1.0,Medium,Non Bumi Lot,Penang,26.0,3,0,0,0,0,0,0,0,1,1,2.0,0,0,0,0,0,0,0,1,1,0,1,0,0,0,300000
2,1,550.0,Leasehold,,,Flat,,,Non Bumi Lot,Penang,,1,0,0,0,0,0,0,0,1,0,,0,0,0,0,1,0,0,0,0,0,0,0,0,0,210000
3,2,850.0,Leasehold,,,Apartment,1.0,High,Bumi Lot,Selangor,,14,1,0,1,1,0,0,0,0,0,3.0,1,1,1,1,1,1,1,1,1,1,1,1,1,1,266000
3,2,798.0,Leasehold,,,Apartment,,Medium,Bumi Lot,Perak,,6,0,0,0,0,0,0,0,0,0,2.0,0,0,0,0,1,1,0,1,1,0,1,0,1,0,210000
3,2,850.0,Leasehold,,,Apartment,1.0,Medium,Bumi Lot,Selangor,,4,0,0,0,0,0,0,0,0,0,2.0,0,0,0,0,0,0,0,1,1,0,1,0,1,0,185000
3,2,860.0,Leasehold,,,Apartment,1.0,Medium,Non Bumi Lot,Kuala Lumpur,,3,1,0,0,1,0,0,1,1,0,2.0,0,0,0,0,1,0,0,1,0,0,1,0,0,0,308000
3,2,915.0,Freehold,,750.0,Service Residence,2.0,,Non Bumi Lot,Selangor,,10,0,0,0,0,0,0,0,1,1,,1,0,1,1,1,0,1,1,1,1,1,0,1,0,443000
3,3,1711.0,Leasehold,,,Condominium,1.0,High,Non Bumi Lot,Sarawak,,0,0,0,0,0,0,0,0,1,0,3.0,0,0,0,0,0,0,0,0,0,0,0,0,0,0,470000
3,2,900.0,Leasehold,5.0,,Apartment,1.0,High,Bumi Lot,Selangor,20.0,2,0,0,0,0,0,0,0,0,0,3.0,0,0,0,0,0,0,0,1,0,0,0,0,1,0,234000
3,2,800.0,Freehold,45.0,1168.0,Condominium,1.0,Medium,Non Bumi Lot,Penang,5.0,9,0,0,0,0,0,0,0,1,1,2.0,1,0,1,0,1,1,1,1,1,0,1,0,1,0,420000
3,2,710.0,Leasehold,,,Apartment,1.0,,Non Bumi Lot,,,0,0,0,0,0,0,0,0,1,0,,0,0,0,0,0,0,0,0,0,0,0,0,0,0,184000
3,2,800.0,Freehold,,,Apartment,1.0,Low,Non Bumi Lot,Selangor,,2,0,0,0,0,0,0,0,1,1,1.0,0,0,0,0,0,0,0,1,0,0,1,0,0,0,270000
3,2,872.0,Freehold,5.0,,Apartment,1.0,Low,Non Bumi Lot,Selangor,,4,1,1,1,1,1,0,1,1,1,1.0,1,0,0,0,0,0,0,1,1,0,1,0,0,0,350000
2,1,635.0,Freehold,,280.0,Service Residence,,High,Non Bumi Lot,Selangor,5.0,9,0,0,1,0,0,0,0,1,1,3.0,0,0,1,1,1,1,1,1,1,0,1,0,1,0,380000
3,2,868.0,Freehold,5.0,,Apartment,1.0,Low,Bumi Lot,Selangor,,4,0,0,0,0,0,0,0,0,1,1.0,0,0,0,1,0,0,0,1,1,0,1,0,0,0,199000
3,2,993.0,Freehold,33.0,299.0,Condominium,2.0,Medium,Non Bumi Lot,Penang,5.0,9,0,0,0,0,0,0,0,1,1,2.0,1,0,1,1,1,0,1,0,1,1,1,0,1,0,1150000
3,2,1023.0,Freehold,,1200.0,Condominium,2.0,,Non Bumi Lot,Selangor,4.0,14,0,0,0,0,0,0,0,1,1,,1,1,1,1,1,1,1,1,1,1,1,1,1,1,300000
3,2,1742.0,Freehold,30.0,600.0,Condominium,2.0,Medium,Non Bumi Lot,Selangor,9.0,11,0,0,0,0,0,0,0,1,1,2.0,1,1,1,1,1,1,1,1,1,0,1,0,1,0,488000
3,1,700.0,Freehold,,,Flat,,,Non Bumi Lot,Melaka,,0,0,0,0,0,0,0,0,1,1,,0,0,0,0,0,0,0,0,0,0,0,0,0,0,150000
3,2,850.0,Freehold,,536.0,Apartment,2.0,Low,Non Bumi Lot,Selangor,,3,1,0,0,0,1,0,0,1,1,1.0,0,0,0,0,0,0,0,1,1,0,1,0,0,0,300000
3,2,1033.0,Leasehold,,228.0,Service Residence,,,Non Bumi Lot,Selangor,,8,0,0,0,0,0,0,0,1,0,,1,0,1,0,1,0,1,1,1,0,1,0,1,0,290000
3,2,1378.0,Freehold,15.0,368.0,Condominium,,,Bumi Lot,Kuala Lumpur,6.0,4,0,0,0,0,0,0,0,0,1,,0,0,0,0,0,0,0,1,1,0,1,0,1,0,393000
3,2,1000.0,Freehold,,,Apartment,2.0,High,Non Bumi Lot,Penang,3.0,9,0,0,0,0,0,0,0,1,1,3.0,0,0,1,0,1,1,0,1,1,1,1,0,1,1,520000
3,2,914.0,Leasehold,21.0,565.0,Apartment,1.0,,Non Bumi Lot,Johor,17.0,8,0,0,0,0,0,0,0,1,0,,1,0,1,1,0,0,0,1,1,0,1,0,1,1,288000
3,2,1060.0,Freehold,25.0,237.0,Condominium,2.0,Medium,Non Bumi Lot,Penang,27.0,4,0,0,0,0,0,0,0,1,1,2.0,0,0,0,0,1,0,0,1,0,0,1,0,1,0,480000
3,2,850.0,Freehold,21.0,,Apartment,,Medium,Non Bumi Lot,Johor,,9,0,0,0,0,0,0,0,1,1,2.0,1,1,1,1,0,1,0,1,1,0,1,0,1,0,268000
3,2,1316.0,Leasehold,,,Condominium,,Low,Non Bumi Lot,Sarawak,,5,0,0,0,0,0,0,0,1,0,1.0,0,0,0,1,0,0,0,1,1,0,1,0,1,0,380000
3,2,1000.0,Freehold,,,Apartment,1.0,Medium,Non Bumi Lot,Johor,,0,0,0,0,0,0,0,0,1,1,2.0,0,0,0,0,0,0,0,0,0,0,0,0,0,0,288000
4,2,1650.0,Freehold,24.0,234.0,Condominium,1.0,High,Non Bumi Lot,Penang,,6,0,0,0,0,0,0,0,1,1,3.0,0,0,1,0,1,0,0,1,1,0,1,0,1,0,550000
3,2,1258.0,Freehold,16.0,529.0,Condominium,1.0,Low,Non Bumi Lot,Penang,16.0,7,0,0,0,0,0,0,0,1,1,1.0,0,0,1,0,1,1,0,1,1,0,1,0,1,0,520000
4,2,1228.0,Leasehold,26.0,618.0,Service Residence,2.0,,Non Bumi Lot,Selangor,4.0,11,1,0,0,0,0,0,1,1,0,,1,0,1,1,1,1,1,1,1,1,1,0,1,0,550000
3,2,900.0,Freehold,42.0,2685.0,Condominium,2.0,,Non Bumi Lot,Penang,4.0,0,0,0,0,0,0,0,0,1,1,,0,0,0,0,0,0,0,0,0,0,0,0,0,0,400000
3,2,944.0,Freehold,,,Apartment,1.0,Medium,Non Bumi Lot,Selangor,,4,0,0,1,1,0,0,1,1,1,2.0,0,0,0,1,0,0,0,1,1,0,1,0,0,0,390000
2,1,540.0,Freehold,,,Flat,,Medium,Non Bumi Lot,Selangor,,2,0,0,0,0,1,0,0,1,1,2.0,0,0,0,0,0,1,0,1,0,0,0,0,0,0,85000
3,2,900.0,Freehold,,,Apartment,2.0,High,Non Bumi Lot,Selangor,4.0,6,0,0,0,0,0,0,0,1,1,3.0,0,0,0,0,1,1,0,1,1,0,1,0,1,0,265000
4,3,1216.0,Freehold,,,Apartment,2.0,Medium,Non Bumi Lot,Johor,,12,0,0,0,0,0,0,0,1,1,2.0,1,0,1,1,0,1,1,1,1,1,1,1,1,1,300000
4,4,1600.0,Freehold,43.0,218.0,Condominium,2.0,Low,Non Bumi Lot,Penang,8.0,11,0,0,0,0,0,0,0,1,1,1.0,1,0,1,1,1,1,1,1,1,1,1,0,1,0,788000
3,3,1900.0,Freehold,23.0,744.0,Service Residence,3.0,High,Non Bumi Lot,Selangor,9.0,12,0,0,0,1,0,0,1,1,1,3.0,1,1,1,1,1,1,1,1,1,1,1,0,1,0,450000
3,2,700.0,Freehold,24.0,234.0,Apartment,1.0,High,Non Bumi Lot,Penang,,3,0,0,0,0,0,0,0,1,1,3.0,0,0,0,0,1,0,0,1,0,0,1,0,0,0,318000
3,2,721.0,Leasehold,15.0,,Apartment,1.0,Medium,Bumi Lot,Kuala Lumpur,15.0,6,1,1,0,1,0,1,1,0,0,2.0,0,0,0,1,1,1,0,1,1,0,1,0,0,0,229999
2,1,455.0,Leasehold,,,Apartment,,Medium,Bumi Lot,Sabah,,5,0,0,0,0,0,0,0,0,0,2.0,0,0,0,0,0,1,0,1,1,0,1,0,1,0,140000
1,1,618.0,Leasehold,28.0,467.0,Condominium,2.0,Medium,Non Bumi Lot,Kuala Lumpur,8.0,12,0,0,1,0,0,0,0,1,0,2.0,1,1,1,1,1,1,1,1,1,1,1,0,1,0,318000
1,1,715.0,Freehold,12.0,392.0,Apartment,1.0,Low,Non Bumi Lot,Johor,4.0,12,0,0,0,0,0,0,0,1,1,1.0,1,1,1,1,1,1,1,1,1,1,1,0,1,0,308000
2,2,650.0,Leasehold,19.0,1632.0,Apartment,,High,Bumi Lot,Penang,24.0,6,0,0,0,0,0,0,0,0,0,3.0,0,0,0,0,1,1,1,1,1,0,1,0,0,0,155000
3,2,650.0,Freehold,16.0,,Apartment,,Medium,Bumi Lot,Kuala Lumpur,,5,0,0,1,0,0,0,0,0,1,2.0,0,0,0,0,1,1,1,1,1,0,0,0,0,0,160000
3,2,1059.0,Leasehold,23.0,346.0,Condominium,1.0,Low,Non Bumi Lot,Selangor,14.0,10,0,0,0,1,1,0,1,1,0,1.0,1,0,1,1,1,0,0,1,1,0,1,1,1,1,415000
3,2,1044.0,Leasehold,11.0,628.0,Condominium,2.0,Medium,Non Bumi Lot,Kuala Lumpur,,12,1,0,1,1,0,0,0,1,0,2.0,1,1,1,1,1,1,1,1,1,1,1,0,1,0,570000
3,2,1195.0,Freehold,38.0,420.0,Condominium,2.0,,Non Bumi Lot,Penang,12.0,14,0,0,0,0,0,0,0,1,1,,1,1,1,1,1,1,1,1,1,1,1,1,1,1,700000
3,3,1400.0,Freehold,29.0,260.0,Condominium,2.0,Medium,Non Bumi Lot,Penang,8.0,14,0,0,0,0,0,0,0,1,1,2.0,1,1,1,1,1,1,1,1,1,1,1,1,1,1,978000
3,2,700.0,Freehold,12.0,240.0,Apartment,1.0,Low,Non Bumi Lot,Penang,28.0,2,0,0,0,0,0,0,0,1,1,1.0,0,0,0,0,0,0,0,1,0,0,1,0,0,0,280000
2,2,818.0,Freehold,,,Condominium,,High,Non Bumi Lot,Johor,6.0,5,0,0,0,0,0,0,0,1,1,3.0,0,0,0,0,1,0,1,1,0,0,1,0,1,0,488000
3,2,700.0,Freehold,24.0,234.0,Apartment,1.0,,Non Bumi Lot,Penang,,4,0,0,0,0,0,0,0,1,1,,0,0,0,0,1,0,0,1,1,0,1,0,0,0,300000
3,2,654.0,Freehold,38.0,554.0,Apartment,1.0,Medium,Non Bumi Lot,Penang,9.0,4,0,0,0,0,0,0,0,1,1,2.0,0,0,0,0,1,0,0,1,1,0,1,0,0,0,325000
3,2,650.0,Leasehold,5.0,,Apartment,1.0,Medium,Non Bumi Lot,Selangor,,4,0,0,0,0,0,0,0,1,0,2.0,0,0,0,0,0,1,1,1,1,0,0,0,0,0,128000
4,2,1162.0,Leasehold,25.0,576.0,Service Residence,2.0,Medium,Non Bumi Lot,Kuala Lumpur,7.0,9,0,1,1,0,1,0,1,1,0,2.0,1,0,1,1,0,1,1,1,1,0,1,0,1,0,529000
2,2,975.0,Freehold,,654.0,Condominium,1.0,Medium,Non Bumi Lot,Kuala Lumpur,10.0,13,1,0,1,1,0,0,0,1,1,2.0,1,1,1,1,1,1,1,1,1,1,1,0,1,1,490000
3,2,1273.0,Freehold,33.0,412.0,Condominium,1.0,High,Non Bumi Lot,Penang,7.0,0,0,0,0,0,0,0,0,1,1,3.0,0,0,0,0,0,0,0,0,0,0,0,0,0,0,490000
3,2,1140.0,Freehold,14.0,608.0,Condominium,2.0,Medium,Non Bumi Lot,Penang,6.0,7,0,0,0,0,0,0,0,1,1,2.0,0,1,0,1,1,0,0,0,1,1,1,0,1,0,385000
3,2,850.0,Freehold,5.0,,Condominium,,,Non Bumi Lot,Selangor,,3,0,0,1,1,1,0,0,1,1,,0,0,0,0,0,0,0,1,1,0,0,0,1,0,289000
3,2,1300.0,Freehold,19.0,114.0,Condominium,2.0,High,Non Bumi Lot,Penang,8.0,14,0,0,0,0,0,0,0,1,1,3.0,1,1,1,1,1,1,1,1,1,1,1,1,1,1,730000
3,2,1010.0,Leasehold,,397.0,Apartment,,,Non Bumi Lot,Kuala Lumpur,16.0,7,0,1,1,1,1,0,1,1,0,,1,0,1,0,0,1,0,1,1,0,1,0,1,0,330000
1,1,391.0,Leasehold,,,Condominium,,Medium,Non Bumi Lot,Sabah,,7,0,0,0,0,0,0,0,1,0,2.0,0,0,1,1,0,0,0,1,1,1,1,0,1,0,220000
3,2,950.0,Leasehold,43.0,639.0,Service Residence,1.0,High,Bumi Lot,Kuala Lumpur,3.0,11,0,0,0,0,0,0,0,0,0,3.0,1,0,1,1,1,1,1,1,1,1,1,0,1,0,849000
2,2,1131.0,Freehold,,443.0,Condominium,2.0,Medium,Non Bumi Lot,Kuala Lumpur,2.0,14,0,0,0,1,0,0,1,1,1,2.0,1,1,1,1,1,1,1,1,1,1,1,1,1,1,330000
3,2,1023.0,Leasehold,22.0,1074.0,Condominium,1.0,,Non Bumi Lot,Selangor,13.0,9,0,1,0,0,1,0,0,1,0,,0,1,1,1,1,1,0,1,1,0,1,0,1,0,270000
3,2,856.0,Freehold,4.0,40.0,Apartment,,Medium,Non Bumi Lot,Kuala Lumpur,,2,0,0,0,0,0,0,0,1,1,2.0,0,0,0,0,0,0,0,0,0,0,1,0,1,0,295000
3,2,900.0,Leasehold,13.0,,Apartment,2.0,Low,Bumi Lot,Johor,14.0,7,0,0,0,0,0,0,0,0,0,1.0,0,0,0,1,1,1,1,1,1,0,1,0,0,0,230000
3,2,840.0,Freehold,,,Service Residence,2.0,Medium,Bumi Lot,Kuala Lumpur,,11,1,1,0,1,0,0,1,0,1,2.0,1,1,1,1,1,0,1,1,1,1,1,0,1,0,600000
3,2,1270.0,Freehold,,,Condominium,2.0,Medium,Non Bumi Lot,Penang,,5,0,0,0,0,0,0,0,1,1,2.0,0,0,0,0,1,0,0,1,1,0,1,0,1,0,740000
3,2,850.0,Leasehold,50.0,3600.0,Condominium,1.0,,Non Bumi Lot,Kuala Lumpur,0.0,6,1,1,1,1,0,1,1,1,0,,0,0,1,0,1,0,0,1,1,0,1,0,1,0,480000
3,2,895.0,Leasehold,,,Apartment,1.0,Low,Non Bumi Lot,Selangor,,7,0,0,1,0,1,0,0,1,0,1.0,0,0,0,1,0,1,1,1,1,0,1,0,1,0,248000
3,2,1170.0,Freehold,10.0,396.0,Condominium,,High,Non Bumi Lot,Selangor,16.0,10,1,1,1,1,0,0,0,1,1,3.0,1,0,1,0,1,1,1,1,1,0,1,0,1,1,360000
3,2,845.0,Freehold,,,Service Residence,,,Non Bumi Lot,Kuala Lumpur,,0,1,0,0,1,0,0,1,1,1,,0,0,0,0,0,0,0,0,0,0,0,0,0,0,340000
3,2,657.0,Freehold,,,Flat,,Low,Bumi Lot,Johor,,0,0,0,0,0,0,0,0,0,1,1.0,0,0,0,0,0,0,0,0,0,0,0,0,0,0,135000
3,2,700.0,Freehold,28.0,422.0,Condominium,1.0,Medium,Non Bumi Lot,Penang,26.0,10,0,0,0,0,0,0,0,1,1,2.0,1,0,1,1,1,1,1,1,1,0,1,0,1,0,340000
3,3,1087.0,Freehold,,552.0,Condominium,2.0,,Non Bumi Lot,Selangor,1.0,10,0,0,0,0,0,0,0,1,1,,1,0,1,0,1,1,0,1,1,1,1,1,1,0,310000
2,2,650.0,Leasehold,44.0,2136.0,Service Residence,1.0,Low,Non Bumi Lot,Kuala Lumpur,2.0,11,0,1,0,1,0,0,1,1,0,1.0,1,0,1,1,1,1,1,1,1,1,1,0,1,0,340000
3,2,1493.0,Freehold,,390.0,Condominium,2.0,,Non Bumi Lot,Penang,,13,0,0,0,0,0,0,0,1,1,,1,1,1,1,1,0,1,1,1,1,1,1,1,1,645000
3,2,1372.0,Freehold,14.0,539.0,Condominium,2.0,,Non Bumi Lot,Selangor,8.0,11,0,1,1,0,0,1,1,1,1,,1,1,1,1,0,0,1,1,1,1,1,0,1,1,680000
3,2,833.0,Leasehold,24.0,299.0,Apartment,,,Non Bumi Lot,Selangor,16.0,0,0,1,1,1,1,0,1,1,0,,0,0,0,0,0,0,0,0,0,0,0,0,0,0,275000
3,2,1272.0,Freehold,,572.0,Condominium,,,Non Bumi Lot,Kuala Lumpur,,0,1,0,1,1,0,0,1,1,1,,0,0,0,0,0,0,0,0,0,0,0,0,0,0,423000
1,1,689.0,Leasehold,40.0,1360.0,Service Residence,,,Non Bumi Lot,Melaka,6.0,9,0,0,0,0,0,0,0,1,0,,1,0,1,0,1,0,1,1,1,1,1,0,1,0,290000
3,2,1000.0,Freehold,,,Condominium,2.0,Medium,Non Bumi Lot,Penang,,9,0,0,0,0,0,0,0,1,1,2.0,1,1,1,1,1,0,0,1,1,0,1,0,1,0,415000
3,2,650.0,Freehold,5.0,,Apartment,,Medium,Non Bumi Lot,Selangor,,3,0,0,1,1,1,0,0,1,1,2.0,0,0,0,0,0,0,0,1,1,0,1,0,0,0,170000
3,2,1130.0,Freehold,,,Condominium,2.0,Medium,Non Bumi Lot,Penang,,9,0,0,0,0,0,0,0,1,1,2.0,0,0,1,0,1,1,0,1,1,1,1,1,1,0,820000
4,2,1258.0,Freehold,,,Condominium,,Medium,Non Bumi Lot,Penang,,6,0,0,0,0,0,0,0,1,1,2.0,0,0,1,0,1,0,0,1,1,0,1,0,1,0,435000
2,2,520.0,Leasehold,,,Flat,,Low,Non Bumi Lot,Penang,,2,0,0,0,0,0,0,0,1,0,1.0,0,0,0,0,1,0,1,0,0,0,0,0,0,0,150000
3,2,883.0,Leasehold,14.0,704.0,Condominium,1.0,High,Non Bumi Lot,Selangor,22.0,8,0,0,0,0,0,0,0,1,0,3.0,0,0,1,0,1,1,0,1,1,1,1,0,1,0,250000
3,2,1173.0,Freehold,,,Apartment,1.0,High,Non Bumi Lot,Perak,,9,0,0,0,0,0,0,0,1,1,3.0,1,0,1,1,1,0,1,1,1,0,1,0,1,0,365000
3,1,650.0,Leasehold,,,Flat,,Medium,Non Bumi Lot,Selangor,,0,1,0,0,1,0,0,0,1,0,2.0,0,0,0,0,0,0,0,0,0,0,0,0,0,0,85000
3,2,969.0,Freehold,,,Condominium,2.0,High,Bumi Lot,Putrajaya,,14,0,0,0,0,0,0,0,0,1,3.0,1,1,1,1,1,1,1,1,1,1,1,1,1,1,460000
1,1,506.0,Leasehold,21.0,613.0,Condominium,,High,Non Bumi Lot,Johor,2.0,0,0,0,0,0,0,0,0,1,0,3.0,0,0,0,0,0,0,0,0,0,0,0,0,0,0,225000
4,3,1450.0,Freehold,16.0,470.0,Condominium,2.0,Low,Non Bumi Lot,Penang,9.0,9,0,0,0,0,0,0,0,1,1,1.0,1,0,1,0,1,0,1,1,1,1,1,0,1,0,700000
2,2,1417.0,Freehold,21.0,564.0,Service Residence,,Medium,Non Bumi Lot,Selangor,6.0,7,0,0,0,0,0,0,0,1,1,2.0,1,0,1,0,1,0,0,1,1,0,1,0,1,0,480000
1,1,416.0,Leasehold,22.0,176.0,Service Residence,,Medium,Non Bumi Lot,Kuala Lumpur,,4,1,1,1,1,0,1,1,1,0,2.0,0,0,1,0,0,0,0,0,0,1,1,0,1,0,228000
3,2,850.0,Freehold,5.0,,Apartment,,Medium,Bumi Lot,Selangor,,4,0,0,0,0,0,0,0,0,1,2.0,0,0,0,1,0,1,0,1,1,0,0,0,0,0,199900
2,2,1010.0,Freehold,25.0,2003.0,Service Residence,2.0,High,Non Bumi Lot,Johor,4.0,14,0,0,0,0,0,0,0,1,1,3.0,1,1,1,1,1,1,1,1,1,1,1,1,1,1,396000
2,1,525.0,Freehold,,,Flat,,Low,Non Bumi Lot,Johor,,0,0,0,0,0,0,0,0,1,1,1.0,0,0,0,0,0,0,0,0,0,0,0,0,0,0,120000
3,2,720.0,Leasehold,,160.0,Condominium,1.0,Medium,Non Bumi Lot,Melaka,5.0,7,0,0,0,0,0,0,0,1,0,2.0,1,0,1,1,0,0,0,1,0,1,1,0,1,0,320000
3,2,710.0,Leasehold,3.0,,Apartment,,Low,Non Bumi Lot,Johor,,1,0,0,0,0,0,0,0,1,0,1.0,0,0,0,0,0,0,0,1,0,0,0,0,0,0,168000
4,2,1487.0,Freehold,18.0,107.0,Condominium,3.0,,Non Bumi Lot,Penang,8.0,8,0,0,0,0,0,0,0,1,1,,1,0,1,0,1,0,1,1,1,0,1,0,1,0,875000
3,2,1173.0,Leasehold,15.0,,Condominium,1.0,Low,Bumi Lot,Selangor,,6,1,1,1,1,0,0,0,0,0,1.0,0,0,0,0,1,1,0,1,1,0,1,0,1,0,355000
3,2,850.0,Leasehold,5.0,,Apartment,,High,Non Bumi Lot,Sabah,,0,0,0,0,0,0,0,0,1,0,3.0,0,0,0,0,0,0,0,0,0,0,0,0,0,0,250000
3,2,1012.0,Freehold,23.0,744.0,Service Residence,,Medium,Non Bumi Lot,Selangor,9.0,10,0,0,0,1,0,0,1,1,1,2.0,1,0,1,0,1,1,1,1,1,1,1,0,1,0,300000
3,2,1100.0,Freehold,,,Condominium,1.0,Medium,Non Bumi Lot,Melaka,,3,0,0,0,0,0,0,0,1,1,2.0,0,0,0,0,0,0,0,1,0,0,1,0,1,0,350000
3,2,904.0,Freehold,,,Condominium,2.0,High,Bumi Lot,Putrajaya,,13,0,0,0,0,0,0,0,0,1,3.0,1,1,1,1,1,1,1,1,1,1,1,1,1,0,479000
3,2,700.0,Leasehold,25.0,,Apartment,1.0,Medium,Non Bumi Lot,Penang,,3,0,0,0,0,0,0,0,1,0,2.0,0,0,0,0,1,0,0,1,0,0,1,0,0,0,250000
3,2,778.0,Leasehold,7.0,1274.0,Apartment,1.0,Medium,Bumi Lot,Selangor,18.0,6,0,0,0,0,0,0,0,0,0,2.0,0,0,0,0,1,1,1,1,1,0,1,0,0,0,205000
3,2,750.0,Leasehold,,,Apartment,1.0,High,Non Bumi Lot,Penang,,0,0,0,0,0,0,0,0,1,0,3.0,0,0,0,0,0,0,0,0,0,0,0,0,0,0,190000
3,2,770.0,Freehold,8.0,76.0,Apartment,1.0,Low,Non Bumi Lot,Johor,,6,0,0,0,0,0,0,0,1,1,1.0,1,0,0,1,0,1,0,1,1,0,1,0,0,0,170000
3,2,930.0,Freehold,,460.0,Apartment,2.0,Medium,Non Bumi Lot,Negeri Sembilan,1.0,6,0,0,0,0,0,0,0,1,1,2.0,0,0,0,1,1,0,1,1,1,0,1,0,0,0,275000
3,2,1050.0,Freehold,,,Condominium,3.0,Medium,Non Bumi Lot,Kuala Lumpur,,14,0,0,0,0,0,0,0,1,1,2.0,1,1,1,1,1,1,1,1,1,1,1,1,1,1,370000
3,2,1000.0,Freehold,5.0,,Condominium,1.0,Medium,Non Bumi Lot,Kuala Lumpur,,9,1,0,1,1,0,0,0,1,1,2.0,1,0,0,0,0,1,0,1,1,1,1,1,1,1,340000
2,1,657.0,Leasehold,,596.0,Service Residence,,,Non Bumi Lot,Selangor,1.0,6,0,1,1,0,0,0,0,1,0,,1,0,0,1,0,0,0,1,1,1,1,0,0,0,430000
4,2,1010.0,Freehold,,,Service Residence,2.0,Medium,Non Bumi Lot,Kuala Lumpur,,10,1,1,1,1,1,0,0,1,1,2.0,1,0,1,1,1,1,1,1,1,0,1,0,1,0,650000
3,2,1750.0,Freehold,22.0,1343.0,Condominium,2.0,,Non Bumi Lot,Penang,6.0,13,0,0,0,0,0,0,0,1,1,,0,1,1,1,1,1,1,1,1,1,1,1,1,1,1150000
3,2,871.0,Freehold,,,Apartment,,Low,Non Bumi Lot,Selangor,,0,0,0,0,0,0,0,0,1,1,1.0,0,0,0,0,0,0,0,0,0,0,0,0,0,0,190000
3,2,700.0,Freehold,32.0,988.0,Condominium,2.0,Low,Non Bumi Lot,Penang,26.0,7,0,0,0,0,0,0,0,1,1,1.0,0,0,1,0,1,0,0,1,1,0,1,0,1,1,360000
3,2,936.0,Leasehold,21.0,,Apartment,,Medium,Bumi Lot,Johor,,4,0,0,0,0,0,0,0,0,0,2.0,1,0,0,0,0,0,0,1,1,0,1,0,0,0,246000
3,2,925.0,Leasehold,16.0,412.0,Service Residence,1.0,Medium,Bumi Lot,Kuala Lumpur,6.0,8,0,0,0,0,0,0,0,0,0,2.0,0,0,1,1,1,0,1,1,1,0,1,0,1,0,365000
3,2,753.0,Leasehold,,419.0,Service Residence,1.0,Low,Non Bumi Lot,Selangor,,12,1,1,1,0,0,0,0,1,0,1.0,1,0,1,1,1,1,1,1,1,0,1,1,1,1,220000
3,2,936.0,Freehold,23.0,,Condominium,1.0,,Bumi Lot,Selangor,,9,0,0,0,0,0,0,0,0,1,,1,0,1,0,1,1,0,1,1,0,1,0,1,1,270000
3,3,999.0,Leasehold,,,Condominium,1.0,Low,Non Bumi Lot,Perak,,5,0,0,0,0,0,0,0,1,0,1.0,0,0,1,1,0,0,0,1,1,0,1,0,0,0,245000
3,2,1050.0,Freehold,,428.0,Condominium,,Low,Non Bumi Lot,Penang,25.0,5,0,0,0,0,0,0,0,1,1,1.0,0,0,0,0,1,0,0,1,1,0,1,0,1,0,450000
1,1,454.0,Leasehold,15.0,766.0,Service Residence,,,Non Bumi Lot,Selangor,,8,1,1,1,1,0,0,0,1,0,,1,1,1,1,0,0,0,1,0,1,1,0,1,0,235000
3,1,650.0,Leasehold,,,Apartment,,,Non Bumi Lot,Selangor,,0,1,1,1,0,1,0,0,1,0,,0,0,0,0,0,0,0,0,0,0,0,0,0,0,138000
3,2,650.0,Leasehold,,,Apartment,,High,Bumi Lot,Kuala Lumpur,,4,0,0,0,0,0,0,0,0,0,3.0,0,0,0,1,1,1,0,0,1,0,0,0,0,0,180000
3,3,1210.0,Leasehold,21.0,482.0,Condominium,2.0,,Non Bumi Lot,Selangor,7.0,9,0,0,0,0,0,0,0,1,0,,1,0,1,0,1,1,1,1,1,0,1,0,1,0,398000
2,2,906.0,Freehold,21.0,460.0,Service Residence,2.0,Medium,Non Bumi Lot,Johor,9.0,8,0,0,0,0,0,0,0,1,1,2.0,1,0,1,0,0,1,1,0,1,0,1,0,1,1,388000
2,1,657.0,Leasehold,15.0,438.0,Apartment,1.0,Medium,Bumi Lot,Kuala Lumpur,27.0,3,0,0,0,0,0,0,0,0,0,2.0,0,0,0,0,0,0,0,1,1,0,1,0,0,0,199000
3,2,628.0,Leasehold,14.0,90.0,Apartment,,Medium,Bumi Lot,Selangor,,4,0,0,1,1,0,0,0,0,0,2.0,0,0,0,0,0,1,0,1,1,0,1,0,0,0,140000
3,1,581.0,Freehold,,,Flat,,Medium,Bumi Lot,Selangor,,0,0,0,0,0,0,0,0,0,1,2.0,0,0,0,0,0,0,0,0,0,0,0,0,0,0,65000
4,2,1300.0,Leasehold,,,Apartment,2.0,Medium,Bumi Lot,Johor,,13,0,0,0,0,0,0,0,0,0,2.0,1,1,1,1,1,1,1,1,1,1,1,0,1,1,300000
3,2,872.0,Freehold,22.0,1343.0,Condominium,1.0,,Non Bumi Lot,Penang,6.0,13,0,0,0,0,0,0,0,1,1,,0,1,1,1,1,1,1,1,1,1,1,1,1,1,595000
3,2,828.0,Freehold,,,Apartment,1.0,Medium,Non Bumi Lot,Putrajaya,,0,0,0,0,0,0,0,0,1,1,2.0,0,0,0,0,0,0,0,0,0,0,0,0,0,0,371000
3,2,800.0,Leasehold,,,Apartment,,High,Non Bumi Lot,Sarawak,,2,0,0,0,0,0,0,0,1,0,3.0,0,0,0,0,0,0,0,1,0,0,1,0,0,0,275000
3,2,1003.0,Leasehold,15.0,,Condominium,,Medium,Bumi Lot,Selangor,17.0,5,1,0,1,1,0,0,0,0,0,2.0,0,0,0,0,1,0,0,1,1,0,1,0,1,0,410000
3,2,1100.0,Freehold,25.0,1220.0,Condominium,1.0,,Non Bumi Lot,Kuala Lumpur,19.0,9,1,0,1,1,0,0,0,1,1,,1,0,1,0,0,1,0,1,1,1,1,0,1,1,400000
3,2,1103.0,Leasehold,40.0,684.0,Service Residence,2.0,Medium,Non Bumi Lot,Selangor,,8,0,0,0,0,0,0,0,1,0,2.0,0,0,1,0,1,0,1,1,1,1,1,0,1,0,433000
2,2,865.0,Freehold,,,Condominium,1.0,Medium,Non Bumi Lot,Johor,,10,0,0,0,0,0,0,0,1,1,2.0,1,0,1,1,1,0,1,1,1,1,1,0,1,0,299000
3,2,860.0,Leasehold,9.0,378.0,Condominium,1.0,Medium,Non Bumi Lot,Kuala Lumpur,25.0,8,0,0,0,0,0,0,0,1,0,2.0,0,0,0,1,1,1,1,1,1,0,1,0,1,0,258000
3,2,953.0,Freehold,,,Apartment,1.0,Medium,Bumi Lot,Selangor,,5,0,0,0,0,0,0,0,0,1,2.0,0,0,0,0,0,1,0,1,0,1,1,0,1,0,240000
3,2,860.0,Freehold,,,Apartment,,High,Non Bumi Lot,Selangor,,0,1,0,1,0,0,0,0,1,1,3.0,0,0,0,0,0,0,0,0,0,0,0,0,0,0,290000
3,2,775.0,Leasehold,7.0,,Apartment,1.0,Medium,Non Bumi Lot,Melaka,,4,0,0,0,0,0,0,0,1,0,2.0,0,0,0,0,1,0,0,1,0,0,1,0,1,0,180000
2,1,600.0,Leasehold,,,Condominium,1.0,Medium,Non Bumi Lot,Sabah,,7,0,0,0,0,0,0,0,1,0,2.0,0,0,0,1,1,1,0,1,1,0,1,0,1,0,222000
2,1,592.0,Leasehold,,,Flat,2.0,High,Non Bumi Lot,Selangor,,5,0,0,0,0,0,0,0,1,0,3.0,1,0,0,1,0,1,0,1,1,0,0,0,0,0,170000
3,2,1600.0,Freehold,12.0,150.0,Service Residence,1.0,Low,Non Bumi Lot,Kuala Lumpur,,8,1,0,1,0,1,0,0,1,1,1.0,1,0,1,1,1,0,0,1,1,0,1,0,1,0,715000
3,2,1376.0,Leasehold,17.0,616.0,Condominium,,Medium,Non Bumi Lot,Selangor,15.0,7,0,1,1,1,1,0,0,1,0,2.0,0,0,1,0,0,1,0,1,1,1,1,0,1,0,450000
2,2,603.0,Leasehold,,,Flat,1.0,Medium,Non Bumi Lot,Selangor,,3,1,0,0,1,0,0,0,1,0,2.0,0,0,0,0,0,0,1,1,1,0,0,0,0,0,102000
3,2,650.0,Freehold,,,Apartment,1.0,Low,Non Bumi Lot,Penang,9.0,6,0,0,0,0,0,0,0,1,1,1.0,0,0,0,1,1,1,0,1,1,0,1,0,0,0,213000
3,2,878.0,Freehold,,,Service Residence,2.0,,Non Bumi Lot,Kuala Lumpur,,0,0,0,0,0,0,0,0,1,1,,0,0,0,0,0,0,0,0,0,0,0,0,0,0,450000
3,2,657.0,Leasehold,,,Flat,1.0,High,Bumi Lot,Selangor,,5,0,1,1,1,1,0,1,0,0,3.0,0,0,0,1,1,1,0,1,1,0,0,0,0,0,220000
3,2,850.0,Freehold,13.0,209.0,Apartment,1.0,Medium,Non Bumi Lot,Penang,24.0,6,0,0,0,0,0,0,0,1,1,2.0,1,0,0,1,0,0,0,1,1,0,1,0,1,0,380000
3,2,1037.0,Leasehold,25.0,576.0,Service Residence,2.0,Medium,Non Bumi Lot,Kuala Lumpur,7.0,8,0,1,1,0,1,0,1,1,0,2.0,1,0,1,1,0,0,1,1,1,0,1,0,1,0,499000
3,2,1100.0,Freehold,11.0,60.0,Condominium,1.0,Medium,Non Bumi Lot,Selangor,,5,1,1,1,1,1,0,0,1,1,2.0,0,0,0,0,1,0,0,1,1,0,1,0,1,0,380000
3,2,807.0,Freehold,8.0,95.0,Condominium,1.0,Medium,Non Bumi Lot,Penang,,0,0,0,0,0,0,0,0,1,1,2.0,0,0,0,0,0,0,0,0,0,0,0,0,0,0,399000
3,2,1313.0,Freehold,13.0,666.0,Service Residence,4.0,Low,Bumi Lot,Selangor,9.0,8,0,0,0,0,0,0,0,0,1,1.0,0,0,1,0,1,1,0,1,1,0,1,1,1,0,565000
3,2,1295.0,Freehold,,,Condominium,1.0,Low,Non Bumi Lot,Kuala Lumpur,,8,1,1,1,1,1,1,1,1,1,1.0,1,0,0,1,0,1,0,1,1,0,1,0,1,1,340000
3,2,1185.0,Freehold,,,Apartment,2.0,,Non Bumi Lot,Selangor,,2,0,0,0,0,0,0,0,1,1,,0,0,0,0,0,0,0,1,0,0,1,0,0,0,260000
3,2,753.0,Freehold,,,Flat,,High,Non Bumi Lot,Johor,,2,0,0,0,0,0,0,0,1,1,3.0,0,0,0,0,0,1,0,0,1,0,0,0,0,0,210000
3,2,1074.0,Leasehold,,,Condominium,2.0,Low,Non Bumi Lot,Kuala Lumpur,10.0,9,1,0,0,0,0,0,1,1,0,1.0,1,0,1,1,0,0,0,1,1,1,1,1,1,0,485000
3,2,969.0,Freehold,,,Service Residence,2.0,Medium,Non Bumi Lot,Putrajaya,,14,0,0,0,0,0,0,0,1,1,2.0,1,1,1,1,1,1,1,1,1,1,1,1,1,1,482000
3,2,810.0,Freehold,,252.0,Apartment,1.0,Medium,Non Bumi Lot,Penang,24.0,3,0,0,0,0,0,0,0,1,1,2.0,0,0,0,0,1,0,0,1,0,0,1,0,0,0,288000
3,3,1124.0,Freehold,22.0,616.0,Service Residence,2.0,High,Non Bumi Lot,Selangor,7.0,6,1,1,1,0,1,0,1,1,1,3.0,0,0,1,0,0,0,1,1,1,0,1,0,1,0,500000
3,2,1450.0,Freehold,15.0,200.0,Condominium,1.0,High,Non Bumi Lot,Selangor,36.0,4,0,0,0,0,0,0,0,1,1,3.0,0,0,0,0,0,0,0,1,0,1,1,0,1,0,380000
3,2,1087.0,Freehold,38.0,420.0,Condominium,2.0,Medium,Non Bumi Lot,Penang,12.0,14,0,0,0,0,0,0,0,1,1,2.0,1,1,1,1,1,1,1,1,1,1,1,1,1,1,598000
3,2,872.0,Leasehold,11.0,,Apartment,1.0,Medium,Non Bumi Lot,Penang,,7,0,0,0,0,0,0,0,1,0,2.0,1,0,1,0,1,0,0,1,1,0,1,0,1,0,480000
4,2,1206.0,Freehold,16.0,384.0,Condominium,,Medium,Non Bumi Lot,Kuala Lumpur,,0,1,0,1,0,1,0,0,1,1,2.0,0,0,0,0,0,0,0,0,0,0,0,0,0,0,395000
4,3,1646.0,Freehold,44.0,378.0,Condominium,2.0,High,Non Bumi Lot,Penang,5.0,7,0,0,0,0,0,0,0,1,1,3.0,1,0,1,0,0,0,1,0,1,1,1,0,1,0,1150000
3,2,1200.0,Freehold,20.0,771.0,Condominium,2.0,Low,Non Bumi Lot,Penang,7.0,6,0,0,0,0,0,0,0,1,1,1.0,0,0,1,1,0,0,0,1,1,0,1,0,1,0,555000
3,2,667.0,Leasehold,,,Apartment,,Medium,Bumi Lot,Selangor,,4,0,0,0,0,0,0,0,0,0,2.0,0,0,0,0,1,1,0,1,1,0,0,0,0,0,175000
3,2,1399.0,Leasehold,8.0,,Condominium,,,Non Bumi Lot,Selangor,19.0,7,0,0,1,1,1,0,0,1,0,,0,0,1,0,0,1,0,1,1,0,1,0,1,1,480000
3,2,973.0,Leasehold,,352.0,Condominium,,Medium,Non Bumi Lot,Johor,8.0,9,0,0,0,0,0,0,0,1,0,2.0,1,0,1,1,1,1,0,1,1,0,1,0,1,0,318000
3,3,1701.0,Freehold,7.0,297.0,Condominium,3.0,Medium,Non Bumi Lot,Penang,9.0,13,0,0,0,0,0,0,0,1,1,2.0,1,1,1,1,1,0,1,1,1,1,1,1,1,1,1850000
2,2,800.0,Freehold,33.0,490.0,Condominium,,,Non Bumi Lot,Penang,3.0,8,0,0,0,0,0,0,0,1,1,,1,0,1,1,1,0,1,1,0,0,1,0,1,0,399000
8,3,1905.0,Freehold,18.0,160.0,Condominium,2.0,Medium,Non Bumi Lot,Selangor,23.0,11,0,0,0,0,1,0,0,1,1,2.0,1,1,1,1,0,1,0,1,1,1,1,0,1,1,750000
3,2,820.0,Freehold,14.0,,Apartment,1.0,Medium,Non Bumi Lot,Selangor,,7,1,0,1,1,0,0,0,1,1,2.0,1,0,0,1,1,1,0,1,1,0,1,0,0,0,260000
2,2,867.0,Freehold,20.0,,Condominium,1.0,High,Non Bumi Lot,Selangor,,11,0,1,1,1,1,1,1,1,1,3.0,1,0,1,1,1,1,1,1,1,1,1,0,1,0,370000
5,4,2400.0,Freehold,33.0,540.0,Condominium,2.0,High,Non Bumi Lot,Selangor,8.0,6,0,0,0,0,0,0,0,1,1,3.0,0,0,0,0,0,1,0,1,1,1,1,0,1,0,1200000
3,2,1000.0,Freehold,22.0,246.0,Apartment,,Medium,Non Bumi Lot,Selangor,17.0,3,0,0,0,0,0,0,0,1,1,2.0,0,0,0,0,1,1,0,0,0,0,1,0,0,0,250000
3,2,1144.0,Leasehold,29.0,1709.0,Condominium,1.0,Medium,Non Bumi Lot,Selangor,12.0,8,0,0,0,1,0,0,1,1,0,2.0,0,1,1,1,1,0,0,1,1,0,1,0,1,0,379000
2,2,733.0,Leasehold,12.0,,Condominium,1.0,,Bumi Lot,Selangor,,6,0,0,0,0,0,0,0,0,0,,0,0,0,1,0,1,0,1,1,0,1,0,1,0,260000
3,2,1382.0,Leasehold,,396.0,Condominium,2.0,Medium,Bumi Lot,Kuala Lumpur,7.0,14,1,1,0,1,1,0,1,0,0,2.0,1,1,1,1,1,1,1,1,1,1,1,1,1,1,650000
3,2,1095.0,Freehold,38.0,434.0,Condominium,1.0,Medium,Non Bumi Lot,Penang,7.0,7,0,0,0,0,0,0,0,1,1,2.0,1,0,1,1,0,0,0,0,1,1,1,0,1,0,565000
3,2,860.0,Freehold,27.0,,Condominium,1.0,,Non Bumi Lot,Penang,18.0,7,0,0,0,0,0,0,0,1,1,,1,0,1,0,1,0,0,1,1,0,1,0,1,0,450000
3,2,969.0,Leasehold,12.0,260.0,Condominium,1.0,Medium,Bumi Lot,Selangor,17.0,5,0,0,0,0,0,0,0,0,0,2.0,0,0,0,1,0,1,0,1,0,0,1,0,1,0,370000
3,2,1023.0,Freehold,,1200.0,Condominium,2.0,Medium,Non Bumi Lot,Selangor,4.0,0,0,0,0,0,0,0,0,1,1,2.0,0,0,0,0,0,0,0,0,0,0,0,0,0,0,300000
3,2,700.0,Leasehold,,,Apartment,1.0,,Non Bumi Lot,,,4,0,0,0,0,0,0,0,1,0,,0,0,0,1,0,0,0,1,0,0,1,0,1,0,239000
3,2,700.0,Leasehold,,,Apartment,,,Non Bumi Lot,Sarawak,,0,0,0,0,0,0,0,0,1,0,,0,0,0,0,0,0,0,0,0,0,0,0,0,0,188000
3,2,1392.0,Leasehold,,,Flat,1.0,,Non Bumi Lot,Sarawak,,3,0,0,0,0,0,0,0,1,0,,0,0,0,0,1,0,0,1,0,0,1,0,0,0,280000
5,5,4300.0,Freehold,31.0,34.0,Condominium,3.0,,Non Bumi Lot,Penang,12.0,9,0,0,0,0,0,0,0,1,1,,1,0,1,1,1,0,0,1,1,1,1,0,1,0,2280000
3,2,1250.0,Freehold,,461.0,Condominium,2.0,High,Non Bumi Lot,Selangor,5.0,8,0,0,0,0,0,0,0,1,1,3.0,0,0,1,0,1,1,1,1,1,0,1,0,1,0,499000
3,2,840.0,Freehold,,,Apartment,,,Non Bumi Lot,Selangor,,0,1,0,0,0,1,0,0,1,1,,0,0,0,0,0,0,0,0,0,0,0,0,0,0,370000
2,1,590.0,Freehold,,,Flat,1.0,,Non Bumi Lot,Penang,,3,0,0,0,0,0,0,0,1,1,,0,0,0,0,0,1,1,1,0,0,0,0,0,0,220000
3,2,1065.0,Freehold,4.0,1054.0,Service Residence,2.0,Medium,Non Bumi Lot,Selangor,7.0,9,0,0,1,0,0,0,0,1,1,2.0,0,0,1,1,1,1,0,1,1,1,1,0,1,0,394000
3,2,1000.0,Freehold,16.0,,Apartment,2.0,Medium,Bumi Lot,Selangor,,4,0,0,0,1,0,0,0,0,1,2.0,1,0,0,0,0,0,0,1,0,0,1,0,1,0,350000
3,2,1400.0,Leasehold,19.0,,Service Residence,,Medium,Non Bumi Lot,Johor,,4,0,0,0,0,0,0,0,1,0,2.0,0,0,0,1,0,0,0,0,0,1,1,1,0,0,450000
3,2,1024.0,Leasehold,4.0,,Apartment,1.0,Low,Non Bumi Lot,Johor,,2,0,0,0,0,0,0,0,1,0,1.0,0,0,0,0,0,0,0,1,0,0,1,0,0,0,303000
3,2,901.0,Freehold,33.0,490.0,Condominium,2.0,High,Non Bumi Lot,Penang,3.0,8,0,0,0,0,0,0,0,1,1,3.0,1,0,1,1,1,0,1,1,0,0,1,0,1,0,500000
2,1,650.0,Leasehold,,,Flat,,Medium,Non Bumi Lot,Kuala Lumpur,,2,0,0,0,0,0,0,0,1,0,2.0,0,0,0,0,0,1,0,0,1,0,0,0,0,0,240000
3,2,1030.0,Leasehold,22.0,1074.0,Condominium,1.0,Medium,Non Bumi Lot,Selangor,13.0,8,0,1,0,0,1,0,0,1,0,2.0,0,0,1,1,0,0,0,1,1,1,1,0,1,1,260000
3,2,990.0,Freehold,,,Apartment,1.0,Medium,Non Bumi Lot,Johor,,14,0,0,0,0,0,0,0,1,1,2.0,1,1,1,1,1,1,1,1,1,1,1,1,1,1,359000
3,2,1131.0,Leasehold,6.0,180.0,Condominium,1.0,Low,Non Bumi Lot,Kuala Lumpur,,10,1,0,0,1,0,0,0,1,0,1.0,1,0,1,1,1,1,0,1,1,0,1,0,1,1,400000
2,1,512.0,Leasehold,,,Condominium,,Low,Non Bumi Lot,Sabah,,6,0,0,0,0,0,0,0,1,0,1.0,0,0,1,1,0,0,0,1,1,0,1,0,1,0,230000
3,2,950.0,Freehold,,,Flat,1.0,High,Non Bumi Lot,Melaka,,3,0,0,0,0,0,0,0,1,1,3.0,0,0,0,0,0,1,0,1,1,0,0,0,0,0,110000
4,3,1991.0,Leasehold,8.0,825.0,Condominium,2.0,High,Non Bumi Lot,Kuala Lumpur,,9,0,1,1,1,1,0,1,1,0,3.0,1,1,1,0,1,1,0,1,1,0,1,0,1,0,690000
3,2,800.0,Leasehold,6.0,672.0,Apartment,1.0,,Non Bumi Lot,Penang,29.0,7,0,0,0,0,0,0,0,1,0,,0,0,1,1,1,0,0,1,1,0,1,0,1,0,288000
3,2,1077.0,Freehold,,,Apartment,1.0,Low,Non Bumi Lot,Penang,,0,0,0,0,0,0,0,0,1,1,1.0,0,0,0,0,0,0,0,0,0,0,0,0,0,0,320000
3,2,850.0,Leasehold,,,Condominium,,Medium,Non Bumi Lot,Kuala Lumpur,,7,1,1,1,1,0,0,0,1,0,2.0,0,0,0,0,1,1,1,1,1,0,1,0,1,0,260000
4,3,1788.0,Freehold,29.0,369.0,Condominium,2.0,,Non Bumi Lot,Kuala Lumpur,6.0,11,1,1,1,1,0,1,0,1,1,,1,1,1,1,0,0,1,1,1,1,1,1,1,0,1250000
3,2,947.0,Leasehold,,,Condominium,2.0,High,Non Bumi Lot,Kuala Lumpur,,6,1,0,1,1,0,0,1,1,0,3.0,0,0,1,0,1,0,0,1,1,0,1,0,1,0,425000
3,2,850.0,Freehold,5.0,400.0,Apartment,1.0,High,Non Bumi Lot,Selangor,6.0,3,0,0,1,1,0,0,0,1,1,3.0,0,0,0,0,1,0,0,1,1,0,0,0,0,0,295000
2,1,484.0,Freehold,,,Apartment,,Low,Bumi Lot,Selangor,,4,0,0,0,0,0,1,0,0,1,1.0,1,0,0,0,0,1,0,1,1,0,0,0,0,0,95000
3,3,1598.0,Freehold,42.0,670.0,Condominium,2.0,,Non Bumi Lot,Penang,6.0,5,0,0,0,0,0,0,0,1,1,,0,0,1,0,1,0,0,1,0,0,1,0,1,0,610000
3,2,753.0,Freehold,,,Flat,2.0,High,Non Bumi Lot,Johor,,0,0,0,0,0,0,0,0,1,1,3.0,0,0,0,0,0,0,0,0,0,0,0,0,0,0,188000
3,2,860.0,Freehold,17.0,299.0,Condominium,2.0,Low,Non Bumi Lot,Selangor,3.0,9,0,0,0,0,0,0,0,1,1,1.0,0,0,1,0,1,1,1,1,1,1,1,0,1,0,320000
3,2,730.0,Freehold,5.0,400.0,Apartment,1.0,Low,Non Bumi Lot,Selangor,6.0,0,0,0,1,1,0,0,0,1,1,1.0,0,0,0,0,0,0,0,0,0,0,0,0,0,0,330000
4,2,1000.0,Leasehold,14.0,504.0,Apartment,2.0,,Bumi Lot,Kuala Lumpur,,5,0,0,0,0,0,0,0,0,0,,0,0,0,0,1,1,0,1,1,0,1,0,0,0,400000
3,2,891.0,Freehold,,,Apartment,,,Non Bumi Lot,Selangor,,0,1,0,1,1,0,0,0,1,1,,0,0,0,0,0,0,0,0,0,0,0,0,0,0,270000
3,2,1049.0,Leasehold,12.0,196.0,Apartment,1.0,,Bumi Lot,Selangor,16.0,8,0,1,1,1,0,0,1,0,0,,1,0,0,1,1,1,1,1,1,0,1,0,0,0,380000
5,4,2266.0,Leasehold,28.0,,Condominium,2.0,High,Non Bumi Lot,Sabah,,13,0,0,0,0,0,0,0,1,0,3.0,1,1,1,1,1,1,1,1,1,1,1,0,1,1,2199999
3,2,1150.0,Leasehold,,,Apartment,,High,Non Bumi Lot,Melaka,,3,0,0,0,0,0,0,0,1,0,3.0,0,0,0,0,1,0,0,1,0,0,1,0,0,0,480000
3,2,960.0,Freehold,8.0,,Apartment,1.0,High,Non Bumi Lot,Selangor,,5,0,0,1,1,1,0,0,1,1,3.0,0,0,1,0,0,0,0,1,1,0,1,0,1,0,309000
4,3,1464.0,Leasehold,22.0,531.0,Condominium,2.0,Low,Non Bumi Lot,Penang,12.0,8,0,0,0,0,0,0,0,1,0,1.0,1,0,1,1,1,0,0,1,1,0,1,0,1,0,930000
3,2,700.0,Freehold,16.0,476.0,Condominium,1.0,Medium,Non Bumi Lot,Penang,24.0,6,0,0,0,0,0,0,0,1,1,2.0,0,0,0,0,1,0,0,1,1,0,1,0,1,1,320000
3,2,850.0,Leasehold,10.0,65.0,Service Residence,,Medium,Non Bumi Lot,Johor,,3,0,0,0,0,0,0,0,1,0,2.0,0,0,0,0,0,0,1,0,0,0,1,0,1,0,340000
1,1,422.0,Leasehold,,,Service Residence,2.0,Medium,Non Bumi Lot,Pahang,5.0,5,0,0,0,0,0,0,0,1,0,2.0,0,0,1,0,1,0,0,1,0,0,1,0,1,0,400000
3,2,1001.0,Leasehold,21.0,391.0,Service Residence,,,Non Bumi Lot,Selangor,9.0,0,1,0,0,1,0,0,0,1,0,,0,0,0,0,0,0,0,0,0,0,0,0,0,0,445000
3,2,700.0,Freehold,10.0,360.0,Apartment,,High,Non Bumi Lot,Selangor,,5,0,0,1,1,1,1,0,1,1,3.0,0,0,0,0,0,0,1,1,1,0,1,0,1,0,270000
3,2,815.0,Leasehold,14.0,,Apartment,1.0,,Bumi Lot,Kuala Lumpur,,1,1,1,0,1,1,1,1,0,0,,0,0,0,0,0,0,0,1,0,0,0,0,0,0,250000
3,2,850.0,Leasehold,16.0,196.0,Apartment,,Medium,Bumi Lot,Johor,15.0,0,0,0,0,0,0,0,0,0,0,2.0,0,0,0,0,0,0,0,0,0,0,0,0,0,0,275000
3,2,956.0,Freehold,19.0,392.0,Condominium,1.0,,Non Bumi Lot,Selangor,,12,0,0,0,0,0,0,0,1,1,,1,1,1,1,0,1,1,1,1,1,1,0,1,1,295000
3,2,950.0,Leasehold,38.0,900.0,Apartment,2.0,Medium,Non Bumi Lot,Kuala Lumpur,0.0,12,1,0,1,1,0,0,0,1,0,2.0,1,1,1,1,1,1,1,1,1,1,1,0,1,0,450000
3,2,1353.0,Freehold,49.0,480.0,Service Residence,2.0,Low,Non Bumi Lot,Penang,5.0,5,0,0,0,0,0,0,0,1,1,1.0,0,0,0,0,1,0,0,1,1,0,1,0,1,0,690000
3,2,857.0,Freehold,23.0,744.0,Service Residence,,High,Non Bumi Lot,Selangor,9.0,12,0,0,0,1,0,0,1,1,1,3.0,1,1,1,1,1,1,1,1,1,1,1,0,1,0,315000
3,2,1000.0,Freehold,13.0,445.0,Apartment,1.0,Medium,Non Bumi Lot,Selangor,16.0,7,0,0,0,0,0,1,0,1,1,2.0,1,0,0,1,1,1,0,1,1,0,1,0,0,0,230000
3,2,1249.0,Freehold,33.0,256.0,Condominium,3.0,,Non Bumi Lot,Penang,3.0,7,0,0,0,0,0,0,0,1,1,,0,0,1,0,0,1,0,1,1,1,1,0,1,0,1450000
3,2,1273.0,Freehold,,,Condominium,2.0,,Non Bumi Lot,Penang,,6,0,0,0,0,0,0,0,1,1,,0,0,1,0,1,0,0,1,1,0,1,0,1,0,490000
3,2,773.0,Freehold,,400.0,Apartment,1.0,,Non Bumi Lot,Selangor,,3,0,0,1,1,0,1,0,1,1,,0,0,0,0,0,0,1,0,1,0,1,0,0,0,235000
2,1,519.0,Leasehold,,,Flat,,High,Bumi Lot,Selangor,,3,0,1,1,1,1,0,1,0,0,3.0,0,0,0,0,0,1,0,1,1,0,0,0,0,0,142000
3,2,660.0,Leasehold,,,Apartment,,,Bumi Lot,Selangor,,0,0,0,0,0,0,0,0,0,0,,0,0,0,0,0,0,0,0,0,0,0,0,0,0,105000
3,2,1091.0,Freehold,18.0,569.0,Condominium,1.0,High,Non Bumi Lot,Kuala Lumpur,13.0,8,0,0,1,0,0,0,1,1,1,3.0,0,0,1,0,1,1,0,1,1,1,1,0,1,0,340000
3,2,656.0,Freehold,,,Apartment,,High,Non Bumi Lot,Selangor,,4,0,0,0,0,0,0,0,1,1,3.0,0,0,0,1,0,1,0,1,1,0,0,0,0,0,190000
3,2,1160.0,Leasehold,,,Apartment,,Medium,Non Bumi Lot,Sarawak,,7,0,0,0,0,0,0,0,1,0,2.0,0,0,1,0,1,0,0,1,1,1,1,0,1,0,580000
3,2,850.0,Freehold,,435.0,Apartment,1.0,,Non Bumi Lot,Selangor,13.0,5,1,0,1,0,1,0,0,1,1,,0,0,0,0,1,0,1,1,0,0,1,0,1,0,295000
3,2,900.0,Leasehold,4.0,,Apartment,,Low,Non Bumi Lot,Sarawak,,1,0,0,0,0,0,0,0,1,0,1.0,0,0,0,0,0,0,0,0,0,0,0,0,1,0,340000
4,2,1000.0,Freehold,,,Condominium,2.0,Medium,Non Bumi Lot,Selangor,,9,0,0,0,0,0,0,0,1,1,2.0,1,0,1,1,1,0,1,1,1,0,1,0,1,0,400000
3,2,838.0,Freehold,22.0,816.0,Condominium,2.0,High,Non Bumi Lot,Penang,16.0,9,0,0,0,0,0,0,0,1,1,3.0,1,0,1,1,1,0,0,1,1,0,1,1,1,0,400000
3,2,1210.0,Leasehold,21.0,482.0,Condominium,2.0,Medium,Non Bumi Lot,Selangor,7.0,9,0,0,0,0,0,0,0,1,0,2.0,1,0,1,1,1,1,0,1,1,0,1,0,1,0,390000
3,2,680.0,Freehold,10.0,,Apartment,1.0,,Non Bumi Lot,Selangor,,3,0,0,1,0,0,0,0,1,1,,0,0,0,0,0,1,0,1,1,0,0,0,0,0,165000
3,2,700.0,Freehold,5.0,7810.0,Apartment,,Low,Non Bumi Lot,Selangor,,2,0,1,0,0,0,0,0,1,1,1.0,0,0,0,0,0,0,0,1,1,0,0,0,0,0,110000
3,2,800.0,Freehold,23.0,433.0,Apartment,1.0,,Non Bumi Lot,Penang,24.0,8,0,0,0,0,0,0,0,1,1,,0,0,1,0,1,1,1,1,1,0,1,0,1,0,330000
3,3,1200.0,Freehold,5.0,,Condominium,,Medium,Non Bumi Lot,Kuala Lumpur,,3,1,0,1,1,0,0,1,1,1,2.0,0,0,0,0,1,0,0,0,1,0,0,0,1,0,531000
3,2,1167.0,Freehold,17.0,,Condominium,1.0,,Non Bumi Lot,Kuala Lumpur,,7,0,0,0,0,0,0,0,1,1,,1,0,1,0,0,1,0,1,1,0,0,0,1,1,320000
3,4,1636.0,Freehold,5.0,115.0,Condominium,2.0,Low,Non Bumi Lot,Penang,5.0,6,0,0,0,0,0,0,0,1,1,1.0,0,0,1,0,1,0,0,1,1,0,1,0,1,0,2200000
3,1,654.0,Freehold,38.0,554.0,Apartment,1.0,High,Non Bumi Lot,Penang,9.0,0,0,0,0,0,0,0,0,1,1,3.0,0,0,0,0,0,0,0,0,0,0,0,0,0,0,288000
3,2,800.0,Freehold,29.0,,Apartment,1.0,,Non Bumi Lot,Penang,15.0,7,0,0,0,0,0,0,0,1,1,,0,0,1,1,0,1,0,1,1,1,1,0,0,0,320000
3,2,700.0,Freehold,,,Flat,,Low,Non Bumi Lot,Penang,,1,0,0,0,0,0,0,0,1,1,1.0,0,0,0,0,0,0,0,1,0,0,0,0,0,0,150000
3,2,803.0,Leasehold,,203.0,Apartment,1.0,,Non Bumi Lot,Selangor,2.0,6,0,0,0,0,0,0,0,1,0,,0,0,1,1,0,0,1,0,1,0,1,0,1,0,185000
3,2,1009.0,Leasehold,36.0,1338.0,Service Residence,2.0,High,Non Bumi Lot,Kuala Lumpur,6.0,11,1,0,1,1,0,0,0,1,0,3.0,1,0,1,1,1,1,1,1,1,1,1,0,1,0,350000
3,2,1200.0,Freehold,20.0,1400.0,Condominium,1.0,Low,Non Bumi Lot,Kuala Lumpur,15.0,10,1,0,1,1,0,0,1,1,1,1.0,1,0,1,1,1,0,1,1,1,1,1,0,1,0,560000
3,2,1069.0,Freehold,22.0,246.0,Apartment,,,Non Bumi Lot,Selangor,17.0,5,0,0,0,0,0,0,0,1,1,,0,0,0,0,1,1,0,1,1,0,1,0,0,0,252000
3,2,1219.0,Freehold,24.0,1235.0,Condominium,2.0,High,Non Bumi Lot,Penang,2.0,9,0,0,0,0,0,0,0,1,1,3.0,1,0,1,1,1,0,0,1,1,1,1,0,1,0,815000
3,3,1459.0,Freehold,26.0,220.0,Condominium,2.0,,Non Bumi Lot,Penang,4.0,7,0,0,0,0,0,0,0,1,1,,0,0,1,0,0,1,0,1,1,0,1,1,1,0,1500000
3,2,850.0,Leasehold,49.0,2155.0,Condominium,,,Non Bumi Lot,Penang,7.0,0,0,0,0,0,0,0,0,1,0,,0,0,0,0,0,0,0,0,0,0,0,0,0,0,530000
1,1,661.0,Freehold,13.0,420.0,Service Residence,1.0,High,Non Bumi Lot,Johor,8.0,8,0,0,0,0,0,0,0,1,1,3.0,1,0,1,0,1,0,1,1,1,0,1,0,1,0,308000
4,4,960.0,Leasehold,10.0,372.0,Apartment,1.0,Medium,Bumi Lot,Selangor,,4,0,0,0,1,0,0,1,0,0,2.0,0,0,0,0,1,0,0,1,1,0,1,0,0,0,350000
3,3,1300.0,Freehold,19.0,706.0,Condominium,1.0,Medium,Non Bumi Lot,Penang,13.0,11,0,0,0,0,0,0,0,1,1,2.0,1,0,1,0,1,1,1,1,1,1,1,0,1,1,470000
3,2,850.0,Leasehold,9.0,,Apartment,,,Non Bumi Lot,Kuala Lumpur,,4,1,1,1,1,0,0,0,1,0,,0,0,0,0,0,0,0,1,1,0,1,0,1,0,205000
4,2,1353.0,Freehold,,,Apartment,2.0,Medium,Bumi Lot,Johor,,13,0,0,0,0,0,0,0,0,1,2.0,1,1,1,1,1,1,1,1,1,1,1,1,1,0,340000
3,2,1000.0,Freehold,,,Condominium,1.0,Low,Non Bumi Lot,Sabah,8.0,9,0,0,0,0,0,0,0,1,1,1.0,1,1,1,0,1,1,0,1,1,0,1,0,1,0,465000
1,1,420.0,Freehold,,,Condominium,,High,Non Bumi Lot,,,6,0,0,0,0,0,0,0,1,1,3.0,1,0,1,0,0,0,0,1,0,0,1,1,1,0,299000
3,2,1087.0,Freehold,,148.0,Condominium,2.0,High,Non Bumi Lot,Penang,,8,0,0,0,0,0,0,0,1,1,3.0,1,1,1,0,0,0,0,1,1,1,1,0,1,0,445000
2,2,841.0,Freehold,4.0,99.0,Apartment,1.0,,Non Bumi Lot,Sarawak,,2,0,0,0,0,0,0,0,1,1,,1,0,0,0,0,0,0,0,0,0,1,0,0,0,350000
3,2,750.0,Freehold,,,Apartment,,Medium,Non Bumi Lot,Sarawak,,0,0,0,0,0,0,0,0,1,1,2.0,0,0,0,0,0,0,0,0,0,0,0,0,0,0,178000
3,2,1043.0,Freehold,15.0,900.0,Apartment,1.0,,Non Bumi Lot,Kuala Lumpur,25.0,7,0,1,1,1,0,0,1,1,1,,0,0,1,0,0,1,0,1,1,0,1,1,1,0,390000
3,2,1055.0,Freehold,22.0,246.0,Apartment,2.0,High,Non Bumi Lot,Selangor,17.0,5,0,0,0,0,0,0,0,1,1,3.0,0,0,0,1,1,1,0,1,0,0,1,0,0,0,280000
3,2,650.0,Leasehold,,,Apartment,,High,Non Bumi Lot,Selangor,,3,1,0,0,1,0,0,1,1,0,3.0,0,0,0,1,1,1,0,0,0,0,0,0,0,0,155000
3,2,1345.0,Freehold,17.0,91.0,Condominium,3.0,Medium,Non Bumi Lot,Penang,7.0,10,0,0,0,0,0,0,0,1,1,2.0,0,0,1,1,1,1,0,1,1,1,1,1,1,0,820000
4,3,1257.0,Leasehold,12.0,200.0,Apartment,2.0,Medium,Non Bumi Lot,Sarawak,,7,0,0,0,0,0,0,0,1,0,2.0,0,0,1,1,1,0,0,1,1,0,1,0,1,0,600000
3,2,650.0,Leasehold,,,Apartment,,,Non Bumi Lot,Penang,,3,0,0,0,0,0,0,0,1,0,,0,0,0,0,1,0,0,1,0,0,1,0,0,0,218000
2,1,550.0,Freehold,,,Apartment,,Medium,Non Bumi Lot,Penang,,0,0,0,0,0,0,0,0,1,1,2.0,0,0,0,0,0,0,0,0,0,0,0,0,0,0,170000
3,2,1150.0,Freehold,,,Apartment,,,Non Bumi Lot,Selangor,,0,0,0,0,0,0,0,0,1,1,,0,0,0,0,0,0,0,0,0,0,0,0,0,0,299999
3,2,1016.0,Leasehold,21.0,800.0,Apartment,,,Non Bumi Lot,Kuala Lumpur,17.0,3,1,0,0,1,1,0,1,1,0,,0,0,0,0,0,1,0,1,0,0,1,0,0,0,325000
3,3,1598.0,Freehold,42.0,670.0,Condominium,2.0,Medium,Non Bumi Lot,Penang,6.0,5,0,0,0,0,0,0,0,1,1,2.0,0,0,1,0,1,0,0,1,0,0,1,0,1,0,685000
3,2,844.0,Leasehold,,,Apartment,,Medium,Bumi Lot,Selangor,,5,0,0,0,0,0,0,0,0,0,2.0,0,0,0,0,0,0,1,1,1,0,1,0,1,0,229000
3,2,863.0,Leasehold,,,Apartment,1.0,,Bumi Lot,Selangor,,5,1,0,0,1,0,0,0,0,0,,0,0,0,0,1,0,0,1,1,0,1,0,1,0,275000
3,2,750.0,Freehold,,,Apartment,,Medium,Non Bumi Lot,Selangor,,0,0,0,0,0,0,0,0,1,1,2.0,0,0,0,0,0,0,0,0,0,0,0,0,0,0,230000
3,2,750.0,Freehold,21.0,520.0,Apartment,1.0,,Non Bumi Lot,Penang,24.0,5,0,0,0,0,0,0,0,1,1,,0,0,0,0,1,0,0,1,1,0,1,0,1,0,280000
3,2,700.0,Freehold,20.0,,Apartment,1.0,High,Non Bumi Lot,Penang,17.0,8,0,0,0,0,0,0,0,1,1,3.0,1,0,1,1,1,1,0,1,1,0,1,0,0,0,461000
2,1,550.0,Leasehold,,,Flat,,Medium,Non Bumi Lot,Penang,,2,0,0,0,0,0,0,0,1,0,2.0,0,0,0,0,0,1,0,1,0,0,0,0,0,0,138000
3,2,750.0,Freehold,20.0,608.0,Apartment,1.0,Low,Non Bumi Lot,Penang,,6,0,0,0,0,0,0,0,1,1,1.0,0,0,0,1,1,0,1,1,1,0,1,0,0,0,340000
3,2,775.0,Leasehold,34.0,1502.0,Apartment,1.0,High,Non Bumi Lot,Kuala Lumpur,6.0,6,1,0,0,1,0,0,0,1,0,3.0,0,0,1,0,0,1,0,1,1,0,1,0,1,0,324000
3,2,1114.0,Freehold,,,Condominium,2.0,Medium,Non Bumi Lot,,,0,0,0,0,0,0,0,0,1,1,2.0,0,0,0,0,0,0,0,0,0,0,0,0,0,0,447500
3,3,1200.0,Freehold,,,Condominium,2.0,Medium,Non Bumi Lot,Kuala Lumpur,,14,0,0,0,0,0,0,0,1,1,2.0,1,1,1,1,1,1,1,1,1,1,1,1,1,1,530000
3,2,645.0,Leasehold,17.0,,Apartment,,,Bumi Lot,Kuala Lumpur,,2,0,0,0,0,0,0,0,0,0,,0,0,0,0,0,1,0,0,0,0,1,0,0,0,230000
3,1,742.0,Freehold,11.0,,Apartment,1.0,Medium,Non Bumi Lot,Kuala Lumpur,,4,1,1,1,1,0,1,0,1,1,2.0,0,0,0,0,1,0,0,1,1,0,1,0,0,0,295000
3,2,700.0,Freehold,14.0,,Condominium,1.0,Medium,Non Bumi Lot,Penang,,3,0,0,0,0,0,0,0,1,1,2.0,0,0,0,0,1,0,0,1,0,0,1,0,0,0,320000
3,2,1000.0,Freehold,30.0,410.0,Condominium,2.0,Medium,Non Bumi Lot,Penang,6.0,0,0,0,0,0,0,0,0,1,1,2.0,0,0,0,0,0,0,0,0,0,0,0,0,0,0,570000
3,2,1153.0,Leasehold,,,Condominium,1.0,,Non Bumi Lot,Sarawak,,13,0,0,0,0,0,0,0,1,0,,1,1,1,1,1,1,1,1,1,1,1,0,1,1,490000
3,3,2400.0,Freehold,26.0,156.0,Condominium,2.0,High,Non Bumi Lot,Penang,29.0,8,0,0,0,0,0,0,0,1,1,3.0,1,0,1,0,0,0,0,1,0,1,1,1,1,1,950000
2,2,800.0,Freehold,22.0,1343.0,Condominium,,Medium,Non Bumi Lot,Penang,6.0,13,0,0,0,0,0,0,0,1,1,2.0,0,1,1,1,1,1,1,1,1,1,1,1,1,1,675000
3,2,1043.0,Freehold,,,Condominium,2.0,Low,Non Bumi Lot,Selangor,,14,0,0,0,0,0,0,0,1,1,1.0,1,1,1,1,1,1,1,1,1,1,1,1,1,1,400000
2,2,1213.0,Leasehold,24.0,403.0,Condominium,2.0,Medium,Non Bumi Lot,Kuala Lumpur,7.0,9,1,1,1,1,0,0,1,1,0,2.0,1,0,1,0,1,0,1,1,1,1,1,0,1,0,700000
3,2,955.0,Freehold,9.0,,Apartment,,Low,Non Bumi Lot,Selangor,,0,0,0,1,1,1,0,0,1,1,1.0,0,0,0,0,0,0,0,0,0,0,0,0,0,0,310000
3,2,670.0,Freehold,18.0,332.0,Apartment,,,Non Bumi Lot,Selangor,19.0,9,1,0,1,1,0,0,0,1,1,,1,1,1,1,0,1,0,1,1,0,1,0,1,0,150000
3,2,811.0,Freehold,,,Apartment,2.0,Medium,Non Bumi Lot,Selangor,,0,0,0,0,0,0,0,0,1,1,2.0,0,0,0,0,0,0,0,0,0,0,0,0,0,0,260000
3,2,982.0,Leasehold,,,Condominium,2.0,Medium,Non Bumi Lot,Sabah,6.0,10,0,0,0,0,0,0,0,1,0,2.0,1,1,1,1,1,1,0,1,1,0,1,0,1,0,515000
3,2,1049.0,Leasehold,,,Condominium,1.0,High,Bumi Lot,Selangor,,0,1,0,1,1,0,0,0,0,0,3.0,0,0,0,0,0,0,0,0,0,0,0,0,0,0,360000
2,3,750.0,Freehold,18.0,,Apartment,1.0,Medium,Non Bumi Lot,Selangor,,7,0,0,0,0,0,0,0,1,1,2.0,0,0,0,1,1,1,0,1,1,1,1,0,0,0,195000
2,2,1164.0,Freehold,,,Condominium,1.0,Medium,Bumi Lot,Perak,,9,0,0,0,0,0,0,0,0,1,2.0,1,1,1,0,1,1,0,1,1,0,1,0,1,0,310000
4,2,1334.0,Freehold,15.0,,Condominium,,High,Non Bumi Lot,Penang,,8,0,0,0,0,0,0,0,1,1,3.0,0,0,1,1,1,1,0,1,1,0,1,0,1,0,430000
3,2,850.0,Leasehold,5.0,,Apartment,,Medium,Non Bumi Lot,Kuala Lumpur,,1,0,0,0,0,0,0,0,1,0,2.0,0,0,0,0,0,0,0,0,0,0,1,0,0,0,220000
3,2,650.0,Freehold,,,Apartment,1.0,Medium,Non Bumi Lot,Penang,,0,0,0,0,0,0,0,0,1,1,2.0,0,0,0,0,0,0,0,0,0,0,0,0,0,0,209000
3,2,850.0,Freehold,17.0,299.0,Condominium,2.0,Medium,Non Bumi Lot,Selangor,3.0,9,0,0,0,0,0,0,0,1,1,2.0,0,0,1,1,1,1,1,1,1,0,1,0,1,0,325000
2,1,550.0,Freehold,,,Condominium,2.0,High,Bumi Lot,Selangor,,14,0,0,0,0,0,0,0,0,1,3.0,1,1,1,1,1,1,1,1,1,1,1,1,1,1,198000
4,2,1087.0,Freehold,,428.0,Condominium,1.0,Low,Non Bumi Lot,Penang,25.0,5,0,0,0,0,0,0,0,1,1,1.0,0,0,0,0,1,0,0,1,1,0,1,0,1,0,485000
3,2,850.0,Freehold,,,Apartment,1.0,,Non Bumi Lot,Selangor,,0,0,0,0,0,0,0,0,1,1,,0,0,0,0,0,0,0,0,0,0,0,0,0,0,199000
3,1,650.0,Freehold,,,Flat,,Low,Non Bumi Lot,Johor,,0,0,0,0,0,0,0,0,1,1,1.0,0,0,0,0,0,0,0,0,0,0,0,0,0,0,130000
3,2,776.0,Leasehold,18.0,,Apartment,1.0,Low,Non Bumi Lot,Selangor,,6,0,0,0,0,0,0,0,1,0,1.0,0,0,0,0,1,1,0,1,1,1,1,0,0,0,178000
3,3,1200.0,Freehold,,,Condominium,2.0,High,Non Bumi Lot,Selangor,,14,0,0,0,0,0,0,0,1,1,3.0,1,1,1,1,1,1,1,1,1,1,1,1,1,1,499000
3,2,870.0,Leasehold,29.0,391.0,Service Residence,2.0,Medium,Non Bumi Lot,Sabah,7.0,9,0,0,0,0,0,0,0,1,0,2.0,0,0,1,1,1,1,0,1,1,1,1,0,1,0,450000
3,2,750.0,Freehold,18.0,112.0,Apartment,1.0,,Non Bumi Lot,Penang,,2,0,0,0,0,0,0,0,1,1,,0,0,0,0,0,0,0,1,0,0,1,0,0,0,370000
3,2,850.0,Freehold,4.0,348.0,Flat,1.0,Medium,Non Bumi Lot,Johor,9.0,1,0,0,0,0,0,0,0,1,1,2.0,0,0,0,0,0,0,0,0,0,0,1,0,0,0,155000
2,1,500.0,Leasehold,,,Flat,,Medium,Non Bumi Lot,Penang,,0,0,0,0,0,0,0,0,1,0,2.0,0,0,0,0,0,0,0,0,0,0,0,0,0,0,105000
2,1,550.0,Leasehold,,1456.0,Apartment,,Medium,Non Bumi Lot,Sabah,,8,0,0,0,0,0,0,0,1,0,2.0,0,0,1,1,0,1,1,1,1,0,1,0,1,0,190000
4,2,1142.0,Leasehold,24.0,900.0,Condominium,2.0,Low,Non Bumi Lot,Kuala Lumpur,8.0,8,0,0,0,0,0,0,0,1,0,1.0,0,0,1,0,1,1,0,1,1,1,1,0,1,0,490000
3,2,939.0,Freehold,25.0,636.0,Apartment,,,Non Bumi Lot,Selangor,8.0,0,0,0,0,0,0,0,0,1,1,,0,0,0,0,0,0,0,0,0,0,0,0,0,0,320000
3,1,540.0,Leasehold,,,Apartment,1.0,Medium,Non Bumi Lot,Selangor,,3,0,0,0,0,0,0,0,1,0,2.0,0,0,0,0,0,1,0,1,1,0,0,0,0,0,145000
2,1,600.0,Freehold,5.0,,Flat,,Medium,Bumi Lot,Kuala Lumpur,,0,0,1,0,1,0,0,1,0,1,2.0,0,0,0,0,0,0,0,0,0,0,0,0,0,0,235000
1,1,510.0,Freehold,,295.0,Service Residence,1.0,High,Non Bumi Lot,Sabah,,4,0,0,0,0,0,0,0,1,1,3.0,0,0,1,0,1,1,0,1,0,0,0,0,0,0,363000
3,2,1000.0,Freehold,32.0,71.0,Condominium,2.0,Medium,Non Bumi Lot,Penang,8.0,9,0,0,0,0,0,0,0,1,1,2.0,1,0,1,1,1,0,0,1,1,1,1,0,1,0,1500000
3,2,953.0,Freehold,,,Apartment,1.0,Medium,Non Bumi Lot,Selangor,,7,0,0,0,0,0,0,0,1,1,2.0,0,0,0,0,1,1,0,1,1,1,1,0,1,0,280000
3,2,865.0,Freehold,,,Apartment,,Medium,Non Bumi Lot,Selangor,,7,0,0,0,0,0,0,0,1,1,2.0,1,0,1,1,0,0,0,1,1,0,1,0,1,0,345000
3,2,1050.0,Freehold,,428.0,Condominium,1.0,High,Non Bumi Lot,Penang,25.0,11,0,0,0,0,0,0,0,1,1,3.0,1,0,1,0,0,1,1,1,1,1,1,1,1,1,420000
3,2,700.0,Leasehold,22.0,,Apartment,1.0,Medium,Non Bumi Lot,Penang,18.0,3,0,0,0,0,0,0,0,1,0,2.0,0,0,0,0,0,0,0,1,1,0,1,0,0,0,270000
3,2,800.0,Freehold,21.0,406.0,Condominium,1.0,,Non Bumi Lot,Penang,25.0,6,0,0,0,0,0,0,0,1,1,,0,0,0,1,1,0,0,1,1,0,1,0,1,0,368000
3,2,1004.0,Leasehold,22.0,500.0,Condominium,1.0,High,Non Bumi Lot,Kuala Lumpur,15.0,6,0,0,1,1,0,0,1,1,0,3.0,1,0,0,0,0,1,0,1,1,0,1,0,1,0,365000
3,2,1244.0,Freehold,36.0,1148.0,Apartment,2.0,Medium,Non Bumi Lot,Johor,4.0,10,0,0,0,0,0,0,0,1,1,2.0,1,0,1,1,1,1,0,1,1,1,1,0,1,0,600000
3,2,700.0,Freehold,30.0,500.0,Apartment,,,Non Bumi Lot,Penang,11.0,9,0,0,0,0,0,0,0,1,1,,1,0,1,1,1,0,1,1,1,0,1,0,1,0,360000
3,2,1275.0,Freehold,30.0,410.0,Condominium,2.0,Medium,Non Bumi Lot,Penang,6.0,9,0,0,0,0,0,0,0,1,1,2.0,0,0,1,1,1,0,1,1,1,1,1,0,1,0,665000
3,2,778.0,Leasehold,7.0,1274.0,Apartment,1.0,Low,Bumi Lot,Selangor,18.0,5,0,0,0,0,0,0,0,0,0,1.0,0,0,0,0,1,1,0,1,1,0,1,0,0,0,250000
3,2,800.0,Freehold,21.0,406.0,Condominium,1.0,,Non Bumi Lot,Penang,25.0,7,0,0,0,0,0,0,0,1,1,,0,0,0,1,1,1,0,1,1,0,1,0,1,0,350000
2,1,646.0,Leasehold,,,Apartment,,Medium,Non Bumi Lot,Sarawak,,0,0,0,0,0,0,0,0,1,0,2.0,0,0,0,0,0,0,0,0,0,0,0,0,0,0,130000
4,2,1001.0,Leasehold,4.0,,Apartment,1.0,Low,Non Bumi Lot,Johor,,0,0,0,0,0,0,0,0,1,0,1.0,0,0,0,0,0,0,0,0,0,0,0,0,0,0,250000
3,2,1185.0,Freehold,,,Apartment,2.0,Medium,Bumi Lot,Selangor,,4,0,0,0,0,0,0,0,0,1,2.0,0,0,0,1,0,0,0,1,1,0,1,0,0,0,300000
4,5,3735.0,Freehold,12.0,150.0,Condominium,2.0,High,Non Bumi Lot,Selangor,,4,0,0,0,0,0,0,0,1,1,3.0,0,0,0,0,0,0,0,1,1,0,1,0,1,0,1700000
4,4,2236.0,Leasehold,,73.0,Condominium,1.0,Medium,Non Bumi Lot,Sabah,16.0,5,0,0,0,0,0,0,0,1,0,2.0,0,0,1,1,0,0,0,1,0,0,1,0,1,0,1420000
3,2,1399.0,Freehold,,,Condominium,2.0,High,Non Bumi Lot,Penang,,0,0,0,0,0,0,0,0,1,1,3.0,0,0,0,0,0,0,0,0,0,0,0,0,0,0,465000
3,3,1045.0,Freehold,,,Condominium,2.0,High,Non Bumi Lot,Selangor,,8,0,0,0,0,0,0,0,1,1,3.0,0,1,0,0,1,1,1,1,1,0,1,0,1,0,262000
3,2,800.0,Leasehold,6.0,672.0,Apartment,2.0,,Non Bumi Lot,Penang,29.0,2,0,0,0,0,0,0,0,1,0,,0,0,0,0,0,0,0,1,0,0,1,0,0,0,298000
3,2,700.0,Freehold,23.0,2115.0,Flat,1.0,,Non Bumi Lot,Penang,20.0,3,0,0,0,0,0,0,0,1,1,,0,0,0,0,1,0,0,1,0,0,1,0,0,0,230000
1,1,295.0,Freehold,,1737.0,Service Residence,,,Non Bumi Lot,Johor,,10,0,0,0,0,0,0,0,1,1,,1,0,1,1,1,0,1,1,1,1,1,0,1,0,210000
3,1,726.0,Leasehold,,,Apartment,,Medium,Non Bumi Lot,Selangor,,0,0,0,0,0,0,0,0,1,0,2.0,0,0,0,0,0,0,0,0,0,0,0,0,0,0,60000
3,2,865.0,Freehold,,736.0,Service Residence,2.0,Medium,Non Bumi Lot,Selangor,3.0,4,1,0,1,1,1,1,0,1,1,2.0,0,1,0,1,0,0,0,0,0,0,0,1,0,1,520000
3,2,933.0,Leasehold,,,Service Residence,1.0,,Non Bumi Lot,Sarawak,,8,0,0,0,0,0,0,0,1,0,,1,0,1,1,1,0,0,1,1,0,1,0,1,0,600000
3,2,800.0,Freehold,29.0,,Apartment,2.0,,Non Bumi Lot,Penang,15.0,7,0,0,0,0,0,0,0,1,1,,0,0,1,1,0,1,0,1,1,1,1,0,0,0,385000
3,2,1100.0,Freehold,31.0,360.0,Condominium,2.0,Low,Non Bumi Lot,Penang,22.0,0,0,0,0,0,0,0,0,1,1,1.0,0,0,0,0,0,0,0,0,0,0,0,0,0,0,530000
3,2,650.0,Leasehold,23.0,1064.0,Apartment,,,Non Bumi Lot,Penang,20.0,4,0,0,0,0,0,0,0,1,0,,0,0,0,0,1,1,0,1,1,0,0,0,0,0,180000
3,2,990.0,Leasehold,14.0,454.0,Condominium,,Medium,Non Bumi Lot,Johor,16.0,14,0,0,0,0,0,0,0,1,0,2.0,1,1,1,1,1,1,1,1,1,1,1,1,1,1,250000
3,2,1036.0,Freehold,33.0,550.0,Condominium,2.0,Medium,Non Bumi Lot,Penang,2.0,11,0,0,0,0,0,0,0,1,1,2.0,1,1,1,1,1,0,1,1,1,1,1,0,1,0,760000
2,1,506.0,Leasehold,,,Flat,,Medium,Non Bumi Lot,Johor,,0,0,0,0,0,0,0,0,1,0,2.0,0,0,0,0,0,0,0,0,0,0,0,0,0,0,79000
3,2,750.0,Freehold,,224.0,Apartment,1.0,Medium,Non Bumi Lot,Penang,24.0,4,0,0,0,0,0,0,0,1,1,2.0,0,0,1,0,1,0,0,1,0,0,0,0,1,0,318000
4,3,1645.0,Freehold,,,Condominium,2.0,,Non Bumi Lot,,,0,0,0,0,0,0,0,0,1,1,,0,0,0,0,0,0,0,0,0,0,0,0,0,0,505000
3,2,926.0,Freehold,,,Service Residence,2.0,Low,Non Bumi Lot,Selangor,,9,0,0,0,0,0,0,0,1,1,1.0,1,1,1,1,1,0,0,1,1,0,1,0,1,0,456000
3,3,1211.0,Leasehold,,,Service Residence,,,Non Bumi Lot,,,0,0,0,0,0,0,0,0,1,0,,0,0,0,0,0,0,0,0,0,0,0,0,0,0,970000
3,2,949.0,Freehold,,635.0,Apartment,2.0,Medium,Non Bumi Lot,Selangor,4.0,10,0,0,0,0,0,0,0,1,1,2.0,0,1,1,1,1,1,1,1,1,0,1,0,1,0,275000
3,2,1345.0,Freehold,17.0,91.0,Condominium,2.0,Medium,Non Bumi Lot,Penang,7.0,10,0,0,0,0,0,0,0,1,1,2.0,0,0,1,1,1,1,0,1,1,1,1,1,1,0,790000
3,2,850.0,Leasehold,10.0,20.0,Apartment,,Low,Non Bumi Lot,Selangor,23.0,3,0,0,1,1,1,0,0,1,0,1.0,0,0,0,0,0,0,0,1,1,0,1,0,0,0,225000
3,2,1029.0,Leasehold,,,Apartment,1.0,Medium,Bumi Lot,Sabah,,4,0,0,0,0,0,0,0,0,0,2.0,0,0,0,0,1,0,0,1,1,0,1,0,0,0,326500
4,3,1557.0,Leasehold,,,Condominium,2.0,High,Non Bumi Lot,Sabah,,14,0,0,0,0,0,0,0,1,0,3.0,1,1,1,1,1,1,1,1,1,1,1,1,1,1,1059888
3,2,750.0,Leasehold,5.0,300.0,Apartment,1.0,Medium,Non Bumi Lot,Selangor,,2,1,0,1,1,0,0,0,1,0,2.0,0,0,0,0,0,0,0,1,0,0,1,0,0,0,200000
4,3,2400.0,Freehold,,,Condominium,2.0,High,Non Bumi Lot,Penang,,2,0,0,0,0,0,0,0,1,1,3.0,0,0,0,0,1,0,0,1,0,0,0,0,0,0,1050000
3,2,1130.0,Freehold,26.0,548.0,Condominium,2.0,Medium,Non Bumi Lot,Penang,7.0,14,0,0,0,0,0,0,0,1,1,2.0,1,1,1,1,1,1,1,1,1,1,1,1,1,1,600000
3,2,750.0,Freehold,20.0,608.0,Apartment,1.0,Low,Non Bumi Lot,Penang,,6,0,0,0,0,0,0,0,1,1,1.0,0,0,0,1,1,0,1,1,1,0,1,0,0,0,340000
3,2,786.0,Freehold,,,Apartment,,,Non Bumi Lot,Selangor,,3,1,0,1,1,1,0,1,1,1,,0,0,0,0,0,1,0,1,0,0,1,0,0,0,245000
3,2,880.0,Freehold,,,Apartment,,Low,Non Bumi Lot,Selangor,,0,0,0,0,0,0,0,0,1,1,1.0,0,0,0,0,0,0,0,0,0,0,0,0,0,0,130000
3,2,887.0,Freehold,30.0,808.0,Condominium,1.0,Low,Non Bumi Lot,Penang,10.0,10,0,0,0,0,0,0,0,1,1,1.0,0,0,1,0,1,1,0,1,1,1,1,1,1,1,450000
2,2,708.0,Freehold,,177.0,Condominium,1.0,Medium,Non Bumi Lot,Pahang,9.0,7,0,0,0,0,0,0,0,1,1,2.0,0,0,1,0,0,0,1,1,1,1,1,0,1,0,399000
3,2,790.0,Freehold,,,Apartment,1.0,Medium,Non Bumi Lot,Selangor,9.0,3,1,0,0,1,0,0,0,1,1,2.0,0,0,0,0,0,0,0,1,1,0,1,0,0,0,108000
2,2,1050.0,Leasehold,40.0,1360.0,Service Residence,2.0,High,Non Bumi Lot,Melaka,6.0,11,0,0,0,0,0,0,0,1,0,3.0,1,0,1,0,1,1,1,1,1,1,1,1,1,0,525000
3,2,700.0,Freehold,23.0,433.0,Apartment,1.0,Medium,Non Bumi Lot,Penang,24.0,10,0,0,0,0,0,0,0,1,1,2.0,1,0,1,1,1,1,0,1,1,0,1,0,1,1,320000
3,1,650.0,Freehold,,,Flat,,Medium,Non Bumi Lot,Selangor,,0,0,0,0,0,0,0,0,1,1,2.0,0,0,0,0,0,0,0,0,0,0,0,0,0,0,63000
3,2,1055.0,Freehold,,,Apartment,,,Non Bumi Lot,Selangor,,6,0,0,0,0,0,0,0,1,1,,0,0,1,0,1,0,0,1,1,0,1,0,1,0,270000
3,2,900.0,Freehold,,,Condominium,2.0,Medium,Non Bumi Lot,Johor,,8,0,0,0,0,0,0,0,1,1,2.0,1,1,1,0,0,1,0,1,1,0,1,0,1,0,250000
5,5,5000.0,Leasehold,,391.0,Condominium,3.0,,Bumi Lot,Kuala Lumpur,11.0,13,1,1,0,1,1,0,1,0,0,,1,0,1,1,1,1,1,1,1,1,1,1,1,1,2500000
1,1,678.0,Leasehold,27.0,303.0,Condominium,1.0,Low,Non Bumi Lot,Johor,,4,0,0,0,0,0,0,0,1,0,1.0,0,0,0,1,0,1,0,1,1,0,0,0,0,0,245000
3,2,989.0,Freehold,2.0,669.0,Service Residence,,Medium,Non Bumi Lot,Selangor,6.0,2,0,0,0,0,0,0,0,1,1,2.0,0,0,0,1,0,0,0,1,0,0,0,0,0,0,340000
3,2,800.0,Freehold,29.0,,Apartment,1.0,,Non Bumi Lot,Penang,15.0,7,0,0,0,0,0,0,0,1,1,,0,0,1,1,0,1,0,1,1,1,1,0,0,0,303000
3,2,783.0,Leasehold,,,Apartment,1.0,High,Bumi Lot,Selangor,,4,1,0,0,1,0,0,0,0,0,3.0,0,0,0,0,0,1,0,1,1,0,1,0,0,0,170000
3,2,950.0,Leasehold,17.0,592.0,Apartment,1.0,,Non Bumi Lot,Penang,34.0,6,0,0,0,0,0,0,0,1,0,,1,0,0,0,1,0,1,1,1,0,1,0,0,0,295000
4,2,1650.0,Freehold,,,Condominium,2.0,High,Non Bumi Lot,,,5,0,0,0,0,0,0,0,1,1,3.0,0,0,0,0,1,0,0,1,1,0,1,0,1,0,600000
3,2,1130.0,Leasehold,5.0,414.0,Apartment,1.0,Low,Bumi Lot,Selangor,17.0,7,0,0,0,0,0,0,0,0,0,1.0,1,0,1,0,1,0,0,1,1,0,1,0,1,0,320000
3,2,754.0,Leasehold,12.0,1000.0,Service Residence,1.0,High,Bumi Lot,Selangor,12.0,5,0,0,0,0,0,0,0,0,0,3.0,0,0,1,0,0,1,0,1,1,0,1,0,0,0,230000
2,1,646.0,Leasehold,,,Apartment,1.0,,Non Bumi Lot,Sarawak,,0,0,0,0,0,0,0,0,1,0,,0,0,0,0,0,0,0,0,0,0,0,0,0,0,130000
2,2,900.0,Leasehold,,,Condominium,1.0,Low,Non Bumi Lot,Sabah,,0,0,0,0,0,0,0,0,1,0,1.0,0,0,0,0,0,0,0,0,0,0,0,0,0,0,318000
3,2,850.0,Leasehold,5.0,,Apartment,2.0,High,Bumi Lot,Johor,,1,0,0,0,0,0,0,0,0,0,3.0,0,0,0,0,0,0,0,0,1,0,0,0,0,0,220000
3,2,770.0,Freehold,,,Flat,,High,Non Bumi Lot,Johor,,4,0,0,0,0,0,0,0,1,1,3.0,0,0,0,0,0,0,0,1,1,0,1,0,1,0,190000
3,2,850.0,Freehold,,536.0,Apartment,1.0,High,Bumi Lot,Selangor,,14,1,0,0,0,1,0,0,0,1,3.0,1,1,1,1,1,1,1,1,1,1,1,1,1,1,230000
2,2,740.0,Freehold,20.0,426.0,Service Residence,1.0,Medium,Non Bumi Lot,Johor,7.0,7,0,0,0,0,0,0,0,1,1,2.0,1,0,1,0,1,0,0,1,1,0,1,0,1,0,355000
3,2,830.0,Leasehold,,,Apartment,1.0,Medium,Bumi Lot,Kuala Lumpur,,6,1,0,1,1,1,0,0,0,0,2.0,0,0,0,0,0,1,1,1,1,0,1,0,1,0,340000
3,2,1093.0,Leasehold,,634.0,Condominium,,Medium,Bumi Lot,Selangor,,8,1,1,1,0,0,0,0,0,0,2.0,1,0,1,0,0,0,0,1,1,1,1,0,1,1,350000
3,2,900.0,Leasehold,,,Service Residence,2.0,,Non Bumi Lot,Selangor,,14,0,0,0,0,0,0,0,1,0,,1,1,1,1,1,1,1,1,1,1,1,1,1,1,380300
1,1,620.0,Freehold,38.0,1033.0,Service Residence,,Medium,Non Bumi Lot,Kuala Lumpur,11.0,5,1,1,1,1,1,0,1,1,1,2.0,0,0,1,0,0,0,0,1,1,0,0,1,1,0,368000
3,2,700.0,Freehold,17.0,,Apartment,,Low,Bumi Lot,Putrajaya,,3,0,0,0,0,0,0,0,0,1,1.0,0,0,0,0,1,0,0,1,1,0,0,0,0,0,255000
3,2,700.0,Leasehold,,,Apartment,2.0,Low,Non Bumi Lot,Penang,,0,0,0,0,0,0,0,0,1,0,1.0,0,0,0,0,0,0,0,0,0,0,0,0,0,0,258000
2,1,719.0,Leasehold,,,Apartment,,,Non Bumi Lot,Kuala Lumpur,,0,1,0,1,1,0,0,0,1,0,,0,0,0,0,0,0,0,0,0,0,0,0,0,0,390000
2,2,900.0,Freehold,22.0,504.0,Condominium,1.0,Medium,Non Bumi Lot,Penang,29.0,0,0,0,0,0,0,0,0,1,1,2.0,0,0,0,0,0,0,0,0,0,0,0,0,0,0,368000
3,2,1310.0,Freehold,24.0,1235.0,Condominium,2.0,Medium,Non Bumi Lot,Penang,2.0,8,0,0,0,0,0,0,0,1,1,2.0,0,0,1,1,1,0,0,1,1,1,1,0,1,0,950000
3,2,1207.0,Leasehold,18.0,250.0,Service Residence,2.0,Medium,Bumi Lot,Kuala Lumpur,10.0,8,1,0,1,1,0,0,0,0,0,2.0,0,1,0,0,1,1,1,1,1,0,1,0,1,0,530000
4,2,940.0,Freehold,38.0,2647.0,Service Residence,2.0,Low,Non Bumi Lot,Kuala Lumpur,4.0,10,0,0,0,0,0,0,0,1,1,1.0,1,0,1,0,1,1,1,1,1,0,1,0,1,1,460000
3,2,1010.0,Freehold,5.0,,Apartment,1.0,High,Non Bumi Lot,Selangor,,5,0,0,0,0,0,0,0,1,1,3.0,1,0,0,0,0,0,0,1,1,0,1,0,1,0,343999
3,2,858.0,Leasehold,24.0,299.0,Apartment,,Medium,Non Bumi Lot,Selangor,16.0,6,0,1,1,1,1,0,1,1,0,2.0,0,0,0,1,0,1,0,1,1,0,1,0,1,0,370000
3,2,850.0,Leasehold,12.0,,Apartment,1.0,Medium,Non Bumi Lot,Selangor,23.0,12,1,0,1,1,0,0,0,1,0,2.0,1,1,1,1,1,1,1,1,1,1,1,0,1,0,225000
3,2,850.0,Leasehold,5.0,,Apartment,1.0,Low,Bumi Lot,Selangor,,3,0,0,0,0,0,0,0,0,0,1.0,0,0,0,0,0,0,0,1,1,0,1,0,0,0,320000
3,2,1338.0,Freehold,,803.0,Condominium,2.0,High,Non Bumi Lot,Penang,3.0,7,0,0,0,0,0,0,0,1,1,3.0,0,0,1,0,1,0,0,1,1,1,1,0,1,0,840000
3,2,748.0,Leasehold,,,Condominium,1.0,Low,Bumi Lot,Kuala Lumpur,,8,1,1,0,1,0,1,1,0,0,1.0,0,0,1,1,1,1,0,1,1,0,1,0,1,0,300000
3,2,656.0,Leasehold,8.0,23.0,Apartment,,High,Non Bumi Lot,Penang,30.0,2,0,0,0,0,0,0,0,1,0,3.0,0,0,0,0,0,0,0,1,0,0,1,0,0,0,230000
3,2,1257.0,Leasehold,,,Service Residence,2.0,High,Non Bumi Lot,Kuala Lumpur,,10,0,1,0,1,0,0,0,1,0,3.0,1,1,1,0,1,1,1,1,1,0,1,0,1,0,688000
3,2,1003.0,Leasehold,12.0,260.0,Condominium,2.0,Low,Non Bumi Lot,Selangor,17.0,4,0,0,0,0,0,0,0,1,0,1.0,0,0,0,0,1,1,0,1,0,0,1,0,0,0,470000
3,2,875.0,Freehold,10.0,,Apartment,2.0,,Non Bumi Lot,Selangor,,5,1,0,1,1,0,0,0,1,1,,0,0,0,0,1,0,0,1,1,0,1,0,1,0,280000
3,2,1400.0,Freehold,5.0,,Apartment,,Low,Non Bumi Lot,Johor,,7,0,0,0,0,0,0,0,1,1,1.0,1,0,1,1,0,0,0,1,1,1,1,0,0,0,388000
3,2,1100.0,Leasehold,19.0,,Condominium,1.0,,Non Bumi Lot,Kuala Lumpur,27.0,7,1,0,1,1,0,0,0,1,0,,1,0,1,0,0,0,0,1,1,1,1,0,1,0,340000
2,2,904.0,Freehold,,,Service Residence,1.0,Low,Non Bumi Lot,,,6,0,0,0,0,0,0,0,1,1,1.0,0,1,1,0,0,0,0,1,1,0,1,0,1,0,645000
3,2,900.0,Freehold,,,Apartment,2.0,Low,Non Bumi Lot,Johor,,2,0,0,0,0,0,0,0,1,1,1.0,0,0,0,0,0,0,0,1,0,0,1,0,0,0,200000
3,2,1000.0,Freehold,,,Apartment,2.0,Low,Non Bumi Lot,Penang,3.0,12,0,0,0,0,0,0,0,1,1,1.0,1,0,1,1,1,1,1,1,1,1,1,0,1,1,480000
3,2,1020.0,Freehold,22.0,1343.0,Condominium,1.0,High,Non Bumi Lot,Penang,6.0,14,0,0,0,0,0,0,0,1,1,3.0,1,1,1,1,1,1,1,1,1,1,1,1,1,1,738000
3,2,645.0,Freehold,,,Apartment,1.0,Medium,Non Bumi Lot,Selangor,,2,1,0,0,0,0,1,1,1,1,2.0,0,0,0,0,0,1,0,1,0,0,0,0,0,0,170000
3,3,1302.0,Freehold,,396.0,Condominium,2.0,High,Non Bumi Lot,Penang,16.0,6,0,0,0,0,0,0,0,1,1,3.0,0,0,1,0,1,0,0,1,1,0,1,0,1,0,920000
1,1,753.0,Freehold,16.0,128.0,Condominium,2.0,High,Non Bumi Lot,Selangor,6.0,14,0,0,0,0,0,0,0,1,1,3.0,1,1,1,1,1,1,1,1,1,1,1,1,1,1,350000
3,2,1091.0,Freehold,14.0,480.0,Condominium,1.0,Medium,Non Bumi Lot,Selangor,15.0,10,0,0,0,0,0,0,0,1,1,2.0,1,1,1,1,0,1,0,1,1,0,1,1,1,0,365000
3,2,1000.0,Freehold,,1000.0,Service Residence,2.0,High,Non Bumi Lot,Penang,,3,0,0,0,0,0,0,0,1,1,3.0,0,0,0,0,1,0,0,1,0,0,1,0,0,0,450000
3,2,1018.0,Freehold,11.0,228.0,Condominium,1.0,Medium,Non Bumi Lot,Penang,19.0,9,0,0,0,0,0,0,0,1,1,2.0,1,0,1,1,1,1,0,1,1,0,1,0,1,0,420000
3,2,936.0,Freehold,23.0,,Condominium,1.0,Low,Bumi Lot,Selangor,,9,0,0,0,0,0,0,0,0,1,1.0,1,0,1,0,1,1,0,1,1,0,1,0,1,1,320000
4,3,1405.0,Freehold,15.0,192.0,Condominium,1.0,Low,Non Bumi Lot,Selangor,,14,0,0,0,0,0,0,0,1,1,1.0,1,1,1,1,1,1,1,1,1,1,1,1,1,1,380000
2,1,650.0,Leasehold,,,Apartment,,,Non Bumi Lot,Penang,,0,0,0,0,0,0,0,0,1,0,,0,0,0,0,0,0,0,0,0,0,0,0,0,0,165000
3,2,733.0,Freehold,8.0,480.0,Apartment,,Low,Non Bumi Lot,Kuala Lumpur,,8,1,0,1,1,0,0,1,1,1,1.0,0,0,1,0,1,1,0,1,1,1,1,0,1,0,285000
3,3,1200.0,Freehold,,,Condominium,2.0,High,Non Bumi Lot,Selangor,,14,0,0,0,0,0,0,0,1,1,3.0,1,1,1,1,1,1,1,1,1,1,1,1,1,1,499000
3,2,657.0,Leasehold,,,Flat,,Medium,Non Bumi Lot,Kuala Lumpur,,1,1,0,1,1,0,0,1,1,0,2.0,0,0,0,0,0,0,0,0,1,0,0,0,0,0,215000
3,2,650.0,Leasehold,14.0,2296.0,Apartment,1.0,,Non Bumi Lot,Selangor,,0,0,0,0,0,0,0,0,1,0,,0,0,0,0,0,0,0,0,0,0,0,0,0,0,170000
3,2,819.0,Leasehold,44.0,2136.0,Service Residence,1.0,,Non Bumi Lot,Kuala Lumpur,2.0,6,0,1,0,1,0,0,1,1,0,,0,0,1,0,1,0,0,1,1,0,1,0,1,0,440000
3,2,992.0,Freehold,5.0,,Flat,,Medium,Bumi Lot,Selangor,,4,0,0,0,0,0,0,0,0,1,2.0,0,0,0,1,0,0,0,1,1,0,1,0,0,0,200000
5,4,2330.0,Freehold,,406.0,Condominium,3.0,Low,Non Bumi Lot,Penang,2.0,8,0,0,0,0,0,0,0,1,1,1.0,1,0,1,1,1,0,0,1,1,0,1,0,1,0,1100000
3,2,906.0,Leasehold,21.0,,Apartment,1.0,High,Non Bumi Lot,Johor,,6,0,0,0,0,0,0,0,1,0,3.0,1,0,0,0,1,0,0,1,1,0,1,0,1,0,240000
3,2,650.0,Freehold,,405.0,Apartment,1.0,,Non Bumi Lot,Penang,,3,0,0,0,0,0,0,0,1,1,,0,0,0,0,0,1,0,1,0,0,1,0,0,0,260000
3,2,700.0,Freehold,,460.0,Apartment,2.0,Medium,Non Bumi Lot,Selangor,,7,0,0,1,0,0,0,0,1,1,2.0,0,0,0,1,1,0,1,1,1,0,1,0,1,0,269000
3,2,1110.0,Leasehold,38.0,,Condominium,2.0,,Non Bumi Lot,Penang,13.0,7,0,0,0,0,0,0,0,1,0,,1,0,1,0,1,0,0,1,0,0,1,1,1,0,590000
3,2,887.0,Freehold,30.0,808.0,Condominium,1.0,Medium,Non Bumi Lot,Penang,10.0,10,0,0,0,0,0,0,0,1,1,2.0,0,0,1,0,1,1,0,1,1,1,1,1,1,1,478000
4,5,1567.0,Freehold,40.0,,Service Residence,3.0,High,Non Bumi Lot,Kuala Lumpur,,8,1,0,0,1,1,0,1,1,1,3.0,1,0,1,1,0,0,0,1,1,1,1,0,1,0,1000000
3,2,957.0,Freehold,18.0,332.0,Apartment,1.0,Low,Bumi Lot,Selangor,19.0,5,0,0,0,0,0,1,0,0,1,1.0,0,0,0,0,1,0,0,1,1,0,1,0,1,0,250000
3,2,912.0,Freehold,5.0,,Apartment,,Medium,Non Bumi Lot,Johor,,9,0,0,0,0,0,0,0,1,1,2.0,1,0,1,1,0,1,1,1,1,1,0,0,1,0,200000
3,2,1001.0,Leasehold,4.0,,Apartment,1.0,Low,Bumi Lot,Selangor,18.0,3,0,0,0,0,0,0,0,0,0,1.0,0,0,0,0,0,0,0,1,1,0,1,0,0,0,440000
4,3,1300.0,Freehold,,,Condominium,2.0,Medium,Non Bumi Lot,Selangor,,14,0,0,0,0,0,0,0,1,1,2.0,1,1,1,1,1,1,1,1,1,1,1,1,1,1,299000
3,2,721.0,Freehold,16.0,256.0,Condominium,1.0,Medium,Non Bumi Lot,Penang,24.0,5,0,0,0,0,0,0,0,1,1,2.0,0,0,0,0,1,0,0,1,1,0,1,0,1,0,320000
4,3,1646.0,Freehold,44.0,378.0,Condominium,2.0,High,Non Bumi Lot,Penang,5.0,9,0,0,0,0,0,0,0,1,1,3.0,1,0,1,0,1,0,1,1,1,1,1,0,1,0,1177000
3,2,982.0,Freehold,16.0,,Condominium,1.0,,Non Bumi Lot,Kuala Lumpur,,5,0,0,1,1,0,0,1,1,1,,0,0,0,0,0,0,0,1,1,0,1,0,1,1,390000
3,2,900.0,Freehold,25.0,300.0,Condominium,2.0,Medium,Non Bumi Lot,Penang,8.0,10,0,0,0,0,0,0,0,1,1,2.0,1,0,1,0,1,1,1,1,1,1,1,0,1,0,520000
3,1,600.0,Leasehold,,,Flat,1.0,High,Non Bumi Lot,Selangor,,3,0,0,0,0,0,0,0,1,0,3.0,0,0,0,1,0,1,0,0,1,0,0,0,0,0,128000
3,2,997.0,Freehold,5.0,400.0,Condominium,,Low,Non Bumi Lot,Kuala Lumpur,,13,0,0,0,0,0,0,0,1,1,1.0,1,1,1,1,1,0,1,1,1,1,1,1,1,1,400000
3,2,916.0,Leasehold,22.0,328.0,Apartment,2.0,,Non Bumi Lot,Johor,7.0,6,0,0,0,0,0,0,0,1,0,,0,0,1,0,0,1,0,1,1,0,1,0,1,0,378000
3,2,1200.0,Freehold,,572.0,Condominium,,High,Non Bumi Lot,Kuala Lumpur,,0,1,0,1,1,0,0,1,1,1,3.0,0,0,0,0,0,0,0,0,0,0,0,0,0,0,499000
3,2,990.0,Leasehold,,,Apartment,1.0,Low,Bumi Lot,Johor,,14,0,0,0,0,0,0,0,0,0,1.0,1,1,1,1,1,1,1,1,1,1,1,1,1,1,290000
3,2,850.0,Leasehold,13.0,,Apartment,,Medium,Non Bumi Lot,Johor,14.0,4,0,0,0,0,0,0,0,1,0,2.0,0,0,0,1,0,1,0,0,1,0,1,0,0,0,238000
1,1,732.0,Freehold,18.0,752.0,Condominium,1.0,Medium,Non Bumi Lot,Kuala Lumpur,23.0,8,0,0,0,0,0,0,0,1,1,2.0,0,1,1,0,1,1,0,1,1,0,1,0,1,0,260000
3,2,1066.0,Freehold,,414.0,Condominium,2.0,,Non Bumi Lot,Selangor,,7,0,0,0,1,0,0,0,1,1,,1,0,0,1,0,0,1,1,1,0,1,0,1,0,560000
3,2,750.0,Leasehold,5.0,,Flat,,High,Bumi Lot,Selangor,,1,1,1,1,1,1,0,0,0,0,3.0,0,0,0,0,0,0,0,1,0,0,0,0,0,0,225000
2,2,1001.0,Leasehold,22.0,1074.0,Condominium,1.0,Low,Non Bumi Lot,Selangor,13.0,13,0,1,0,0,1,0,0,1,0,1.0,1,1,1,1,1,1,1,1,1,1,1,0,1,1,280000
2,2,527.0,Leasehold,,,Flat,,High,Bumi Lot,Selangor,,0,0,0,0,0,0,0,0,0,0,3.0,0,0,0,0,0,0,0,0,0,0,0,0,0,0,135000
3,2,700.0,Freehold,31.0,360.0,Apartment,1.0,Low,Non Bumi Lot,Penang,22.0,3,0,0,0,0,0,0,0,1,1,1.0,0,0,0,0,1,0,0,1,0,0,1,0,0,0,315000
3,5,3072.0,Freehold,25.0,1200.0,Condominium,3.0,,Non Bumi Lot,Penang,10.0,9,0,0,0,0,0,0,0,1,1,,1,1,1,1,0,0,1,0,1,0,1,0,1,1,2800000
4,4,1561.0,Freehold,32.0,632.0,Condominium,3.0,,Non Bumi Lot,Penang,3.0,10,0,0,0,0,0,0,0,1,1,,0,0,1,0,1,1,1,1,1,1,1,1,1,0,548000
3,2,800.0,Leasehold,5.0,,Apartment,,,Bumi Lot,Selangor,,4,0,0,0,0,0,0,0,0,0,,1,0,0,0,0,0,0,1,1,0,1,0,0,0,265000
3,2,750.0,Freehold,32.0,988.0,Condominium,2.0,Medium,Non Bumi Lot,Penang,26.0,9,0,0,0,0,0,0,0,1,1,2.0,1,0,1,1,1,0,0,1,1,0,1,0,1,1,365000
2,1,660.0,Leasehold,,,Apartment,1.0,Medium,Non Bumi Lot,Sabah,,0,0,0,0,0,0,0,0,1,0,2.0,0,0,0,0,0,0,0,0,0,0,0,0,0,0,270000
3,2,1523.0,Leasehold,,,Condominium,,Medium,Non Bumi Lot,Kuala Lumpur,,14,0,0,0,0,0,0,0,1,0,2.0,1,1,1,1,1,1,1,1,1,1,1,1,1,1,639000
3,2,1000.0,Freehold,,,Apartment,1.0,Medium,Non Bumi Lot,,,0,0,0,0,0,0,0,0,1,1,2.0,0,0,0,0,0,0,0,0,0,0,0,0,0,0,480000
3,2,600.0,Leasehold,,,Apartment,,High,Non Bumi Lot,,,5,0,0,0,0,0,0,0,1,0,3.0,0,0,0,1,1,1,0,1,0,0,1,0,0,0,238000
3,2,1295.0,Freehold,6.0,225.0,Condominium,2.0,,Non Bumi Lot,Penang,8.0,13,0,0,0,0,0,0,0,1,1,,1,1,1,1,1,1,0,1,1,1,1,1,1,1,538000
2,2,1077.0,Leasehold,8.0,89.0,Apartment,2.0,,Non Bumi Lot,Sarawak,,10,0,0,0,0,0,0,0,1,0,,0,0,1,0,1,1,0,1,1,1,1,1,1,1,600000
3,2,1018.0,Leasehold,,,Condominium,2.0,High,Non Bumi Lot,Kuala Lumpur,,6,1,0,1,1,1,0,0,1,0,3.0,0,0,1,0,1,0,0,1,1,0,1,0,1,0,538000
4,2,1238.0,Freehold,27.0,798.0,Condominium,2.0,Low,Non Bumi Lot,Selangor,15.0,9,0,0,1,1,0,0,0,1,1,1.0,1,1,1,0,0,0,0,1,1,1,1,1,1,0,440000
3,2,1288.0,Leasehold,,,Apartment,,Medium,Non Bumi Lot,Sarawak,,0,0,0,0,0,0,0,0,1,0,2.0,0,0,0,0,0,0,0,0,0,0,0,0,0,0,310000
3,2,730.0,Leasehold,10.0,184.0,Apartment,1.0,Low,Non Bumi Lot,Penang,,3,0,0,0,0,0,0,0,1,0,1.0,0,0,0,0,1,0,0,1,0,0,1,0,0,0,278000
3,2,1231.0,Freehold,18.0,569.0,Condominium,2.0,Medium,Non Bumi Lot,Kuala Lumpur,13.0,5,0,0,1,0,0,0,1,1,1,2.0,0,0,0,0,1,0,0,1,1,0,1,0,1,0,395000
3,2,965.0,Leasehold,16.0,228.0,Condominium,,,Bumi Lot,Selangor,8.0,4,0,0,0,1,0,0,0,0,0,,0,0,1,0,0,0,0,1,1,0,0,0,1,0,368000
3,2,1033.0,Leasehold,12.0,228.0,Service Residence,,,Non Bumi Lot,Selangor,9.0,3,1,0,1,1,0,0,0,1,0,,1,0,1,0,0,0,0,0,0,0,1,0,0,0,290000
3,2,815.0,Leasehold,20.0,998.0,Apartment,2.0,,Non Bumi Lot,Selangor,19.0,7,1,1,1,0,0,0,0,1,0,,1,0,1,0,0,1,0,1,1,0,1,0,1,0,265000
1,1,685.0,Leasehold,,,Service Residence,,High,Non Bumi Lot,Johor,,7,0,0,0,0,0,0,0,1,0,3.0,0,0,1,0,1,0,0,1,1,1,1,0,1,0,290000
3,2,1022.0,Freehold,29.0,372.0,Condominium,2.0,Medium,Non Bumi Lot,Selangor,10.0,10,0,0,0,0,0,0,0,1,1,2.0,1,0,1,1,1,1,0,1,1,0,1,0,1,1,378000
2,2,550.0,Freehold,,,Apartment,,Low,Bumi Lot,Negeri Sembilan,,4,0,0,0,0,0,0,0,0,1,1.0,0,0,0,1,1,0,0,1,0,0,1,0,0,0,98000
3,2,1000.0,Freehold,45.0,938.0,Condominium,2.0,,Non Bumi Lot,Penang,2.0,4,0,0,0,0,0,0,0,1,1,,1,0,0,0,0,0,1,0,1,0,0,0,1,0,570000
3,2,650.0,Leasehold,5.0,,Flat,1.0,High,Bumi Lot,Selangor,,5,0,0,0,0,0,0,0,0,0,3.0,0,0,0,0,1,1,0,1,0,0,1,0,1,0,110000
3,2,1250.0,Freehold,30.0,410.0,Condominium,2.0,High,Non Bumi Lot,Penang,6.0,0,0,0,0,0,0,0,0,1,1,3.0,0,0,0,0,0,0,0,0,0,0,0,0,0,0,600000
3,2,800.0,Freehold,4.0,75.0,Apartment,,High,Non Bumi Lot,Selangor,9.0,7,0,0,0,0,0,0,0,1,1,3.0,0,0,1,0,0,1,0,1,1,1,1,0,1,0,245000
1,1,649.0,Leasehold,56.0,819.0,Service Residence,1.0,Medium,Non Bumi Lot,Sabah,1.0,5,0,0,0,0,0,0,0,1,0,2.0,0,0,1,0,0,0,1,0,0,1,1,0,1,0,738238
3,2,750.0,Leasehold,,,Apartment,,Low,Bumi Lot,Selangor,,3,0,0,0,1,0,0,0,0,0,1.0,0,0,0,0,0,1,0,0,1,0,1,0,0,0,199990
3,2,838.0,Freehold,22.0,816.0,Condominium,1.0,,Non Bumi Lot,Penang,16.0,9,0,0,0,0,0,0,0,1,1,,1,0,1,1,1,0,0,1,1,0,1,1,1,0,380000
3,2,926.0,Leasehold,32.0,2000.0,Condominium,,High,Non Bumi Lot,Kuala Lumpur,3.0,7,1,0,1,1,0,0,0,1,0,3.0,0,0,1,0,1,1,0,1,1,0,1,0,1,0,590000
2,1,553.0,Leasehold,,,Flat,,High,Bumi Lot,Kuala Lumpur,,0,0,0,0,0,0,0,0,0,0,3.0,0,0,0,0,0,0,0,0,0,0,0,0,0,0,155000
4,3,1282.0,Freehold,18.0,453.0,Condominium,2.0,High,Non Bumi Lot,Selangor,11.0,13,1,1,1,1,0,0,0,1,1,3.0,1,1,1,1,1,1,1,1,1,1,1,1,1,0,485000
3,2,850.0,Freehold,,,Apartment,,Low,Non Bumi Lot,Selangor,,0,0,0,1,0,0,0,0,1,1,1.0,0,0,0,0,0,0,0,0,0,0,0,0,0,0,228000
3,2,750.0,Leasehold,,,Apartment,1.0,Medium,Bumi Lot,Selangor,,5,0,0,0,0,0,0,0,0,0,2.0,0,0,0,1,0,0,1,1,1,0,1,0,0,0,255000
3,3,1598.0,Freehold,42.0,670.0,Condominium,2.0,,Non Bumi Lot,Penang,6.0,7,0,0,0,0,0,0,0,1,1,,1,0,1,0,1,0,0,1,1,0,1,0,1,0,615000
4,2,1001.0,Leasehold,,,Apartment,,Medium,Non Bumi Lot,Selangor,,4,0,0,0,0,0,0,0,1,0,2.0,0,0,0,0,1,0,0,1,1,0,1,0,0,0,269000
4,2,1184.0,Leasehold,32.0,2000.0,Condominium,2.0,Medium,Bumi Lot,Kuala Lumpur,3.0,11,1,0,1,1,0,0,0,0,0,2.0,0,0,1,0,1,1,1,1,1,1,1,1,1,1,500000
1,1,687.0,Leasehold,,,Apartment,1.0,Medium,Non Bumi Lot,Sarawak,,0,0,0,0,0,0,0,0,1,0,2.0,0,0,0,0,0,0,0,0,0,0,0,0,0,0,398000
3,2,1005.0,Leasehold,23.0,,Condominium,,,Bumi Lot,Kuala Lumpur,,3,1,0,0,1,1,0,1,0,0,,0,0,0,0,0,1,0,1,0,0,1,0,0,0,285000
2,1,750.0,Freehold,,,Apartment,1.0,Medium,Non Bumi Lot,Kuala Lumpur,,4,1,1,1,1,0,1,0,1,1,2.0,0,0,0,0,1,0,0,1,1,0,1,0,0,0,279000
3,2,730.0,Freehold,,,Flat,,High,Non Bumi Lot,Johor,,0,0,0,0,0,0,0,0,1,1,3.0,0,0,0,0,0,0,0,0,0,0,0,0,0,0,132000
4,2,1335.0,Freehold,17.0,950.0,Condominium,1.0,High,Non Bumi Lot,Kuala Lumpur,17.0,9,0,0,0,0,0,0,0,1,1,3.0,0,0,1,1,1,1,1,1,1,0,1,0,1,0,395000
3,2,700.0,Leasehold,17.0,3.0,Apartment,1.0,Medium,Non Bumi Lot,Penang,31.0,0,0,0,0,0,0,0,0,1,0,2.0,0,0,0,0,0,0,0,0,0,0,0,0,0,0,280000
3,2,1024.0,Leasehold,4.0,,Apartment,,Low,Non Bumi Lot,Johor,,0,0,0,0,0,0,0,0,1,0,1.0,0,0,0,0,0,0,0,0,0,0,0,0,0,0,299000
3,2,700.0,Leasehold,,,Apartment,,,Non Bumi Lot,,,0,0,0,0,0,0,0,0,1,0,,0,0,0,0,0,0,0,0,0,0,0,0,0,0,75000
3,2,700.0,Freehold,,,Flat,1.0,Low,Non Bumi Lot,Penang,,3,0,0,0,0,0,0,0,1,1,1.0,0,0,0,0,1,0,0,1,0,0,1,0,0,0,330000
3,1,646.0,Leasehold,23.0,2208.0,Apartment,,Low,Bumi Lot,Penang,14.0,6,0,0,0,0,0,0,0,0,0,1.0,0,0,0,1,1,1,0,1,1,0,1,0,0,0,240000
3,2,800.0,Leasehold,,1900.0,Apartment,1.0,Medium,Non Bumi Lot,Penang,7.0,3,0,0,0,0,0,0,0,1,0,2.0,0,0,0,0,1,0,0,1,0,0,1,0,0,0,420000
2,1,506.0,Freehold,,,Apartment,,High,Non Bumi Lot,Johor,,0,0,0,0,0,0,0,0,1,1,3.0,0,0,0,0,0,0,0,0,0,0,0,0,0,0,120000
1,2,450.0,Freehold,,,Condominium,1.0,Medium,Non Bumi Lot,Selangor,,11,0,1,0,0,0,0,0,1,1,2.0,1,1,1,1,1,1,1,1,1,0,1,0,1,0,230500
3,2,920.0,Freehold,,,Apartment,2.0,Medium,Non Bumi Lot,Johor,,10,0,0,0,0,0,0,0,1,1,2.0,1,0,1,1,1,0,1,1,1,1,1,0,1,0,360000
3,2,850.0,Leasehold,18.0,200.0,Apartment,,,Non Bumi Lot,Selangor,17.0,10,1,0,1,1,0,0,1,1,0,,1,1,0,1,1,1,1,1,1,0,1,0,1,0,270000
1,1,614.0,Freehold,11.0,488.0,Condominium,,High,Non Bumi Lot,Johor,8.0,0,0,0,0,0,0,0,0,1,1,3.0,0,0,0,0,0,0,0,0,0,0,0,0,0,0,310000
3,2,774.0,Leasehold,36.0,630.0,Service Residence,1.0,Medium,Non Bumi Lot,Kuala Lumpur,7.0,9,0,0,1,0,0,0,1,1,0,2.0,0,0,1,1,0,1,0,1,1,0,1,1,1,1,530000
3,2,1400.0,Freehold,16.0,246.0,Condominium,1.0,Medium,Bumi Lot,Kuala Lumpur,13.0,11,0,0,0,0,0,0,0,0,1,2.0,0,0,1,0,1,1,1,1,1,1,1,1,1,1,630000
3,2,860.0,Freehold,11.0,,Apartment,1.0,Low,Non Bumi Lot,Kuala Lumpur,,7,0,0,1,1,0,0,0,1,1,1.0,1,0,0,0,1,0,1,1,1,0,1,0,1,0,315000
3,2,920.0,Freehold,,,Condominium,1.0,,Non Bumi Lot,Selangor,,0,1,1,0,0,0,0,1,1,1,,0,0,0,0,0,0,0,0,0,0,0,0,0,0,495000
3,3,1238.0,Freehold,27.0,798.0,Condominium,,,Non Bumi Lot,Selangor,15.0,8,0,0,1,1,0,0,0,1,1,,1,1,1,0,0,0,0,1,1,1,1,1,0,0,395000
2,2,720.0,Freehold,,,Service Residence,,Medium,Non Bumi Lot,Negeri Sembilan,7.0,10,0,0,0,0,0,0,0,1,1,2.0,1,0,1,0,1,1,1,1,1,1,1,0,1,0,410000
3,2,750.0,Freehold,20.0,608.0,Apartment,1.0,High,Non Bumi Lot,Penang,,6,0,0,0,0,0,0,0,1,1,3.0,0,0,0,1,1,0,1,1,1,0,1,0,0,0,340000
3,2,1250.0,Freehold,,428.0,Condominium,2.0,,Non Bumi Lot,Selangor,7.0,11,0,0,0,0,0,0,0,1,1,,1,1,1,1,1,1,1,1,1,0,1,0,1,0,340000
1,1,650.0,Freehold,35.0,457.0,Service Residence,1.0,Medium,Non Bumi Lot,Selangor,7.0,14,1,0,1,1,0,0,0,1,1,2.0,1,1,1,1,1,1,1,1,1,1,1,1,1,1,420000
3,2,689.0,Freehold,,,Apartment,,Medium,Non Bumi Lot,Penang,,4,0,0,0,0,0,0,0,1,1,2.0,0,0,0,1,1,0,0,0,1,0,1,0,0,0,200000
3,2,850.0,Leasehold,,,Apartment,1.0,Medium,Bumi Lot,Sabah,,8,0,0,0,0,0,0,0,0,0,2.0,0,0,1,0,1,1,1,1,1,0,1,0,1,0,265000
1,1,560.0,Freehold,38.0,1033.0,Service Residence,,High,Non Bumi Lot,Kuala Lumpur,11.0,11,1,1,1,1,1,0,1,1,1,3.0,1,0,1,0,1,1,1,1,1,1,1,1,1,0,388000
3,2,884.0,Freehold,,,Apartment,1.0,Medium,Bumi Lot,Kuala Lumpur,,3,0,0,0,0,0,0,0,0,1,2.0,0,0,0,0,0,0,0,1,1,0,1,0,0,0,335000
1,1,438.0,Freehold,,,Service Residence,,High,Non Bumi Lot,Sabah,,6,0,0,0,0,0,0,0,1,1,3.0,0,1,1,0,1,1,0,1,0,0,1,0,0,0,405000
3,2,1038.0,Freehold,23.0,744.0,Service Residence,2.0,Medium,Non Bumi Lot,Selangor,9.0,8,0,0,0,1,0,0,1,1,1,2.0,1,0,1,1,0,1,0,0,1,1,1,0,1,0,300000
3,2,947.0,Freehold,,,Service Residence,2.0,Medium,Non Bumi Lot,Putrajaya,,14,0,0,0,0,0,0,0,1,1,2.0,1,1,1,1,1,1,1,1,1,1,1,1,1,1,475000
2,1,551.0,Leasehold,,,Flat,,High,Non Bumi Lot,Kuala Lumpur,,3,0,0,0,0,0,0,0,1,0,3.0,0,0,0,0,0,1,0,1,1,0,0,0,0,0,220000
3,2,1190.0,Freehold,10.0,,Condominium,1.0,Low,Bumi Lot,Selangor,21.0,8,0,0,0,0,0,0,0,0,1,1.0,1,0,0,0,1,0,1,1,1,0,1,0,1,1,488000
3,2,807.0,Freehold,,,Apartment,1.0,Medium,Non Bumi Lot,Penang,,2,0,0,0,0,0,0,0,1,1,2.0,0,0,0,0,1,0,0,1,0,0,0,0,0,0,210000
1,2,893.0,Freehold,7.0,160.0,Service Residence,1.0,High,Non Bumi Lot,Penang,13.0,10,0,0,0,0,0,0,0,1,1,3.0,1,0,1,1,1,0,1,1,1,1,1,0,1,0,780000
3,2,1065.0,Leasehold,23.0,418.0,Service Residence,2.0,Medium,Non Bumi Lot,Selangor,9.0,8,0,0,0,0,0,0,0,1,0,2.0,1,0,1,0,1,0,1,1,1,0,1,0,1,0,400000
3,2,940.0,Freehold,13.0,240.0,Condominium,2.0,Medium,Non Bumi Lot,Kuala Lumpur,,14,0,0,0,0,0,0,0,1,1,2.0,1,1,1,1,1,1,1,1,1,1,1,1,1,1,380000
3,2,1350.0,Freehold,,,Service Residence,2.0,Medium,Non Bumi Lot,Penang,,7,0,0,0,0,0,0,0,1,1,2.0,1,1,1,0,0,0,0,1,1,0,1,0,1,0,998000
3,2,1173.0,Leasehold,26.0,727.0,Condominium,2.0,Medium,Non Bumi Lot,Selangor,1.0,9,0,1,1,1,0,0,1,1,0,2.0,1,0,1,1,1,0,1,1,1,0,1,0,1,0,750000
3,2,774.0,Leasehold,36.0,630.0,Service Residence,1.0,Medium,Non Bumi Lot,Kuala Lumpur,7.0,14,0,0,1,0,0,0,1,1,0,2.0,1,1,1,1,1,1,1,1,1,1,1,1,1,1,530000
3,2,1118.0,Freehold,20.0,424.0,Condominium,2.0,Low,Non Bumi Lot,Selangor,6.0,5,0,0,0,0,0,1,0,1,1,1.0,0,0,0,1,0,0,1,0,0,0,1,1,1,0,408000
2,2,958.0,Leasehold,,,Service Residence,1.0,Low,Non Bumi Lot,,,5,0,0,0,0,0,0,0,1,0,1.0,0,0,1,0,1,0,0,1,0,0,1,0,1,0,830000
3,2,700.0,Freehold,12.0,192.0,Apartment,,,Non Bumi Lot,Penang,28.0,3,0,0,0,0,0,0,0,1,1,,0,0,0,0,1,0,0,1,0,0,1,0,0,0,280000
2,1,550.0,Freehold,,,Apartment,,,Non Bumi Lot,Kuala Lumpur,,1,0,1,1,1,0,0,1,1,1,,0,0,0,0,0,0,0,1,0,0,0,0,0,0,178000
3,2,700.0,Freehold,24.0,234.0,Apartment,1.0,Medium,Non Bumi Lot,Penang,,3,0,0,0,0,0,0,0,1,1,2.0,0,0,0,0,1,0,0,1,0,0,1,0,0,0,310000
3,3,2219.0,Leasehold,19.0,149.0,Condominium,3.0,,Non Bumi Lot,Sabah,9.0,7,0,0,0,0,0,0,0,1,0,,0,0,1,0,1,0,1,1,1,0,1,0,1,0,1213200
2,1,410.0,Leasehold,,,Apartment,1.0,Low,Non Bumi Lot,Sabah,,1,0,0,0,0,0,0,0,1,0,1.0,0,0,0,0,0,0,0,1,0,0,0,0,0,0,230000
3,2,910.0,Leasehold,,,Apartment,,High,Bumi Lot,Selangor,,2,1,0,1,1,0,0,0,0,0,3.0,0,0,0,0,0,0,0,1,0,0,1,0,0,0,260000
3,2,829.0,Freehold,,,Service Residence,2.0,Medium,Non Bumi Lot,Putrajaya,,14,0,0,0,0,0,0,0,1,1,2.0,1,1,1,1,1,1,1,1,1,1,1,1,1,1,470000
3,2,883.0,Leasehold,33.0,746.0,Service Residence,,,Non Bumi Lot,Selangor,2.0,9,1,0,0,1,0,0,0,1,0,,1,0,1,1,1,0,1,0,1,1,1,0,1,0,218700
3,3,1650.0,Freehold,16.0,470.0,Condominium,2.0,High,Non Bumi Lot,Penang,9.0,9,0,0,0,0,0,0,0,1,1,3.0,1,0,1,0,1,0,1,1,1,1,1,0,1,0,750000
5,3,2088.0,Leasehold,19.0,,Service Residence,2.0,High,Non Bumi Lot,Johor,,14,0,0,0,0,0,0,0,1,0,3.0,1,1,1,1,1,1,1,1,1,1,1,1,1,1,578000
3,3,818.0,Leasehold,,,Flat,,,Non Bumi Lot,Melaka,,0,0,0,0,0,0,0,0,1,0,,0,0,0,0,0,0,0,0,0,0,0,0,0,0,168000
3,2,955.0,Freehold,,,Apartment,1.0,Low,Non Bumi Lot,Selangor,,10,0,0,1,1,0,0,1,1,1,1.0,1,1,1,1,0,1,1,1,1,0,1,0,1,0,450000
4,2,1000.0,Leasehold,,1443.0,Service Residence,2.0,Medium,Non Bumi Lot,Kuala Lumpur,,11,1,1,1,1,1,0,0,1,0,2.0,1,1,1,1,1,1,1,1,1,0,1,0,1,0,350000
3,2,1068.0,Freehold,30.0,311.0,Condominium,2.0,High,Non Bumi Lot,Johor,7.0,9,0,0,0,0,0,0,0,1,1,3.0,1,0,1,1,0,0,1,1,1,1,1,0,1,0,450000
2,1,550.0,Freehold,,,Flat,,High,Non Bumi Lot,Penang,,0,0,0,0,0,0,0,0,1,1,3.0,0,0,0,0,0,0,0,0,0,0,0,0,0,0,110000
3,2,1035.0,Freehold,25.0,1255.0,Apartment,1.0,Medium,Non Bumi Lot,Johor,5.0,14,0,0,0,0,0,0,0,1,1,2.0,1,1,1,1,1,1,1,1,1,1,1,1,1,1,485000
3,2,850.0,Freehold,4.0,348.0,Flat,1.0,Medium,Non Bumi Lot,Johor,9.0,5,0,0,0,0,0,0,0,1,1,2.0,0,0,0,1,0,0,0,1,1,0,1,0,1,0,180000
1,1,717.0,Freehold,11.0,,Condominium,1.0,,Non Bumi Lot,Kuala Lumpur,,9,1,0,1,1,1,0,1,1,1,,1,0,1,0,0,0,0,1,1,1,1,1,1,1,280000
3,2,900.0,Freehold,42.0,2685.0,Condominium,2.0,,Non Bumi Lot,Penang,4.0,0,0,0,0,0,0,0,0,1,1,,0,0,0,0,0,0,0,0,0,0,0,0,0,0,400000
2,2,880.0,Leasehold,,,Condominium,,Medium,Bumi Lot,Sabah,,3,0,0,0,0,0,0,0,0,0,2.0,0,0,0,0,1,0,0,1,0,0,0,0,1,0,310000
3,2,1081.0,Freehold,23.0,284.0,Condominium,2.0,,Non Bumi Lot,Kuala Lumpur,12.0,10,1,0,1,1,0,0,0,1,1,,1,0,1,0,1,1,1,1,1,1,1,0,1,0,465500
3,2,1018.0,Leasehold,,,Condominium,2.0,Medium,Non Bumi Lot,Kuala Lumpur,,6,1,0,1,1,1,0,0,1,0,2.0,0,0,1,0,1,0,0,1,1,0,1,0,1,0,490000
3,2,750.0,Freehold,,,Flat,,Medium,Non Bumi Lot,Johor,,0,0,0,0,0,0,0,0,1,1,2.0,0,0,0,0,0,0,0,0,0,0,0,0,0,0,135000
2,1,580.0,Leasehold,,,Apartment,1.0,,Bumi Lot,Selangor,,0,1,0,1,1,0,0,0,0,0,,0,0,0,0,0,0,0,0,0,0,0,0,0,0,185000
4,2,1142.0,Leasehold,24.0,900.0,Condominium,1.0,Medium,Bumi Lot,Kuala Lumpur,8.0,8,0,0,0,0,0,0,0,0,0,2.0,0,0,1,0,1,1,0,1,1,1,1,0,1,0,450000
3,2,1600.0,Freehold,35.0,195.0,Condominium,2.0,Low,Non Bumi Lot,Penang,12.0,9,0,0,0,0,0,0,0,1,1,1.0,1,0,1,1,1,0,1,1,1,0,1,0,1,0,1050000
3,2,650.0,Leasehold,,,Apartment,1.0,Medium,Non Bumi Lot,Selangor,,3,0,0,0,0,0,0,0,1,0,2.0,0,0,0,0,0,1,0,1,1,0,0,0,0,0,99999
3,2,1300.0,Freehold,6.0,225.0,Condominium,2.0,,Non Bumi Lot,Penang,8.0,13,0,0,0,0,0,0,0,1,1,,1,1,1,1,1,1,0,1,1,1,1,1,1,1,528000
4,3,1600.0,Freehold,26.0,104.0,Condominium,,,Non Bumi Lot,Penang,17.0,6,0,0,0,0,0,0,0,1,1,,1,0,1,0,0,0,0,1,1,0,1,0,1,0,780000
3,2,850.0,Leasehold,12.0,1012.0,Apartment,1.0,High,Non Bumi Lot,Sabah,,8,0,0,0,0,0,0,0,1,0,3.0,0,0,1,1,1,0,0,1,1,0,1,0,1,1,265000
2,2,750.0,Freehold,,,Condominium,1.0,,Non Bumi Lot,Penang,,0,0,0,0,0,0,0,0,1,1,,0,0,0,0,0,0,0,0,0,0,0,0,0,0,295000
3,2,780.0,Leasehold,,,Apartment,1.0,Medium,Non Bumi Lot,Selangor,,6,0,0,0,0,0,0,0,1,0,2.0,1,0,0,0,1,1,0,1,1,0,1,0,0,0,258000
3,2,837.0,Freehold,22.0,816.0,Condominium,1.0,Low,Non Bumi Lot,Penang,16.0,8,0,0,0,0,0,0,0,1,1,1.0,1,0,1,1,0,0,0,1,1,0,1,1,1,0,330000
3,2,700.0,Freehold,18.0,182.0,Apartment,1.0,Medium,Non Bumi Lot,Penang,17.0,4,0,0,0,0,0,0,0,1,1,2.0,0,0,0,0,1,0,0,1,1,0,1,0,0,0,420000
3,2,700.0,Freehold,18.0,182.0,Apartment,1.0,Medium,Non Bumi Lot,Penang,17.0,4,0,0,0,0,0,0,0,1,1,2.0,0,0,0,0,1,0,0,1,1,0,1,0,0,0,360000
3,2,963.0,Freehold,,,Apartment,1.0,Medium,Bumi Lot,Melaka,,2,0,0,0,0,0,0,0,0,1,2.0,0,0,0,0,0,0,0,1,0,0,1,0,0,0,165000
3,2,1363.0,Leasehold,26.0,360.0,Condominium,,,Non Bumi Lot,Kuala Lumpur,8.0,0,0,0,0,0,0,0,0,1,0,,0,0,0,0,0,0,0,0,0,0,0,0,0,0,499999
3,2,800.0,Freehold,20.0,80.0,Apartment,1.0,Low,Non Bumi Lot,Penang,25.0,2,0,0,0,0,0,0,0,1,1,1.0,0,0,0,0,0,0,0,1,0,0,1,0,0,0,368000
1,1,,Freehold,,,Condominium,,High,Non Bumi Lot,Pahang,,4,0,0,0,0,0,0,0,1,1,3.0,0,0,0,0,1,0,0,1,0,0,1,0,1,0,270000
3,2,969.0,Freehold,18.0,332.0,Apartment,1.0,Medium,Non Bumi Lot,Selangor,19.0,2,0,0,0,0,0,1,0,1,1,2.0,0,0,0,0,0,0,0,0,0,0,1,0,1,0,229000
3,2,652.0,Freehold,5.0,,Apartment,,Low,Bumi Lot,Selangor,,0,0,0,0,0,0,0,0,0,1,1.0,0,0,0,0,0,0,0,0,0,0,0,0,0,0,140000
3,2,1007.0,Leasehold,,912.0,Service Residence,2.0,Medium,Non Bumi Lot,Sabah,3.0,12,0,0,0,0,0,0,0,1,0,2.0,1,1,1,1,1,1,1,1,1,1,1,0,1,0,466000
4,3,1050.0,Leasehold,,,Condominium,2.0,,Non Bumi Lot,Kuala Lumpur,,13,0,0,0,0,0,0,0,1,0,,1,1,1,1,1,1,1,1,1,1,1,1,1,0,470000
3,2,800.0,Freehold,4.0,75.0,Apartment,2.0,Medium,Non Bumi Lot,Selangor,9.0,8,0,0,0,0,0,0,0,1,1,2.0,0,0,1,0,1,1,0,1,1,1,1,0,1,0,260000
2,1,700.0,Freehold,,,Apartment,,Low,Non Bumi Lot,Kuala Lumpur,,0,0,0,1,1,0,0,0,1,1,1.0,0,0,0,0,0,0,0,0,0,0,0,0,0,0,168000
3,2,1432.0,Freehold,,684.0,Condominium,,High,Non Bumi Lot,Sarawak,,10,0,0,0,0,0,0,0,1,1,3.0,1,1,1,1,1,0,1,1,1,0,1,0,1,0,900000
3,2,1432.0,Leasehold,,684.0,Condominium,2.0,High,Non Bumi Lot,Sarawak,,7,0,0,0,0,0,0,0,1,0,3.0,0,0,1,0,1,0,1,1,1,0,1,0,1,0,750000
3,2,606.0,Leasehold,17.0,144.0,Apartment,,,Non Bumi Lot,Kuala Lumpur,15.0,4,1,0,1,1,0,0,1,1,0,,0,0,1,0,0,1,0,0,1,0,1,0,0,0,238000
3,2,1023.0,Freehold,63.0,956.0,Service Residence,2.0,,Non Bumi Lot,Kuala Lumpur,2.0,9,1,1,1,1,0,0,0,1,1,,1,0,1,1,1,0,0,1,1,1,1,0,1,0,650000
3,2,835.0,Freehold,22.0,816.0,Condominium,1.0,,Non Bumi Lot,Penang,16.0,8,0,0,0,0,0,0,0,1,1,,1,0,1,1,0,0,0,1,1,0,1,1,1,0,380000
4,2,1345.0,Freehold,17.0,91.0,Condominium,2.0,,Non Bumi Lot,Penang,7.0,9,0,0,0,0,0,0,0,1,1,,0,0,1,1,0,1,0,1,1,1,1,1,1,0,770000
3,2,1006.0,Freehold,,,Apartment,2.0,Medium,Bumi Lot,Putrajaya,,7,0,0,0,0,0,0,0,0,1,2.0,0,0,0,1,1,1,1,1,1,0,1,0,0,0,450000
3,2,853.0,Freehold,,,Apartment,1.0,Medium,Bumi Lot,Selangor,7.0,3,0,0,0,0,0,0,0,0,1,2.0,0,0,0,0,0,0,0,1,1,0,1,0,0,0,300000
3,2,850.0,Leasehold,20.0,1440.0,Condominium,1.0,,Non Bumi Lot,Selangor,8.0,3,0,0,0,0,0,0,0,1,0,,0,0,0,0,1,0,0,1,0,0,1,0,0,0,230000
3,2,918.0,Leasehold,15.0,450.0,Condominium,1.0,Medium,Non Bumi Lot,Kuala Lumpur,26.0,10,1,1,1,1,0,0,0,1,0,2.0,1,1,1,0,1,1,0,1,1,1,1,0,1,0,380000
2,2,604.0,Leasehold,31.0,382.0,Service Residence,2.0,High,Non Bumi Lot,Selangor,1.0,10,0,0,0,0,0,0,0,1,0,3.0,1,0,1,0,1,1,1,1,1,1,1,0,1,0,380000
3,2,880.0,Freehold,6.0,,Apartment,1.0,Medium,Non Bumi Lot,Selangor,,3,0,1,0,0,0,0,0,1,1,2.0,0,0,0,0,1,0,0,1,1,0,0,0,0,0,280000
2,2,900.0,Freehold,35.0,302.0,Condominium,1.0,,Non Bumi Lot,Kuala Lumpur,15.0,9,1,1,1,1,1,0,0,1,1,,1,0,1,0,1,0,0,1,1,1,1,1,1,0,720000
3,2,688.0,Leasehold,,,Flat,1.0,Low,Bumi Lot,Selangor,,1,1,0,0,0,0,0,0,0,0,1.0,0,0,0,0,0,0,0,1,0,0,0,0,0,0,150000
3,2,1055.0,Freehold,,,Apartment,,,Non Bumi Lot,Selangor,,0,0,0,0,0,0,0,0,1,1,,0,0,0,0,0,0,0,0,0,0,0,0,0,0,269000
3,2,1315.0,Freehold,,406.0,Condominium,2.0,,Non Bumi Lot,Penang,2.0,10,0,0,0,0,0,0,0,1,1,,1,0,1,1,1,0,1,1,1,1,1,0,1,0,600000
3,1,650.0,Leasehold,,,Apartment,,Medium,Bumi Lot,Selangor,,1,0,0,0,0,0,0,0,0,0,2.0,0,0,0,0,0,0,0,0,1,0,0,0,0,0,59000
3,2,860.0,Freehold,27.0,,Condominium,1.0,,Non Bumi Lot,Penang,18.0,7,0,0,0,0,0,0,0,1,1,,1,0,1,0,1,0,0,1,1,0,1,0,1,0,420000
3,2,1450.0,Leasehold,19.0,436.0,Condominium,1.0,Low,Bumi Lot,Kuala Lumpur,16.0,10,1,1,0,1,1,0,1,0,0,1.0,1,0,1,1,1,1,1,1,1,0,1,0,1,0,620000
3,2,800.0,Leasehold,,1900.0,Apartment,2.0,High,Non Bumi Lot,Penang,7.0,3,0,0,0,0,0,0,0,1,0,3.0,0,0,0,0,1,0,0,1,0,0,1,0,0,0,380000
3,2,850.0,Freehold,,435.0,Apartment,2.0,,Bumi Lot,Selangor,13.0,4,1,0,1,0,1,0,0,0,1,,0,0,0,0,0,0,1,1,0,0,1,0,1,0,300000
3,2,958.0,Leasehold,,1013.0,Condominium,1.0,High,Non Bumi Lot,Selangor,18.0,11,0,0,0,0,0,0,0,1,0,3.0,1,0,1,1,1,1,1,1,1,0,1,0,1,1,550000
3,2,710.0,Leasehold,5.0,40.0,Apartment,1.0,,Non Bumi Lot,Selangor,,5,0,0,0,0,0,0,0,1,0,,0,0,0,0,0,1,0,1,1,0,1,0,1,0,299000
3,2,850.0,Freehold,,,Apartment,1.0,Low,Non Bumi Lot,Selangor,,5,0,0,0,0,0,0,0,1,1,1.0,0,0,0,0,1,0,0,1,1,0,1,0,1,0,338000
3,2,974.0,Leasehold,10.0,243.0,Condominium,,Medium,Bumi Lot,Selangor,13.0,3,0,0,0,0,0,0,0,0,0,2.0,0,0,0,0,0,0,0,1,1,0,1,0,0,0,245000
3,2,833.0,Leasehold,24.0,299.0,Apartment,1.0,High,Bumi Lot,Selangor,16.0,7,0,1,1,1,1,0,1,0,0,3.0,0,0,0,0,1,1,1,1,1,0,1,0,1,0,255000
4,2,1680.0,Freehold,,,Apartment,,High,Non Bumi Lot,Sarawak,,2,0,0,0,0,0,0,0,1,1,3.0,0,0,0,0,0,0,0,1,0,0,1,0,0,0,430000
2,2,855.0,Leasehold,9.0,672.0,Condominium,1.0,High,Non Bumi Lot,Kuala Lumpur,18.0,0,0,0,0,0,0,0,0,1,0,3.0,0,0,0,0,0,0,0,0,0,0,0,0,0,0,220000
4,5,2476.0,Freehold,,228.0,Condominium,2.0,,Non Bumi Lot,Penang,13.0,9,0,0,0,0,0,0,0,1,1,,0,0,1,0,1,0,1,1,1,1,1,0,1,1,1600000
3,2,700.0,Freehold,,,Apartment,,Medium,Non Bumi Lot,Penang,,2,0,0,0,0,0,0,0,1,1,2.0,0,0,0,0,0,0,0,1,0,0,1,0,0,0,290000
3,2,656.0,Leasehold,,,Apartment,,Medium,Bumi Lot,Selangor,,0,0,0,0,1,0,0,1,0,0,2.0,0,0,0,0,0,0,0,0,0,0,0,0,0,0,155000
3,2,780.0,Freehold,5.0,281.0,Condominium,1.0,,Non Bumi Lot,Selangor,,4,0,0,0,0,0,0,0,1,1,,1,0,0,0,0,0,0,1,1,0,1,0,0,0,230000
2,1,765.0,Freehold,22.0,1343.0,Condominium,2.0,,Non Bumi Lot,Penang,6.0,13,0,0,0,0,0,0,0,1,1,,0,1,1,1,1,1,1,1,1,1,1,1,1,1,530000
3,2,933.0,Leasehold,,,Service Residence,1.0,High,Non Bumi Lot,Sarawak,,5,0,0,0,0,0,0,0,1,0,3.0,0,0,1,0,1,0,1,1,0,0,0,0,1,0,600000
1,1,650.0,Freehold,,410.0,Condominium,1.0,Medium,Non Bumi Lot,Penang,9.0,6,0,0,0,0,0,0,0,1,1,2.0,0,0,1,0,1,0,0,1,1,0,1,0,1,0,288888
3,2,950.0,Leasehold,15.0,,Apartment,1.0,Low,Bumi Lot,Kuala Lumpur,,6,0,1,0,1,0,0,0,0,0,1.0,0,0,0,0,1,1,1,1,1,0,1,0,0,0,355000
3,2,1200.0,Freehold,20.0,771.0,Condominium,2.0,High,Non Bumi Lot,Penang,7.0,7,0,0,0,0,0,0,0,1,1,3.0,0,0,1,1,1,0,0,1,1,0,1,0,1,0,660000
3,3,1598.0,Freehold,42.0,670.0,Condominium,2.0,Medium,Non Bumi Lot,Penang,6.0,8,0,0,0,0,0,0,0,1,1,2.0,1,0,1,0,1,0,1,1,1,0,1,0,1,0,650000
3,2,1065.0,Freehold,,144.0,Condominium,,,Non Bumi Lot,Selangor,,0,0,0,0,0,0,0,0,1,1,,0,0,0,0,0,0,0,0,0,0,0,0,0,0,420000
3,2,947.0,Leasehold,22.0,396.0,Condominium,2.0,High,Non Bumi Lot,Penang,6.0,10,0,0,0,0,0,0,0,1,0,3.0,1,1,1,1,1,0,0,1,1,1,1,0,0,1,518000
4,3,1646.0,Freehold,44.0,378.0,Condominium,2.0,,Non Bumi Lot,Penang,5.0,7,0,0,0,0,0,0,0,1,1,,1,0,1,0,0,0,1,0,1,1,1,0,1,0,920000
3,2,995.0,Freehold,,188.0,Apartment,1.0,,Non Bumi Lot,Kuala Lumpur,,8,1,0,1,1,0,1,0,1,1,,1,0,1,0,0,1,1,1,1,1,1,0,0,0,358000
3,2,1212.0,Freehold,,538.0,Apartment,2.0,Medium,Non Bumi Lot,Selangor,,7,0,0,0,0,0,0,0,1,1,2.0,0,0,0,1,1,1,1,1,1,0,1,0,0,0,336000
3,2,1036.0,Freehold,33.0,550.0,Condominium,2.0,,Non Bumi Lot,Penang,2.0,9,0,0,0,0,0,0,0,1,1,,1,1,1,1,0,0,1,0,1,1,1,0,1,0,688000
3,2,1349.0,Leasehold,,128.0,Condominium,2.0,High,Non Bumi Lot,Sabah,8.0,7,0,0,0,0,0,0,0,1,0,3.0,0,0,1,0,1,0,0,1,1,1,1,0,1,0,548000
2,1,516.0,Freehold,,,Flat,,,Non Bumi Lot,Johor,,0,0,0,0,0,0,0,0,1,1,,0,0,0,0,0,0,0,0,0,0,0,0,0,0,118000
2,1,527.0,Leasehold,5.0,,Apartment,,,Non Bumi Lot,Selangor,,1,0,0,0,0,0,0,0,1,0,,0,0,0,0,0,0,0,1,0,0,0,0,0,0,150000
3,2,624.0,Freehold,5.0,,Apartment,,Low,Non Bumi Lot,Penang,,0,0,0,0,0,0,0,0,1,1,1.0,0,0,0,0,0,0,0,0,0,0,0,0,0,0,99000
3,2,1200.0,Freehold,20.0,196.0,Condominium,,,Bumi Lot,Kuala Lumpur,16.0,10,1,0,1,1,0,0,0,0,1,,1,0,1,1,0,1,1,1,1,1,1,0,1,0,425000
3,3,1484.0,Leasehold,,135.0,Condominium,2.0,Medium,Non Bumi Lot,Sabah,9.0,8,0,0,0,0,0,0,0,1,0,2.0,1,0,1,0,1,0,1,1,1,0,1,0,1,0,780000
3,2,1085.0,Leasehold,,,Apartment,1.0,,Non Bumi Lot,Sarawak,,2,0,0,0,0,0,0,0,1,0,,0,0,0,0,0,0,0,1,0,0,1,0,0,0,220000
3,3,890.0,Freehold,,,Condominium,2.0,Medium,Non Bumi Lot,Putrajaya,,14,0,0,0,0,0,0,0,1,1,2.0,1,1,1,1,1,1,1,1,1,1,1,1,1,1,470000
3,2,1288.0,Freehold,21.0,455.0,Condominium,2.0,,Non Bumi Lot,Selangor,8.0,9,0,0,0,0,0,0,0,1,1,,1,0,1,1,1,0,1,1,1,0,1,0,1,0,355000
1,1,450.0,Leasehold,,,Service Residence,,Medium,Non Bumi Lot,Kuala Lumpur,,4,1,1,1,1,1,0,1,1,0,2.0,0,0,1,0,1,0,0,0,0,0,1,0,1,0,800000
3,2,964.0,Leasehold,,,Condominium,1.0,Medium,Non Bumi Lot,Perak,,10,0,0,0,0,0,0,0,1,0,2.0,1,1,1,1,1,0,1,1,1,0,1,0,1,0,380000
3,2,1165.0,Freehold,,406.0,Condominium,2.0,,Non Bumi Lot,Penang,2.0,11,0,0,0,0,0,0,0,1,1,,1,0,1,1,1,1,1,1,1,1,1,0,1,0,500000
3,2,800.0,Leasehold,,3600.0,Apartment,1.0,Medium,Bumi Lot,Kuala Lumpur,,9,1,1,1,1,1,0,0,0,0,2.0,0,0,1,1,1,1,1,1,1,0,1,0,1,0,300000
2,2,615.0,Freehold,,,Flat,,Low,Non Bumi Lot,Selangor,,0,0,0,1,1,0,0,0,1,1,1.0,0,0,0,0,0,0,0,0,0,0,0,0,0,0,182000
3,2,1101.0,Leasehold,,,Flat,1.0,,Non Bumi Lot,Sarawak,,0,0,0,0,0,0,0,0,1,0,,0,0,0,0,0,0,0,0,0,0,0,0,0,0,148000
3,2,1200.0,Freehold,38.0,473.0,Condominium,2.0,Low,Non Bumi Lot,Penang,5.0,8,0,0,0,0,0,0,0,1,1,1.0,0,0,1,0,0,1,0,1,1,1,1,1,1,0,708000
3,2,687.0,Leasehold,,,Apartment,,,Bumi Lot,Selangor,,2,0,0,0,1,0,0,0,0,0,,0,0,0,0,0,0,0,0,1,0,1,0,0,0,140000
3,2,800.0,Leasehold,,,Apartment,,,Bumi Lot,Kuala Lumpur,,0,1,0,1,1,0,0,0,0,0,,0,0,0,0,0,0,0,0,0,0,0,0,0,0,240000
3,2,1002.0,Freehold,31.0,718.0,Service Residence,2.0,Medium,Non Bumi Lot,Kuala Lumpur,4.0,10,0,0,0,0,0,0,0,1,1,2.0,0,1,1,0,1,1,0,1,1,0,1,1,1,1,550000
3,2,700.0,Leasehold,,,Apartment,1.0,,Non Bumi Lot,Selangor,,4,0,0,0,0,0,0,0,1,0,,0,0,0,1,0,0,0,1,0,0,1,0,1,0,180000
3,2,1200.0,Leasehold,,698.0,Apartment,2.0,Medium,Non Bumi Lot,Johor,18.0,10,0,0,0,0,0,0,0,1,0,2.0,1,0,1,1,1,1,0,1,1,1,1,0,1,0,358000
3,2,883.0,Leasehold,,,Apartment,1.0,High,Bumi Lot,Putrajaya,,5,0,0,0,0,0,0,0,0,0,3.0,0,0,0,1,1,0,0,1,1,0,1,0,0,0,310000
3,2,1184.0,Freehold,17.0,676.0,Condominium,2.0,Medium,Non Bumi Lot,Putrajaya,3.0,10,0,0,0,0,0,0,0,1,1,2.0,1,0,1,1,1,0,1,1,1,0,1,0,1,1,433094
3,2,956.0,Freehold,19.0,392.0,Condominium,1.0,High,Bumi Lot,Selangor,,14,0,0,0,0,0,0,0,0,1,3.0,1,1,1,1,1,1,1,1,1,1,1,1,1,1,380000
3,2,1128.0,Freehold,8.0,,Apartment,1.0,Medium,Non Bumi Lot,Selangor,,3,0,0,0,0,0,1,0,1,1,2.0,0,0,0,0,1,0,0,1,0,0,1,0,0,0,275000
2,2,904.0,Freehold,8.0,,Condominium,1.0,Low,Non Bumi Lot,Negeri Sembilan,,7,0,0,0,0,0,0,0,1,1,1.0,1,0,0,0,1,0,0,1,1,0,1,0,1,1,140000
3,2,950.0,Leasehold,29.0,1709.0,Condominium,1.0,High,Bumi Lot,Selangor,12.0,8,0,0,0,1,0,0,1,0,0,3.0,0,0,1,1,1,0,1,1,1,0,1,0,1,0,298000
3,2,903.0,Freehold,11.0,,Condominium,1.0,High,Bumi Lot,Selangor,,7,0,0,0,0,0,0,0,0,1,3.0,0,0,0,0,1,1,0,1,1,1,1,0,1,0,360000
3,2,1044.0,Leasehold,5.0,200.0,Apartment,1.0,Medium,Non Bumi Lot,Selangor,19.0,6,1,1,1,1,0,0,1,1,0,2.0,0,0,0,0,1,1,0,1,1,0,1,0,1,0,325000
4,3,1300.0,Freehold,44.0,684.0,Service Residence,3.0,Medium,Non Bumi Lot,Kuala Lumpur,0.0,12,0,0,0,0,0,0,0,1,1,2.0,1,1,1,1,1,1,1,1,1,1,1,0,1,0,535000
3,2,1173.0,Leasehold,15.0,,Condominium,1.0,Medium,Bumi Lot,Selangor,,6,1,1,1,1,0,0,0,0,0,2.0,0,0,0,0,1,1,0,1,1,0,1,0,1,0,355000
2,1,950.0,Freehold,41.0,1040.0,Service Residence,1.0,High,Non Bumi Lot,Kuala Lumpur,8.0,8,1,0,1,1,1,0,0,1,1,3.0,1,0,1,1,0,0,1,0,1,1,1,0,1,0,530000
3,2,915.0,Leasehold,5.0,,Apartment,1.0,High,Bumi Lot,Selangor,,0,0,1,1,1,1,0,0,0,0,3.0,0,0,0,0,0,0,0,0,0,0,0,0,0,0,285000
3,2,850.0,Freehold,,,Flat,,Medium,Non Bumi Lot,Johor,,4,0,0,0,0,0,0,0,1,1,2.0,0,0,0,0,0,0,0,1,1,0,1,0,1,0,198000
3,2,1100.0,Leasehold,19.0,,Condominium,,High,Non Bumi Lot,Kuala Lumpur,27.0,14,1,0,1,1,0,0,0,1,0,3.0,1,1,1,1,1,1,1,1,1,1,1,1,1,1,340000
5,4,1384.0,Freehold,,,Condominium,2.0,High,Non Bumi Lot,,,10,0,0,0,0,0,0,0,1,1,3.0,0,0,1,0,1,1,0,1,1,1,1,1,1,1,780000
3,2,853.0,Freehold,,,Apartment,2.0,High,Bumi Lot,Selangor,7.0,5,0,0,0,0,0,0,0,0,1,3.0,0,0,0,0,1,1,0,1,1,0,1,0,0,0,250000
3,2,1010.0,Freehold,,,Service Residence,1.0,Medium,Bumi Lot,Kuala Lumpur,9.0,8,1,1,1,1,1,1,1,0,1,2.0,0,0,1,0,1,1,1,1,1,0,1,0,1,0,485000
3,2,969.0,Leasehold,23.0,241.0,Service Residence,2.0,Low,Non Bumi Lot,Selangor,3.0,9,0,0,0,0,0,0,0,1,0,1.0,1,0,1,0,1,1,1,1,1,0,1,0,1,0,450000
3,2,1200.0,Freehold,,,Apartment,,Low,Non Bumi Lot,Johor,,12,0,0,0,0,0,0,0,1,1,1.0,1,0,1,1,0,1,1,1,1,1,1,1,1,1,310000
4,3,1485.0,Leasehold,36.0,236.0,Condominium,2.0,,Non Bumi Lot,Kuala Lumpur,9.0,10,0,0,1,1,0,0,0,1,0,,1,0,1,0,0,1,0,1,1,1,1,1,1,1,770000
3,2,860.0,Leasehold,,,Apartment,,,Bumi Lot,Selangor,,4,0,0,0,0,0,0,0,0,0,,0,0,0,0,0,0,0,1,1,0,1,0,1,0,195000
3,2,887.0,Freehold,30.0,808.0,Condominium,2.0,,Non Bumi Lot,Penang,10.0,10,0,0,0,0,0,0,0,1,1,,0,0,1,0,1,1,0,1,1,1,1,1,1,1,495000
3,2,650.0,Freehold,,,Apartment,,Medium,Bumi Lot,Selangor,,0,0,0,0,0,0,0,0,0,1,2.0,0,0,0,0,0,0,0,0,0,0,0,0,0,0,160000
3,2,1216.0,Leasehold,,,Condominium,1.0,Low,Non Bumi Lot,Sabah,,6,0,0,0,0,0,0,0,1,0,1.0,0,0,1,0,1,1,0,1,0,0,1,0,1,0,570000
3,1,650.0,Leasehold,,,Flat,,Medium,Bumi Lot,Kuala Lumpur,,5,0,0,0,0,0,0,0,0,0,2.0,0,0,0,0,1,1,1,1,1,0,0,0,0,0,230000
3,2,951.0,Leasehold,,,Service Residence,2.0,Medium,Non Bumi Lot,,,9,0,0,0,0,0,0,0,1,0,2.0,1,0,1,1,1,0,1,1,1,0,1,0,1,0,598000
4,2,838.0,Leasehold,15.0,,Apartment,2.0,Medium,Bumi Lot,Selangor,,2,1,0,0,1,0,0,0,0,0,2.0,0,0,0,0,0,0,0,1,0,0,1,0,0,0,320000
3,2,830.0,Leasehold,14.0,1008.0,Condominium,1.0,Medium,Non Bumi Lot,Kuala Lumpur,28.0,9,1,0,1,1,1,0,0,1,0,2.0,0,0,1,0,1,1,1,1,1,1,1,0,1,0,250000
3,2,1085.0,Freehold,5.0,469.0,Apartment,,Medium,Non Bumi Lot,Selangor,7.0,4,0,0,0,0,0,0,0,1,1,2.0,0,0,0,1,0,0,0,1,1,0,1,0,0,0,318000
2,1,936.0,Leasehold,,,Apartment,1.0,High,Non Bumi Lot,Penang,,9,0,0,0,0,0,0,0,1,0,3.0,0,1,1,1,1,1,1,1,1,0,1,0,0,0,298000
3,2,1001.0,Freehold,,,Apartment,,High,Non Bumi Lot,Melaka,,1,0,0,0,0,0,0,0,1,1,3.0,0,0,0,0,0,0,0,1,0,0,0,0,0,0,200000
3,2,1346.0,Leasehold,,128.0,Condominium,2.0,Medium,Non Bumi Lot,Sabah,8.0,0,0,0,0,0,0,0,0,1,0,2.0,0,0,0,0,0,0,0,0,0,0,0,0,0,0,576000
3,2,700.0,Leasehold,,,Apartment,,High,Bumi Lot,Selangor,,7,0,0,0,0,0,0,0,0,0,3.0,0,0,0,1,0,1,1,1,1,0,1,0,1,0,210000
3,2,991.0,Freehold,,,Condominium,,High,Non Bumi Lot,Melaka,,6,0,0,0,0,0,0,0,1,1,3.0,0,0,1,0,1,0,0,1,1,0,1,0,1,0,338000
3,2,861.0,Leasehold,5.0,,Apartment,,,Non Bumi Lot,Kuala Lumpur,,3,0,0,1,0,1,0,1,1,0,,0,0,0,0,0,0,0,1,1,0,1,0,0,0,279999
3,2,800.0,Leasehold,6.0,672.0,Apartment,1.0,Low,Non Bumi Lot,Penang,29.0,2,0,0,0,0,0,0,0,1,0,1.0,0,0,0,0,0,0,0,1,0,0,1,0,0,0,430000
3,2,1150.0,Freehold,,,Condominium,1.0,,Non Bumi Lot,Kuala Lumpur,18.0,7,0,1,0,1,1,0,1,1,1,,1,0,1,0,0,1,0,1,1,0,1,0,1,0,380000
3,2,1050.0,Freehold,,226.0,Condominium,1.0,Medium,Non Bumi Lot,Putrajaya,,5,0,0,0,0,0,0,0,1,1,2.0,1,0,0,0,0,0,1,0,1,0,1,0,1,0,430000
3,2,883.0,Leasehold,,,Apartment,,,Bumi Lot,Kuala Lumpur,,0,0,0,0,1,0,0,0,0,0,,0,0,0,0,0,0,0,0,0,0,0,0,0,0,260000
3,2,1023.0,Leasehold,40.0,1052.0,Condominium,2.0,Medium,Non Bumi Lot,Kuala Lumpur,3.0,14,0,1,1,1,0,0,1,1,0,2.0,1,1,1,1,1,1,1,1,1,1,1,1,1,1,539000
3,2,852.0,Leasehold,12.0,,Apartment,,Medium,Non Bumi Lot,Selangor,23.0,11,1,0,1,1,0,0,0,1,0,2.0,1,1,1,1,1,1,1,1,1,0,1,0,1,0,250000
2,1,530.0,Freehold,,,Flat,,High,Non Bumi Lot,Johor,,1,0,0,0,0,0,0,0,1,1,3.0,0,0,0,0,0,0,0,1,0,0,0,0,0,0,108000
2,2,950.0,Freehold,,450.0,Condominium,2.0,,Non Bumi Lot,Penang,1.0,0,0,0,0,0,0,0,0,1,1,,0,0,0,0,0,0,0,0,0,0,0,0,0,0,980000
3,2,1121.0,Freehold,25.0,486.0,Service Residence,,,Non Bumi Lot,Selangor,5.0,6,0,0,0,1,0,0,0,1,1,,0,0,1,1,0,0,1,1,1,0,0,0,1,0,438000
3,2,1313.0,Freehold,,396.0,Condominium,3.0,Low,Non Bumi Lot,Penang,16.0,0,0,0,0,0,0,0,0,1,1,1.0,0,0,0,0,0,0,0,0,0,0,0,0,0,0,960000
3,2,1010.0,Freehold,25.0,2003.0,Service Residence,,,Non Bumi Lot,Johor,4.0,0,0,0,0,0,0,0,0,1,1,,0,0,0,0,0,0,0,0,0,0,0,0,0,0,396000
3,2,1100.0,Leasehold,,109.0,Condominium,1.0,Medium,Non Bumi Lot,Sabah,,9,0,0,0,0,0,0,0,1,0,2.0,1,0,1,1,1,0,1,1,1,0,1,0,1,0,485000
3,2,830.0,Leasehold,21.0,,Condominium,2.0,,Non Bumi Lot,Selangor,19.0,6,0,0,0,0,0,0,0,1,0,,0,0,0,0,1,1,0,1,1,0,1,0,1,0,190000
3,2,762.0,Freehold,,,Apartment,1.0,Medium,Non Bumi Lot,Selangor,,0,0,0,1,1,0,0,0,1,1,2.0,0,0,0,0,0,0,0,0,0,0,0,0,0,0,210000
3,2,860.0,Freehold,,,Apartment,1.0,Medium,Non Bumi Lot,Penang,,0,0,0,0,0,0,0,0,1,1,2.0,0,0,0,0,0,0,0,0,0,0,0,0,0,0,300000
4,2,1126.0,Freehold,,226.0,Condominium,1.0,Medium,Non Bumi Lot,Putrajaya,,9,0,0,0,0,0,0,0,1,1,2.0,1,0,1,0,1,1,1,1,1,0,1,0,1,0,380000
4,2,1316.0,Freehold,18.0,248.0,Condominium,1.0,Low,Non Bumi Lot,Kuala Lumpur,,10,0,0,1,1,1,0,0,1,1,1.0,1,1,1,0,1,1,0,1,0,1,1,1,1,0,680000
3,2,1144.0,Leasehold,,243.0,Service Residence,1.0,High,Non Bumi Lot,Johor,,7,0,0,0,0,0,0,0,1,0,3.0,0,0,0,0,0,1,1,1,1,1,1,0,1,0,489000
3,2,858.0,Leasehold,5.0,,Apartment,1.0,Medium,Non Bumi Lot,Selangor,,2,0,1,1,1,1,0,1,1,0,2.0,0,0,0,0,0,0,0,1,1,0,0,0,0,0,288000
3,2,1100.0,Leasehold,38.0,787.0,Condominium,2.0,,Non Bumi Lot,Selangor,7.0,8,1,1,1,1,1,0,1,1,0,,1,1,1,1,0,0,1,0,1,0,1,0,1,0,290000
4,2,1000.0,Freehold,,,Service Residence,2.0,,Non Bumi Lot,Kuala Lumpur,,0,1,1,1,1,1,0,0,1,1,,0,0,0,0,0,0,0,0,0,0,0,0,0,0,340000
3,2,1250.0,Freehold,,428.0,Condominium,,,Non Bumi Lot,Selangor,7.0,0,0,0,0,0,0,0,0,1,1,,0,0,0,0,0,0,0,0,0,0,0,0,0,0,328000
3,2,613.0,Leasehold,,,Flat,1.0,Medium,Non Bumi Lot,Johor,,0,0,0,0,0,0,0,0,1,0,2.0,0,0,0,0,0,0,0,0,0,0,0,0,0,0,99000
3,2,1009.0,Freehold,15.0,464.0,Apartment,2.0,High,Non Bumi Lot,Selangor,17.0,7,1,1,1,1,1,0,1,1,1,3.0,0,0,1,0,0,1,0,1,1,0,1,0,1,1,400000
2,1,500.0,Freehold,,,Flat,,High,Bumi Lot,Penang,,0,0,0,0,0,0,0,0,0,1,3.0,0,0,0,0,0,0,0,0,0,0,0,0,0,0,125000
3,2,1001.0,Freehold,44.0,1400.0,Condominium,1.0,,Non Bumi Lot,Kuala Lumpur,3.0,7,0,0,0,0,0,0,0,1,1,,1,0,1,0,0,0,1,1,1,0,1,0,1,0,500000
3,2,1410.0,Leasehold,,,Apartment,2.0,Low,Non Bumi Lot,Selangor,,0,1,1,1,1,1,0,1,1,0,1.0,0,0,0,0,0,0,0,0,0,0,0,0,0,0,275000
3,3,1097.0,Freehold,,,Service Residence,,,Non Bumi Lot,Johor,,10,0,0,0,0,0,0,0,1,1,,1,0,1,1,1,0,1,1,1,1,1,0,1,0,399000
3,2,920.0,Leasehold,15.0,690.0,Condominium,1.0,,Bumi Lot,Kuala Lumpur,24.0,7,1,0,1,1,0,0,1,0,0,,1,0,1,0,0,1,0,1,1,0,1,0,1,0,340000
2,2,620.0,Freehold,,,Apartment,1.0,Low,Non Bumi Lot,,,2,0,0,0,0,0,0,0,1,1,1.0,0,0,0,0,0,0,0,1,0,0,1,0,0,0,235000
3,2,947.0,Leasehold,22.0,396.0,Condominium,2.0,Low,Non Bumi Lot,Penang,6.0,10,0,0,0,0,0,0,0,1,0,1.0,1,1,1,1,1,0,0,1,1,1,1,0,0,1,520000
3,2,1288.0,Freehold,21.0,455.0,Condominium,,Medium,Non Bumi Lot,Selangor,8.0,7,0,0,0,0,0,0,0,1,1,2.0,1,0,1,1,0,0,1,0,1,0,1,0,1,0,388000
1,1,557.0,Leasehold,,296.0,Condominium,,,Non Bumi Lot,Selangor,6.0,9,0,0,0,0,0,0,0,1,0,,0,0,1,1,1,1,0,1,1,0,1,1,1,0,225000
4,3,1300.0,Freehold,16.0,128.0,Condominium,2.0,Medium,Non Bumi Lot,Selangor,6.0,14,0,0,0,0,0,0,0,1,1,2.0,1,1,1,1,1,1,1,1,1,1,1,1,1,1,299000
3,2,650.0,Freehold,,,Apartment,1.0,Low,Bumi Lot,Selangor,16.0,2,1,0,1,1,0,1,1,0,1,1.0,0,0,0,0,1,0,0,1,0,0,0,0,0,0,160000
3,2,950.0,Freehold,,635.0,Apartment,,,Non Bumi Lot,Selangor,4.0,0,0,0,0,0,0,0,0,1,1,,0,0,0,0,0,0,0,0,0,0,0,0,0,0,265000
3,2,950.0,Leasehold,17.0,,Apartment,1.0,Low,Bumi Lot,Johor,,6,0,0,0,0,0,0,0,0,0,1.0,1,0,0,0,0,1,0,1,1,0,1,0,1,0,250000
3,1,650.0,Leasehold,12.0,3045.0,Apartment,1.0,Low,Non Bumi Lot,Selangor,,2,1,0,1,1,0,1,1,1,0,1.0,0,0,0,0,0,1,0,0,1,0,0,0,0,0,170000
5,5,2415.0,Leasehold,24.0,670.0,Condominium,,Medium,Non Bumi Lot,Selangor,3.0,14,0,0,0,0,0,0,0,1,0,2.0,1,1,1,1,1,1,1,1,1,1,1,1,1,1,785000
4,3,1711.0,Freehold,10.0,210.0,Condominium,,High,Bumi Lot,Selangor,11.0,13,1,1,1,1,0,0,0,0,1,3.0,1,1,1,1,0,1,1,1,1,1,1,1,1,1,790000
3,2,916.0,Leasehold,22.0,328.0,Apartment,2.0,Medium,Non Bumi Lot,Johor,7.0,6,0,0,0,0,0,0,0,1,0,2.0,0,0,1,0,0,1,0,1,1,0,1,0,1,0,378000
3,2,700.0,Freehold,16.0,256.0,Apartment,1.0,Medium,Non Bumi Lot,Penang,,5,0,0,0,0,0,0,0,1,1,2.0,1,0,0,1,0,0,0,1,1,0,1,0,0,0,330000
3,2,1283.0,Freehold,35.0,547.0,Condominium,1.0,Medium,Non Bumi Lot,Penang,,9,0,0,0,0,0,0,0,1,1,2.0,0,0,1,0,1,1,0,1,1,0,1,1,1,1,750000
2,2,1010.0,Freehold,25.0,2003.0,Service Residence,2.0,High,Non Bumi Lot,Johor,4.0,14,0,0,0,0,0,0,0,1,1,3.0,1,1,1,1,1,1,1,1,1,1,1,1,1,1,396000
3,2,800.0,Leasehold,,1900.0,Apartment,2.0,High,Non Bumi Lot,Penang,7.0,3,0,0,0,0,0,0,0,1,0,3.0,0,0,0,0,1,0,0,1,0,0,1,0,0,0,420000
3,3,1200.0,Freehold,,,Condominium,3.0,Low,Non Bumi Lot,Kuala Lumpur,,3,0,0,0,0,0,0,0,1,1,1.0,1,0,1,0,0,0,1,0,0,0,0,0,0,0,528000
3,3,1400.0,Freehold,,,Condominium,2.0,Low,Non Bumi Lot,Kuala Lumpur,10.0,9,0,1,1,1,0,0,1,1,1,1.0,1,0,1,1,0,1,1,1,1,0,1,0,1,0,960000
3,2,1100.0,Freehold,30.0,265.0,Condominium,2.0,Low,Bumi Lot,Selangor,1.0,11,1,1,1,1,1,0,0,0,1,1.0,1,1,1,1,1,0,1,1,1,1,1,0,1,0,460000
3,1,657.0,Freehold,,,Apartment,1.0,Low,Bumi Lot,Kuala Lumpur,,3,0,0,0,0,0,0,0,0,1,1.0,0,0,0,0,1,0,0,1,1,0,0,0,0,0,220000
3,2,850.0,Leasehold,,,Apartment,1.0,Medium,Non Bumi Lot,Sabah,,4,0,0,0,0,0,0,0,1,0,2.0,0,0,0,0,0,0,1,0,1,0,1,0,1,0,310000
3,2,650.0,Leasehold,11.0,792.0,Apartment,,,Bumi Lot,Kuala Lumpur,21.0,4,1,0,1,1,0,0,1,0,0,,0,0,0,0,0,1,0,1,0,0,1,0,1,0,150000
3,2,1100.0,Freehold,38.0,350.0,Condominium,2.0,Medium,Non Bumi Lot,Penang,,11,0,0,0,0,0,0,0,1,1,2.0,1,0,1,1,1,0,0,1,1,1,1,1,1,1,355000
2,2,850.0,Freehold,52.0,495.0,Service Residence,1.0,,Non Bumi Lot,Kuala Lumpur,4.0,8,1,0,1,1,1,0,0,1,1,,0,0,1,1,1,0,1,1,0,1,1,0,1,0,650000
3,3,1288.0,Freehold,30.0,808.0,Condominium,1.0,,Non Bumi Lot,Penang,10.0,10,0,0,0,0,0,0,0,1,1,,0,0,1,0,1,1,0,1,1,1,1,1,1,1,695000
2,1,624.0,Leasehold,,,Flat,,High,Non Bumi Lot,Kuala Lumpur,,0,0,0,0,0,0,0,0,1,0,3.0,0,0,0,0,0,0,0,0,0,0,0,0,0,0,188000
3,2,926.0,Leasehold,22.0,1074.0,Condominium,1.0,Medium,Bumi Lot,Selangor,13.0,11,0,1,0,0,1,0,0,0,0,2.0,1,1,1,0,1,1,1,1,1,1,1,0,1,0,320000
3,2,657.0,Freehold,,,Service Residence,,,Non Bumi Lot,,,4,0,0,0,0,0,0,0,1,1,,0,0,1,0,0,0,1,0,1,0,1,0,0,0,400000
3,2,1200.0,Freehold,,410.0,Condominium,2.0,High,Non Bumi Lot,Penang,2.0,7,0,0,0,0,0,0,0,1,1,3.0,1,1,0,0,0,0,1,1,1,1,0,0,1,0,680000
4,2,1495.0,Freehold,19.0,,Condominium,2.0,Medium,Non Bumi Lot,Penang,,7,0,0,0,0,0,0,0,1,1,2.0,0,0,1,0,1,0,1,1,1,0,1,0,1,0,470000
3,2,1087.0,Freehold,6.0,,Condominium,,,Non Bumi Lot,Kuala Lumpur,,8,1,1,0,1,0,0,1,1,1,,0,0,0,0,1,1,1,1,1,0,1,1,1,0,500000
3,1,600.0,Leasehold,,,Apartment,2.0,Medium,Bumi Lot,Kuala Lumpur,,4,0,1,0,1,0,0,0,0,0,2.0,0,0,0,0,0,1,1,1,1,0,0,0,0,0,263000
3,2,1115.0,Freehold,25.0,419.0,Condominium,2.0,Medium,Non Bumi Lot,Penang,6.0,8,0,0,0,0,0,0,0,1,1,2.0,0,0,1,0,1,1,0,1,1,1,1,0,1,0,600000
3,2,720.0,Freehold,20.0,480.0,Condominium,2.0,Medium,Non Bumi Lot,Penang,20.0,12,0,0,0,0,0,0,0,1,1,2.0,1,0,1,1,1,1,1,1,1,1,1,0,1,1,499000
3,2,900.0,Leasehold,,472.0,Condominium,1.0,High,Bumi Lot,Kuala Lumpur,7.0,8,1,1,1,1,1,0,1,0,0,3.0,0,0,0,1,1,1,1,1,1,0,1,0,1,0,490000
3,2,1155.0,Leasehold,,,Condominium,2.0,Medium,Non Bumi Lot,Penang,,5,0,0,0,0,0,0,0,1,0,2.0,0,0,0,0,1,0,0,1,1,0,1,0,1,0,680000
3,2,1169.0,Freehold,24.0,576.0,Condominium,1.0,High,Non Bumi Lot,Kuala Lumpur,29.0,11,1,0,1,1,1,0,0,1,1,3.0,1,0,1,0,1,1,0,1,1,1,1,1,1,1,335000
3,2,815.0,Freehold,,,Service Residence,,Medium,Non Bumi Lot,Selangor,,1,1,1,0,0,0,0,0,1,1,2.0,0,0,0,0,0,0,1,0,0,0,0,0,0,0,599000
2,2,950.0,Freehold,,450.0,Condominium,2.0,Medium,Non Bumi Lot,Penang,1.0,4,0,0,0,0,0,0,0,1,1,2.0,0,0,1,1,0,0,0,1,0,0,1,0,0,0,930000
3,3,1200.0,Freehold,,,Condominium,2.0,High,Non Bumi Lot,Selangor,,14,0,0,0,0,0,0,0,1,1,3.0,1,1,1,1,1,1,1,1,1,1,1,1,1,1,499000
4,3,1654.0,Freehold,15.0,198.0,Condominium,2.0,Medium,Non Bumi Lot,Putrajaya,25.0,11,0,0,0,0,0,0,0,1,1,2.0,1,0,1,1,1,1,1,1,1,1,1,0,1,0,670000
2,2,972.0,Freehold,,42.0,Apartment,,Medium,Non Bumi Lot,Johor,,5,0,0,0,0,0,0,0,1,1,2.0,0,0,1,0,0,0,1,0,1,0,1,0,1,0,438000
3,2,1221.0,Freehold,5.0,,Condominium,,,Non Bumi Lot,Selangor,,5,0,0,0,0,0,0,0,1,1,,1,0,0,0,0,0,0,1,1,0,1,0,1,0,340000
4,2,1349.0,Leasehold,,,Condominium,1.0,Low,Non Bumi Lot,Sabah,,6,0,0,0,0,0,0,0,1,0,1.0,0,0,1,0,1,0,0,1,1,0,1,0,1,0,600000
3,2,750.0,Freehold,,,Apartment,,Low,Bumi Lot,Johor,,0,0,0,0,0,0,0,0,0,1,1.0,0,0,0,0,0,0,0,0,0,0,0,0,0,0,125000
3,2,1250.0,Freehold,,461.0,Condominium,2.0,High,Bumi Lot,Selangor,5.0,8,0,0,0,0,0,0,0,0,1,3.0,0,0,1,1,1,0,1,1,1,0,1,0,1,0,520000
3,2,900.0,Freehold,5.0,,Apartment,1.0,Low,Non Bumi Lot,Penang,,4,0,0,0,0,0,0,0,1,1,1.0,0,0,0,0,1,1,0,1,0,0,1,0,0,0,330000
3,2,650.0,Freehold,5.0,,Flat,,Low,Non Bumi Lot,Selangor,,0,0,0,0,0,0,0,0,1,1,1.0,0,0,0,0,0,0,0,0,0,0,0,0,0,0,135000
3,2,850.0,Leasehold,,,Condominium,,,Non Bumi Lot,Kuala Lumpur,,0,0,0,0,0,0,0,0,1,0,,0,0,0,0,0,0,0,0,0,0,0,0,0,0,450000
5,4,2337.0,Freehold,38.0,420.0,Condominium,4.0,High,Non Bumi Lot,Penang,12.0,14,0,0,0,0,0,0,0,1,1,3.0,1,1,1,1,1,1,1,1,1,1,1,1,1,1,1150000
3,2,838.0,Freehold,22.0,816.0,Condominium,2.0,,Non Bumi Lot,Penang,16.0,9,0,0,0,0,0,0,0,1,1,,1,0,1,1,1,0,0,1,1,0,1,1,1,0,380000
3,2,850.0,Leasehold,,,Apartment,1.0,,Non Bumi Lot,Selangor,,4,0,0,0,1,0,0,0,1,0,,0,0,0,0,1,0,0,1,1,0,1,0,0,0,230000
3,2,700.0,Freehold,20.0,480.0,Condominium,1.0,High,Non Bumi Lot,Penang,20.0,9,0,0,0,0,0,0,0,1,1,3.0,1,0,1,0,1,1,1,1,1,0,1,0,1,0,438000
3,2,883.0,Freehold,24.0,,Condominium,1.0,High,Non Bumi Lot,Penang,,14,0,0,0,0,0,0,0,1,1,3.0,1,1,1,1,1,1,1,1,1,1,1,1,1,1,268000
3,2,783.0,Leasehold,,,Apartment,,Medium,Bumi Lot,Selangor,,0,1,0,0,1,0,0,0,0,0,2.0,0,0,0,0,0,0,0,0,0,0,0,0,0,0,170000
3,2,1265.0,Freehold,32.0,228.0,Condominium,2.0,,Non Bumi Lot,Kuala Lumpur,3.0,6,1,0,1,1,0,0,0,1,1,,0,0,1,0,0,0,1,1,1,0,1,0,1,0,520000
4,2,920.0,Freehold,20.0,,Apartment,,Medium,Non Bumi Lot,Johor,6.0,5,0,0,0,0,0,0,0,1,1,2.0,0,0,0,0,1,0,0,1,1,0,1,0,1,0,228000
3,3,1409.0,Freehold,26.0,220.0,Condominium,2.0,,Non Bumi Lot,Penang,4.0,7,0,0,0,0,0,0,0,1,1,,0,0,1,0,0,1,0,1,1,0,1,1,1,0,1300000
3,2,760.0,Freehold,3.0,,Apartment,,Low,Non Bumi Lot,Kuala Lumpur,,1,1,1,1,1,1,1,1,1,1,1.0,0,0,0,0,0,0,0,1,0,0,0,0,0,0,238000
3,2,650.0,Freehold,,,Flat,1.0,,Non Bumi Lot,Selangor,,1,0,0,0,0,0,0,0,1,1,,0,0,0,0,0,0,0,1,0,0,0,0,0,0,105000
3,2,800.0,Leasehold,,,Flat,,Low,Non Bumi Lot,Selangor,,3,0,0,0,0,0,0,0,1,0,1.0,0,0,0,1,1,0,0,0,0,0,1,0,0,0,245000
1,1,600.0,Leasehold,33.0,384.0,Service Residence,,,Non Bumi Lot,Selangor,14.0,6,0,1,1,1,0,0,1,1,0,,0,0,1,0,1,0,0,1,1,0,1,0,1,0,245000
3,2,1204.0,Freehold,,,Condominium,1.0,Medium,Non Bumi Lot,Sabah,,5,0,0,0,0,0,0,0,1,1,2.0,0,0,0,0,1,0,0,1,1,0,1,0,1,0,480000
2,1,560.0,Freehold,,,Condominium,1.0,Medium,Non Bumi Lot,Selangor,,3,0,0,0,0,0,0,0,1,1,2.0,0,1,0,0,0,0,0,0,1,0,1,0,0,0,223880
3,2,1000.0,Leasehold,14.0,780.0,Apartment,1.0,Low,Non Bumi Lot,Penang,3.0,5,0,0,0,0,0,0,0,1,0,1.0,0,0,0,0,1,0,0,1,1,0,1,0,1,0,338000
2,2,1240.0,Freehold,24.0,,Apartment,2.0,Low,Non Bumi Lot,Kuala Lumpur,,10,0,0,0,0,0,0,0,1,1,1.0,1,0,1,1,1,1,0,1,1,1,1,0,1,0,470000
4,3,1307.0,Freehold,28.0,390.0,Condominium,2.0,Medium,Non Bumi Lot,Penang,,7,0,0,0,0,0,0,0,1,1,2.0,1,0,1,1,0,0,0,1,1,0,1,0,1,0,710000
3,2,850.0,Leasehold,49.0,2155.0,Condominium,2.0,,Non Bumi Lot,Penang,7.0,0,0,0,0,0,0,0,0,1,0,,0,0,0,0,0,0,0,0,0,0,0,0,0,0,600000
3,2,1294.0,Leasehold,21.0,286.0,Condominium,2.0,Medium,Non Bumi Lot,Selangor,12.0,13,1,0,1,1,0,0,0,1,0,2.0,1,1,1,1,1,1,1,1,1,1,1,1,1,0,48000
3,2,800.0,Freehold,23.0,433.0,Apartment,1.0,,Non Bumi Lot,Penang,24.0,9,0,0,0,0,0,0,0,1,1,,1,0,1,1,0,1,0,1,1,0,1,0,1,1,330000
3,2,770.0,Leasehold,18.0,200.0,Apartment,,Medium,Non Bumi Lot,Selangor,17.0,0,1,0,1,1,0,0,1,1,0,2.0,0,0,0,0,0,0,0,0,0,0,0,0,0,0,260000
3,2,1035.0,Freehold,25.0,1255.0,Apartment,,Medium,Non Bumi Lot,Johor,5.0,9,0,0,0,0,0,0,0,1,1,2.0,1,0,1,0,1,0,1,1,1,0,1,0,1,1,528000
3,2,700.0,Freehold,,,Apartment,1.0,,Non Bumi Lot,Penang,,3,0,0,0,0,0,0,0,1,1,,0,0,0,0,1,0,1,1,0,0,0,0,0,0,188000
4,4,2304.0,Freehold,,,Condominium,2.0,High,Non Bumi Lot,,,10,0,0,0,0,0,0,0,1,1,3.0,0,0,1,0,1,1,0,1,1,1,1,1,1,1,1258000
3,1,650.0,Freehold,5.0,,Apartment,,Medium,Bumi Lot,Selangor,,3,0,0,1,1,1,0,0,0,1,2.0,0,0,0,0,0,0,0,1,1,0,1,0,0,0,220000
3,3,1200.0,Freehold,,,Condominium,2.0,High,Non Bumi Lot,Putrajaya,,14,0,0,0,0,0,0,0,1,1,3.0,1,1,1,1,1,1,1,1,1,1,1,1,1,1,499000
3,2,1000.0,Freehold,32.0,71.0,Condominium,2.0,,Non Bumi Lot,Penang,8.0,8,0,0,0,0,0,0,0,1,1,,1,0,1,1,0,0,0,1,1,1,1,0,1,0,1500000
3,2,850.0,Freehold,50.0,3600.0,Condominium,2.0,Low,Non Bumi Lot,Kuala Lumpur,0.0,14,1,1,1,1,0,1,1,1,1,1.0,1,1,1,1,1,1,1,1,1,1,1,1,1,1,490000
3,3,1598.0,Freehold,42.0,670.0,Condominium,2.0,High,Non Bumi Lot,Penang,6.0,5,0,0,0,0,0,0,0,1,1,3.0,0,0,1,0,1,0,0,1,0,0,1,0,1,0,700000
3,2,1080.0,Leasehold,17.0,444.0,Service Residence,2.0,,Non Bumi Lot,Selangor,,7,1,1,1,0,1,0,0,1,0,,0,0,1,0,1,0,1,1,1,0,1,0,1,0,582000
2,2,950.0,Freehold,,450.0,Condominium,2.0,,Non Bumi Lot,Penang,1.0,0,0,0,0,0,0,0,0,1,1,,0,0,0,0,0,0,0,0,0,0,0,0,0,0,1200000
3,2,850.0,Freehold,4.0,348.0,Flat,1.0,High,Non Bumi Lot,Johor,9.0,5,0,0,0,0,0,0,0,1,1,3.0,1,0,0,0,0,0,0,1,1,0,1,0,1,0,155000
3,2,1100.0,Leasehold,,240.0,Condominium,1.0,,Non Bumi Lot,Penang,,3,0,0,0,0,0,0,0,1,0,,0,0,1,0,0,0,0,0,0,0,1,0,1,0,798000
3,2,850.0,Freehold,,635.0,Apartment,2.0,Medium,Non Bumi Lot,Selangor,4.0,9,0,1,0,0,0,0,0,1,1,2.0,0,0,1,1,1,1,0,1,1,1,1,0,1,0,240000
3,2,755.0,Freehold,14.0,336.0,Condominium,1.0,High,Bumi Lot,Kuala Lumpur,13.0,5,0,0,0,0,0,0,0,0,1,3.0,0,0,0,0,1,0,0,1,1,0,1,0,1,0,250000
3,2,678.0,Freehold,,,Flat,,Medium,Bumi Lot,Negeri Sembilan,,2,0,0,0,0,0,0,0,0,1,2.0,0,0,0,0,0,1,0,0,1,0,0,0,0,0,79000
3,2,931.0,Leasehold,,516.0,Service Residence,1.0,Medium,Bumi Lot,Selangor,16.0,5,1,1,1,0,1,1,0,0,0,2.0,0,0,1,0,0,1,1,0,0,0,1,0,1,0,306000
3,2,969.0,Freehold,,1196.0,Apartment,2.0,Medium,Non Bumi Lot,Selangor,4.0,11,0,0,0,0,0,0,1,1,1,2.0,1,0,1,1,1,1,1,1,1,1,1,0,1,0,505000
3,2,1540.0,Leasehold,16.0,,Condominium,2.0,,Non Bumi Lot,Selangor,,9,0,0,0,0,0,0,0,1,0,,0,0,1,1,1,1,0,1,1,1,1,0,1,0,868000
3,2,1100.0,Freehold,,,Condominium,1.0,Low,Non Bumi Lot,,,5,0,0,0,0,0,0,0,1,1,1.0,0,0,0,0,1,0,0,1,1,0,1,0,1,0,588000
2,2,913.0,Freehold,35.0,302.0,Condominium,2.0,,Non Bumi Lot,Kuala Lumpur,15.0,8,1,1,1,1,1,0,0,1,1,,1,0,1,0,0,0,0,1,1,1,1,1,1,0,630000
3,2,1184.0,Leasehold,,144.0,Condominium,2.0,Medium,Non Bumi Lot,Kuala Lumpur,,9,1,1,1,1,1,1,0,1,0,2.0,0,1,1,0,1,1,0,1,0,0,1,1,1,1,658000
2,2,550.0,Leasehold,,,Flat,,Medium,Non Bumi Lot,Penang,,2,0,0,0,0,0,0,0,1,0,2.0,0,0,0,0,1,1,0,0,0,0,0,0,0,0,150000
3,2,700.0,Freehold,22.0,403.0,Condominium,1.0,Low,Non Bumi Lot,Penang,23.0,3,0,0,0,0,0,0,0,1,1,1.0,0,0,0,0,1,0,0,1,0,0,1,0,0,0,295000
4,3,2750.0,Freehold,35.0,195.0,Condominium,2.0,Low,Non Bumi Lot,Penang,12.0,7,0,0,0,0,0,0,0,1,1,1.0,0,0,1,0,1,0,1,1,1,0,1,0,1,0,1400000
3,2,700.0,Freehold,17.0,224.0,Apartment,1.0,,Non Bumi Lot,Penang,28.0,6,0,0,0,0,0,0,0,1,1,,0,0,0,0,1,1,0,1,1,0,1,0,1,0,320000
3,2,1046.0,Leasehold,,,Condominium,1.0,Medium,Non Bumi Lot,Selangor,,7,0,0,0,0,0,0,0,1,0,2.0,0,0,0,0,1,1,1,1,1,0,1,0,1,0,220000
3,2,650.0,Freehold,,,Apartment,,,Non Bumi Lot,Johor,,0,0,0,0,0,0,0,0,1,1,,0,0,0,0,0,0,0,0,0,0,0,0,0,0,135000
5,2,1164.0,Freehold,5.0,,Apartment,,Medium,Non Bumi Lot,Johor,,6,0,0,0,0,0,0,0,1,1,2.0,0,0,0,1,0,1,0,1,1,0,1,0,1,0,298888
3,2,650.0,Freehold,,,Apartment,,Low,Non Bumi Lot,Selangor,,0,0,0,0,1,0,0,0,1,1,1.0,0,0,0,0,0,0,0,0,0,0,0,0,0,0,100000
3,2,800.0,Leasehold,,,Apartment,1.0,Low,Bumi Lot,Selangor,,6,0,0,0,0,0,0,0,0,0,1.0,0,0,0,1,1,0,0,1,1,0,1,0,1,0,240000
4,2,1062.0,Freehold,25.0,588.0,Service Residence,,,Non Bumi Lot,Selangor,18.0,8,1,1,1,1,0,0,1,1,1,,0,0,0,0,1,1,1,1,1,0,1,0,1,1,380000
3,2,960.0,Leasehold,12.0,196.0,Condominium,1.0,Medium,Bumi Lot,Selangor,15.0,8,0,0,0,0,0,0,0,0,0,2.0,1,0,1,0,1,1,0,1,1,0,1,0,1,0,380000
3,2,700.0,Freehold,30.0,500.0,Apartment,1.0,High,Non Bumi Lot,Penang,11.0,9,0,0,0,0,0,0,0,1,1,3.0,1,0,1,1,1,0,1,1,1,0,1,0,1,0,325000
2,2,620.0,Freehold,43.0,956.0,Condominium,1.0,,Non Bumi Lot,Selangor,,4,1,1,1,1,1,0,0,1,1,,0,0,1,0,0,1,0,1,0,0,1,0,0,0,420000
1,1,434.0,Freehold,25.0,2003.0,Service Residence,,High,Non Bumi Lot,Johor,4.0,0,0,0,0,0,0,0,0,1,1,3.0,0,0,0,0,0,0,0,0,0,0,0,0,0,0,205000
3,3,1091.0,Freehold,30.0,808.0,Condominium,1.0,,Non Bumi Lot,Penang,10.0,10,0,0,0,0,0,0,0,1,1,,0,0,1,0,1,1,0,1,1,1,1,1,1,1,530000
3,2,845.0,Freehold,21.0,744.0,Condominium,,,Non Bumi Lot,Kuala Lumpur,21.0,10,0,0,1,1,0,0,0,1,1,,1,0,1,1,0,1,0,1,1,1,1,0,1,1,240000
3,2,1055.0,Freehold,,,Apartment,2.0,High,Non Bumi Lot,Selangor,6.0,14,0,0,0,0,0,0,0,1,1,3.0,1,1,1,1,1,1,1,1,1,1,1,1,1,1,268000
1,1,450.0,Freehold,40.0,946.0,Condominium,1.0,Medium,Bumi Lot,Selangor,7.0,14,0,0,0,0,0,0,0,0,1,2.0,1,1,1,1,1,1,1,1,1,1,1,1,1,1,199000
4,3,1710.0,Leasehold,,1342.0,Condominium,,,Non Bumi Lot,Kuala Lumpur,1.0,0,0,0,1,1,0,0,0,1,0,,0,0,0,0,0,0,0,0,0,0,0,0,0,0,960000
3,2,850.0,Freehold,35.0,1843.0,Service Residence,1.0,Medium,Bumi Lot,Johor,4.0,14,0,0,0,0,0,0,0,0,1,2.0,1,1,1,1,1,1,1,1,1,1,1,1,1,1,345000
3,2,1334.0,Freehold,15.0,,Condominium,2.0,,Non Bumi Lot,Penang,,7,0,0,0,0,0,0,0,1,1,,1,0,1,0,1,0,0,1,1,0,1,0,1,0,430000
3,2,1100.0,Leasehold,,,Apartment,,Medium,Non Bumi Lot,Johor,,0,0,0,0,0,0,0,0,1,0,2.0,0,0,0,0,0,0,0,0,0,0,0,0,0,0,295000
1,1,550.0,Freehold,35.0,,Service Residence,1.0,High,Non Bumi Lot,Selangor,7.0,12,0,0,0,0,0,0,0,1,1,3.0,1,0,1,0,1,1,1,1,1,1,1,1,1,1,450000
3,2,1366.0,Freehold,20.0,480.0,Condominium,1.0,,Non Bumi Lot,Selangor,17.0,9,0,0,0,0,1,0,0,1,1,,1,1,1,1,0,1,0,1,1,0,1,0,1,0,370000
3,2,850.0,Leasehold,,,Apartment,2.0,,Non Bumi Lot,Selangor,,5,0,0,0,1,0,0,0,1,0,,0,0,0,0,1,0,0,1,1,0,1,0,1,0,230000
4,3,1280.0,Freehold,,,Condominium,3.0,Medium,Non Bumi Lot,Kuala Lumpur,,14,0,0,0,0,0,0,0,1,1,2.0,1,1,1,1,1,1,1,1,1,1,1,1,1,1,580000
3,2,1065.0,Freehold,4.0,,Service Residence,,Medium,Non Bumi Lot,Johor,,0,0,0,0,0,0,0,0,1,1,2.0,0,0,0,0,0,0,0,0,0,0,0,0,0,0,350000
3,2,1117.0,Freehold,,,Apartment,,,Bumi Lot,Perak,,6,0,0,0,0,0,0,0,0,1,,0,0,1,0,1,0,0,1,1,0,1,0,1,0,320000
4,3,1695.0,Freehold,11.0,1240.0,Condominium,3.0,High,Non Bumi Lot,Kuala Lumpur,23.0,7,0,1,1,1,0,0,1,1,1,3.0,0,0,0,1,1,1,1,1,1,0,1,0,0,0,580000
3,2,900.0,Freehold,12.0,,Condominium,1.0,Low,Non Bumi Lot,Selangor,,5,1,0,1,1,1,0,0,1,1,1.0,0,0,1,0,0,0,0,1,1,0,1,0,1,0,310000
3,2,1334.0,Freehold,30.0,1039.0,Condominium,2.0,Medium,Non Bumi Lot,Selangor,4.0,12,0,0,1,1,0,0,0,1,1,2.0,1,1,1,1,1,1,1,1,1,0,1,0,1,1,950000
3,2,830.0,Freehold,17.0,,Apartment,2.0,High,Non Bumi Lot,Penang,,0,0,0,0,0,0,0,0,1,1,3.0,0,0,0,0,0,0,0,0,0,0,0,0,0,0,390000
3,2,800.0,Freehold,,224.0,Apartment,1.0,Medium,Non Bumi Lot,Penang,24.0,8,0,0,0,0,0,0,0,1,1,2.0,0,0,1,0,1,0,1,1,1,1,1,0,1,0,320000
3,2,1000.0,Freehold,,,Condominium,2.0,Medium,Non Bumi Lot,Putrajaya,,14,0,0,0,0,0,0,0,1,1,2.0,1,1,1,1,1,1,1,1,1,1,1,1,1,1,399000
3,2,650.0,Freehold,,,Apartment,1.0,Medium,Non Bumi Lot,Penang,9.0,4,0,0,0,0,0,0,0,1,1,2.0,0,0,0,1,0,0,0,1,1,0,1,0,0,0,215000
3,2,850.0,Freehold,4.0,348.0,Flat,1.0,Medium,Non Bumi Lot,Johor,9.0,0,0,0,0,0,0,0,0,1,1,2.0,0,0,0,0,0,0,0,0,0,0,0,0,0,0,155000
3,2,850.0,Leasehold,,,Apartment,1.0,Low,Bumi Lot,Selangor,,4,0,0,0,1,0,0,0,0,0,1.0,0,0,0,0,1,0,0,1,1,0,1,0,0,0,275000
3,3,1765.0,Leasehold,31.0,660.0,Service Residence,,Medium,Non Bumi Lot,Selangor,3.0,7,0,0,0,1,0,0,1,1,0,2.0,0,0,1,1,0,0,1,1,1,0,1,0,1,0,554000
3,2,850.0,Freehold,,,Apartment,3.0,Medium,Bumi Lot,Johor,,10,0,0,0,0,0,0,0,0,1,2.0,1,0,1,1,1,1,1,1,1,0,1,0,1,0,277000
3,3,1766.0,Freehold,17.0,328.0,Condominium,2.0,,Non Bumi Lot,Penang,11.0,0,0,0,0,0,0,0,0,1,1,,0,0,0,0,0,0,0,0,0,0,0,0,0,0,1300000
3,2,682.0,Freehold,5.0,,Apartment,1.0,Medium,Bumi Lot,Selangor,,5,0,0,1,1,1,0,0,0,1,2.0,0,0,0,1,0,1,0,1,1,0,1,0,0,0,200000
4,3,1300.0,Freehold,44.0,684.0,Service Residence,3.0,Medium,Non Bumi Lot,Kuala Lumpur,0.0,14,0,0,0,0,0,0,0,1,1,2.0,1,1,1,1,1,1,1,1,1,1,1,1,1,1,518000
3,2,900.0,Leasehold,22.0,754.0,Condominium,2.0,,Non Bumi Lot,Penang,15.0,0,0,0,0,0,0,0,0,1,0,,0,0,0,0,0,0,0,0,0,0,0,0,0,0,360000
3,2,557.0,Freehold,33.0,553.0,Service Residence,2.0,Low,Bumi Lot,Selangor,5.0,8,1,0,0,1,0,0,0,0,1,1.0,0,0,1,0,1,1,1,1,1,0,1,0,1,0,340000
2,1,550.0,Freehold,22.0,1343.0,Condominium,,,Non Bumi Lot,Penang,6.0,13,0,0,0,0,0,0,0,1,1,,0,1,1,1,1,1,1,1,1,1,1,1,1,1,550000
3,2,819.0,Leasehold,44.0,2136.0,Service Residence,1.0,,Non Bumi Lot,Kuala Lumpur,2.0,6,0,1,0,1,0,0,1,1,0,,0,0,1,0,1,0,0,1,1,0,1,0,1,0,420000
3,2,946.0,Leasehold,17.0,616.0,Condominium,1.0,High,Bumi Lot,Selangor,15.0,7,0,1,1,1,1,0,0,0,0,3.0,0,0,1,0,0,1,0,1,1,1,1,0,1,0,350000
3,2,947.0,Leasehold,,,Service Residence,,Low,Bumi Lot,Johor,,0,0,0,0,0,0,0,0,0,0,1.0,0,0,0,0,0,0,0,0,0,0,0,0,0,0,400000
3,2,998.0,Leasehold,8.0,400.0,Condominium,,Medium,Bumi Lot,Selangor,18.0,9,0,0,0,0,0,0,0,0,0,2.0,0,0,1,1,1,1,1,1,1,0,1,0,1,0,390000
3,2,893.0,Leasehold,,,Apartment,1.0,,Non Bumi Lot,Sarawak,,3,0,0,0,0,0,0,0,1,0,,0,0,0,0,1,0,0,1,0,0,1,0,0,0,370000
1,1,689.0,Leasehold,40.0,1360.0,Service Residence,5.0,Medium,Non Bumi Lot,Melaka,6.0,13,0,0,0,0,0,0,0,1,0,2.0,1,1,1,1,1,1,1,1,1,1,1,1,1,0,295000
3,4,2124.0,Freehold,14.0,319.0,Apartment,1.0,Medium,Non Bumi Lot,Johor,,10,0,0,0,0,0,0,0,1,1,2.0,1,0,1,1,0,1,0,1,1,1,1,0,1,1,520000
2,1,700.0,Leasehold,5.0,260.0,Flat,,High,Bumi Lot,Johor,,0,0,0,0,0,0,0,0,0,0,3.0,0,0,0,0,0,0,0,0,0,0,0,0,0,0,180000
3,2,900.0,Freehold,,635.0,Apartment,2.0,High,Non Bumi Lot,Selangor,4.0,10,0,0,0,0,0,0,0,1,1,3.0,1,0,1,1,1,1,1,1,1,0,1,0,1,0,299000
3,2,1946.0,Freehold,42.0,150.0,Condominium,3.0,Low,Non Bumi Lot,Penang,3.0,11,0,0,0,0,0,0,0,1,1,1.0,1,0,1,1,1,1,1,1,1,1,1,0,1,0,900000
3,2,743.0,Leasehold,13.0,,Apartment,,Medium,Bumi Lot,Johor,14.0,3,0,0,0,0,0,0,0,0,0,2.0,0,0,0,0,0,1,0,0,1,0,1,0,0,0,198000
3,2,1021.0,Leasehold,20.0,899.0,Condominium,5.0,Low,Non Bumi Lot,Selangor,10.0,11,0,0,0,0,0,0,0,1,0,1.0,1,0,1,1,1,1,1,1,1,0,1,0,1,1,420000
3,2,1000.0,Leasehold,,,Condominium,1.0,Medium,Non Bumi Lot,Sabah,8.0,5,0,0,0,0,0,0,0,1,0,2.0,0,0,1,0,0,0,0,1,1,0,1,0,1,0,490000
3,2,1828.0,Freehold,28.0,238.0,Condominium,2.0,,Non Bumi Lot,Kuala Lumpur,13.0,8,1,1,1,1,1,1,0,1,1,,1,0,1,0,0,0,0,0,1,1,1,1,1,1,1080000
3,1,603.0,Leasehold,,,Flat,1.0,Medium,Non Bumi Lot,Penang,,3,0,0,0,0,0,0,0,1,0,2.0,0,0,0,0,0,1,0,1,1,0,0,0,0,0,170000
3,2,1114.0,Freehold,,,Condominium,2.0,Medium,Non Bumi Lot,Penang,,1,0,0,0,0,0,0,0,1,1,2.0,0,0,0,0,0,0,1,0,0,0,0,0,0,0,448000
4,5,5619.0,Freehold,6.0,98.0,Condominium,4.0,High,Non Bumi Lot,Penang,6.0,13,0,0,0,0,0,0,0,1,1,3.0,1,1,1,1,1,0,1,1,1,1,1,1,1,1,4000000
3,2,1152.0,Leasehold,21.0,792.0,Condominium,,,Non Bumi Lot,Kuala Lumpur,6.0,6,1,0,1,0,0,0,1,1,0,,1,0,0,1,0,0,0,1,1,0,1,0,1,0,495000
3,2,820.0,Freehold,5.0,480.0,Apartment,,Low,Non Bumi Lot,Selangor,,6,0,0,0,0,0,0,0,1,1,1.0,1,0,0,1,0,1,0,1,1,0,1,0,0,0,225000
4,2,1200.0,Freehold,,,Condominium,2.0,,Non Bumi Lot,Selangor,,12,0,0,0,0,0,0,0,1,1,,1,1,1,1,1,0,0,1,1,1,1,1,1,1,290000
2,1,450.0,Leasehold,,,Flat,,,Non Bumi Lot,Sarawak,,0,0,0,0,0,0,0,0,1,0,,0,0,0,0,0,0,0,0,0,0,0,0,0,0,78000
3,2,850.0,Freehold,21.0,406.0,Condominium,1.0,Low,Non Bumi Lot,Penang,25.0,5,0,0,0,0,0,0,0,1,1,1.0,0,0,0,0,1,0,0,1,1,0,1,0,1,0,340000
2,2,668.0,Leasehold,44.0,2136.0,Service Residence,1.0,,Non Bumi Lot,Kuala Lumpur,2.0,11,0,1,0,1,0,0,1,1,0,,1,0,1,1,1,1,1,1,1,1,1,0,1,0,379888
3,2,1045.0,Freehold,,440.0,Apartment,,High,Non Bumi Lot,Johor,9.0,10,0,0,0,0,0,0,0,1,1,3.0,1,1,1,1,0,1,0,1,1,0,1,0,1,1,420000
3,2,720.0,Leasehold,,,Apartment,,Medium,Bumi Lot,Selangor,,1,1,0,0,0,0,0,0,0,0,2.0,0,0,0,0,0,0,0,0,0,0,1,0,0,0,190000
3,2,893.0,Freehold,23.0,763.0,Condominium,,High,Non Bumi Lot,Selangor,6.0,8,0,0,0,0,0,0,0,1,1,3.0,1,0,1,1,0,0,1,1,1,0,1,0,1,0,420000
3,2,800.0,Leasehold,,,Apartment,,Medium,Non Bumi Lot,Kuala Lumpur,,0,0,0,0,0,0,0,0,1,0,2.0,0,0,0,0,0,0,0,0,0,0,0,0,0,0,300000
2,2,1055.0,Leasehold,40.0,1360.0,Service Residence,5.0,High,Non Bumi Lot,Melaka,6.0,9,0,0,0,0,0,0,0,1,0,3.0,1,0,1,0,1,0,1,1,1,1,1,0,1,0,460000
3,2,1214.0,Freehold,,374.0,Service Residence,,Medium,Non Bumi Lot,Johor,,2,0,0,0,0,0,0,0,1,1,2.0,0,0,0,0,0,1,0,0,0,0,1,0,0,0,520000
3,2,736.0,Freehold,,596.0,Apartment,,Medium,Bumi Lot,Selangor,13.0,4,1,0,0,0,0,1,0,0,1,2.0,0,0,0,0,1,0,0,1,1,0,1,0,0,0,285000
3,2,1288.0,Freehold,,428.0,Condominium,2.0,Medium,Non Bumi Lot,Selangor,7.0,11,0,0,0,0,0,0,0,1,1,2.0,1,0,1,1,1,1,1,1,1,1,1,0,1,0,350000
3,2,925.0,Freehold,11.0,,Apartment,,,Non Bumi Lot,Selangor,,5,0,0,1,0,0,0,0,1,1,,0,0,1,0,0,0,0,1,1,0,1,0,1,0,330000
3,1,700.0,Freehold,5.0,7810.0,Apartment,,Low,Non Bumi Lot,Selangor,,2,0,1,0,0,0,0,0,1,1,1.0,0,0,0,0,0,0,0,1,1,0,0,0,0,0,150000
3,2,930.0,Leasehold,23.0,254.0,Condominium,1.0,High,Bumi Lot,Sabah,,7,0,0,0,0,0,0,0,0,0,3.0,0,1,1,0,1,0,0,1,1,0,1,0,1,0,508800
3,2,1036.0,Freehold,33.0,550.0,Condominium,2.0,,Non Bumi Lot,Penang,2.0,9,0,0,0,0,0,0,0,1,1,,1,1,1,1,0,0,1,0,1,1,1,0,1,0,700000
3,2,1259.0,Leasehold,,,Condominium,1.0,Medium,Non Bumi Lot,Sarawak,,9,0,0,0,0,0,0,0,1,0,2.0,0,1,1,1,1,0,1,1,1,0,1,0,1,0,650000
3,2,795.0,Freehold,,,Apartment,1.0,Low,Bumi Lot,Sabah,,5,0,0,0,0,0,0,0,0,1,1.0,0,0,0,0,0,0,1,1,1,0,1,0,1,0,280000
3,2,614.0,Leasehold,22.0,900.0,Apartment,1.0,,Non Bumi Lot,Penang,14.0,6,0,0,0,0,0,0,0,1,0,,0,0,0,0,1,1,1,1,1,0,1,0,0,0,270000
3,2,960.0,Leasehold,9.0,,Condominium,,High,Non Bumi Lot,Kuala Lumpur,,5,0,0,1,0,1,0,1,1,0,3.0,1,0,0,0,0,0,0,1,1,0,1,0,1,0,370000
3,2,650.0,Freehold,10.0,,Apartment,1.0,Medium,Non Bumi Lot,Selangor,16.0,6,1,0,1,1,0,0,0,1,1,2.0,0,0,0,1,1,1,0,1,1,0,1,0,0,0,195000
3,2,883.0,Freehold,37.0,711.0,Service Residence,,,Non Bumi Lot,Kuala Lumpur,4.0,9,1,1,1,1,0,0,1,1,1,,1,0,1,1,0,0,1,1,1,1,1,0,1,0,550000
2,2,700.0,Leasehold,,,Apartment,,Low,Non Bumi Lot,Sabah,,6,0,0,0,0,0,0,0,1,0,1.0,0,0,0,1,0,1,0,1,0,1,1,0,1,0,250000
3,2,1173.0,Leasehold,15.0,,Condominium,,Low,Bumi Lot,Selangor,,5,1,1,1,1,0,0,0,0,0,1.0,0,0,0,0,0,1,0,1,1,0,1,0,1,0,355000
2,1,657.0,Leasehold,,596.0,Service Residence,,,Non Bumi Lot,Selangor,1.0,6,0,1,1,0,0,0,0,1,0,,1,0,0,1,0,0,0,1,1,1,1,0,0,0,468000
3,2,1010.0,Freehold,23.0,375.0,Condominium,1.0,Medium,Non Bumi Lot,Selangor,15.0,8,0,1,0,0,1,0,0,1,1,2.0,0,0,1,0,1,1,1,1,1,0,1,0,1,0,380000
3,2,700.0,Freehold,20.0,205.0,Condominium,1.0,High,Non Bumi Lot,Penang,26.0,5,0,0,0,0,0,0,0,1,1,3.0,0,0,0,1,1,1,0,1,0,0,1,0,0,0,325000
3,2,633.0,Leasehold,4.0,,Apartment,1.0,,Non Bumi Lot,Sarawak,,2,0,0,0,0,0,0,0,1,0,,0,0,0,0,0,0,0,1,0,0,1,0,0,0,250000
3,2,650.0,Leasehold,,,Flat,,,Bumi Lot,Selangor,,0,0,0,0,0,0,0,0,0,0,,0,0,0,0,0,0,0,0,0,0,0,0,0,0,129000
6,5,2600.0,Freehold,36.0,326.0,Condominium,2.0,,Non Bumi Lot,Penang,12.0,10,0,0,0,0,0,0,0,1,1,,1,1,1,1,0,0,0,1,1,1,1,1,1,0,1500000
3,2,750.0,Freehold,5.0,,Apartment,1.0,Low,Non Bumi Lot,Selangor,,6,0,0,1,0,0,0,0,1,1,1.0,0,0,0,1,0,1,1,1,1,0,1,0,0,0,280000
3,2,1150.0,Freehold,,,Condominium,1.0,Medium,Non Bumi Lot,,,4,0,0,0,0,0,0,0,1,1,2.0,0,0,0,0,1,0,0,1,0,0,1,0,1,0,600000
3,2,818.0,Freehold,16.0,730.0,Apartment,2.0,Medium,Bumi Lot,Selangor,5.0,5,0,0,1,0,0,0,0,0,1,2.0,0,0,0,0,1,0,1,1,1,0,1,0,0,0,290000
4,2,1550.0,Freehold,,600.0,Condominium,2.0,High,Bumi Lot,Kuala Lumpur,13.0,7,0,1,0,1,0,0,1,0,1,3.0,0,0,1,1,0,1,0,1,1,0,1,0,1,0,635000
4,3,1300.0,Freehold,,,Condominium,2.0,Medium,Non Bumi Lot,Putrajaya,,14,0,0,0,0,0,0,0,1,1,2.0,1,1,1,1,1,1,1,1,1,1,1,1,1,1,299000
3,2,811.0,Freehold,4.0,368.0,Condominium,,Low,Non Bumi Lot,Selangor,27.0,5,1,0,0,0,1,0,0,1,1,1.0,1,0,0,0,0,1,0,1,1,0,1,0,0,0,350000
2,2,797.0,Leasehold,,,Condominium,1.0,,Non Bumi Lot,Johor,,11,0,0,0,0,0,0,0,1,0,,1,0,1,1,1,1,1,1,1,1,1,0,1,0,380790
3,2,1100.0,Freehold,14.0,96.0,Condominium,1.0,,Non Bumi Lot,Penang,26.0,4,0,0,0,0,0,0,0,1,1,,0,0,0,0,1,0,0,1,0,0,1,0,1,0,580000
3,2,975.0,Freehold,29.0,372.0,Condominium,2.0,Medium,Non Bumi Lot,Selangor,10.0,10,0,0,0,0,0,0,0,1,1,2.0,1,0,1,1,1,1,1,1,1,0,1,0,1,0,420000
3,3,1483.0,Freehold,37.0,299.0,Condominium,2.0,Medium,Non Bumi Lot,Penang,6.0,9,0,0,0,0,0,0,0,1,1,2.0,1,0,1,0,1,0,1,1,1,1,1,0,1,0,760000
3,2,820.0,Freehold,,,Apartment,1.0,High,Bumi Lot,Selangor,,1,0,0,0,0,0,0,0,0,1,3.0,0,0,0,0,0,0,0,1,0,0,0,0,0,0,225000
3,1,720.0,Freehold,,,Apartment,,High,Non Bumi Lot,Selangor,,0,0,0,0,1,1,0,1,1,1,3.0,0,0,0,0,0,0,0,0,0,0,0,0,0,0,69000
3,2,848.0,Freehold,,,Flat,,Medium,Non Bumi Lot,Penang,,0,0,0,0,0,0,0,0,1,1,2.0,0,0,0,0,0,0,0,0,0,0,0,0,0,0,65000
3,2,833.0,Leasehold,5.0,,Apartment,1.0,Low,Bumi Lot,Selangor,,7,0,0,0,0,0,0,0,0,0,1.0,1,1,0,1,0,0,1,1,1,0,1,0,0,0,168000
3,2,632.0,Leasehold,4.0,,Apartment,,High,Non Bumi Lot,Sarawak,,2,0,0,0,0,0,0,0,1,0,3.0,0,0,0,0,0,0,0,1,0,0,1,0,0,0,250000
3,2,800.0,Freehold,,309.0,Apartment,1.0,Medium,Non Bumi Lot,Selangor,,2,0,1,0,0,0,1,1,1,1,2.0,0,0,0,0,0,0,0,1,0,0,1,0,0,0,245000
3,3,1038.0,Leasehold,,630.0,Service Residence,2.0,Medium,Non Bumi Lot,Sabah,1.0,14,0,0,0,0,0,0,0,1,0,2.0,1,1,1,1,1,1,1,1,1,1,1,1,1,1,600000
3,2,750.0,Leasehold,18.0,200.0,Apartment,1.0,,Bumi Lot,Selangor,17.0,0,1,0,1,1,0,0,1,0,0,,0,0,0,0,0,0,0,0,0,0,0,0,0,0,265000
3,2,1076.0,Freehold,,,Apartment,,,Non Bumi Lot,Penang,,6,0,0,0,0,0,0,0,1,1,,1,0,1,1,0,0,1,0,1,0,0,0,1,0,380000
3,3,1598.0,Freehold,42.0,670.0,Condominium,2.0,Medium,Non Bumi Lot,Penang,6.0,5,0,0,0,0,0,0,0,1,1,2.0,0,0,1,0,1,0,0,1,0,0,1,0,1,0,650000
1,1,383.0,Leasehold,,,Apartment,,Medium,Bumi Lot,Sabah,,0,0,0,0,0,0,0,0,0,0,2.0,0,0,0,0,0,0,0,0,0,0,0,0,0,0,144000
1,1,535.0,Leasehold,,356.0,Service Residence,,,Bumi Lot,Selangor,14.0,0,1,1,1,1,1,0,0,0,0,,0,0,0,0,0,0,0,0,0,0,0,0,0,0,230000
1,1,450.0,Leasehold,,196.0,Condominium,1.0,High,Non Bumi Lot,Selangor,11.0,9,1,1,1,1,1,0,0,1,0,3.0,1,0,1,1,1,1,0,1,1,0,1,0,1,0,280000
3,2,700.0,Freehold,28.0,,Apartment,1.0,Medium,Non Bumi Lot,Penang,,3,0,0,0,0,0,0,0,1,1,2.0,0,0,0,0,1,0,0,1,0,0,1,0,0,0,313000
3,2,1010.0,Leasehold,22.0,531.0,Condominium,2.0,,Non Bumi Lot,Penang,12.0,4,0,0,0,0,0,0,0,1,0,,0,0,1,0,0,0,0,1,0,0,1,0,1,0,680000
3,2,945.0,Leasehold,4.0,,Apartment,2.0,Low,Non Bumi Lot,Kuala Lumpur,,2,1,0,1,1,0,0,1,1,0,1.0,0,0,0,0,0,1,0,1,0,0,0,0,0,0,212000
3,2,1276.0,Leasehold,30.0,720.0,Condominium,2.0,Medium,Non Bumi Lot,Kuala Lumpur,,5,0,0,1,1,0,1,1,1,0,2.0,0,0,1,1,0,0,0,1,0,0,1,0,1,0,630000
3,2,745.0,Freehold,5.0,,Apartment,1.0,Low,Non Bumi Lot,Selangor,,4,0,0,0,0,0,0,0,1,1,1.0,1,0,0,0,0,0,0,1,1,0,1,0,0,0,300000
3,2,940.0,Freehold,38.0,2647.0,Service Residence,,,Bumi Lot,Kuala Lumpur,4.0,0,0,0,0,0,0,0,0,0,1,,0,0,0,0,0,0,0,0,0,0,0,0,0,0,445000
4,2,1207.0,Leasehold,18.0,250.0,Service Residence,1.0,,Non Bumi Lot,Kuala Lumpur,10.0,11,1,0,1,1,0,0,0,1,0,,0,1,1,1,1,1,1,1,1,1,1,0,1,0,470000
3,2,743.0,Freehold,,,Flat,2.0,High,Non Bumi Lot,Johor,,0,0,0,0,0,0,0,0,1,1,3.0,0,0,0,0,0,0,0,0,0,0,0,0,0,0,65000
5,5,1850.0,Freehold,18.0,156.0,Condominium,3.0,Low,Non Bumi Lot,Kuala Lumpur,9.0,10,0,0,0,0,0,0,0,1,1,1.0,1,0,1,0,1,1,1,1,1,1,1,0,1,0,798000
3,2,1052.0,Freehold,14.0,244.0,Condominium,2.0,Medium,Non Bumi Lot,Selangor,3.0,10,0,0,0,0,0,0,0,1,1,2.0,1,0,1,1,1,1,1,1,1,0,1,0,1,0,395000
1,1,450.0,Leasehold,32.0,704.0,Service Residence,1.0,High,Non Bumi Lot,Selangor,7.0,10,0,1,0,0,1,0,0,1,0,3.0,1,0,1,1,1,0,1,1,1,1,1,0,1,0,317000
3,2,700.0,Freehold,23.0,433.0,Apartment,1.0,Medium,Non Bumi Lot,Penang,24.0,10,0,0,0,0,0,0,0,1,1,2.0,1,0,1,1,1,1,0,1,1,0,1,0,1,1,330000
2,1,650.0,Freehold,18.0,1064.0,Apartment,,High,Bumi Lot,Kuala Lumpur,25.0,3,1,1,1,1,1,0,0,0,1,3.0,0,0,0,0,1,0,0,1,1,0,0,0,0,0,230000
3,2,650.0,Freehold,10.0,,Apartment,,Medium,Bumi Lot,Selangor,16.0,5,1,0,1,1,0,0,0,0,1,2.0,0,0,0,1,0,1,0,1,1,0,1,0,0,0,195000
3,2,1153.0,Freehold,,1000.0,Condominium,1.0,High,Non Bumi Lot,Selangor,11.0,13,1,0,1,1,0,1,0,1,1,3.0,1,0,1,1,1,1,1,1,1,1,1,1,1,1,378000
3,1,590.0,Leasehold,,,Flat,,Low,Non Bumi Lot,Selangor,,0,0,0,0,0,0,0,0,1,0,1.0,0,0,0,0,0,0,0,0,0,0,0,0,0,0,238000
3,2,750.0,Freehold,21.0,838.0,Condominium,1.0,High,Non Bumi Lot,Penang,24.0,7,0,0,0,0,0,0,0,1,1,3.0,1,0,0,1,0,1,0,0,1,1,1,0,1,0,270000
3,2,775.0,Leasehold,,,Apartment,1.0,,Bumi Lot,Selangor,,0,0,0,0,0,0,0,0,0,0,,0,0,0,0,0,0,0,0,0,0,0,0,0,0,120000
3,1,657.0,Leasehold,,,Flat,,Medium,Non Bumi Lot,Selangor,,4,0,0,0,0,0,0,0,1,0,2.0,0,0,0,0,1,1,0,1,1,0,0,0,0,0,158000
3,2,950.0,Freehold,31.0,4225.0,Service Residence,2.0,Medium,Non Bumi Lot,Kuala Lumpur,8.0,4,1,1,1,1,0,0,1,1,1,2.0,0,0,0,0,0,0,0,1,1,0,1,0,1,0,450000
1,1,404.0,Freehold,31.0,230.0,Service Residence,1.0,Medium,Non Bumi Lot,Penang,,10,0,0,0,0,0,0,0,1,1,2.0,1,0,1,1,1,0,1,1,1,1,1,0,1,0,443000
2,2,816.0,Freehold,22.0,616.0,Service Residence,,Medium,Bumi Lot,Selangor,7.0,6,1,1,1,0,1,0,1,0,1,2.0,0,0,1,0,0,0,1,1,1,0,1,0,1,0,360000
1,1,452.0,Leasehold,18.0,504.0,Service Residence,,Medium,Non Bumi Lot,Selangor,7.0,8,1,1,1,1,0,0,0,1,0,2.0,1,0,1,0,1,0,1,1,1,0,1,0,1,0,252000
2,1,698.0,Leasehold,,,Condominium,1.0,Medium,Non Bumi Lot,Kuala Lumpur,7.0,5,1,0,1,1,0,0,1,1,0,2.0,0,0,1,1,0,0,1,1,1,0,0,0,0,0,410000
4,2,1206.0,Leasehold,,684.0,Condominium,2.0,Medium,Non Bumi Lot,Selangor,,9,0,0,0,1,0,0,1,1,0,2.0,0,0,1,0,1,1,1,1,1,1,1,0,1,0,379999
3,2,642.0,Leasehold,,,Flat,,,Non Bumi Lot,Negeri Sembilan,,0,0,0,0,0,0,0,0,1,0,,0,0,0,0,0,0,0,0,0,0,0,0,0,0,95000
2,2,1010.0,Freehold,25.0,2003.0,Service Residence,1.0,Medium,Non Bumi Lot,Johor,4.0,14,0,0,0,0,0,0,0,1,1,2.0,1,1,1,1,1,1,1,1,1,1,1,1,1,1,396000
2,2,1311.0,Freehold,13.0,,Condominium,2.0,Low,Non Bumi Lot,Kuala Lumpur,,14,0,0,1,1,0,0,1,1,1,1.0,1,1,1,1,1,1,1,1,1,1,1,1,1,1,350000
3,1,650.0,Leasehold,,,Apartment,,Low,Bumi Lot,Selangor,,2,0,0,0,1,0,0,0,0,0,1.0,0,0,0,0,0,0,0,1,0,0,1,0,0,0,138000
3,2,1335.0,Freehold,,,Condominium,2.0,Medium,Non Bumi Lot,Selangor,,10,0,0,0,0,0,0,0,1,1,2.0,0,0,1,1,1,1,0,1,1,1,1,0,1,1,549000
3,1,657.0,Leasehold,,,Apartment,,High,Non Bumi Lot,Kuala Lumpur,,6,1,0,1,1,0,0,1,1,0,3.0,0,0,0,0,1,1,1,1,1,0,1,0,0,0,180000
3,2,1250.0,Freehold,30.0,410.0,Condominium,2.0,High,Non Bumi Lot,Penang,6.0,9,0,0,0,0,0,0,0,1,1,3.0,0,0,1,1,1,0,1,1,1,1,1,0,1,0,600000
3,2,1012.0,Leasehold,22.0,531.0,Condominium,2.0,High,Non Bumi Lot,Penang,12.0,8,0,0,0,0,0,0,0,1,0,3.0,1,0,1,1,1,0,0,1,1,0,1,0,1,0,675000
3,2,833.0,Leasehold,24.0,299.0,Apartment,1.0,Medium,Non Bumi Lot,Selangor,16.0,8,0,1,1,1,1,0,1,1,0,2.0,0,0,0,1,1,1,1,1,1,0,1,0,1,0,255000
3,2,750.0,Freehold,10.0,360.0,Apartment,2.0,Low,Bumi Lot,Selangor,,14,0,0,1,1,1,1,0,0,1,1.0,1,1,1,1,1,1,1,1,1,1,1,1,1,1,270000
2,2,1100.0,Freehold,20.0,320.0,Condominium,1.0,Medium,Non Bumi Lot,Kuala Lumpur,,10,1,0,1,0,1,0,0,1,1,2.0,1,0,1,1,1,1,0,1,1,0,1,1,1,0,300000
2,1,516.0,Freehold,43.0,200.0,Service Residence,,Medium,Non Bumi Lot,Selangor,,8,1,1,1,1,1,0,0,1,1,2.0,1,0,1,1,0,0,0,1,1,1,1,0,1,0,550000
3,2,900.0,Freehold,,,Apartment,2.0,,Non Bumi Lot,Selangor,,13,0,0,0,0,0,0,0,1,1,,1,1,1,1,1,1,1,1,1,0,1,1,1,1,345000
4,3,2200.0,Leasehold,20.0,456.0,Condominium,2.0,Low,Non Bumi Lot,Selangor,7.0,7,0,0,1,0,1,0,0,1,0,1.0,1,0,1,0,1,0,0,1,1,0,1,0,1,0,598000
3,2,877.0,Leasehold,13.0,,Condominium,1.0,,Non Bumi Lot,Kuala Lumpur,14.0,14,1,0,1,1,0,0,0,1,0,,1,1,1,1,1,1,1,1,1,1,1,1,1,1,280000
3,2,850.0,Freehold,24.0,342.0,Condominium,1.0,Medium,Non Bumi Lot,Penang,25.0,5,0,0,0,0,0,0,0,1,1,2.0,0,0,0,0,1,1,0,1,0,0,1,0,1,0,380000
3,2,1100.0,Leasehold,,109.0,Condominium,1.0,,Non Bumi Lot,Sabah,,7,0,0,0,0,0,0,0,1,0,,1,0,1,0,1,0,0,1,1,0,1,0,1,0,490000
3,2,1200.0,Freehold,20.0,771.0,Condominium,2.0,,Non Bumi Lot,Penang,7.0,6,0,0,0,0,0,0,0,1,1,,0,0,1,1,0,0,0,1,1,0,1,0,1,0,550000
3,2,850.0,Freehold,19.0,180.0,Condominium,1.0,High,Non Bumi Lot,Penang,,6,0,0,0,0,0,0,0,1,1,3.0,0,0,0,0,1,1,1,1,0,0,1,0,1,0,255000
3,2,800.0,Leasehold,34.0,1502.0,Apartment,1.0,Medium,Non Bumi Lot,Kuala Lumpur,6.0,11,1,0,0,1,0,0,0,1,0,2.0,1,0,1,1,1,1,1,1,1,1,1,0,1,0,400000
3,2,756.0,Freehold,,,Apartment,,Medium,Bumi Lot,Selangor,,0,0,0,0,0,0,0,1,0,1,2.0,0,0,0,0,0,0,0,0,0,0,0,0,0,0,170000
4,3,1285.0,Freehold,30.0,808.0,Condominium,1.0,High,Non Bumi Lot,Penang,10.0,10,0,0,0,0,0,0,0,1,1,3.0,0,0,1,0,1,1,0,1,1,1,1,1,1,1,600000
3,2,802.0,Leasehold,14.0,1008.0,Condominium,2.0,,Non Bumi Lot,Kuala Lumpur,28.0,1,1,0,1,1,1,0,0,1,0,,0,0,0,0,0,1,0,0,0,0,0,0,0,0,210000
4,2,1100.0,Freehold,42.0,1311.0,Condominium,2.0,Medium,Non Bumi Lot,Selangor,2.0,14,0,0,0,0,0,0,0,1,1,2.0,1,1,1,1,1,1,1,1,1,1,1,1,1,1,299000
3,2,901.0,Leasehold,20.0,606.0,Condominium,1.0,Medium,Non Bumi Lot,Selangor,18.0,7,0,0,1,1,0,0,0,1,0,2.0,0,0,1,0,0,1,0,1,1,0,1,0,1,1,229999
3,2,1068.0,Leasehold,,944.0,Condominium,1.0,High,Non Bumi Lot,Johor,7.0,1,0,0,0,0,0,0,0,1,0,3.0,0,0,0,0,0,0,0,0,0,0,0,1,0,0,450000
3,2,1288.0,Leasehold,,,Condominium,1.0,Low,Non Bumi Lot,Sabah,,6,0,0,0,0,0,0,0,1,0,1.0,1,0,1,0,1,0,0,1,0,0,1,0,1,0,880000
3,2,775.0,Leasehold,18.0,200.0,Apartment,1.0,Low,Bumi Lot,Selangor,17.0,6,1,0,1,1,0,0,1,0,0,1.0,0,0,0,0,1,0,1,1,1,0,1,0,1,0,338000
3,2,1260.0,Leasehold,36.0,1338.0,Service Residence,2.0,High,Non Bumi Lot,Kuala Lumpur,6.0,11,1,0,1,1,0,0,0,1,0,3.0,1,0,1,1,1,1,1,1,1,1,1,0,1,0,528000
3,2,1232.0,Leasehold,22.0,768.0,Condominium,1.0,Medium,Non Bumi Lot,Kuala Lumpur,,10,0,0,0,0,0,0,0,1,0,2.0,1,0,1,0,1,1,1,1,1,0,1,1,1,0,460000
2,1,615.0,Freehold,,,Apartment,,Low,Non Bumi Lot,Sabah,,0,0,0,0,0,0,0,0,1,1,1.0,0,0,0,0,0,0,0,0,0,0,0,0,0,0,270000
3,2,689.0,Freehold,11.0,,Apartment,,Medium,Non Bumi Lot,Selangor,,3,0,0,0,0,0,0,0,1,1,2.0,0,0,0,0,1,0,0,1,0,0,1,0,0,0,185000
3,2,1270.0,Freehold,31.0,476.0,Condominium,2.0,High,Non Bumi Lot,Penang,6.0,8,0,0,0,0,0,0,0,1,1,3.0,1,0,1,1,0,0,1,0,1,1,1,0,1,0,580000
3,2,700.0,Freehold,22.0,1008.0,Apartment,,Medium,Non Bumi Lot,Penang,26.0,3,0,0,0,0,0,0,0,1,1,2.0,0,0,0,0,1,0,0,1,0,0,1,0,0,0,260000
3,2,700.0,Freehold,9.0,155.0,Apartment,1.0,Low,Non Bumi Lot,Penang,24.0,2,0,0,0,0,0,0,0,1,1,1.0,0,0,0,0,0,0,0,1,0,0,1,0,0,0,328000
2,1,520.0,Leasehold,13.0,1020.0,Apartment,,High,Non Bumi Lot,Penang,,0,0,0,0,0,0,0,0,1,0,3.0,0,0,0,0,0,0,0,0,0,0,0,0,0,0,125000
3,2,850.0,Freehold,15.0,,Condominium,1.0,,Bumi Lot,Selangor,10.0,6,1,0,0,1,0,0,0,0,1,,0,0,1,0,0,1,1,1,0,0,1,0,1,0,275000
3,2,1246.0,Freehold,24.0,1235.0,Condominium,2.0,Medium,Non Bumi Lot,Penang,2.0,9,0,0,0,0,0,0,0,1,1,2.0,1,0,1,1,1,0,0,1,1,1,1,0,1,0,790000
3,2,800.0,Freehold,4.0,75.0,Apartment,2.0,,Non Bumi Lot,Selangor,9.0,6,0,0,0,0,0,0,0,1,1,,0,0,0,1,1,0,1,1,1,0,0,0,1,0,250000
3,3,1267.0,Freehold,20.0,1317.0,Condominium,1.0,Low,Bumi Lot,Kuala Lumpur,13.0,11,1,1,0,1,1,0,1,0,1,1.0,1,1,1,1,1,1,1,1,1,0,1,0,1,0,450000
3,2,800.0,Leasehold,6.0,672.0,Apartment,1.0,,Non Bumi Lot,Penang,29.0,7,0,0,0,0,0,0,0,1,0,,1,0,0,1,1,0,0,1,1,0,1,0,1,0,330000
1,1,527.0,Freehold,35.0,849.0,Service Residence,,Medium,Bumi Lot,Johor,5.0,11,0,0,0,0,0,0,0,0,1,2.0,1,1,1,1,1,0,1,1,1,1,1,0,1,0,211000
2,2,832.0,Leasehold,56.0,819.0,Service Residence,2.0,Medium,Non Bumi Lot,Sabah,1.0,5,0,0,0,0,0,0,0,1,0,2.0,0,0,1,0,0,0,1,0,0,1,1,0,1,0,734450
3,2,753.0,Freehold,,,Apartment,1.0,Medium,Non Bumi Lot,Selangor,,4,0,0,0,0,0,0,0,1,1,2.0,0,0,0,0,1,0,0,1,1,0,1,0,0,0,215000
3,2,1654.0,Freehold,15.0,198.0,Condominium,2.0,Medium,Non Bumi Lot,Putrajaya,25.0,6,0,0,0,0,0,0,0,1,1,2.0,0,0,0,0,0,0,0,1,1,0,1,1,1,1,690000
4,4,4800.0,Freehold,31.0,34.0,Condominium,2.0,Medium,Non Bumi Lot,Penang,,9,0,0,0,0,0,0,0,1,1,2.0,1,0,1,1,0,0,1,1,1,1,1,0,1,0,2300000
3,2,700.0,Freehold,,,Apartment,1.0,,Non Bumi Lot,Penang,,4,0,0,0,0,0,0,0,1,1,,0,0,0,0,1,0,1,1,0,0,1,0,0,0,328000
3,2,1005.0,Leasehold,23.0,,Condominium,,Medium,Bumi Lot,Kuala Lumpur,,3,1,0,0,1,1,0,1,0,0,2.0,0,0,0,0,0,1,0,1,0,0,1,0,0,0,360000
2,2,715.0,Freehold,,1388.0,Service Residence,1.0,High,Non Bumi Lot,Kuala Lumpur,7.0,10,1,0,0,1,0,0,0,1,1,3.0,1,0,1,0,1,1,1,1,1,1,1,0,1,0,480000
3,2,700.0,Freehold,23.0,,Apartment,1.0,,Non Bumi Lot,Penang,14.0,7,0,0,0,0,0,0,0,1,1,,1,0,1,1,0,0,1,1,1,0,1,0,0,0,380000
3,2,750.0,Leasehold,,,Apartment,1.0,Low,Bumi Lot,Selangor,,0,0,0,0,0,0,0,0,0,0,1.0,0,0,0,0,0,0,0,0,0,0,0,0,0,0,195000
2,1,547.0,Leasehold,,,Flat,,,Bumi Lot,Kuala Lumpur,,2,0,1,0,1,0,0,0,0,0,,0,0,0,0,0,0,0,1,0,0,1,0,0,0,195000
3,3,1488.0,Leasehold,15.0,,Condominium,,High,Non Bumi Lot,Sabah,,12,0,0,0,0,0,0,0,1,0,3.0,1,0,1,1,1,1,1,1,1,1,1,1,1,0,850000
3,2,1200.0,Freehold,20.0,771.0,Condominium,2.0,Low,Non Bumi Lot,Penang,7.0,9,0,0,0,0,0,0,0,1,1,1.0,1,0,1,1,1,0,1,1,1,0,1,0,1,0,570000
3,2,712.0,Leasehold,,,Service Residence,1.0,High,Non Bumi Lot,Selangor,13.0,6,0,0,0,0,0,0,0,1,0,3.0,0,0,0,1,0,1,0,1,1,0,1,0,1,0,229000
3,2,650.0,Leasehold,,,Apartment,,High,Non Bumi Lot,Kuala Lumpur,,4,0,0,1,0,0,0,1,1,0,3.0,0,0,0,0,1,1,0,1,1,0,0,0,0,0,175000
4,3,1600.0,Leasehold,58.0,1300.0,Service Residence,2.0,,Non Bumi Lot,Kuala Lumpur,,8,1,1,0,1,1,0,1,1,0,,1,0,1,1,0,0,1,0,1,1,1,0,1,0,890000
3,2,650.0,Freehold,,,Apartment,1.0,Low,Non Bumi Lot,Penang,,6,0,0,0,0,0,0,0,1,1,1.0,0,0,0,1,1,1,0,1,1,0,1,0,0,0,310000
3,2,1261.0,Freehold,26.0,344.0,Condominium,2.0,High,Non Bumi Lot,Kuala Lumpur,4.0,10,1,1,0,1,0,0,1,1,1,3.0,1,0,1,0,1,1,1,1,1,1,1,0,1,0,659900
4,2,1106.0,Freehold,19.0,392.0,Condominium,2.0,,Non Bumi Lot,Selangor,,12,0,0,0,0,0,0,0,1,1,,1,1,1,1,0,1,1,1,1,1,1,0,1,1,360000
3,2,700.0,Freehold,11.0,100.0,Apartment,1.0,High,Non Bumi Lot,Penang,28.0,2,0,0,0,0,0,0,0,1,1,3.0,0,0,0,0,0,0,0,1,0,0,1,0,0,0,270000
3,3,1250.0,Leasehold,,630.0,Service Residence,2.0,High,Non Bumi Lot,Sabah,1.0,13,0,0,0,0,0,0,0,1,0,3.0,1,1,1,1,1,1,1,1,1,1,1,0,1,1,835000
3,2,1222.0,Freehold,8.0,67.0,Apartment,2.0,Low,Non Bumi Lot,Selangor,,3,0,0,0,0,0,0,0,1,1,1.0,0,0,0,0,1,0,0,1,0,0,1,0,0,0,390000
3,2,974.0,Leasehold,10.0,243.0,Condominium,,,Non Bumi Lot,Selangor,13.0,3,0,0,0,0,0,0,0,1,0,,0,0,0,0,0,0,0,1,1,0,1,0,0,0,230000
3,2,1000.0,Freehold,,,Apartment,,,Non Bumi Lot,Selangor,,3,0,0,0,0,0,0,0,1,1,,0,0,0,0,0,0,0,1,0,1,1,0,0,0,250000
3,2,1399.0,Leasehold,,,Apartment,1.0,Low,Non Bumi Lot,Sarawak,,1,0,0,0,0,0,0,0,1,0,1.0,0,0,0,0,0,0,0,0,0,0,1,0,0,0,480000
3,2,1018.0,Leasehold,,,Condominium,2.0,,Non Bumi Lot,Kuala Lumpur,,6,1,0,1,1,1,0,0,1,0,,0,0,1,0,1,0,0,1,1,0,1,0,1,0,475000
2,3,1300.0,Leasehold,,,Condominium,,Low,Non Bumi Lot,Sabah,,9,0,0,0,0,0,0,0,1,0,1.0,0,0,1,1,0,0,0,1,1,1,1,1,1,1,608000
3,2,650.0,Leasehold,,,Apartment,1.0,Medium,Non Bumi Lot,Kuala Lumpur,,5,1,1,1,1,0,0,1,1,0,2.0,0,0,0,0,1,1,0,1,1,0,1,0,0,0,240000
4,2,1331.0,Freehold,17.0,475.0,Condominium,,,Non Bumi Lot,Kuala Lumpur,10.0,6,0,0,0,0,0,0,0,1,1,,0,0,1,0,0,1,0,1,1,0,1,0,1,0,380000
3,2,850.0,Freehold,5.0,,Apartment,1.0,Medium,Non Bumi Lot,Selangor,,4,1,0,1,1,0,0,0,1,1,2.0,0,0,0,1,0,1,0,0,1,0,1,0,0,0,235000
3,2,819.0,Leasehold,44.0,2136.0,Service Residence,1.0,,Non Bumi Lot,Kuala Lumpur,2.0,7,0,1,0,1,0,0,1,1,0,,1,0,1,0,1,0,0,1,1,0,1,0,1,0,428000
3,2,893.0,Freehold,23.0,763.0,Service Residence,2.0,High,Non Bumi Lot,Selangor,6.0,8,0,0,0,0,0,0,0,1,1,3.0,1,0,1,1,0,0,1,1,1,0,1,0,1,0,339000
3,2,870.0,Leasehold,18.0,,Apartment,,,Bumi Lot,Selangor,,8,0,0,0,0,0,0,0,0,0,,0,0,1,0,1,1,0,1,1,0,1,1,1,0,250000
2,2,1000.0,Leasehold,22.0,500.0,Condominium,1.0,Medium,Non Bumi Lot,Kuala Lumpur,15.0,6,0,0,1,1,0,0,1,1,0,2.0,1,0,0,0,0,1,0,1,1,0,1,0,1,0,390000
3,2,678.0,Freehold,,,Flat,,Medium,Bumi Lot,Selangor,,0,0,0,0,0,0,0,0,0,1,2.0,0,0,0,0,0,0,0,0,0,0,0,0,0,0,135000
3,2,850.0,Freehold,29.0,,Apartment,1.0,High,Non Bumi Lot,Penang,15.0,7,0,0,0,0,0,0,0,1,1,3.0,0,0,1,1,0,1,0,1,1,1,1,0,0,0,345000
3,2,1155.0,Freehold,,,Condominium,2.0,,Non Bumi Lot,Penang,,10,0,0,0,0,0,0,0,1,1,,1,0,1,1,1,0,1,1,1,1,1,0,1,0,720000
3,2,800.0,Freehold,18.0,182.0,Apartment,1.0,Medium,Non Bumi Lot,Penang,17.0,7,0,0,0,0,0,0,0,1,1,2.0,0,0,0,0,1,0,0,1,1,0,1,1,1,1,420000
2,1,513.0,Freehold,,,Flat,1.0,High,Non Bumi Lot,Johor,,4,0,0,0,0,0,0,0,1,1,3.0,0,0,0,1,0,1,0,1,1,0,0,0,0,0,79900
3,2,1185.0,Freehold,38.0,572.0,Service Residence,,,Non Bumi Lot,Penang,4.0,0,0,0,0,0,0,0,0,1,1,,0,0,0,0,0,0,0,0,0,0,0,0,0,0,1500000
2,2,872.0,Freehold,33.0,378.0,Service Residence,,Medium,Non Bumi Lot,Kuala Lumpur,12.0,6,1,1,1,1,0,0,1,1,1,2.0,0,0,1,0,1,1,1,0,0,0,1,0,1,0,560000
5,6,2723.0,Freehold,28.0,182.0,Condominium,2.0,High,Non Bumi Lot,Kuala Lumpur,15.0,9,1,1,1,1,1,1,0,1,1,3.0,1,1,1,0,0,0,0,1,1,1,1,1,1,0,1520000
3,2,1023.0,Freehold,,1200.0,Condominium,2.0,Medium,Non Bumi Lot,Selangor,4.0,12,0,0,0,0,0,0,0,1,1,2.0,1,1,1,1,1,1,1,1,1,1,1,0,1,0,310000
3,2,915.0,Leasehold,,704.0,Apartment,1.0,Medium,Non Bumi Lot,Selangor,13.0,10,1,0,0,1,0,0,0,1,0,2.0,1,1,1,0,1,1,1,1,1,0,1,0,1,0,389000
3,2,580.0,Leasehold,23.0,2208.0,Apartment,,High,Non Bumi Lot,Penang,14.0,4,0,0,0,0,0,0,0,1,0,3.0,0,0,0,1,1,1,0,1,0,0,0,0,0,0,200000
4,3,1100.0,Freehold,,,Condominium,2.0,Medium,Non Bumi Lot,Putrajaya,,14,0,0,0,0,0,0,0,1,1,2.0,1,1,1,1,1,1,1,1,1,1,1,1,1,1,298000
2,2,750.0,Freehold,40.0,420.0,Service Residence,1.0,Medium,Non Bumi Lot,Penang,6.0,12,0,0,0,0,0,0,0,1,1,2.0,1,0,1,1,1,1,0,1,1,1,1,1,1,1,400000
3,2,806.0,Leasehold,,,Apartment,1.0,,Non Bumi Lot,Sarawak,,0,0,0,0,0,0,0,0,1,0,,0,0,0,0,0,0,0,0,0,0,0,0,0,0,300000
4,2,1364.0,Leasehold,24.0,900.0,Condominium,1.0,Medium,Non Bumi Lot,Kuala Lumpur,8.0,8,0,0,0,0,0,0,0,1,0,2.0,0,0,1,0,1,1,0,1,1,1,1,0,1,0,510000
2,2,818.0,Freehold,,,Condominium,3.0,High,Non Bumi Lot,Sarawak,6.0,9,0,0,0,0,0,0,0,1,1,3.0,1,0,1,1,1,0,1,1,1,0,1,0,1,0,520000
2,2,818.0,Leasehold,33.0,1002.0,Service Residence,1.0,High,Non Bumi Lot,Selangor,9.0,14,0,0,1,1,0,0,0,1,0,3.0,1,1,1,1,1,1,1,1,1,1,1,1,1,1,270000
3,2,721.0,Leasehold,,,Flat,,Medium,Bumi Lot,Kuala Lumpur,,1,0,0,0,0,0,0,0,0,0,2.0,0,0,0,0,0,0,0,1,0,0,0,0,0,0,240000
3,2,700.0,Freehold,20.0,,Apartment,1.0,,Non Bumi Lot,Penang,17.0,6,0,0,0,0,0,0,0,1,1,,1,0,1,1,0,0,0,1,1,0,1,0,0,0,350000
3,2,955.0,Freehold,,,Apartment,,Low,Non Bumi Lot,Selangor,,0,0,0,0,1,1,0,0,1,1,1.0,0,0,0,0,0,0,0,0,0,0,0,0,0,0,288000
3,2,800.0,Leasehold,,3600.0,Service Residence,1.0,Medium,Non Bumi Lot,Kuala Lumpur,,11,1,1,1,1,1,0,0,1,0,2.0,1,1,1,1,1,1,1,1,1,0,1,0,1,0,300000
3,2,1012.0,Freehold,23.0,744.0,Service Residence,2.0,Medium,Non Bumi Lot,Selangor,9.0,10,0,0,0,1,0,0,1,1,1,2.0,1,0,1,0,1,1,1,1,1,1,1,0,1,0,320000
3,3,1206.0,Freehold,11.0,488.0,Condominium,1.0,Low,Non Bumi Lot,Johor,8.0,0,0,0,0,0,0,0,0,1,1,1.0,0,0,0,0,0,0,0,0,0,0,0,0,0,0,448000
3,2,1200.0,Leasehold,18.0,,Condominium,,,Non Bumi Lot,Kuala Lumpur,,6,0,1,0,1,1,0,1,1,0,,0,0,1,0,0,1,0,1,1,0,1,0,1,0,330000
3,2,1155.0,Freehold,,,Condominium,3.0,High,Non Bumi Lot,Penang,,9,0,0,0,0,0,0,0,1,1,3.0,1,0,1,0,1,1,1,1,1,0,1,0,1,0,395000
3,2,1002.0,Leasehold,42.0,1932.0,Condominium,2.0,Low,Non Bumi Lot,Selangor,6.0,0,0,0,1,1,0,0,0,1,0,1.0,0,0,0,0,0,0,0,0,0,0,0,0,0,0,348000
3,2,650.0,Leasehold,,,Apartment,,High,Non Bumi Lot,,,0,0,0,0,0,0,0,0,1,0,3.0,0,0,0,0,0,0,0,0,0,0,0,0,0,0,105000
3,3,1285.0,Freehold,30.0,808.0,Condominium,1.0,,Non Bumi Lot,Penang,10.0,10,0,0,0,0,0,0,0,1,1,,0,0,1,0,1,1,0,1,1,1,1,1,1,1,600000
3,2,850.0,Leasehold,,,Apartment,2.0,Medium,Non Bumi Lot,Sabah,,5,0,0,0,0,0,0,0,1,0,2.0,0,0,0,1,0,0,0,1,1,0,1,0,1,0,280000
3,2,755.0,Freehold,14.0,336.0,Condominium,1.0,Medium,Non Bumi Lot,Kuala Lumpur,13.0,8,0,0,0,0,0,0,0,1,1,2.0,0,1,1,0,1,1,0,1,1,0,1,0,1,0,259999
3,2,680.0,Freehold,,,Apartment,1.0,High,Non Bumi Lot,Penang,3.0,9,0,0,0,0,0,0,0,1,1,3.0,0,0,1,0,1,1,0,1,1,1,1,0,1,1,345000
3,2,1073.0,Leasehold,40.0,1052.0,Condominium,2.0,,Non Bumi Lot,Kuala Lumpur,3.0,14,0,1,1,1,0,0,1,1,0,,1,1,1,1,1,1,1,1,1,1,1,1,1,1,520000
2,2,1066.0,Freehold,,831.0,Service Residence,2.0,Low,Non Bumi Lot,Kedah,,14,0,0,0,0,0,0,0,1,1,1.0,1,1,1,1,1,1,1,1,1,1,1,1,1,1,1540000
3,2,700.0,Freehold,18.0,492.0,Apartment,1.0,,Non Bumi Lot,Penang,22.0,6,0,0,0,0,0,0,0,1,1,,1,0,0,0,0,0,0,1,1,0,1,0,1,1,273000
4,3,2524.0,Freehold,,,Apartment,2.0,High,Non Bumi Lot,Penang,,0,0,0,0,0,0,0,0,1,1,3.0,0,0,0,0,0,0,0,0,0,0,0,0,0,0,328000
3,2,1400.0,Leasehold,18.0,288.0,Condominium,,Medium,Non Bumi Lot,Kuala Lumpur,,5,1,0,0,1,0,1,1,1,0,2.0,0,0,0,0,1,1,0,1,0,0,1,0,1,0,395000
2,2,700.0,Freehold,30.0,,Apartment,2.0,,Non Bumi Lot,Penang,,6,0,0,0,0,0,0,0,1,1,,0,0,1,0,1,1,0,1,0,0,1,0,1,0,350000
3,2,1540.0,Leasehold,,,Condominium,,Medium,Non Bumi Lot,Melaka,,10,0,0,0,0,0,0,0,1,0,2.0,0,0,1,1,1,1,0,1,1,0,1,1,1,1,158000
5,4,2293.0,Freehold,16.0,520.0,Condominium,2.0,High,Non Bumi Lot,Selangor,24.0,14,0,0,0,0,0,0,0,1,1,3.0,1,1,1,1,1,1,1,1,1,1,1,1,1,1,548000
3,2,850.0,Leasehold,5.0,,Apartment,,,Non Bumi Lot,Selangor,,6,1,1,1,1,0,0,0,1,0,,1,0,0,0,1,0,0,1,1,0,1,0,1,0,300000
3,2,933.0,Leasehold,,,Service Residence,2.0,Medium,Non Bumi Lot,Sarawak,,7,0,0,0,0,0,0,0,1,0,2.0,0,1,1,0,1,0,0,1,1,0,1,0,1,0,495000
3,2,1100.0,Freehold,14.0,96.0,Condominium,1.0,,Non Bumi Lot,Penang,26.0,4,0,0,0,0,0,0,0,1,1,,0,0,0,0,1,0,0,1,0,0,1,0,1,0,578000
1,1,460.0,Freehold,12.0,136.0,Service Residence,,,Non Bumi Lot,Selangor,3.0,3,1,1,0,1,0,0,0,1,1,,0,0,1,0,0,0,0,0,0,0,1,0,1,0,288000
1,1,1008.0,Freehold,,,Service Residence,1.0,,Non Bumi Lot,Penang,,0,0,0,0,0,0,0,0,1,1,,0,0,0,0,0,0,0,0,0,0,0,0,0,0,900000
5,4,2293.0,Freehold,16.0,520.0,Condominium,2.0,High,Non Bumi Lot,Selangor,24.0,14,0,0,0,0,0,0,0,1,1,3.0,1,1,1,1,1,1,1,1,1,1,1,1,1,1,547000
3,2,1200.0,Leasehold,,,Condominium,2.0,Medium,Bumi Lot,Selangor,,8,1,0,1,1,0,0,0,0,0,2.0,0,1,1,0,1,0,1,1,1,0,1,0,1,0,465000
3,1,650.0,Leasehold,,,Flat,,High,Bumi Lot,Selangor,,2,1,0,0,1,1,0,0,0,0,3.0,0,0,0,0,0,1,0,0,1,0,0,0,0,0,190000
2,1,712.0,Leasehold,,,Apartment,,Medium,Non Bumi Lot,Sabah,,4,0,0,0,0,0,0,0,1,0,2.0,0,0,0,0,0,0,0,1,1,0,1,0,1,0,250000
3,2,650.0,Leasehold,,,Apartment,,Low,Bumi Lot,Selangor,,2,0,0,0,0,0,0,0,0,0,1.0,0,0,0,0,0,1,0,0,1,0,0,0,0,0,170000
2,2,810.0,Freehold,25.0,2003.0,Service Residence,,Medium,Non Bumi Lot,Johor,4.0,0,0,0,0,0,0,0,0,1,1,2.0,0,0,0,0,0,0,0,0,0,0,0,0,0,0,298000
2,1,570.0,Leasehold,,,Apartment,1.0,Medium,Bumi Lot,Kuala Lumpur,,2,1,0,0,1,1,0,1,0,0,2.0,0,0,0,0,0,0,0,1,1,0,0,0,0,0,240000
3,2,850.0,Freehold,,,Apartment,1.0,Low,Non Bumi Lot,Penang,,3,0,0,0,0,0,0,0,1,1,1.0,0,0,0,0,1,0,0,1,0,0,1,0,0,0,230000
3,2,935.0,Freehold,22.0,1008.0,Service Residence,1.0,Medium,Non Bumi Lot,Kuala Lumpur,26.0,11,1,0,0,1,0,0,0,1,1,2.0,1,0,1,1,1,1,1,1,1,1,1,0,1,0,589000
4,2,1250.0,Freehold,,252.0,Condominium,2.0,High,Non Bumi Lot,Penang,7.0,8,0,0,0,0,0,0,0,1,1,3.0,1,0,0,1,1,0,0,1,1,1,1,0,1,0,735000
3,2,700.0,Freehold,16.0,,Apartment,1.0,Low,Non Bumi Lot,Penang,,3,0,0,0,0,0,0,0,1,1,1.0,0,0,0,0,1,0,0,1,0,0,1,0,0,0,380000
4,4,1364.0,Freehold,23.0,308.0,Condominium,2.0,High,Non Bumi Lot,Kuala Lumpur,10.0,11,1,1,1,1,0,0,1,1,1,3.0,1,0,1,1,1,1,1,1,1,1,1,0,1,0,685000
3,2,775.0,Leasehold,18.0,200.0,Apartment,,Low,Bumi Lot,Selangor,17.0,4,1,0,1,1,0,0,1,0,0,1.0,0,0,0,0,0,1,0,0,1,0,1,0,1,0,275000
2,2,886.0,Leasehold,,,Service Residence,,,Non Bumi Lot,Kuala Lumpur,,0,1,0,1,1,0,0,0,1,0,,0,0,0,0,0,0,0,0,0,0,0,0,0,0,699999
3,2,1000.0,Freehold,,,Condominium,2.0,Low,Non Bumi Lot,Penang,,5,0,0,0,0,0,0,0,1,1,1.0,0,0,0,0,1,0,0,1,1,0,1,0,1,0,505000
3,2,1302.0,Freehold,17.0,91.0,Condominium,2.0,Medium,Non Bumi Lot,Penang,7.0,10,0,0,0,0,0,0,0,1,1,2.0,0,0,1,1,1,1,0,1,1,1,1,1,1,0,800000
3,2,900.0,Freehold,,723.0,Apartment,2.0,Medium,Bumi Lot,Selangor,3.0,10,0,0,1,1,0,0,0,0,1,2.0,0,0,1,1,1,1,1,1,1,0,1,0,1,1,310000
3,2,845.0,Leasehold,,,Apartment,1.0,Low,Non Bumi Lot,Sabah,,5,0,0,0,0,0,0,0,1,0,1.0,0,0,0,1,0,1,0,1,1,0,1,0,0,0,265000
3,2,1100.0,Leasehold,18.0,,Condominium,1.0,Low,Non Bumi Lot,Kuala Lumpur,,8,0,1,0,1,1,0,1,1,0,1.0,0,0,1,0,1,1,1,1,1,0,1,0,1,0,325000
3,2,1036.0,Freehold,33.0,550.0,Condominium,2.0,Medium,Non Bumi Lot,Penang,2.0,11,0,0,0,0,0,0,0,1,1,2.0,1,1,1,1,1,0,1,1,1,1,1,0,1,0,750000
3,2,728.0,Leasehold,,,Flat,,,Bumi Lot,Selangor,,0,1,0,0,1,0,0,0,0,0,,0,0,0,0,0,0,0,0,0,0,0,0,0,0,80000
3,2,1100.0,Freehold,32.0,,Condominium,1.0,High,Bumi Lot,Kuala Lumpur,28.0,9,0,0,0,0,0,0,0,0,1,3.0,0,0,1,1,1,1,0,1,1,1,1,0,1,0,440000
3,2,852.0,Leasehold,12.0,,Apartment,1.0,,Non Bumi Lot,Selangor,23.0,11,1,0,1,1,0,0,0,1,0,,1,1,1,1,1,1,1,1,1,0,1,0,1,0,200000
3,2,1012.0,Freehold,23.0,744.0,Service Residence,2.0,Medium,Non Bumi Lot,Selangor,9.0,10,0,0,0,1,0,0,1,1,1,2.0,1,0,1,0,1,1,1,1,1,1,1,0,1,0,320000
3,2,1036.0,Freehold,33.0,550.0,Condominium,2.0,High,Non Bumi Lot,Penang,2.0,11,0,0,0,0,0,0,0,1,1,3.0,1,1,1,1,1,0,1,1,1,1,1,0,1,0,780000
4,3,1238.0,Freehold,35.0,849.0,Service Residence,2.0,Medium,Bumi Lot,Johor,5.0,11,0,0,0,0,0,0,0,0,1,2.0,1,1,1,1,1,0,1,1,1,1,1,0,1,0,381000
3,2,700.0,Freehold,,,Apartment,,Medium,Bumi Lot,Putrajaya,,8,0,0,0,0,0,0,0,0,1,2.0,0,0,0,1,1,1,0,1,1,1,0,1,1,0,270000
3,2,700.0,Freehold,,,Apartment,2.0,High,Non Bumi Lot,Penang,,2,0,0,0,0,0,0,0,1,1,3.0,0,0,0,0,0,0,0,1,0,0,1,0,0,0,280000
3,2,800.0,Freehold,18.0,112.0,Apartment,1.0,High,Non Bumi Lot,Penang,,3,0,0,0,0,0,0,0,1,1,3.0,0,0,0,0,1,0,0,1,0,0,1,0,0,0,378000
3,1,700.0,Leasehold,,,Apartment,,Low,Bumi Lot,Sabah,,4,0,0,0,0,0,0,0,0,0,1.0,0,0,0,1,0,1,0,1,1,0,0,0,0,0,140000
3,2,1150.0,Leasehold,23.0,173.0,Condominium,1.0,Medium,Non Bumi Lot,Penang,19.0,11,0,0,0,0,0,0,0,1,0,2.0,1,1,1,1,1,1,1,1,1,0,1,0,1,0,450000
5,4,2293.0,Freehold,16.0,520.0,Condominium,2.0,,Non Bumi Lot,Selangor,24.0,14,0,0,0,0,0,0,0,1,1,,1,1,1,1,1,1,1,1,1,1,1,1,1,1,547000
3,2,1550.0,Freehold,39.0,,Condominium,1.0,,Non Bumi Lot,Kuala Lumpur,25.0,11,1,1,0,1,0,0,0,1,1,,1,0,1,1,0,1,0,1,1,1,1,1,1,1,738000
3,2,1009.0,Leasehold,36.0,1338.0,Service Residence,2.0,Medium,Non Bumi Lot,Kuala Lumpur,6.0,11,1,0,1,1,0,0,0,1,0,2.0,1,0,1,1,1,1,1,1,1,1,1,0,1,0,380000
4,3,1345.0,Leasehold,,600.0,Condominium,2.0,High,Non Bumi Lot,Selangor,9.0,0,0,0,0,0,0,0,0,1,0,3.0,0,0,0,0,0,0,0,0,0,0,0,0,0,0,635000
3,2,645.0,Freehold,,,Apartment,1.0,Medium,Non Bumi Lot,Selangor,,2,0,0,0,1,0,0,0,1,1,2.0,0,0,0,0,0,0,0,1,1,0,0,0,0,0,99000
4,3,1650.0,Freehold,16.0,470.0,Condominium,2.0,Medium,Non Bumi Lot,Penang,9.0,9,0,0,0,0,0,0,0,1,1,2.0,1,0,1,0,1,0,1,1,1,1,1,0,1,0,750000
3,2,1309.0,Leasehold,26.0,286.0,Condominium,,High,Non Bumi Lot,Sabah,,8,0,0,0,0,0,0,0,1,0,3.0,0,0,1,1,1,1,0,1,1,0,1,0,1,0,1150000
4,2,818.0,Freehold,20.0,,Apartment,,Medium,Non Bumi Lot,Johor,6.0,7,0,0,0,0,0,0,0,1,1,2.0,1,1,0,0,0,1,0,1,1,0,1,0,1,0,218000
3,2,904.0,Freehold,,,Service Residence,2.0,Medium,Non Bumi Lot,Putrajaya,,14,0,0,0,0,0,0,0,1,1,2.0,1,1,1,1,1,1,1,1,1,1,1,1,1,1,470000
3,2,700.0,Leasehold,5.0,,Apartment,,Low,Non Bumi Lot,Selangor,,0,1,0,0,1,0,0,0,1,0,1.0,0,0,0,0,0,0,0,0,0,0,0,0,0,0,115000
3,2,1098.0,Leasehold,,,Apartment,,High,Non Bumi Lot,Selangor,,7,1,1,1,1,0,0,0,1,0,3.0,0,0,1,1,0,1,1,1,1,0,1,0,0,0,99000
3,1,614.0,Freehold,,,Flat,,High,Non Bumi Lot,Penang,,0,0,0,0,0,0,0,0,1,1,3.0,0,0,0,0,0,0,0,0,0,0,0,0,0,0,130000
3,2,874.0,Leasehold,13.0,,Condominium,1.0,Low,Bumi Lot,Kuala Lumpur,14.0,0,1,0,1,1,0,0,0,0,0,1.0,0,0,0,0,0,0,0,0,0,0,0,0,0,0,354000
2,2,1066.0,Leasehold,,,Service Residence,1.0,Medium,Non Bumi Lot,Sabah,,0,0,0,0,0,0,0,0,1,0,2.0,0,0,0,0,0,0,0,0,0,0,0,0,0,0,500000
4,5,2124.0,Freehold,14.0,319.0,Apartment,2.0,High,Non Bumi Lot,Johor,,8,0,0,0,0,0,0,0,1,1,3.0,1,0,1,0,1,0,0,1,1,1,1,0,1,0,520000
2,2,900.0,Leasehold,,,Condominium,1.0,Medium,Non Bumi Lot,,,5,0,0,0,0,0,0,0,1,0,2.0,0,0,1,0,1,0,0,1,0,0,1,0,1,0,338000
4,2,1650.0,Freehold,24.0,234.0,Condominium,2.0,High,Non Bumi Lot,Penang,,5,0,0,0,0,0,0,0,1,1,3.0,0,0,0,0,1,0,0,1,1,0,1,0,1,0,550000
4,2,1365.0,Leasehold,,105.0,Condominium,1.0,Medium,Non Bumi Lot,Sabah,,8,0,0,0,0,0,0,0,1,0,2.0,0,0,1,1,1,0,0,1,1,0,1,0,1,1,480000
3,2,650.0,Freehold,,,Apartment,1.0,High,Non Bumi Lot,Penang,,4,0,0,0,0,0,0,0,1,1,3.0,0,0,0,0,1,0,0,1,1,0,1,0,0,0,260000
3,2,680.0,Freehold,5.0,,Apartment,,High,Bumi Lot,Selangor,,0,0,0,0,0,0,0,0,0,1,3.0,0,0,0,0,0,0,0,0,0,0,0,0,0,0,155000
2,1,494.0,Freehold,,,Apartment,,Medium,Non Bumi Lot,Johor,,0,0,0,0,0,0,0,0,1,1,2.0,0,0,0,0,0,0,0,0,0,0,0,0,0,0,168000
3,3,1300.0,Freehold,55.0,360.0,Condominium,2.0,High,Non Bumi Lot,Johor,3.0,4,0,0,0,0,0,0,0,1,1,3.0,0,0,0,0,0,1,0,1,1,0,1,0,0,0,399000
3,2,750.0,Freehold,8.0,224.0,Apartment,1.0,Medium,Non Bumi Lot,Penang,24.0,4,0,0,0,0,0,0,0,1,1,2.0,0,0,0,0,1,1,0,1,0,0,1,0,0,0,310000
3,2,1000.0,Freehold,,,Condominium,1.0,Low,Non Bumi Lot,Sabah,8.0,5,0,0,0,0,0,0,0,1,1,1.0,0,0,1,0,0,0,0,1,1,0,1,0,1,0,528000
3,2,1100.0,Freehold,,,Apartment,1.0,High,Non Bumi Lot,,,6,0,0,0,0,0,0,0,1,1,3.0,0,0,1,0,1,0,0,1,1,0,1,0,1,0,470000
3,2,900.0,Freehold,20.0,290.0,Condominium,1.0,Medium,Non Bumi Lot,Kuala Lumpur,20.0,8,1,1,1,1,1,1,1,1,1,2.0,1,1,0,0,1,1,0,1,1,0,1,0,1,0,250000
3,2,1088.0,Freehold,,809.0,Service Residence,,,Non Bumi Lot,Melaka,3.0,4,0,0,0,0,0,0,0,1,1,,0,0,1,0,0,0,0,0,1,1,0,0,1,0,448000
2,1,678.0,Leasehold,,,Apartment,,Medium,Bumi Lot,Selangor,,5,0,0,0,0,0,0,0,0,0,2.0,0,0,0,0,0,1,0,1,1,0,1,0,1,0,165000
2,1,560.0,Leasehold,,,Flat,,,Non Bumi Lot,Kuala Lumpur,,0,1,0,1,1,1,0,0,1,0,,0,0,0,0,0,0,0,0,0,0,0,0,0,0,175000
5,5,2306.0,Freehold,5.0,,Condominium,2.0,High,Non Bumi Lot,Penang,,5,0,0,0,0,0,0,0,1,1,3.0,0,0,1,0,1,0,0,1,0,0,1,0,1,0,1000000
4,4,2883.0,Freehold,,,Apartment,2.0,,Non Bumi Lot,Kelantan,,1,0,0,0,0,0,0,0,1,1,,0,0,0,0,0,0,0,1,0,0,0,0,0,0,1200000
3,2,820.0,Freehold,,723.0,Apartment,2.0,,Non Bumi Lot,Selangor,3.0,10,0,0,1,1,0,0,0,1,1,,1,0,1,1,1,1,1,1,1,0,1,0,1,0,299000
3,2,1259.0,Leasehold,8.0,,Condominium,1.0,Low,Bumi Lot,Selangor,19.0,7,0,0,1,1,1,0,0,0,0,1.0,0,0,1,0,0,1,0,1,1,0,1,0,1,1,480000
3,1,678.0,Leasehold,,,Apartment,,High,Non Bumi Lot,Kuala Lumpur,,4,0,0,0,0,0,0,0,1,0,3.0,0,0,0,1,0,1,0,1,1,0,0,0,0,0,265000
3,2,957.0,Leasehold,,,Condominium,1.0,Low,Bumi Lot,,,6,0,0,0,0,0,0,0,0,0,1.0,0,0,1,0,0,1,0,1,1,0,1,0,1,0,290000
3,2,870.0,Leasehold,,,Apartment,,,Non Bumi Lot,Kuala Lumpur,,3,1,1,0,1,1,0,1,1,0,,0,0,0,0,0,0,0,1,1,0,1,0,0,0,290000
2,2,810.0,Freehold,25.0,2003.0,Service Residence,1.0,Medium,Non Bumi Lot,Johor,4.0,10,0,0,0,0,0,0,0,1,1,2.0,0,1,1,0,1,1,1,1,1,1,1,0,1,0,290000
3,2,806.0,Leasehold,,,Apartment,1.0,,Non Bumi Lot,Sarawak,,0,0,0,0,0,0,0,0,1,0,,0,0,0,0,0,0,0,0,0,0,0,0,0,0,280000
2,2,770.0,Freehold,21.0,780.0,Service Residence,,Medium,Non Bumi Lot,Johor,9.0,9,0,0,0,0,0,0,0,1,1,2.0,0,1,1,1,0,1,1,0,1,1,1,0,1,0,488000
2,1,550.0,Freehold,,,Apartment,,Medium,Non Bumi Lot,Penang,,0,0,0,0,0,0,0,0,1,1,2.0,0,0,0,0,0,0,0,0,0,0,0,0,0,0,158000
3,2,1000.0,Leasehold,,109.0,Condominium,,Medium,Non Bumi Lot,Sabah,,7,0,0,0,0,0,0,0,1,0,2.0,1,1,1,0,0,0,0,1,1,0,1,0,1,0,450000
3,2,650.0,Leasehold,6.0,,Apartment,,High,Bumi Lot,Selangor,,1,1,0,0,1,0,0,0,0,0,3.0,0,0,0,0,0,0,0,1,0,0,0,0,0,0,65000
4,3,1960.0,Leasehold,,,Condominium,,Medium,Non Bumi Lot,Melaka,,10,0,0,0,0,0,0,0,1,0,2.0,1,0,0,1,1,1,1,1,1,0,1,0,1,1,450000
3,2,1050.0,Freehold,8.0,,Apartment,1.0,,Non Bumi Lot,Penang,,3,0,0,0,0,0,0,0,1,1,,0,0,0,0,1,0,0,1,0,0,1,0,0,0,680000
2,1,845.0,Freehold,,,Service Residence,1.0,High,Non Bumi Lot,Selangor,,7,1,1,1,1,1,0,1,1,1,3.0,1,0,1,0,0,0,1,0,1,1,1,0,1,0,428000
3,2,1035.0,Freehold,14.0,480.0,Condominium,1.0,Medium,Non Bumi Lot,Selangor,15.0,11,0,0,0,0,0,0,0,1,1,2.0,1,1,1,1,1,1,0,1,1,0,1,1,1,0,390000
4,2,1181.0,Leasehold,18.0,608.0,Condominium,2.0,Low,Bumi Lot,Kuala Lumpur,13.0,9,1,1,1,1,0,0,1,0,0,1.0,1,0,1,0,1,1,1,1,1,0,1,0,1,0,460000
1,1,678.0,Leasehold,27.0,303.0,Condominium,,Medium,Non Bumi Lot,Johor,,0,0,0,0,0,0,0,0,1,0,2.0,0,0,0,0,0,0,0,0,0,0,0,0,0,0,245000
4,3,1556.0,Leasehold,5.0,,Apartment,1.0,Low,Non Bumi Lot,Selangor,,3,1,1,1,0,0,0,0,1,0,1.0,1,0,0,0,0,0,0,1,1,0,0,0,0,0,440000
3,2,820.0,Freehold,15.0,,Apartment,,,Non Bumi Lot,Selangor,,5,0,0,1,1,1,0,0,1,1,,0,0,1,0,0,1,0,1,1,0,1,0,0,0,230000
3,2,753.0,Leasehold,5.0,112.0,Apartment,,Medium,Non Bumi Lot,Selangor,,2,1,0,0,0,0,0,0,1,0,2.0,0,0,0,0,0,0,0,1,1,0,0,0,0,0,180000
3,2,1200.0,Freehold,,,Condominium,2.0,,Non Bumi Lot,Putrajaya,7.0,2,0,0,0,0,0,0,0,1,1,,0,0,0,0,0,0,0,1,0,0,1,0,0,0,600000
3,2,1450.0,Freehold,16.0,470.0,Condominium,,,Non Bumi Lot,Penang,9.0,8,0,0,0,0,0,0,0,1,1,,1,0,1,0,0,0,1,1,1,1,1,0,1,0,700000
3,2,750.0,Freehold,,,Apartment,1.0,High,Bumi Lot,Selangor,,14,0,0,1,1,0,0,0,0,1,3.0,1,1,1,1,1,1,1,1,1,1,1,1,1,1,275000
4,3,1091.0,Freehold,30.0,808.0,Condominium,2.0,High,Non Bumi Lot,Penang,10.0,10,0,0,0,0,0,0,0,1,1,3.0,0,0,1,0,1,1,0,1,1,1,1,1,1,1,650000
3,3,1409.0,Freehold,26.0,220.0,Condominium,2.0,,Non Bumi Lot,Penang,4.0,7,0,0,0,0,0,0,0,1,1,,0,0,1,0,0,1,0,1,1,0,1,1,1,0,1300000
3,2,950.0,Freehold,,,Apartment,,Low,Non Bumi Lot,Selangor,,3,0,0,0,0,0,0,0,1,1,1.0,0,0,0,0,0,0,0,1,0,1,1,0,0,0,199000
3,2,700.0,Freehold,30.0,500.0,Apartment,1.0,,Non Bumi Lot,Penang,11.0,9,0,0,0,0,0,0,0,1,1,,1,0,1,1,1,0,1,1,1,0,1,0,1,0,385000
4,2,1213.0,Freehold,40.0,500.0,Condominium,1.0,High,Non Bumi Lot,Johor,19.0,10,0,0,0,0,0,0,0,1,1,3.0,1,0,1,0,1,1,0,1,1,1,1,1,1,0,340000
3,1,789.0,Leasehold,10.0,320.0,Apartment,,Medium,Bumi Lot,Kuala Lumpur,,4,1,1,0,1,0,1,1,0,0,2.0,0,0,0,0,1,0,0,1,1,0,1,0,0,0,260000
1,1,552.0,Leasehold,,,Service Residence,,Medium,Non Bumi Lot,Sabah,,7,0,0,0,0,0,0,0,1,0,2.0,1,0,1,0,1,0,0,1,1,0,1,0,1,0,708000
3,2,760.0,Leasehold,,,Apartment,,,Non Bumi Lot,Kuala Lumpur,,0,0,1,1,1,0,0,1,1,0,,0,0,0,0,0,0,0,0,0,0,0,0,0,0,195000
3,2,750.0,Freehold,35.0,,Condominium,1.0,,Non Bumi Lot,Penang,25.0,6,0,0,0,0,0,0,0,1,1,,0,0,0,1,1,1,0,1,1,0,1,0,0,0,250000
3,2,865.0,Freehold,,,Condominium,2.0,Medium,Non Bumi Lot,Sabah,,9,0,0,0,0,0,0,0,1,1,2.0,0,1,1,1,1,0,1,1,1,0,1,0,1,0,415286
2,2,1033.0,Freehold,,,Condominium,,,Non Bumi Lot,Melaka,,6,0,0,0,0,0,0,0,1,1,,0,0,0,0,0,0,0,0,1,1,1,1,1,1,308000
3,2,901.0,Leasehold,20.0,606.0,Condominium,1.0,High,Non Bumi Lot,Selangor,18.0,13,0,0,1,1,0,0,0,1,0,3.0,1,1,1,1,1,1,1,1,1,1,1,0,1,1,230000
3,2,1020.0,Freehold,22.0,1343.0,Condominium,1.0,Medium,Non Bumi Lot,Penang,6.0,13,0,0,0,0,0,0,0,1,1,2.0,0,1,1,1,1,1,1,1,1,1,1,1,1,1,698000
3,2,700.0,Freehold,30.0,500.0,Apartment,1.0,,Non Bumi Lot,Penang,11.0,9,0,0,0,0,0,0,0,1,1,,1,0,1,1,1,0,1,1,1,0,1,0,1,0,310000
3,2,992.0,Freehold,5.0,,Apartment,,Medium,Bumi Lot,Selangor,,0,0,0,0,0,0,0,0,0,1,2.0,0,0,0,0,0,0,0,0,0,0,0,0,0,0,250000
2,2,812.0,Freehold,,,Service Residence,2.0,High,Non Bumi Lot,Kuala Lumpur,,14,1,0,1,1,0,0,0,1,1,3.0,1,1,1,1,1,1,1,1,1,1,1,1,1,1,900000
3,2,1200.0,Freehold,,,Condominium,1.0,High,Non Bumi Lot,Johor,,5,0,0,0,0,0,0,0,1,1,3.0,0,0,0,0,1,0,0,1,1,0,1,0,1,0,380000
3,2,650.0,Freehold,5.0,,Apartment,,Medium,Bumi Lot,Selangor,,2,0,0,1,1,1,0,0,0,1,2.0,0,0,0,0,0,0,0,0,1,0,1,0,0,0,220000
3,2,1100.0,Leasehold,12.0,,Condominium,1.0,High,Non Bumi Lot,Kuala Lumpur,,3,1,1,1,1,0,0,0,1,0,3.0,0,0,0,0,0,0,0,1,1,0,1,0,0,0,410000
3,2,1098.0,Leasehold,,684.0,Condominium,1.0,Medium,Non Bumi Lot,Selangor,,7,0,0,0,1,0,0,1,1,0,2.0,1,0,1,1,0,0,1,0,1,1,0,0,1,0,359999
3,2,1600.0,Leasehold,,,Apartment,,Medium,Non Bumi Lot,Sarawak,,2,0,0,0,0,0,0,0,1,0,2.0,0,0,0,0,0,0,0,1,0,0,1,0,0,0,500000
4,2,9376.0,Leasehold,17.0,416.0,Condominium,1.0,Medium,Bumi Lot,Selangor,,8,0,0,0,1,0,0,1,0,0,2.0,0,1,0,1,1,1,0,1,1,0,1,0,1,0,250000
3,2,800.0,Freehold,22.0,246.0,Condominium,1.0,Medium,Non Bumi Lot,Kuala Lumpur,15.0,10,1,1,1,1,0,1,0,1,1,2.0,0,1,1,1,1,1,0,1,1,0,1,0,1,1,345000
3,2,1315.0,Freehold,,406.0,Condominium,2.0,High,Non Bumi Lot,Penang,2.0,8,0,0,0,0,0,0,0,1,1,3.0,1,0,1,1,1,0,0,1,1,0,1,0,1,0,600000
1,1,388.0,Leasehold,36.0,756.0,Condominium,1.0,Medium,Non Bumi Lot,Johor,6.0,4,0,0,0,0,0,0,0,1,0,2.0,0,0,0,0,1,1,0,1,0,0,1,0,0,0,238000
3,2,1098.0,Leasehold,,684.0,Condominium,1.0,Medium,Non Bumi Lot,Selangor,,7,0,0,0,1,0,0,1,1,0,2.0,1,0,1,1,0,0,1,0,1,1,0,0,1,0,359999
1,1,715.0,Freehold,,392.0,Apartment,1.0,Medium,Non Bumi Lot,Johor,,12,0,0,0,0,0,0,0,1,1,2.0,1,1,1,1,1,1,1,1,1,1,1,0,1,0,295000
1,1,592.0,Freehold,18.0,,Condominium,1.0,Medium,Non Bumi Lot,Pahang,,5,0,0,0,0,0,0,0,1,1,2.0,0,0,0,0,1,1,0,1,1,0,1,0,0,0,430000
3,2,904.0,Freehold,12.0,,Condominium,1.0,,Non Bumi Lot,Selangor,,9,1,0,1,1,1,0,0,1,1,,1,0,1,1,1,1,0,1,1,0,1,0,1,0,325000
3,2,918.0,Leasehold,15.0,450.0,Condominium,1.0,Medium,Non Bumi Lot,Kuala Lumpur,26.0,9,1,1,1,1,0,0,0,1,0,2.0,1,1,1,0,0,1,0,1,1,1,1,0,1,0,450000
3,2,811.0,Freehold,4.0,368.0,Condominium,,,Non Bumi Lot,Selangor,27.0,5,1,0,0,0,1,0,0,1,1,,1,0,0,0,0,1,0,1,1,0,1,0,0,0,290000
3,3,1251.0,Freehold,26.0,1326.0,Service Residence,2.0,Medium,Non Bumi Lot,Putrajaya,5.0,11,0,0,0,0,0,0,0,1,1,2.0,0,0,1,1,1,1,1,1,1,1,1,1,1,0,788000
3,2,811.0,Freehold,11.0,220.0,Apartment,1.0,Medium,Bumi Lot,Selangor,,3,0,0,1,0,0,0,0,0,1,2.0,0,0,0,0,1,0,0,1,0,0,1,0,0,0,275000
3,2,1319.0,Freehold,29.0,369.0,Condominium,2.0,High,Non Bumi Lot,Kuala Lumpur,6.0,12,1,1,1,1,0,1,0,1,1,3.0,1,1,1,1,1,0,1,1,1,1,1,1,1,0,890000
3,2,720.0,Leasehold,17.0,3.0,Apartment,1.0,,Non Bumi Lot,Penang,31.0,3,0,0,0,0,0,0,0,1,0,,0,0,0,0,1,0,0,1,0,0,1,0,0,0,240000
3,2,850.0,Freehold,8.0,,Apartment,1.0,Medium,Non Bumi Lot,Selangor,23.0,4,0,1,1,1,0,1,1,1,1,2.0,0,0,0,0,0,0,0,1,1,0,1,0,1,0,338800
4,2,1333.0,Freehold,15.0,139.0,Condominium,2.0,,Non Bumi Lot,Penang,7.0,7,0,0,0,0,0,0,0,1,1,,1,0,1,1,0,0,1,1,0,0,1,0,1,0,430000
3,2,782.0,Leasehold,5.0,,Apartment,,Low,Non Bumi Lot,Kuala Lumpur,,9,0,0,1,0,1,0,1,1,0,1.0,1,1,1,0,0,1,0,0,1,0,1,1,1,1,270000
1,1,547.0,Freehold,,1196.0,Condominium,1.0,High,Non Bumi Lot,Selangor,4.0,10,0,0,0,0,0,0,1,1,1,3.0,1,0,1,0,1,1,1,1,1,1,1,0,1,0,320000
3,3,1087.0,Leasehold,12.0,200.0,Apartment,2.0,,Non Bumi Lot,Sarawak,,6,0,0,0,0,0,0,0,1,0,,1,0,0,1,0,0,1,0,1,1,1,0,0,0,550000
4,2,1206.0,Leasehold,,,Condominium,1.0,Medium,Bumi Lot,Kuala Lumpur,,7,1,0,0,1,0,0,0,0,0,2.0,1,0,0,0,1,0,0,1,1,0,1,0,1,1,400000
2,2,700.0,Freehold,,,Condominium,2.0,Medium,Non Bumi Lot,Penang,,3,0,0,0,0,0,0,0,1,1,2.0,0,0,0,0,1,0,0,1,0,0,1,0,0,0,545000
3,2,920.0,Leasehold,15.0,690.0,Condominium,2.0,Medium,Non Bumi Lot,Kuala Lumpur,24.0,7,1,0,1,1,0,0,1,1,0,2.0,1,0,1,0,0,1,0,1,1,0,1,0,1,0,330000
2,2,972.0,Freehold,,400.0,Apartment,,Medium,Non Bumi Lot,Johor,,4,0,0,0,0,0,0,0,1,1,2.0,0,0,1,0,0,0,0,0,1,0,1,1,0,0,388000
3,2,1160.0,Freehold,38.0,,Condominium,1.0,,Non Bumi Lot,Kuala Lumpur,12.0,9,1,1,1,1,1,0,1,1,1,,1,0,1,0,1,0,0,1,1,0,1,1,1,1,515000
3,2,900.0,Leasehold,,,Apartment,,,Non Bumi Lot,Melaka,,0,0,0,0,0,0,0,0,1,0,,0,0,0,0,0,0,0,0,0,0,0,0,0,0,175000
3,2,800.0,Freehold,18.0,182.0,Apartment,1.0,,Non Bumi Lot,Penang,17.0,6,0,0,0,0,0,0,0,1,1,,0,0,0,0,0,0,0,1,1,0,1,1,1,1,420000
3,2,815.0,Leasehold,21.0,,Apartment,,,Non Bumi Lot,Selangor,,6,1,0,1,0,0,1,0,1,0,,0,0,1,0,1,1,0,1,0,0,1,0,1,0,188000
3,4,1500.0,Freehold,43.0,218.0,Condominium,2.0,High,Non Bumi Lot,Penang,8.0,8,0,0,0,0,0,0,0,1,1,3.0,1,0,1,1,0,0,1,0,1,1,1,0,1,0,718000
3,2,1254.0,Freehold,44.0,378.0,Condominium,2.0,High,Non Bumi Lot,Penang,5.0,9,0,0,0,0,0,0,0,1,1,3.0,1,0,1,0,1,0,1,1,1,1,1,0,1,0,760000
3,2,800.0,Freehold,22.0,1343.0,Condominium,2.0,,Non Bumi Lot,Penang,6.0,13,0,0,0,0,0,0,0,1,1,,0,1,1,1,1,1,1,1,1,1,1,1,1,1,620000
4,3,3070.0,Freehold,,222.0,Condominium,4.0,High,Non Bumi Lot,Penang,8.0,0,0,0,0,0,0,0,0,1,1,3.0,0,0,0,0,0,0,0,0,0,0,0,0,0,0,1190000
3,2,910.0,Leasehold,,,Condominium,,Medium,Non Bumi Lot,,,8,0,0,0,0,0,0,0,1,0,2.0,1,0,1,1,0,1,0,0,1,0,1,0,1,1,360000
2,2,818.0,Leasehold,,711.0,Apartment,1.0,Medium,Non Bumi Lot,Johor,,7,0,0,0,0,0,0,0,1,0,2.0,0,0,1,1,0,0,1,1,1,0,1,0,1,0,288888
3,2,700.0,Freehold,30.0,,Apartment,,,Non Bumi Lot,Penang,,6,0,0,0,0,0,0,0,1,1,,0,0,1,0,1,1,0,1,0,0,1,0,1,0,360000
3,2,657.0,Freehold,,,Apartment,,Medium,Non Bumi Lot,Selangor,,0,0,0,0,0,0,0,0,1,1,2.0,0,0,0,0,0,0,0,0,0,0,0,0,0,0,155000
3,3,1642.0,Freehold,,222.0,Condominium,2.0,High,Non Bumi Lot,Penang,8.0,9,0,0,0,0,0,0,0,1,1,3.0,1,0,1,0,1,0,1,1,1,1,1,0,1,0,680000
2,2,875.0,Leasehold,,,Apartment,,Medium,Non Bumi Lot,Sarawak,,9,0,0,0,0,0,0,0,1,0,2.0,0,0,0,1,1,1,0,1,1,1,1,1,0,1,428000
3,2,820.0,Freehold,5.0,,Apartment,1.0,High,Non Bumi Lot,Selangor,,3,0,0,0,0,0,0,0,1,1,3.0,0,0,0,0,0,0,0,1,1,0,1,0,0,0,180000
3,2,1417.0,Leasehold,18.0,752.0,Condominium,,,Non Bumi Lot,Kuala Lumpur,23.0,0,0,0,0,0,0,0,0,1,0,,0,0,0,0,0,0,0,0,0,0,0,0,0,0,425000
3,2,2200.0,Freehold,19.0,168.0,Apartment,2.0,High,Non Bumi Lot,Penang,,8,0,0,0,0,0,0,0,1,1,3.0,0,0,1,1,1,1,0,1,0,0,1,1,1,0,899000
4,2,1142.0,Leasehold,24.0,900.0,Condominium,1.0,,Non Bumi Lot,Kuala Lumpur,8.0,8,0,0,0,0,0,0,0,1,0,,0,0,1,0,1,1,0,1,1,1,1,0,1,0,460000
3,2,810.0,Freehold,,,Apartment,,Medium,Non Bumi Lot,Selangor,,3,0,1,0,0,0,0,0,1,1,2.0,0,0,0,0,1,0,0,0,1,0,1,0,0,0,199000
3,3,1450.0,Freehold,40.0,486.0,Condominium,2.0,Medium,Non Bumi Lot,Penang,4.0,10,0,0,0,0,0,0,0,1,1,2.0,1,0,1,1,1,0,1,1,1,1,1,0,1,0,740000
5,5,6000.0,Leasehold,,,Condominium,3.0,High,Non Bumi Lot,Sabah,,3,0,0,0,0,0,0,0,1,0,3.0,0,0,0,0,1,0,1,1,0,0,0,0,0,0,2700000
4,2,1487.0,Freehold,18.0,107.0,Condominium,,Medium,Non Bumi Lot,Penang,8.0,6,0,0,0,0,0,0,0,1,1,2.0,1,0,1,0,0,0,1,1,0,0,1,0,1,0,880000
3,1,630.0,Leasehold,,,Apartment,,Medium,Non Bumi Lot,Kuala Lumpur,,0,0,0,0,0,0,0,0,1,0,2.0,0,0,0,0,0,0,0,0,0,0,0,0,0,0,170000
3,2,1001.0,Leasehold,4.0,,Apartment,,Medium,Non Bumi Lot,Johor,,0,0,0,0,0,0,0,0,1,0,2.0,0,0,0,0,0,0,0,0,0,0,0,0,0,0,210000
3,2,956.0,Freehold,,,Apartment,1.0,Medium,Bumi Lot,Negeri Sembilan,,5,0,0,0,0,0,0,0,0,1,2.0,0,0,0,0,1,1,0,1,0,0,1,0,1,0,250000
1,1,418.0,Freehold,25.0,1211.0,Service Residence,,,Non Bumi Lot,Selangor,9.0,0,0,0,0,0,0,0,0,1,1,,0,0,0,0,0,0,0,0,0,0,0,0,0,0,270000
3,2,950.0,Freehold,,635.0,Apartment,,Medium,Bumi Lot,Selangor,4.0,6,0,0,0,0,0,0,0,0,1,2.0,0,0,0,0,1,1,1,1,0,0,1,0,1,0,299000
3,2,779.0,Leasehold,7.0,1274.0,Apartment,,,Bumi Lot,Selangor,18.0,0,0,0,0,0,0,0,0,0,0,,0,0,0,0,0,0,0,0,0,0,0,0,0,0,260000
2,1,550.0,Freehold,,,Flat,,Low,Non Bumi Lot,Selangor,,0,0,0,0,0,0,0,0,1,1,1.0,0,0,0,0,0,0,0,0,0,0,0,0,0,0,84999
3,2,850.0,Freehold,,,Apartment,1.0,,Non Bumi Lot,Selangor,,3,0,0,0,1,0,0,0,1,1,,0,0,0,0,1,0,0,1,0,0,1,0,0,0,170000
3,2,958.0,Freehold,,,Service Residence,,,Non Bumi Lot,Johor,,14,0,0,0,0,0,0,0,1,1,,1,1,1,1,1,1,1,1,1,1,1,1,1,1,460000
2,1,514.0,Freehold,,,Flat,,Medium,Non Bumi Lot,Johor,,0,0,0,0,0,0,0,0,1,1,2.0,0,0,0,0,0,0,0,0,0,0,0,0,0,0,108000
3,2,916.0,Leasehold,22.0,328.0,Apartment,1.0,High,Non Bumi Lot,Johor,7.0,7,0,0,0,0,0,0,0,1,0,3.0,0,0,1,0,1,1,0,1,1,0,1,0,1,0,380000
3,2,1173.0,Leasehold,15.0,,Condominium,,Low,Bumi Lot,Selangor,,6,1,1,1,1,0,0,0,0,0,1.0,0,0,0,0,1,1,0,1,1,0,1,0,1,0,355000
4,3,1818.0,Freehold,24.0,1235.0,Condominium,2.0,High,Non Bumi Lot,Penang,2.0,8,0,0,0,0,0,0,0,1,1,3.0,0,0,1,1,1,0,0,1,1,1,1,0,1,0,1050000
4,2,1533.0,Freehold,18.0,500.0,Condominium,1.0,Medium,Bumi Lot,Kuala Lumpur,27.0,8,0,0,0,0,0,0,0,0,1,2.0,1,0,1,0,1,1,1,1,0,0,1,0,1,0,380000
2,1,550.0,Leasehold,,,Apartment,,,Non Bumi Lot,Penang,,0,0,0,0,0,0,0,0,1,0,,0,0,0,0,0,0,0,0,0,0,0,0,0,0,148000
4,3,1550.0,Freehold,,474.0,Condominium,2.0,,Non Bumi Lot,Kuala Lumpur,7.0,12,0,0,1,1,0,0,0,1,1,,1,0,1,0,1,1,1,1,1,1,1,1,1,1,778000
2,2,1329.0,Leasehold,9.0,631.0,Service Residence,1.0,,Non Bumi Lot,Sabah,9.0,6,0,0,0,0,0,0,0,1,0,,1,0,1,1,0,0,0,0,1,0,1,0,1,0,998000
3,2,645.0,Freehold,,,Flat,,Medium,Non Bumi Lot,Penang,,1,0,0,0,0,0,0,0,1,1,2.0,0,0,0,0,0,0,0,1,0,0,0,0,0,0,105000
3,2,689.0,Freehold,,,Apartment,1.0,,Non Bumi Lot,Selangor,,0,1,0,1,1,0,1,0,1,1,,0,0,0,0,0,0,0,0,0,0,0,0,0,0,170000
2,1,873.0,Leasehold,,,Condominium,,High,Non Bumi Lot,Johor,,0,0,0,0,0,0,0,0,1,0,3.0,0,0,0,0,0,0,0,0,0,0,0,0,0,0,330000
2,2,751.0,Leasehold,19.0,,Condominium,,,Non Bumi Lot,Selangor,32.0,9,0,0,0,0,1,0,0,1,0,,1,0,0,1,0,1,0,1,1,0,1,1,1,1,320000
3,2,660.0,Freehold,5.0,,Apartment,,Medium,Bumi Lot,Selangor,,3,0,0,0,0,0,0,1,0,1,2.0,0,0,0,0,0,0,0,1,1,0,1,0,0,0,155000
4,3,1238.0,Freehold,18.0,181.0,Condominium,2.0,,Non Bumi Lot,Kuala Lumpur,14.0,5,1,1,1,1,0,0,1,1,1,,0,0,1,0,0,0,0,0,1,1,1,0,1,0,570000
1,1,500.0,Freehold,20.0,259.0,Condominium,,High,Bumi Lot,Selangor,9.0,14,0,0,0,0,0,0,0,0,1,3.0,1,1,1,1,1,1,1,1,1,1,1,1,1,1,185000
3,2,650.0,Leasehold,,,Apartment,,Low,Non Bumi Lot,Selangor,,5,0,0,0,0,0,0,0,1,0,1.0,0,0,0,1,0,1,0,1,1,0,1,0,0,0,120000
2,1,615.0,Freehold,20.0,1036.0,Apartment,,Medium,Non Bumi Lot,Selangor,15.0,10,0,0,0,0,0,0,0,1,1,2.0,0,0,1,1,1,1,1,0,1,1,1,1,1,0,255000
3,3,1539.0,Freehold,17.0,328.0,Condominium,2.0,,Non Bumi Lot,Penang,11.0,0,0,0,0,0,0,0,0,1,1,,0,0,0,0,0,0,0,0,0,0,0,0,0,0,1350000
4,4,2300.0,Freehold,22.0,79.0,Condominium,2.0,Low,Non Bumi Lot,Penang,24.0,9,0,0,0,0,0,0,0,1,1,1.0,1,0,1,1,1,0,1,1,1,0,1,0,1,0,1818000
5,7,4370.0,Leasehold,6.0,280.0,Condominium,,High,Non Bumi Lot,Selangor,8.0,14,0,0,0,0,0,0,0,1,0,3.0,1,1,1,1,1,1,1,1,1,1,1,1,1,1,1480000
3,2,1200.0,Freehold,23.0,744.0,Service Residence,2.0,Low,Non Bumi Lot,Selangor,9.0,10,0,0,0,1,0,0,1,1,1,1.0,1,0,1,0,1,1,1,1,1,1,1,0,1,0,330000
3,2,1180.0,Freehold,20.0,771.0,Condominium,2.0,High,Non Bumi Lot,Penang,7.0,6,0,0,0,0,0,0,0,1,1,3.0,0,0,1,1,0,0,0,1,1,0,1,0,1,0,580000
3,2,929.0,Leasehold,,,Apartment,1.0,,Non Bumi Lot,Sarawak,,0,0,0,0,0,0,0,0,1,0,,0,0,0,0,0,0,0,0,0,0,0,0,0,0,188000
3,2,1250.0,Freehold,30.0,410.0,Condominium,2.0,Medium,Non Bumi Lot,Penang,6.0,9,0,0,0,0,0,0,0,1,1,2.0,1,0,1,1,1,0,1,1,1,0,1,0,1,0,665000
1,1,552.0,Leasehold,,,Service Residence,,High,Non Bumi Lot,Sabah,,12,0,0,0,0,0,0,0,1,0,3.0,1,1,1,1,1,1,1,1,1,1,1,0,1,0,690000
6,4,2045.0,Leasehold,21.0,360.0,Condominium,2.0,High,Non Bumi Lot,Johor,,11,0,0,0,0,0,0,0,1,0,3.0,1,1,1,1,0,1,0,1,1,1,1,0,1,1,480000
4,4,1862.0,Freehold,,,Condominium,3.0,,Non Bumi Lot,,,13,0,0,0,0,0,0,0,1,1,,1,1,1,0,1,1,1,1,1,1,1,1,1,1,1700000
3,2,850.0,Freehold,35.0,1843.0,Service Residence,2.0,High,Non Bumi Lot,Johor,4.0,13,0,0,0,0,0,0,0,1,1,3.0,1,1,1,1,0,1,1,1,1,1,1,1,1,1,350000
2,1,825.0,Leasehold,21.0,613.0,Condominium,2.0,Medium,Non Bumi Lot,Johor,2.0,0,0,0,0,0,0,0,0,1,0,2.0,0,0,0,0,0,0,0,0,0,0,0,0,0,0,330000
3,2,650.0,Leasehold,,,Apartment,,Medium,Bumi Lot,Kuala Lumpur,,0,0,0,0,0,0,0,0,0,0,2.0,0,0,0,0,0,0,0,0,0,0,0,0,0,0,140000
3,2,1018.0,Leasehold,16.0,1000.0,Condominium,1.0,Medium,Bumi Lot,Selangor,,7,1,1,1,1,0,0,1,0,0,2.0,0,0,0,1,1,0,1,1,1,0,1,0,1,0,335000
3,2,1150.0,Freehold,14.0,96.0,Condominium,1.0,Low,Non Bumi Lot,Penang,26.0,5,0,0,0,0,0,0,0,1,1,1.0,0,0,0,0,1,0,0,1,1,0,1,0,1,0,600000
3,2,1010.0,Freehold,23.0,375.0,Condominium,,,Bumi Lot,Selangor,15.0,7,0,1,0,0,1,0,0,0,1,,1,0,1,0,0,1,0,1,1,0,1,0,1,0,335000
3,2,770.0,Leasehold,,,Apartment,1.0,Medium,Bumi Lot,Johor,,0,0,0,0,0,0,0,0,0,0,2.0,0,0,0,0,0,0,0,0,0,0,0,0,0,0,160000
2,2,715.0,Leasehold,,,Service Residence,,High,Non Bumi Lot,Melaka,,9,0,0,0,0,0,0,0,1,0,3.0,1,0,1,0,1,1,1,1,1,0,1,0,1,0,365000
3,2,979.0,Leasehold,24.0,675.0,Service Residence,2.0,,Non Bumi Lot,Selangor,8.0,7,1,1,1,1,0,0,1,1,0,,1,0,1,0,0,0,0,1,1,1,1,0,1,0,400000
3,2,1010.0,Leasehold,,,Apartment,1.0,Low,Non Bumi Lot,Sarawak,,0,0,0,0,0,0,0,0,1,0,1.0,0,0,0,0,0,0,0,0,0,0,0,0,0,0,135000
3,3,1186.0,Freehold,38.0,916.0,Condominium,,Medium,Non Bumi Lot,Kuala Lumpur,6.0,10,0,0,0,0,0,0,0,1,1,2.0,1,0,1,0,1,1,1,1,1,1,1,0,1,0,720000
3,2,1300.0,Leasehold,,,Condominium,1.0,Medium,Non Bumi Lot,Sabah,,3,0,0,0,0,0,0,0,1,0,2.0,0,0,0,0,0,0,0,1,0,0,1,0,1,0,578000
4,3,1350.0,Freehold,13.0,198.0,Condominium,1.0,Low,Non Bumi Lot,Penang,,2,0,0,0,0,0,0,0,1,1,1.0,1,0,0,0,0,0,1,0,0,0,0,0,0,0,429000
3,2,1100.0,Freehold,,,Condominium,1.0,Medium,Non Bumi Lot,Negeri Sembilan,,0,0,0,0,0,0,0,0,1,1,2.0,0,0,0,0,0,0,0,0,0,0,0,0,0,0,270000
3,3,2101.0,Freehold,42.0,150.0,Condominium,3.0,High,Non Bumi Lot,Penang,3.0,11,0,0,0,0,0,0,0,1,1,3.0,1,0,1,1,1,1,1,1,1,1,1,0,1,0,890000
3,2,753.0,Leasehold,,,Condominium,1.0,Low,Bumi Lot,Kuala Lumpur,,6,1,1,0,1,0,1,1,0,0,1.0,0,0,1,1,0,1,0,1,0,0,1,0,1,0,300000
3,3,1463.0,Leasehold,,,Condominium,1.0,Low,Bumi Lot,Selangor,,8,0,1,1,1,0,1,1,0,0,1.0,0,1,0,1,0,0,1,1,1,0,1,0,1,1,710000
3,1,650.0,Freehold,14.0,90.0,Apartment,,High,Bumi Lot,Selangor,,4,0,0,1,1,0,0,0,0,1,3.0,0,0,0,0,0,1,0,1,1,0,1,0,0,0,150000
3,2,1300.0,Leasehold,4.0,,Apartment,2.0,Medium,Non Bumi Lot,Sarawak,,5,0,0,0,0,0,0,0,1,0,2.0,0,0,1,0,1,1,0,1,0,0,1,0,0,0,540000
3,2,700.0,Freehold,5.0,,Apartment,1.0,,Non Bumi Lot,Penang,,5,0,0,0,0,0,0,0,1,1,,0,0,0,0,1,1,0,1,1,0,1,0,0,0,295000
3,2,1092.0,Freehold,17.0,435.0,Condominium,2.0,Low,Non Bumi Lot,Kuala Lumpur,9.0,10,1,0,1,1,0,0,0,1,1,1.0,0,0,1,1,1,1,1,1,1,0,1,0,1,1,480000
3,2,850.0,Freehold,5.0,,Apartment,1.0,High,Non Bumi Lot,Selangor,,5,1,0,1,1,1,0,0,1,1,3.0,0,0,0,0,0,1,0,1,1,0,1,0,1,0,300000
3,2,753.0,Freehold,,,Apartment,2.0,Low,Non Bumi Lot,Selangor,,6,0,0,0,0,0,0,0,1,1,1.0,0,0,0,1,1,1,0,1,1,0,1,0,0,0,168000
2,2,799.0,Freehold,,,Apartment,1.0,Medium,Non Bumi Lot,Terengganu,,0,0,0,0,0,0,0,0,1,1,2.0,0,0,0,0,0,0,0,0,0,0,0,0,0,0,275000
4,3,1579.0,Freehold,,350.0,Condominium,2.0,Medium,Non Bumi Lot,Selangor,11.0,14,0,0,0,0,0,0,0,1,1,2.0,1,1,1,1,1,1,1,1,1,1,1,1,1,1,538000
3,2,830.0,Freehold,,635.0,Apartment,2.0,Low,Non Bumi Lot,Selangor,4.0,9,0,1,0,0,0,0,0,1,1,1.0,0,0,1,1,1,1,0,1,1,1,1,0,1,0,230000
3,2,1069.0,Leasehold,38.0,,Condominium,1.0,,Non Bumi Lot,Penang,13.0,8,0,0,0,0,0,0,0,1,0,,1,0,1,0,1,0,0,1,1,0,1,1,1,0,560000
3,2,800.0,Freehold,21.0,406.0,Condominium,1.0,Low,Non Bumi Lot,Penang,25.0,7,0,0,0,0,0,0,0,1,1,1.0,0,0,0,1,1,1,0,1,1,0,1,0,1,0,350000
6,5,2750.0,Freehold,,79.0,Condominium,,Medium,Non Bumi Lot,Johor,,5,0,0,0,0,0,0,0,1,1,2.0,1,0,1,0,0,0,0,0,1,1,0,0,1,0,1350000
3,2,828.0,Leasehold,,,Apartment,,,Bumi Lot,Selangor,,0,0,0,0,0,0,0,0,0,0,,0,0,0,0,0,0,0,0,0,0,0,0,0,0,260000
2,2,565.0,Freehold,27.0,526.0,Apartment,2.0,High,Non Bumi Lot,Kuala Lumpur,8.0,7,1,1,0,1,0,0,0,1,1,3.0,1,0,1,0,0,0,1,0,1,1,1,0,1,0,320000
3,2,1350.0,Freehold,,809.0,Service Residence,2.0,Medium,Non Bumi Lot,Melaka,3.0,9,0,0,0,0,0,0,0,1,1,2.0,1,0,1,0,1,0,1,1,1,1,1,0,1,0,548000
3,2,650.0,Freehold,,,Flat,,Low,Non Bumi Lot,Penang,,0,0,0,0,0,0,0,0,1,1,1.0,0,0,0,0,0,0,0,0,0,0,0,0,0,0,120000
3,2,1065.0,Freehold,9.0,,Apartment,,,Non Bumi Lot,Selangor,,0,0,0,1,1,1,0,0,1,1,,0,0,0,0,0,0,0,0,0,0,0,0,0,0,245000
3,2,812.0,Leasehold,33.0,1002.0,Service Residence,2.0,Medium,Non Bumi Lot,Selangor,9.0,9,0,0,1,1,0,0,0,1,0,2.0,0,0,1,1,1,1,1,1,1,0,1,0,1,0,389000
4,2,1142.0,Leasehold,24.0,900.0,Condominium,1.0,Medium,Non Bumi Lot,Kuala Lumpur,8.0,5,0,0,0,0,0,0,0,1,0,2.0,0,0,1,0,0,1,0,0,1,1,1,0,0,0,430000
3,1,646.0,Leasehold,12.0,556.0,Condominium,,Medium,Non Bumi Lot,Penang,,3,0,0,0,0,0,0,0,1,0,2.0,0,0,0,0,1,0,0,1,0,0,1,0,0,0,280001
2,2,776.0,Freehold,42.0,670.0,Condominium,2.0,High,Non Bumi Lot,Penang,6.0,5,0,0,0,0,0,0,0,1,1,3.0,0,0,1,0,1,0,0,1,0,0,1,0,1,0,440000
3,2,750.0,Freehold,20.0,608.0,Apartment,1.0,Low,Non Bumi Lot,Penang,,4,0,0,0,0,0,0,0,1,1,1.0,0,0,0,0,1,0,0,1,1,0,1,0,0,0,360000
3,2,650.0,Freehold,17.0,,Apartment,1.0,High,Non Bumi Lot,Penang,,3,0,0,0,0,0,0,0,1,1,3.0,0,0,0,0,1,0,0,1,0,0,1,0,0,0,285000
3,3,1038.0,Leasehold,,630.0,Service Residence,,Low,Non Bumi Lot,Sabah,1.0,14,0,0,0,0,0,0,0,1,0,1.0,1,1,1,1,1,1,1,1,1,1,1,1,1,1,600000
3,2,1165.0,Freehold,,406.0,Condominium,2.0,,Non Bumi Lot,Penang,2.0,10,0,0,0,0,0,0,0,1,1,,1,0,1,1,1,0,1,1,1,1,1,0,1,0,520000
4,2,1343.0,Freehold,22.0,144.0,Condominium,2.0,High,Non Bumi Lot,Penang,,7,0,0,0,0,0,0,0,1,1,3.0,0,0,0,0,1,1,0,1,1,1,1,0,1,0,655000
3,2,1148.0,Freehold,17.0,,Condominium,1.0,High,Non Bumi Lot,Kuala Lumpur,,10,0,0,0,0,0,0,0,1,1,3.0,1,0,1,0,1,1,1,1,1,0,1,0,1,1,390000
3,2,949.0,Freehold,,635.0,Apartment,2.0,Medium,Non Bumi Lot,Selangor,4.0,7,0,0,0,0,0,0,0,1,1,2.0,0,0,0,1,1,1,0,1,1,0,1,0,1,0,265000
3,2,850.0,Freehold,4.0,,Apartment,1.0,Medium,Non Bumi Lot,Selangor,,3,0,0,0,0,0,0,0,1,1,2.0,0,0,0,0,0,0,0,1,1,0,1,0,0,0,219999
4,3,1202.0,Freehold,,363.0,Condominium,2.0,Low,Non Bumi Lot,Putrajaya,2.0,9,0,0,0,0,0,0,0,1,1,1.0,1,0,1,1,1,0,1,1,1,0,1,0,1,0,650000
2,1,517.0,Freehold,,,Flat,,Medium,Non Bumi Lot,Johor,,0,0,0,0,0,0,0,0,1,1,2.0,0,0,0,0,0,0,0,0,0,0,0,0,0,0,118000
3,2,670.0,Freehold,5.0,950.0,Flat,,,Non Bumi Lot,Selangor,,1,0,0,0,0,0,0,0,1,1,,0,0,0,0,0,0,0,0,0,0,1,0,0,0,160000
3,2,650.0,Leasehold,,,Apartment,,High,Bumi Lot,Selangor,,3,0,0,0,0,0,1,0,0,0,3.0,0,0,0,0,1,0,0,1,0,0,1,0,0,0,140000
3,2,606.0,Leasehold,,,Apartment,1.0,Low,Non Bumi Lot,Selangor,,3,0,0,0,0,0,0,0,1,0,1.0,0,0,0,0,0,0,0,1,1,0,1,0,0,0,115000
3,2,990.0,Freehold,20.0,196.0,Condominium,2.0,,Non Bumi Lot,Kuala Lumpur,16.0,8,1,0,1,1,0,0,0,1,1,,0,0,1,0,1,1,1,1,1,0,1,0,1,0,410000
4,2,1143.0,Leasehold,,664.0,Condominium,2.0,Low,Non Bumi Lot,Selangor,12.0,13,0,0,0,0,0,0,0,1,0,1.0,1,1,1,1,1,1,1,1,1,1,1,0,1,1,488000
3,2,1001.0,Leasehold,,,Condominium,1.0,Medium,Bumi Lot,,,6,0,0,0,0,0,0,0,0,0,2.0,0,0,0,1,0,0,1,1,1,0,1,0,1,0,400000
3,2,750.0,Freehold,,,Apartment,1.0,,Non Bumi Lot,Penang,,3,0,0,0,0,0,0,0,1,1,,0,0,0,0,1,1,0,1,0,0,0,0,0,0,355000
3,2,1116.0,Leasehold,,634.0,Condominium,,Medium,Bumi Lot,Selangor,,12,1,1,1,0,0,0,0,0,0,2.0,1,1,1,0,1,1,1,1,1,1,1,0,1,1,470000
3,2,1148.0,Freehold,12.0,,Apartment,1.0,Low,Non Bumi Lot,Selangor,,5,0,0,0,0,0,0,0,1,1,1.0,0,0,0,0,1,0,1,1,1,0,1,0,0,0,320000
4,2,1207.0,Leasehold,18.0,250.0,Service Residence,1.0,Low,Non Bumi Lot,Kuala Lumpur,10.0,6,1,0,1,1,0,0,0,1,0,1.0,0,1,0,0,0,1,1,0,1,0,1,0,1,0,535000
3,2,1000.0,Freehold,5.0,108.0,Condominium,1.0,Low,Non Bumi Lot,Penang,,4,0,0,0,0,0,0,0,1,1,1.0,0,0,1,0,0,0,0,0,0,1,1,0,1,0,460000
3,2,960.0,Freehold,31.0,4225.0,Service Residence,,,Non Bumi Lot,Kuala Lumpur,8.0,4,1,1,1,1,0,0,1,1,1,,0,0,0,0,0,0,0,1,1,0,1,0,1,0,438000
5,3,1550.0,Leasehold,,122.0,Condominium,1.0,Medium,Non Bumi Lot,Selangor,8.0,14,1,0,1,1,0,0,0,1,0,2.0,1,1,1,1,1,1,1,1,1,1,1,1,1,1,420000
3,2,1036.0,Leasehold,24.0,406.0,Service Residence,1.0,Medium,Non Bumi Lot,Selangor,10.0,6,1,1,1,1,0,1,0,1,0,2.0,0,0,0,1,1,1,0,1,1,0,0,0,1,0,618000
3,1,707.0,Freehold,,,Flat,,Medium,Bumi Lot,Selangor,,2,0,0,0,0,0,1,0,0,1,2.0,0,0,0,1,0,0,0,0,1,0,0,0,0,0,150000
2,2,1411.0,Freehold,27.0,176.0,Condominium,1.0,Medium,Non Bumi Lot,Kuala Lumpur,10.0,9,1,1,1,1,0,0,1,1,1,2.0,1,0,1,0,1,0,0,1,1,1,1,1,1,0,888000
3,2,700.0,Leasehold,22.0,,Apartment,1.0,,Non Bumi Lot,Penang,18.0,3,0,0,0,0,0,0,0,1,0,,0,0,0,0,0,0,0,1,1,0,1,0,0,0,250000
4,2,1333.0,Leasehold,25.0,800.0,Condominium,2.0,,Non Bumi Lot,Kuala Lumpur,9.0,8,1,1,1,1,1,0,0,1,0,,0,1,1,0,1,1,0,1,1,0,1,0,1,0,460000
3,2,856.0,Freehold,9.0,,Condominium,1.0,Low,Non Bumi Lot,Selangor,,6,0,0,0,0,0,0,0,1,1,1.0,1,0,0,0,0,1,0,1,1,0,1,0,1,0,230000
3,2,675.0,Leasehold,,,Flat,,Medium,Non Bumi Lot,Selangor,,4,0,0,0,0,0,0,0,1,0,2.0,0,0,0,0,1,1,0,1,1,0,0,0,0,0,218000
3,2,900.0,Freehold,,,Flat,,Low,Non Bumi Lot,Johor,,0,0,0,0,0,0,0,0,1,1,1.0,0,0,0,0,0,0,0,0,0,0,0,0,0,0,190000
3,2,700.0,Freehold,30.0,500.0,Apartment,1.0,,Non Bumi Lot,Penang,11.0,9,0,0,0,0,0,0,0,1,1,,1,0,1,1,1,0,1,1,1,0,1,0,1,0,330000
3,2,1110.0,Freehold,,,Condominium,2.0,Medium,Non Bumi Lot,,,0,0,0,0,0,0,0,0,1,1,2.0,0,0,0,0,0,0,0,0,0,0,0,0,0,0,445300
3,2,667.0,Freehold,5.0,,Apartment,,High,Non Bumi Lot,Selangor,,3,1,0,1,1,1,0,0,1,1,3.0,1,0,0,0,0,0,0,1,1,0,0,0,0,0,150000
3,2,1528.0,Freehold,,846.0,Condominium,2.0,,Non Bumi Lot,Penang,,10,0,0,0,0,0,0,0,1,1,,1,0,1,1,1,0,1,1,1,1,1,0,1,0,1500000
3,2,819.0,Leasehold,44.0,2136.0,Service Residence,1.0,,Non Bumi Lot,Kuala Lumpur,2.0,7,0,1,0,1,0,0,1,1,0,,1,0,1,0,1,0,0,1,1,0,1,0,1,0,428000
2,2,733.0,Leasehold,12.0,,Condominium,1.0,Medium,Bumi Lot,Selangor,,8,0,0,0,0,0,0,0,0,0,2.0,0,0,0,1,1,1,1,1,1,0,1,0,1,0,260000
3,1,625.0,Freehold,,,Flat,,High,Non Bumi Lot,Penang,,5,0,0,0,0,0,0,0,1,1,3.0,0,0,0,0,1,1,0,1,1,0,1,0,0,0,230000
3,2,1180.0,Leasehold,,,Apartment,,Low,Non Bumi Lot,Johor,20.0,0,0,0,0,0,0,0,0,1,0,1.0,0,0,0,0,0,0,0,0,0,0,0,0,0,0,425000
3,2,1238.0,Leasehold,18.0,715.0,Condominium,,,Non Bumi Lot,Kuala Lumpur,16.0,14,1,1,1,1,0,0,0,1,0,,1,1,1,1,1,1,1,1,1,1,1,1,1,1,410000
3,2,1100.0,Leasehold,19.0,,Condominium,,,Non Bumi Lot,Kuala Lumpur,27.0,7,1,0,1,1,0,0,0,1,0,,1,0,1,0,0,0,0,1,1,1,1,0,1,0,400000
3,2,1424.0,Freehold,33.0,550.0,Condominium,3.0,High,Non Bumi Lot,Penang,2.0,11,0,0,0,0,0,0,0,1,1,3.0,1,1,1,1,1,0,1,1,1,1,1,0,1,0,1100000
2,1,650.0,Freehold,,,Condominium,1.0,Medium,Non Bumi Lot,Penang,,3,0,0,0,0,0,0,0,1,1,2.0,0,0,0,0,1,0,0,1,0,0,1,0,0,0,468000
3,2,955.0,Leasehold,,,Condominium,1.0,Medium,Non Bumi Lot,Sabah,,8,0,0,0,0,0,0,0,1,0,2.0,0,0,1,0,1,1,1,1,1,0,1,0,1,0,580000
2,2,915.0,Freehold,4.0,,Condominium,1.0,High,Non Bumi Lot,Selangor,32.0,2,1,1,1,1,0,0,1,1,1,3.0,0,0,0,0,0,0,0,1,0,0,1,0,0,0,400000
3,2,960.0,Leasehold,8.0,,Apartment,1.0,High,Non Bumi Lot,Selangor,,3,1,0,1,0,0,1,0,1,0,3.0,0,0,0,0,0,0,0,1,1,0,1,0,0,0,295000
4,2,850.0,Freehold,15.0,,Condominium,1.0,High,Non Bumi Lot,Selangor,10.0,7,1,0,0,1,0,0,0,1,1,3.0,0,0,1,0,1,1,1,1,0,0,1,0,1,0,300000
3,2,1023.0,Freehold,,,Apartment,1.0,Low,Non Bumi Lot,Johor,,0,0,0,0,0,0,0,0,1,1,1.0,0,0,0,0,0,0,0,0,0,0,0,0,0,0,358000
2,2,921.0,Leasehold,,,Apartment,1.0,,Non Bumi Lot,Sarawak,,0,0,0,0,0,0,0,0,1,0,,0,0,0,0,0,0,0,0,0,0,0,0,0,0,390000
3,2,1200.0,Freehold,,,Condominium,2.0,Medium,Non Bumi Lot,Kuala Lumpur,,10,0,0,0,0,0,0,0,1,1,2.0,1,0,1,1,1,0,1,1,1,1,1,0,1,0,630000
3,2,1228.0,Leasehold,,,Condominium,2.0,High,Non Bumi Lot,Sabah,,6,0,0,0,0,0,0,0,1,0,3.0,0,0,1,0,1,0,0,1,1,1,1,0,0,0,688888
2,1,721.0,Leasehold,,594.0,Condominium,2.0,,Non Bumi Lot,Selangor,5.0,10,0,0,1,1,0,0,0,1,0,,1,1,1,1,0,0,1,1,1,1,1,0,1,0,580000
2,2,1191.0,Leasehold,20.0,973.0,Apartment,,Medium,Non Bumi Lot,Johor,7.0,7,0,0,0,0,0,0,0,1,0,2.0,0,0,1,0,0,1,1,1,0,1,1,0,1,0,420000
3,2,1230.0,Freehold,27.0,357.0,Condominium,2.0,High,Non Bumi Lot,Penang,6.0,6,0,0,0,0,0,0,0,1,1,3.0,0,0,1,0,1,0,0,1,1,0,1,0,1,0,560000
3,2,1050.0,Freehold,46.0,730.0,Condominium,3.0,Medium,Non Bumi Lot,Penang,0.0,10,0,0,0,0,0,0,0,1,1,2.0,1,0,1,1,1,1,1,1,1,0,1,0,1,0,650000
3,2,1165.0,Freehold,,406.0,Condominium,1.0,,Non Bumi Lot,Penang,2.0,6,0,0,0,0,0,0,0,1,1,,1,0,1,1,0,0,0,0,1,0,1,0,1,0,499000
3,2,1055.0,Leasehold,5.0,,Apartment,,Medium,Bumi Lot,Kuala Lumpur,,3,0,1,0,1,1,0,0,0,0,2.0,0,0,0,0,0,0,0,0,1,0,1,0,1,0,380000
2,1,625.0,Leasehold,,240.0,Service Residence,1.0,,Non Bumi Lot,Penang,,3,0,0,0,0,0,0,0,1,0,,0,0,1,0,0,0,0,0,0,0,1,0,1,0,529000
4,2,965.0,Freehold,14.0,336.0,Condominium,,,Non Bumi Lot,Kuala Lumpur,13.0,0,0,0,0,0,0,0,0,1,1,,0,0,0,0,0,0,0,0,0,0,0,0,0,0,285000
2,2,1270.0,Leasehold,56.0,819.0,Service Residence,2.0,Medium,Bumi Lot,Sabah,1.0,5,0,0,0,0,0,0,0,0,0,2.0,0,0,1,0,0,0,1,0,0,1,1,0,1,0,804011
3,2,845.0,Leasehold,,478.0,Condominium,2.0,,Non Bumi Lot,Penang,1.0,2,0,0,0,0,0,0,0,1,0,,0,0,0,0,0,0,0,1,1,0,0,0,0,0,700000
3,2,680.0,Leasehold,22.0,900.0,Apartment,,,Non Bumi Lot,Penang,14.0,3,0,0,0,0,0,0,0,1,0,,0,0,0,0,0,0,0,1,1,0,1,0,0,0,230000
3,2,720.0,Freehold,,,Apartment,,Low,Non Bumi Lot,Selangor,32.0,0,0,0,0,0,0,0,0,1,1,1.0,0,0,0,0,0,0,0,0,0,0,0,0,0,0,230000
2,2,890.0,Freehold,,414.0,Apartment,1.0,Medium,Non Bumi Lot,Selangor,,9,0,0,0,1,0,0,0,1,1,2.0,1,0,1,1,1,0,1,1,1,0,1,0,1,0,530000
3,2,1080.0,Freehold,,,Condominium,2.0,Medium,Non Bumi Lot,Selangor,,14,0,0,0,0,0,0,0,1,1,2.0,1,1,1,1,1,1,1,1,1,1,1,1,1,1,390000
3,2,750.0,Freehold,,,Flat,,High,Non Bumi Lot,Johor,,0,0,0,0,0,0,0,0,1,1,3.0,0,0,0,0,0,0,0,0,0,0,0,0,0,0,145000
2,2,800.0,Freehold,,,Service Residence,1.0,Medium,Non Bumi Lot,Kuala Lumpur,,13,1,0,0,1,0,0,1,1,1,2.0,1,1,1,1,1,1,1,1,1,1,1,1,1,0,398000
3,2,887.0,Freehold,30.0,808.0,Condominium,2.0,Low,Non Bumi Lot,Penang,10.0,10,0,0,0,0,0,0,0,1,1,1.0,0,0,1,0,1,1,0,1,1,1,1,1,1,1,480000
3,2,1000.0,Freehold,,,Condominium,1.0,,Non Bumi Lot,,,6,0,0,0,0,0,0,0,1,1,,0,0,1,0,0,0,0,0,1,1,1,1,1,0,299000
3,3,1398.0,Freehold,18.0,,Condominium,1.0,Medium,Non Bumi Lot,Selangor,25.0,12,0,0,1,1,0,0,0,1,1,2.0,1,1,1,0,1,1,1,1,1,0,1,1,1,1,600000
3,2,800.0,Leasehold,6.0,672.0,Apartment,2.0,,Non Bumi Lot,Penang,29.0,5,0,0,0,0,0,0,0,1,0,,0,0,0,0,1,0,0,1,1,0,1,0,1,0,300000
3,2,764.0,Leasehold,,,Apartment,1.0,,Non Bumi Lot,Kuala Lumpur,,0,1,1,1,1,0,0,0,1,0,,0,0,0,0,0,0,0,0,0,0,0,0,0,0,290000
3,2,850.0,Freehold,21.0,406.0,Condominium,1.0,Low,Non Bumi Lot,Penang,25.0,0,0,0,0,0,0,0,0,1,1,1.0,0,0,0,0,0,0,0,0,0,0,0,0,0,0,380000
3,2,918.0,Leasehold,17.0,595.0,Apartment,2.0,Medium,Non Bumi Lot,Kuala Lumpur,,6,0,0,0,0,0,0,0,1,0,2.0,0,0,0,0,1,1,0,1,1,0,1,0,1,0,278000
3,2,1280.0,Freehold,16.0,,Apartment,1.0,Medium,Non Bumi Lot,Selangor,,6,0,0,0,0,0,0,0,1,1,2.0,0,0,1,0,0,0,0,1,1,0,1,0,1,1,350000
3,3,1093.0,Freehold,,,Service Residence,1.0,,Non Bumi Lot,Johor,,0,0,0,0,0,0,0,0,1,1,,0,0,0,0,0,0,0,0,0,0,0,0,0,0,428000
3,2,736.0,Freehold,,596.0,Apartment,1.0,Medium,Non Bumi Lot,Selangor,13.0,6,1,0,0,0,0,1,0,1,1,2.0,0,0,0,1,1,1,1,1,0,0,1,0,0,0,250000
4,3,1300.0,Freehold,20.0,300.0,Condominium,,High,Non Bumi Lot,Selangor,13.0,8,0,0,0,0,0,0,0,1,1,3.0,1,0,1,1,0,1,0,1,1,0,1,0,1,0,275000
3,2,990.0,Freehold,4.0,,Apartment,,High,Non Bumi Lot,Johor,,7,0,0,0,0,0,0,0,1,1,3.0,1,0,0,1,1,1,0,1,1,0,1,0,0,0,260000
3,2,1276.0,Freehold,35.0,,Service Residence,2.0,Medium,Non Bumi Lot,Selangor,7.0,10,0,0,0,0,0,0,0,1,1,2.0,1,0,1,0,1,1,1,1,1,1,1,0,1,0,542888
3,2,800.0,Freehold,45.0,1168.0,Condominium,2.0,High,Non Bumi Lot,Penang,5.0,9,0,0,0,0,0,0,0,1,1,3.0,1,0,1,0,1,1,0,1,1,1,1,0,1,0,520000
2,1,600.0,Leasehold,,,Flat,2.0,Low,Non Bumi Lot,Kuala Lumpur,,2,0,0,0,0,0,0,0,1,0,1.0,0,0,0,0,0,0,0,1,1,0,0,0,0,0,215000
1,1,447.0,Freehold,21.0,455.0,Condominium,,,Non Bumi Lot,Selangor,8.0,7,0,0,0,0,0,0,0,1,1,,1,0,1,1,0,0,1,0,1,0,1,0,1,0,198000
3,2,600.0,Leasehold,,,Apartment,,,Non Bumi Lot,Kuala Lumpur,,7,1,1,1,1,0,0,1,1,0,,0,0,1,1,0,1,0,1,1,0,1,0,1,0,178000
3,2,850.0,Leasehold,,,Condominium,1.0,Low,Non Bumi Lot,Selangor,,2,1,0,0,0,0,0,1,1,0,1.0,0,0,0,0,0,0,0,0,1,0,1,0,0,0,255000
2,2,1213.0,Leasehold,24.0,403.0,Condominium,2.0,Medium,Non Bumi Lot,Kuala Lumpur,7.0,8,1,1,1,1,0,0,1,1,0,2.0,1,0,1,1,0,0,1,0,1,1,1,0,1,0,850000
3,2,818.0,Leasehold,12.0,,Condominium,,,Non Bumi Lot,Kuala Lumpur,,6,0,0,0,0,0,0,0,1,0,,1,1,0,0,0,1,0,1,0,0,0,0,1,1,240000
3,2,900.0,Freehold,,,Apartment,,Low,Bumi Lot,Melaka,,0,0,0,0,0,0,0,0,0,1,1.0,0,0,0,0,0,0,0,0,0,0,0,0,0,0,175000
3,2,907.0,Leasehold,20.0,606.0,Condominium,1.0,Medium,Non Bumi Lot,Selangor,18.0,7,0,0,1,1,0,0,0,1,0,2.0,0,0,1,0,0,1,0,1,1,0,1,0,1,1,240000
2,1,506.0,Leasehold,,,Flat,,,Non Bumi Lot,Johor,,0,0,0,0,0,0,0,0,1,0,,0,0,0,0,0,0,0,0,0,0,0,0,0,0,79000
4,2,1590.0,Freehold,,654.0,Condominium,2.0,High,Non Bumi Lot,Kuala Lumpur,10.0,13,1,0,1,1,0,0,0,1,1,3.0,1,1,1,1,1,1,1,1,1,1,1,0,1,1,729000
3,2,810.0,Leasehold,,,Flat,1.0,Medium,Bumi Lot,Selangor,,2,0,0,0,0,0,0,0,0,0,2.0,0,0,0,0,0,0,0,1,1,0,0,0,0,0,170000
2,2,581.0,Leasehold,,,Apartment,,Medium,Non Bumi Lot,Penang,,6,0,0,0,0,0,0,0,1,0,2.0,0,0,0,1,1,1,1,1,1,0,0,0,0,0,230000
3,2,665.0,Leasehold,,,Apartment,,Medium,Non Bumi Lot,Sabah,,0,0,0,0,0,0,0,0,1,0,2.0,0,0,0,0,0,0,0,0,0,0,0,0,0,0,113400
3,2,861.0,Freehold,5.0,,Service Residence,1.0,Low,Non Bumi Lot,Selangor,,5,1,0,1,1,0,0,0,1,1,1.0,1,0,0,1,0,0,0,1,1,0,1,0,0,0,450000
3,2,1170.0,Leasehold,15.0,,Condominium,2.0,,Non Bumi Lot,Selangor,,11,1,1,1,1,0,0,0,1,0,,1,1,1,1,0,1,1,1,1,0,1,0,1,1,395000
1,1,500.0,Freehold,29.0,372.0,Condominium,,,Non Bumi Lot,Selangor,10.0,7,0,0,0,0,0,0,0,1,1,,0,0,1,1,0,1,0,1,1,0,1,0,1,0,200000
3,2,710.0,Leasehold,,,Apartment,,,Non Bumi Lot,Melaka,,0,0,0,0,0,0,0,0,1,0,,0,0,0,0,0,0,0,0,0,0,0,0,0,0,115000
3,2,866.0,Leasehold,,,Condominium,,Low,Bumi Lot,Sabah,,0,0,0,0,0,0,0,0,0,0,1.0,0,0,0,0,0,0,0,0,0,0,0,0,0,0,380000
3,2,1500.0,Freehold,,144.0,Service Residence,4.0,High,Non Bumi Lot,Selangor,,7,1,0,1,1,0,1,0,1,1,3.0,0,0,1,0,1,0,1,1,1,0,1,0,1,0,530000
3,2,700.0,Freehold,22.0,1008.0,Apartment,,Low,Non Bumi Lot,Penang,26.0,3,0,0,0,0,0,0,0,1,1,1.0,0,0,0,0,1,0,0,1,0,0,1,0,0,0,260000
4,3,1033.0,Leasehold,12.0,228.0,Service Residence,2.0,Medium,Non Bumi Lot,Selangor,9.0,10,1,0,1,1,0,0,0,1,0,2.0,1,0,1,1,1,1,1,1,1,0,1,0,1,0,309000
3,2,650.0,Freehold,,,Flat,,Medium,Non Bumi Lot,Selangor,,0,0,0,1,1,0,0,0,1,1,2.0,0,0,0,0,0,0,0,0,0,0,0,0,0,0,135000
1,1,454.0,Freehold,,,Apartment,,Medium,Bumi Lot,Negeri Sembilan,,3,0,0,0,0,0,0,0,0,1,2.0,0,0,0,0,1,0,0,1,0,0,1,0,0,0,60000
3,2,650.0,Leasehold,,,Apartment,,Medium,Non Bumi Lot,Selangor,,2,1,0,1,1,0,0,0,1,0,2.0,0,0,0,0,1,1,0,0,0,0,0,0,0,0,155000
3,2,1050.0,Leasehold,40.0,558.0,Service Residence,2.0,Medium,Non Bumi Lot,Kuala Lumpur,,8,1,1,1,0,0,1,0,1,0,2.0,1,0,1,0,1,0,1,1,1,0,1,0,1,0,575000
3,2,798.0,Freehold,,,Apartment,1.0,Low,Bumi Lot,Perak,,7,0,0,0,0,0,0,0,0,1,1.0,0,0,0,1,1,1,1,1,1,0,1,0,0,0,155000
4,2,844.0,Leasehold,,,Apartment,1.0,Medium,Bumi Lot,Selangor,,5,0,0,0,0,0,0,0,0,0,2.0,0,0,0,0,0,0,1,1,1,0,1,0,1,0,229000
3,2,1152.0,Freehold,,,Apartment,1.0,High,Non Bumi Lot,Johor,,7,0,0,0,0,0,0,0,1,1,3.0,0,0,1,0,1,1,0,1,1,0,1,0,1,0,300000
3,2,850.0,Leasehold,20.0,1440.0,Apartment,,Medium,Non Bumi Lot,Selangor,8.0,5,0,0,0,0,0,0,0,1,0,2.0,0,0,0,1,1,0,0,1,1,0,1,0,0,0,245000
3,2,880.0,Freehold,5.0,1.0,Apartment,,,Non Bumi Lot,Selangor,,0,0,0,0,0,0,0,0,1,1,,0,0,0,0,0,0,0,0,0,0,0,0,0,0,380000
3,3,1288.0,Freehold,30.0,808.0,Condominium,1.0,High,Non Bumi Lot,Penang,10.0,10,0,0,0,0,0,0,0,1,1,3.0,0,0,1,0,1,1,0,1,1,1,1,1,1,1,700000
3,2,1200.0,Leasehold,,698.0,Apartment,2.0,Medium,Non Bumi Lot,Johor,18.0,10,0,0,0,0,0,0,0,1,0,2.0,1,0,1,1,1,1,0,1,1,1,1,0,1,0,358000
3,2,1155.0,Freehold,,,Condominium,2.0,Medium,Non Bumi Lot,Penang,,5,0,0,0,0,0,0,0,1,1,2.0,0,0,0,0,1,0,0,1,1,0,1,0,1,0,690000
3,2,700.0,Freehold,5.0,,Apartment,,Medium,Non Bumi Lot,Selangor,,4,0,0,0,0,0,0,0,1,1,2.0,0,0,0,0,0,0,1,1,1,0,1,0,0,0,190000
3,2,1275.0,Freehold,31.0,476.0,Condominium,2.0,High,Non Bumi Lot,Penang,6.0,10,0,0,0,0,0,0,0,1,1,3.0,1,0,1,1,1,0,1,1,1,1,1,0,1,0,588000
3,3,840.0,Freehold,5.0,180.0,Apartment,,,Non Bumi Lot,Selangor,,2,0,0,0,0,0,0,0,1,1,,0,0,0,0,0,0,0,1,1,0,0,0,0,0,200000
3,2,887.0,Freehold,30.0,808.0,Condominium,2.0,High,Non Bumi Lot,Penang,10.0,10,0,0,0,0,0,0,0,1,1,3.0,0,0,1,0,1,1,0,1,1,1,1,1,1,1,495000
3,2,906.0,Leasehold,21.0,565.0,Apartment,,Medium,Non Bumi Lot,Johor,17.0,8,0,0,0,0,0,0,0,1,0,2.0,1,0,1,1,0,0,0,1,1,0,1,0,1,1,268000
3,2,1165.0,Freehold,,406.0,Condominium,2.0,,Non Bumi Lot,Penang,2.0,10,0,0,0,0,0,0,0,1,1,,1,0,1,1,1,1,1,1,1,0,1,0,1,0,520000
3,2,950.0,Leasehold,5.0,,Apartment,1.0,Low,Non Bumi Lot,Selangor,,4,1,0,1,1,0,0,0,1,0,1.0,0,0,0,0,0,1,0,1,1,0,1,0,0,0,230000
4,2,1206.0,Leasehold,,684.0,Condominium,,,Non Bumi Lot,Selangor,,7,0,0,0,1,0,0,1,1,0,,1,0,1,1,0,0,1,0,1,1,0,0,1,0,373000
3,2,1126.0,Freehold,,226.0,Condominium,1.0,Medium,Bumi Lot,Putrajaya,,14,0,0,0,0,0,0,0,0,1,2.0,1,1,1,1,1,1,1,1,1,1,1,1,1,1,363000
3,2,780.0,Leasehold,9.0,344.0,Condominium,1.0,,Non Bumi Lot,Selangor,11.0,6,0,0,1,0,0,0,0,1,0,,1,0,0,1,0,1,0,1,1,0,1,0,0,0,220000
3,2,1036.0,Freehold,33.0,550.0,Condominium,2.0,Medium,Non Bumi Lot,Penang,2.0,11,0,0,0,0,0,0,0,1,1,2.0,1,1,1,1,1,0,1,1,1,1,1,0,1,0,750000
2,1,624.0,Leasehold,,,Flat,,,Non Bumi Lot,Kuala Lumpur,,0,0,1,0,1,1,0,1,1,0,,0,0,0,0,0,0,0,0,0,0,0,0,0,0,175000
3,2,700.0,Freehold,35.0,,Condominium,1.0,High,Non Bumi Lot,Penang,25.0,5,0,0,0,0,0,0,0,1,1,3.0,0,0,0,1,0,1,0,1,1,0,1,0,0,0,245000
3,2,720.0,Freehold,,,Apartment,1.0,Low,Non Bumi Lot,Penang,,3,0,0,0,0,0,0,0,1,1,1.0,0,0,0,0,1,0,0,1,0,0,1,0,0,0,200000
3,4,2185.0,Freehold,6.0,98.0,Condominium,4.0,,Non Bumi Lot,Penang,6.0,13,0,0,0,0,0,0,0,1,1,,1,1,1,1,1,0,1,1,1,1,1,1,1,1,2100000
2,2,430.0,Freehold,,,Service Residence,,Medium,Non Bumi Lot,Kuala Lumpur,2.0,1,1,1,1,1,1,0,1,1,1,2.0,0,0,0,0,0,0,1,0,0,0,0,0,0,0,370000
4,2,1262.0,Freehold,5.0,,Apartment,2.0,Medium,Non Bumi Lot,Selangor,,6,0,0,0,0,0,1,0,1,1,2.0,0,0,1,0,1,0,0,1,1,0,1,0,1,0,410000
3,2,1009.0,Leasehold,36.0,1338.0,Service Residence,2.0,Low,Non Bumi Lot,Kuala Lumpur,6.0,11,1,0,1,1,0,0,0,1,0,1.0,1,0,1,1,1,1,1,1,1,1,1,0,1,0,355000
3,2,1270.0,Freehold,15.0,368.0,Condominium,1.0,Medium,Bumi Lot,Kuala Lumpur,6.0,8,0,0,0,0,0,0,0,0,1,2.0,0,1,0,1,1,0,1,1,1,0,1,0,1,0,360000
3,2,650.0,Freehold,,,Flat,,High,Bumi Lot,Selangor,12.0,7,0,0,0,0,0,0,0,0,1,3.0,0,1,1,1,0,0,0,0,1,1,1,0,1,0,140000
3,2,1012.0,Freehold,23.0,744.0,Service Residence,,,Non Bumi Lot,Selangor,9.0,8,0,0,0,1,0,0,1,1,1,,1,0,1,1,0,1,0,0,1,1,1,0,1,0,278000
3,2,1539.0,Leasehold,,,Condominium,1.0,High,Non Bumi Lot,Sarawak,,5,0,0,0,0,0,0,0,1,0,3.0,0,0,0,0,1,0,0,1,1,0,1,0,1,0,680000
3,2,750.0,Leasehold,5.0,,Flat,,Medium,Bumi Lot,Selangor,,3,0,0,0,0,0,0,0,0,0,2.0,0,0,0,0,0,1,0,0,1,0,1,0,0,0,185000
3,2,900.0,Freehold,,,Apartment,1.0,Medium,Non Bumi Lot,Melaka,,7,0,0,0,0,0,0,0,1,1,2.0,1,0,1,0,1,0,0,1,1,0,1,0,1,0,290000
3,2,856.0,Leasehold,13.0,682.0,Apartment,1.0,Medium,Non Bumi Lot,Selangor,8.0,8,0,0,0,0,0,0,0,1,0,2.0,0,0,0,1,1,1,0,1,1,0,1,1,1,0,255000
4,3,1386.0,Leasehold,20.0,899.0,Condominium,2.0,,Non Bumi Lot,Selangor,10.0,12,0,0,0,0,0,0,0,1,0,,1,0,1,1,1,1,1,1,1,0,1,1,1,1,400000
3,2,1300.0,Freehold,27.0,299.0,Condominium,,High,Non Bumi Lot,Kuala Lumpur,29.0,14,1,1,1,1,1,1,0,1,1,3.0,1,1,1,1,1,1,1,1,1,1,1,1,1,1,708000
3,2,956.0,Freehold,19.0,392.0,Condominium,,,Non Bumi Lot,Selangor,,12,0,0,0,0,0,0,0,1,1,,1,1,1,1,0,1,1,1,1,1,1,0,1,1,320000
4,3,1849.0,Leasehold,7.0,,Condominium,2.0,High,Non Bumi Lot,Selangor,,6,0,0,0,0,0,0,0,1,0,3.0,0,0,0,0,1,1,0,1,1,0,1,0,1,0,500000
3,2,790.0,Freehold,,,Apartment,,High,Non Bumi Lot,Selangor,9.0,0,1,0,0,1,0,0,0,1,1,3.0,0,0,0,0,0,0,0,0,0,0,0,0,0,0,98000
3,2,1068.0,Leasehold,,944.0,Condominium,1.0,Medium,Non Bumi Lot,Johor,7.0,1,0,0,0,0,0,0,0,1,0,2.0,0,0,0,0,0,0,0,0,0,0,0,1,0,0,445000
3,2,900.0,Freehold,5.0,,Apartment,,Low,Bumi Lot,Selangor,26.0,5,1,1,1,1,0,0,1,0,1,1.0,1,0,0,0,0,1,0,1,1,0,1,0,0,0,379000
3,3,1124.0,Freehold,22.0,616.0,Service Residence,2.0,Low,Non Bumi Lot,Selangor,7.0,6,1,1,1,0,1,0,1,1,1,1.0,0,0,1,0,0,0,1,1,1,0,1,0,1,0,498000
3,2,657.0,Freehold,5.0,,Flat,,Medium,Non Bumi Lot,Selangor,,0,0,0,1,1,1,0,0,1,1,2.0,0,0,0,0,0,0,0,0,0,0,0,0,0,0,115000
1,1,579.0,Freehold,,,Condominium,,Low,Non Bumi Lot,Kedah,,0,0,0,0,0,0,0,0,1,1,1.0,0,0,0,0,0,0,0,0,0,0,0,0,0,0,100000
3,2,900.0,Freehold,,,Apartment,1.0,,Non Bumi Lot,Penang,,0,0,0,0,0,0,0,0,1,1,,0,0,0,0,0,0,0,0,0,0,0,0,0,0,421000
3,2,1160.0,Freehold,18.0,68.0,Apartment,2.0,Medium,Non Bumi Lot,Penang,27.0,7,0,0,0,0,0,0,0,1,1,2.0,0,0,1,1,1,0,0,1,0,0,1,0,1,1,890000
2,1,495.0,Leasehold,,,Flat,,Low,Non Bumi Lot,Sarawak,,0,0,0,0,0,0,0,0,1,0,1.0,0,0,0,0,0,0,0,0,0,0,0,0,0,0,78000
3,2,650.0,Freehold,3.0,,Apartment,,Low,Non Bumi Lot,Selangor,8.0,0,0,0,1,1,0,0,0,1,1,1.0,0,0,0,0,0,0,0,0,0,0,0,0,0,0,170000
3,2,865.0,Leasehold,15.0,,Apartment,1.0,High,Bumi Lot,Selangor,,6,0,0,1,1,0,0,0,0,0,3.0,1,1,0,1,0,0,0,1,1,0,1,0,0,0,220000
4,2,864.0,Leasehold,5.0,,Apartment,1.0,Medium,Bumi Lot,Selangor,,3,1,1,1,0,0,0,0,0,0,2.0,0,0,0,0,0,0,0,1,1,0,1,0,0,0,210000
3,1,850.0,Leasehold,,,Apartment,1.0,,Non Bumi Lot,,,0,0,0,0,0,0,0,0,1,0,,0,0,0,0,0,0,0,0,0,0,0,0,0,0,287000
3,1,1349.0,Freehold,,,Condominium,1.0,,Non Bumi Lot,,,8,0,0,0,0,0,0,0,1,1,,1,0,1,1,1,0,0,1,1,0,1,0,1,0,580000
3,2,1000.0,Freehold,20.0,224.0,Condominium,,,Non Bumi Lot,Penang,16.0,0,0,0,0,0,0,0,0,1,1,,0,0,0,0,0,0,0,0,0,0,0,0,0,0,530000
3,2,1195.0,Freehold,18.0,500.0,Condominium,1.0,Medium,Non Bumi Lot,Kuala Lumpur,27.0,7,0,0,0,0,0,0,0,1,1,2.0,0,0,0,1,1,1,0,1,1,0,1,1,0,0,365000
3,2,872.0,Leasehold,11.0,708.0,Apartment,1.0,Low,Non Bumi Lot,Johor,,7,0,0,0,0,0,0,0,1,0,1.0,1,1,1,0,0,0,0,0,1,0,1,0,1,1,250000
3,1,560.0,Freehold,20.0,,Flat,,High,Non Bumi Lot,Penang,18.0,1,0,0,0,0,0,0,0,1,1,3.0,0,0,0,0,1,0,0,0,0,0,0,0,0,0,120000
3,2,1100.0,Leasehold,,,Condominium,2.0,Low,Non Bumi Lot,Sarawak,,6,0,0,0,0,0,0,0,1,0,1.0,0,0,1,0,1,0,0,1,1,0,1,0,1,0,550000
2,1,517.0,Freehold,,,Apartment,,Medium,Non Bumi Lot,Selangor,,1,0,0,0,0,0,0,0,1,1,2.0,0,0,0,0,1,0,0,0,0,0,0,0,0,0,180000
3,3,1313.0,Freehold,,396.0,Condominium,2.0,Low,Non Bumi Lot,Penang,16.0,5,0,0,0,0,0,0,0,1,1,1.0,0,0,0,0,1,0,0,1,1,0,1,0,1,0,919000
3,2,850.0,Freehold,16.0,730.0,Apartment,2.0,Medium,Bumi Lot,Selangor,5.0,7,0,0,1,0,0,0,0,0,1,2.0,0,0,1,1,0,1,1,1,1,0,1,0,0,0,289000
3,2,700.0,Freehold,23.0,433.0,Apartment,1.0,Low,Non Bumi Lot,Penang,24.0,9,0,0,0,0,0,0,0,1,1,1.0,1,0,1,1,0,1,0,1,1,0,1,0,1,1,370000
3,2,650.0,Freehold,27.0,454.0,Apartment,,Medium,Non Bumi Lot,Penang,,3,0,0,0,0,0,0,0,1,1,2.0,0,0,0,0,1,0,0,1,0,0,1,0,0,0,250000
3,2,825.0,Leasehold,,359.0,Apartment,1.0,,Non Bumi Lot,Selangor,2.0,6,1,1,1,0,1,1,0,1,0,,0,0,1,0,1,0,1,0,1,0,1,0,1,0,170000
3,2,1183.0,Freehold,,,Condominium,2.0,Medium,Non Bumi Lot,Penang,,1,0,0,0,0,0,0,0,1,1,2.0,0,0,0,0,0,0,1,0,0,0,0,0,0,0,448000
3,2,915.0,Freehold,,,Apartment,,Low,Non Bumi Lot,Melaka,,0,0,0,0,0,0,0,0,1,1,1.0,0,0,0,0,0,0,0,0,0,0,0,0,0,0,245000
4,2,1353.0,Freehold,,,Apartment,2.0,Medium,Bumi Lot,Johor,,13,0,0,0,0,0,0,0,0,1,2.0,1,1,1,1,1,1,1,1,1,1,1,1,1,0,340000
4,2,1100.0,Freehold,,,Condominium,2.0,Low,Non Bumi Lot,Selangor,,14,0,0,0,0,0,0,0,1,1,1.0,1,1,1,1,1,1,1,1,1,1,1,1,1,1,408000
1,1,578.0,Freehold,35.0,1200.0,Condominium,,High,Non Bumi Lot,Kuala Lumpur,20.0,5,1,1,1,1,1,0,1,1,1,3.0,0,0,1,0,1,0,0,1,0,0,1,0,1,0,495000
2,2,820.0,Freehold,,561.0,Apartment,,Medium,Non Bumi Lot,Johor,9.0,9,0,0,0,0,0,0,0,1,1,2.0,0,0,1,1,0,1,1,1,1,0,1,0,1,1,380000
3,2,700.0,Freehold,21.0,596.0,Apartment,,Medium,Non Bumi Lot,Penang,25.0,2,0,0,0,0,0,0,0,1,1,2.0,0,0,0,0,1,0,0,0,0,0,1,0,0,0,230000
2,2,800.0,Freehold,,,Service Residence,1.0,Medium,Non Bumi Lot,Kuala Lumpur,,10,1,0,0,1,0,0,1,1,1,2.0,1,0,1,0,1,1,1,1,1,1,1,0,1,0,395000
3,2,1616.0,Leasehold,19.0,216.0,Condominium,,Medium,Non Bumi Lot,Johor,24.0,9,0,0,0,0,0,0,0,1,0,2.0,1,1,1,1,0,0,0,1,1,1,1,0,1,0,400000
3,2,1100.0,Leasehold,,109.0,Condominium,1.0,Medium,Non Bumi Lot,Sabah,,9,0,0,0,0,0,0,0,1,0,2.0,1,1,1,0,1,0,0,1,1,1,1,0,1,0,451000
1,1,484.0,Freehold,,1160.0,Service Residence,1.0,,Non Bumi Lot,Johor,10.0,14,0,0,0,0,0,0,0,1,1,,1,1,1,1,1,1,1,1,1,1,1,1,1,1,218000
3,2,1200.0,Freehold,60.0,1516.0,Service Residence,,Medium,Non Bumi Lot,Kuala Lumpur,6.0,11,1,1,1,1,0,0,1,1,1,2.0,1,0,1,1,1,1,0,1,1,1,1,0,1,1,660000
2,2,861.0,Leasehold,,,Condominium,1.0,Medium,Non Bumi Lot,Melaka,,3,0,0,0,0,0,0,0,1,0,2.0,0,0,0,0,1,0,0,1,0,0,1,0,0,0,249900
3,2,950.0,Freehold,13.0,72.0,Condominium,1.0,Medium,Non Bumi Lot,Penang,26.0,5,0,0,0,0,0,0,0,1,1,2.0,0,0,0,0,1,0,0,1,1,0,1,0,1,0,369000
3,2,1009.0,Leasehold,36.0,1338.0,Service Residence,2.0,High,Non Bumi Lot,Kuala Lumpur,6.0,6,1,0,1,1,0,0,0,1,0,3.0,0,0,0,1,0,1,1,0,1,0,1,0,1,0,379000
3,2,987.0,Leasehold,5.0,80.0,Apartment,1.0,High,Non Bumi Lot,Sabah,6.0,7,0,0,0,0,0,0,0,1,0,3.0,1,0,0,1,1,0,0,1,1,0,1,0,1,0,420000
3,2,700.0,Freehold,32.0,988.0,Condominium,1.0,Medium,Non Bumi Lot,Penang,26.0,7,0,0,0,0,0,0,0,1,1,2.0,0,0,1,0,1,0,0,1,1,0,1,0,1,1,350000
3,2,883.0,Leasehold,,,Apartment,1.0,,Non Bumi Lot,Selangor,,2,0,0,1,0,0,0,0,1,0,,0,0,0,0,0,0,0,1,1,0,0,0,0,0,285000
3,2,1288.0,Freehold,21.0,455.0,Condominium,2.0,Medium,Non Bumi Lot,Selangor,8.0,9,0,0,0,0,0,0,0,1,1,2.0,1,0,1,1,1,1,1,0,1,0,1,0,1,0,305000
4,4,2368.0,Freehold,,77.0,Condominium,3.0,Medium,Non Bumi Lot,Kuala Lumpur,14.0,14,1,1,0,1,1,0,1,1,1,2.0,1,1,1,1,1,1,1,1,1,1,1,1,1,1,2368000
2,2,1480.0,Leasehold,,,Condominium,,Medium,Non Bumi Lot,Melaka,,8,0,0,0,0,0,0,0,1,0,2.0,1,0,0,1,1,0,0,1,1,0,1,0,1,1,78000
3,2,1034.0,Freehold,16.0,122.0,Condominium,2.0,,Non Bumi Lot,Penang,16.0,7,0,0,0,0,0,0,0,1,1,,0,0,1,0,1,0,0,1,1,1,1,0,1,0,500000
3,3,1200.0,Freehold,5.0,,Condominium,3.0,Low,Non Bumi Lot,Kuala Lumpur,,3,1,0,1,1,0,0,1,1,1,1.0,1,0,1,0,0,0,1,0,0,0,0,0,0,0,530500
3,2,1050.0,Freehold,20.0,771.0,Condominium,2.0,,Non Bumi Lot,Penang,7.0,6,0,0,0,0,0,0,0,1,1,,0,0,1,1,0,0,0,1,1,0,1,0,1,0,545000
4,3,1500.0,Freehold,27.0,152.0,Service Residence,,Medium,Non Bumi Lot,Kuala Lumpur,14.0,7,1,1,1,1,1,0,1,1,1,2.0,0,0,1,0,1,0,0,1,1,1,1,0,1,0,1100000
3,2,850.0,Freehold,31.0,836.0,Service Residence,2.0,,Non Bumi Lot,Selangor,0.0,3,1,0,1,1,0,0,1,1,1,,1,0,0,1,0,0,0,0,1,0,0,0,0,0,600000
3,2,750.0,Freehold,30.0,500.0,Apartment,1.0,High,Non Bumi Lot,Penang,11.0,9,0,0,0,0,0,0,0,1,1,3.0,1,0,1,1,1,0,1,1,1,0,1,0,1,0,330000
3,2,986.0,Freehold,25.0,585.0,Apartment,2.0,High,Non Bumi Lot,Johor,8.0,13,0,0,0,0,0,0,0,1,1,3.0,1,1,1,1,1,1,1,1,1,1,1,1,1,0,418000
2,1,700.0,Freehold,,,Condominium,1.0,Medium,Non Bumi Lot,Penang,,3,0,0,0,0,0,0,0,1,1,2.0,0,0,0,0,1,0,0,1,0,0,1,0,0,0,560000
2,2,850.0,Freehold,24.0,508.0,Service Residence,2.0,Medium,Bumi Lot,Kuala Lumpur,3.0,9,0,1,0,1,0,0,1,0,1,2.0,1,0,1,1,1,0,1,1,1,0,1,0,1,0,730000
3,2,1049.0,Leasehold,12.0,260.0,Condominium,1.0,Medium,Bumi Lot,Selangor,17.0,8,0,0,0,0,0,0,0,0,0,2.0,0,0,1,1,1,1,0,1,1,0,1,0,1,0,360000
3,2,1006.0,Freehold,,,Apartment,2.0,Medium,Non Bumi Lot,Putrajaya,,0,0,0,0,0,0,0,0,1,1,2.0,0,0,0,0,0,0,0,0,0,0,0,0,0,0,418000
3,2,850.0,Freehold,35.0,1843.0,Service Residence,,Medium,Non Bumi Lot,Johor,4.0,13,0,0,0,0,0,0,0,1,1,2.0,1,1,1,1,0,1,1,1,1,1,1,1,1,1,398000
3,2,1159.0,Freehold,,,Apartment,,Medium,Non Bumi Lot,Penang,,5,0,0,0,0,0,0,0,1,1,2.0,1,0,0,0,1,0,0,1,1,0,1,0,0,0,350000
3,2,950.0,Freehold,,,Service Residence,2.0,Medium,Non Bumi Lot,Johor,,8,0,0,0,0,0,0,0,1,1,2.0,0,0,1,1,1,0,0,1,1,1,1,0,1,0,443000
3,2,840.0,Freehold,25.0,600.0,Service Residence,,,Non Bumi Lot,Selangor,8.0,0,0,0,0,0,0,0,0,1,1,,0,0,0,0,0,0,0,0,0,0,0,0,0,0,360000
3,2,897.0,Leasehold,,704.0,Condominium,1.0,Low,Bumi Lot,Selangor,13.0,10,1,0,0,1,0,0,0,0,0,1.0,1,1,1,0,1,1,1,1,1,0,1,0,1,0,385000
3,2,700.0,Freehold,18.0,112.0,Apartment,1.0,Medium,Non Bumi Lot,Penang,,3,0,0,0,0,0,0,0,1,1,2.0,0,0,0,0,1,0,0,1,0,0,1,0,0,0,412000
3,2,650.0,Leasehold,5.0,1100.0,Apartment,,Low,Non Bumi Lot,Selangor,,7,1,0,0,0,0,1,1,1,0,1.0,1,0,0,1,0,1,1,1,1,0,1,0,0,0,168000
1,1,535.0,Freehold,,,Service Residence,,,Non Bumi Lot,Johor,,7,0,0,0,0,0,0,0,1,1,,0,0,1,0,1,0,1,1,0,1,1,0,1,0,330000
4,3,1500.0,Freehold,,,Condominium,2.0,Low,Non Bumi Lot,Kuala Lumpur,,12,0,0,0,0,0,0,0,1,1,1.0,1,0,1,1,1,1,1,1,1,1,1,0,1,1,850000
3,2,1226.0,Freehold,38.0,473.0,Condominium,2.0,High,Non Bumi Lot,Penang,5.0,8,0,0,0,0,0,0,0,1,1,3.0,0,0,1,0,0,1,0,1,1,1,1,1,1,0,790000
3,3,4500.0,Freehold,13.0,104.0,Condominium,2.0,Medium,Non Bumi Lot,Kuala Lumpur,16.0,0,0,0,0,0,0,0,0,1,1,2.0,0,0,0,0,0,0,0,0,0,0,0,0,0,0,3499999
2,3,950.0,Freehold,,450.0,Condominium,2.0,High,Non Bumi Lot,Penang,1.0,12,0,0,0,0,0,0,0,1,1,3.0,1,1,1,1,1,1,1,1,1,1,1,0,1,0,990000
3,2,1100.0,Freehold,18.0,,Condominium,1.0,Medium,Non Bumi Lot,Kuala Lumpur,24.0,10,1,1,1,1,0,0,1,1,1,2.0,1,0,1,0,1,1,1,1,1,0,1,0,1,1,488000
3,2,830.0,Leasehold,,,Apartment,,Medium,Non Bumi Lot,Kuala Lumpur,,3,0,1,1,1,1,0,1,1,0,2.0,0,0,0,1,0,1,0,0,1,0,0,0,0,0,168000
3,2,450.0,Freehold,,1149.0,Service Residence,2.0,,Non Bumi Lot,Selangor,8.0,11,0,0,0,0,0,0,0,1,1,,1,0,1,1,1,1,1,1,1,1,1,0,1,0,193000
5,4,2987.0,Leasehold,18.0,522.0,Condominium,2.0,Medium,Non Bumi Lot,Selangor,15.0,14,0,0,0,0,0,0,0,1,0,2.0,1,1,1,1,1,1,1,1,1,1,1,1,1,1,1028000
3,2,904.0,Leasehold,,,Apartment,1.0,,Non Bumi Lot,Penang,,6,0,0,0,0,0,0,0,1,0,,0,0,1,1,1,0,0,1,1,0,1,0,0,0,270000
3,2,1055.0,Freehold,,,Apartment,2.0,High,Bumi Lot,Selangor,,14,0,0,0,0,0,0,0,0,1,3.0,1,1,1,1,1,1,1,1,1,1,1,1,1,1,290000
3,3,1300.0,Freehold,26.0,548.0,Condominium,2.0,Low,Non Bumi Lot,Penang,7.0,14,0,0,0,0,0,0,0,1,1,1.0,1,1,1,1,1,1,1,1,1,1,1,1,1,1,660000
2,1,688.0,Freehold,,,Service Residence,1.0,Medium,Non Bumi Lot,Melaka,,0,0,0,0,0,0,0,0,1,1,2.0,0,0,0,0,0,0,0,0,0,0,0,0,0,0,206500
3,2,1114.0,Freehold,,,Condominium,2.0,Medium,Non Bumi Lot,Penang,,8,0,0,0,0,0,0,0,1,1,2.0,1,0,1,0,1,0,1,1,1,0,1,0,1,0,448000
3,2,990.0,Leasehold,21.0,358.0,Condominium,,,Non Bumi Lot,Selangor,10.0,10,0,1,1,1,1,1,1,1,0,,1,1,1,0,0,1,1,1,1,1,1,0,1,0,430000
3,2,789.0,Freehold,,,Apartment,,Low,Non Bumi Lot,Selangor,,0,0,0,0,0,0,0,0,1,1,1.0,0,0,0,0,0,0,0,0,0,0,0,0,0,0,160000
3,2,1100.0,Freehold,14.0,96.0,Condominium,1.0,Low,Non Bumi Lot,Penang,26.0,3,0,0,0,0,0,0,0,1,1,1.0,0,0,0,0,0,0,0,1,0,0,1,0,1,0,640000
3,2,1039.0,Freehold,5.0,,Apartment,,Low,Non Bumi Lot,Selangor,,4,1,1,1,1,0,0,1,1,1,1.0,1,0,0,0,0,0,0,1,1,0,1,0,0,0,430000
3,2,868.0,Freehold,15.0,,Apartment,1.0,Medium,Bumi Lot,Selangor,16.0,6,0,1,0,0,0,1,1,0,1,2.0,0,0,0,0,1,1,1,1,1,0,1,0,0,0,269000
3,2,1222.0,Freehold,16.0,,Condominium,,Low,Non Bumi Lot,Kuala Lumpur,27.0,9,0,0,1,1,0,1,1,1,1,1.0,0,0,1,1,0,1,0,1,1,0,1,1,1,1,378000
3,2,750.0,Leasehold,,,Apartment,,Medium,Non Bumi Lot,Sabah,,4,0,0,0,0,0,0,0,1,0,2.0,0,0,0,0,0,1,0,1,1,0,1,0,0,0,133650
3,2,1018.0,Leasehold,23.0,299.0,Apartment,1.0,Medium,Non Bumi Lot,Selangor,16.0,6,0,1,1,1,1,0,1,1,0,2.0,0,0,0,1,0,1,0,1,1,0,1,0,1,0,288000
2,1,715.0,Freehold,,392.0,Apartment,1.0,Medium,Non Bumi Lot,Johor,,14,0,0,0,0,0,0,0,1,1,2.0,1,1,1,1,1,1,1,1,1,1,1,1,1,1,295000
3,2,800.0,Leasehold,22.0,,Apartment,1.0,,Non Bumi Lot,Penang,18.0,4,0,0,0,0,0,0,0,1,0,,0,0,0,0,1,0,0,1,1,0,1,0,0,0,280000
3,2,1198.0,Leasehold,,537.0,Condominium,,Medium,Bumi Lot,Selangor,7.0,0,1,0,0,0,0,0,1,0,0,2.0,0,0,0,0,0,0,0,0,0,0,0,0,0,0,505000
3,1,861.0,Leasehold,,,Apartment,1.0,,Non Bumi Lot,Sarawak,,0,0,0,0,0,0,0,0,1,0,,0,0,0,0,0,0,0,0,0,0,0,0,0,0,188000
3,2,1100.0,Freehold,30.0,816.0,Condominium,4.0,High,Non Bumi Lot,Penang,7.0,9,0,0,0,0,0,0,0,1,1,3.0,1,0,1,1,1,0,1,1,1,0,1,0,1,0,620000
2,1,650.0,Freehold,,,Flat,,Medium,Non Bumi Lot,Penang,,4,0,0,0,0,0,0,0,1,1,2.0,0,0,0,0,1,1,1,0,0,0,1,0,0,0,165000
3,3,1277.0,Leasehold,15.0,138.0,Condominium,3.0,Medium,Bumi Lot,Selangor,7.0,7,0,0,0,0,0,0,0,0,0,2.0,0,0,1,0,1,0,1,1,1,0,1,0,1,0,660000
3,3,1453.0,Freehold,9.0,208.0,Condominium,2.0,Medium,Non Bumi Lot,Selangor,25.0,7,0,0,0,0,1,0,0,1,1,2.0,1,0,1,0,0,1,0,1,1,0,1,0,1,0,630000
3,2,990.0,Leasehold,58.0,1300.0,Service Residence,2.0,,Non Bumi Lot,Kuala Lumpur,,8,1,1,0,1,1,0,1,1,0,,1,0,1,1,0,0,1,0,1,1,1,0,1,0,578000
3,2,838.0,Freehold,22.0,816.0,Condominium,2.0,,Non Bumi Lot,Penang,16.0,8,0,0,0,0,0,0,0,1,1,,1,0,1,1,1,0,0,1,1,0,1,0,1,0,390000
3,2,1463.0,Leasehold,,1929.0,Condominium,2.0,,Non Bumi Lot,Selangor,10.0,6,0,0,0,0,0,0,0,1,0,,0,0,1,0,0,1,0,1,1,0,1,0,1,0,580000
2,2,780.0,Leasehold,,961.0,Condominium,2.0,Medium,Non Bumi Lot,Johor,4.0,11,0,0,0,0,0,0,0,1,0,2.0,1,0,1,0,1,1,0,1,1,1,1,1,1,1,400000
3,2,860.0,Freehold,27.0,,Condominium,1.0,,Non Bumi Lot,Penang,18.0,7,0,0,0,0,0,0,0,1,1,,1,0,1,0,1,0,0,1,1,0,1,0,1,0,420000
3,2,860.0,Leasehold,,,Apartment,1.0,,Non Bumi Lot,Penang,,6,0,0,0,0,0,0,0,1,0,,0,0,0,0,1,1,1,1,1,0,1,0,0,0,228000
3,2,1048.0,Freehold,10.0,,Apartment,1.0,,Non Bumi Lot,Selangor,33.0,12,1,0,1,1,0,1,1,1,1,,1,1,1,1,1,1,1,1,1,1,1,0,1,0,230000
3,2,950.0,Freehold,25.0,452.0,Condominium,2.0,,Bumi Lot,Putrajaya,6.0,5,0,0,0,0,0,0,0,0,1,,0,0,1,0,1,0,0,1,1,0,0,0,1,0,410000
3,2,1050.0,Leasehold,,,Apartment,,,Non Bumi Lot,Selangor,,1,0,0,0,0,0,0,0,1,0,,0,0,0,0,1,0,0,0,0,0,0,0,0,0,275000
3,2,1130.0,Freehold,,,Service Residence,,,Non Bumi Lot,Sarawak,,0,0,0,0,0,0,0,0,1,1,,0,0,0,0,0,0,0,0,0,0,0,0,0,0,620000
3,2,700.0,Freehold,5.0,50.0,Apartment,1.0,Medium,Non Bumi Lot,Penang,,4,0,0,0,0,0,0,0,1,1,2.0,0,0,0,1,0,1,0,0,0,1,1,0,0,0,248000
3,2,689.0,Freehold,17.0,3.0,Apartment,,Low,Non Bumi Lot,Penang,31.0,0,0,0,0,0,0,0,0,1,1,1.0,0,0,0,0,0,0,0,0,0,0,0,0,0,0,174000
3,2,1116.0,Leasehold,38.0,,Condominium,2.0,,Non Bumi Lot,Penang,13.0,7,0,0,0,0,0,0,0,1,0,,1,0,1,0,1,0,0,1,0,0,1,1,1,0,600000
3,2,1400.0,Freehold,25.0,285.0,Condominium,2.0,Low,Non Bumi Lot,Penang,20.0,8,0,0,0,0,0,0,0,1,1,1.0,1,0,1,0,1,0,0,1,1,1,1,0,1,0,750000
3,2,1250.0,Freehold,,252.0,Condominium,2.0,,Non Bumi Lot,Penang,7.0,6,0,0,0,0,0,0,0,1,1,,1,0,0,1,0,0,0,1,1,1,0,0,1,0,730000
3,2,1007.0,Leasehold,,,Apartment,1.0,Low,Bumi Lot,Sabah,,5,0,0,0,0,0,0,0,0,0,1.0,0,0,1,0,0,0,1,1,1,0,1,0,0,0,250000
3,2,860.0,Leasehold,,,Flat,,,Non Bumi Lot,Melaka,,0,0,0,0,0,0,0,0,1,0,,0,0,0,0,0,0,0,0,0,0,0,0,0,0,120000
4,3,1320.0,Freehold,,,Condominium,2.0,,Non Bumi Lot,,,13,0,0,0,0,0,0,0,1,1,,0,1,1,1,1,1,1,1,1,1,1,1,1,1,928000
2,2,847.0,Freehold,35.0,,Service Residence,,,Non Bumi Lot,Selangor,7.0,0,0,0,0,0,0,0,0,1,1,,0,0,0,0,0,0,0,0,0,0,0,0,0,0,440000
3,2,1009.0,Leasehold,36.0,1338.0,Service Residence,2.0,Low,Non Bumi Lot,Kuala Lumpur,6.0,11,1,0,1,1,0,0,0,1,0,1.0,1,0,1,1,1,1,1,1,1,1,1,0,1,0,470000
3,2,915.0,Freehold,,226.0,Condominium,,High,Non Bumi Lot,Putrajaya,,8,0,0,0,0,0,0,0,1,1,3.0,1,0,1,0,1,0,1,1,1,0,1,0,1,0,380000
2,1,530.0,Leasehold,,,Flat,1.0,High,Bumi Lot,Kuala Lumpur,,3,0,1,0,1,1,0,1,0,0,3.0,0,0,0,0,0,1,0,1,1,0,0,0,0,0,185000
3,2,850.0,Freehold,,635.0,Apartment,2.0,High,Non Bumi Lot,Selangor,4.0,14,0,1,0,0,0,0,0,1,1,3.0,1,1,1,1,1,1,1,1,1,1,1,1,1,1,230000
3,2,1200.0,Freehold,,450.0,Condominium,2.0,High,Non Bumi Lot,Penang,1.0,12,0,0,0,0,0,0,0,1,1,3.0,1,1,1,1,1,1,1,1,1,1,1,0,1,0,1480000
3,2,904.0,Freehold,,,Apartment,1.0,,Non Bumi Lot,,,2,0,0,0,0,0,0,0,1,1,,0,0,0,0,0,0,0,1,0,0,1,0,0,0,300000
3,2,1073.0,Leasehold,,,Apartment,,High,Non Bumi Lot,Selangor,,5,1,1,1,1,0,0,0,1,0,3.0,0,0,1,0,1,1,0,1,0,0,1,0,0,0,550000
3,2,700.0,Freehold,23.0,,Apartment,1.0,High,Non Bumi Lot,Penang,14.0,8,0,0,0,0,0,0,0,1,1,3.0,1,0,1,1,1,0,1,1,1,0,1,0,0,0,393000
3,2,764.0,Leasehold,18.0,200.0,Apartment,,Medium,Bumi Lot,Selangor,17.0,6,1,0,1,1,0,0,1,0,0,2.0,0,0,0,0,1,1,0,1,1,0,1,0,1,0,280000
3,2,770.0,Freehold,,392.0,Apartment,,Medium,Non Bumi Lot,Johor,,14,0,0,0,0,0,0,0,1,1,2.0,1,1,1,1,1,1,1,1,1,1,1,1,1,1,295000
3,2,1100.0,Freehold,,,Condominium,2.0,Medium,Non Bumi Lot,Selangor,,14,0,0,0,0,0,0,0,1,1,2.0,1,1,1,1,1,1,1,1,1,1,1,1,1,1,394000
3,2,1936.0,Leasehold,,,Apartment,3.0,,Non Bumi Lot,Selangor,,1,0,0,0,1,0,0,1,1,0,,0,0,0,0,0,0,1,0,0,0,0,0,0,0,470000
4,2,1600.0,Freehold,24.0,234.0,Condominium,2.0,,Non Bumi Lot,Penang,,1,0,0,0,0,0,0,0,1,1,,0,0,0,0,0,0,0,1,0,0,0,0,0,0,530000
3,2,1141.0,Leasehold,21.0,613.0,Apartment,,Medium,Non Bumi Lot,Johor,2.0,0,0,0,0,0,0,0,0,1,0,2.0,0,0,0,0,0,0,0,0,0,0,0,0,0,0,400000
3,2,800.0,Leasehold,22.0,,Apartment,,,Non Bumi Lot,Penang,18.0,4,0,0,0,0,0,0,0,1,0,,0,0,0,0,1,0,0,1,1,0,1,0,0,0,300000
3,2,1088.0,Freehold,,809.0,Service Residence,,,Non Bumi Lot,Melaka,3.0,9,0,0,0,0,0,0,0,1,1,,1,0,1,0,1,0,1,1,1,1,1,0,1,0,498000
3,2,1431.0,Freehold,15.0,200.0,Condominium,1.0,,Non Bumi Lot,Selangor,36.0,11,0,0,0,0,0,0,0,1,1,,1,0,1,0,1,1,1,1,1,1,1,0,1,1,360000
3,2,1100.0,Freehold,30.0,816.0,Condominium,2.0,High,Non Bumi Lot,Penang,7.0,9,0,0,0,0,0,0,0,1,1,3.0,1,0,1,1,1,0,1,1,1,0,1,0,1,0,580000
3,2,800.0,Leasehold,30.0,249.0,Apartment,1.0,,Non Bumi Lot,Penang,11.0,10,0,0,0,0,0,0,0,1,0,,1,0,1,1,1,0,1,1,1,1,1,0,1,0,420000
2,1,560.0,Leasehold,,,Flat,,Medium,Non Bumi Lot,Kuala Lumpur,,1,1,0,1,1,1,0,0,1,0,2.0,0,0,0,0,1,0,0,0,0,0,0,0,0,0,149000
3,2,1219.0,Freehold,24.0,1235.0,Condominium,2.0,High,Non Bumi Lot,Penang,2.0,10,0,0,0,0,0,0,0,1,1,3.0,1,0,1,1,1,0,1,1,1,1,1,0,1,0,800000
3,3,1195.0,Freehold,,,Condominium,2.0,Medium,Non Bumi Lot,Penang,,0,0,0,0,0,0,0,0,1,1,2.0,0,0,0,0,0,0,0,0,0,0,0,0,0,0,568000
3,2,1100.0,Leasehold,28.0,650.0,Condominium,,,Non Bumi Lot,Kuala Lumpur,6.0,7,1,0,1,1,1,0,0,1,0,,1,0,1,1,0,0,1,1,0,0,1,0,1,0,510000
3,2,1047.0,Freehold,33.0,1106.0,Condominium,2.0,High,Non Bumi Lot,Penang,4.0,8,0,0,0,0,0,0,0,1,1,3.0,1,0,1,1,0,0,1,1,1,0,1,0,1,0,1080000
3,1,592.0,Leasehold,,,Flat,1.0,,Non Bumi Lot,Selangor,,4,0,0,0,0,0,0,0,1,0,,0,0,0,1,0,1,0,1,1,0,0,0,0,0,158000
3,2,850.0,Leasehold,7.0,120.0,Apartment,1.0,Medium,Non Bumi Lot,Selangor,18.0,4,0,0,0,1,0,0,0,1,0,2.0,1,0,0,0,0,0,0,1,1,0,1,0,0,0,290000
3,2,1212.0,Freehold,,538.0,Apartment,,,Non Bumi Lot,Selangor,,2,0,0,0,0,0,0,0,1,1,,0,0,0,0,0,0,0,1,0,0,1,0,0,0,330000
3,2,700.0,Freehold,19.0,180.0,Condominium,1.0,Medium,Non Bumi Lot,Penang,,7,0,0,0,0,0,0,0,1,1,2.0,0,0,0,1,1,0,1,1,1,0,1,0,1,0,245000
3,2,650.0,Leasehold,5.0,720.0,Flat,,,Non Bumi Lot,Selangor,,3,0,0,1,0,0,0,0,1,0,,0,0,0,0,0,1,0,1,1,0,0,0,0,0,90000
3,2,850.0,Freehold,29.0,,Apartment,1.0,High,Non Bumi Lot,Penang,15.0,3,0,0,0,0,0,0,0,1,1,3.0,0,0,0,0,1,0,0,1,0,0,1,0,0,0,340000
4,3,1281.0,Leasehold,22.0,396.0,Condominium,2.0,High,Non Bumi Lot,Penang,6.0,10,0,0,0,0,0,0,0,1,0,3.0,1,1,1,1,1,0,0,1,1,1,1,0,0,1,738000
3,2,897.0,Leasehold,,704.0,Condominium,,Medium,Bumi Lot,Selangor,13.0,8,1,0,0,1,0,0,0,0,0,2.0,1,1,1,0,0,1,0,1,1,0,1,0,1,0,385000
3,2,800.0,Leasehold,6.0,672.0,Apartment,1.0,,Non Bumi Lot,Penang,29.0,7,0,0,0,0,0,0,0,1,0,,1,0,0,1,1,0,0,1,1,0,1,0,1,0,290000
3,2,1100.0,Freehold,30.0,816.0,Condominium,2.0,,Non Bumi Lot,Penang,7.0,8,0,0,0,0,0,0,0,1,1,,1,0,1,1,0,0,1,1,1,0,1,0,1,0,550000
3,2,855.0,Freehold,,576.0,Service Residence,,,Non Bumi Lot,Selangor,,5,0,0,0,0,0,0,0,1,1,,0,0,1,1,0,0,0,1,0,0,1,0,1,0,330000
3,2,934.0,Freehold,,300.0,Condominium,,Low,Non Bumi Lot,Selangor,10.0,11,0,0,0,0,0,0,0,1,1,1.0,1,1,1,1,0,1,1,1,1,1,1,0,1,0,290000
3,2,1302.0,Freehold,,350.0,Condominium,2.0,Medium,Non Bumi Lot,Selangor,11.0,14,0,0,0,0,0,0,0,1,1,2.0,1,1,1,1,1,1,1,1,1,1,1,1,1,1,473000
3,2,918.0,Leasehold,,,Apartment,1.0,,Bumi Lot,Selangor,,6,1,1,1,1,0,0,0,0,0,,0,0,0,0,1,1,1,1,1,0,1,0,0,0,275000
3,2,1000.0,Leasehold,,,Apartment,2.0,High,Non Bumi Lot,Penang,3.0,9,0,0,0,0,0,0,0,1,0,3.0,0,0,1,0,1,1,0,1,1,1,1,0,1,1,495000
3,2,800.0,Freehold,,,Apartment,,High,Non Bumi Lot,Selangor,,2,0,0,0,0,0,0,0,1,1,3.0,0,0,0,0,0,0,0,0,1,0,1,0,0,0,115000
2,2,810.0,Freehold,25.0,2003.0,Service Residence,,,Non Bumi Lot,Johor,4.0,8,0,0,0,0,0,0,0,1,1,,0,0,1,0,1,0,1,1,1,1,1,0,1,0,298000
4,2,833.0,Freehold,20.0,,Apartment,,,Non Bumi Lot,Johor,6.0,8,0,0,0,0,0,0,0,1,1,,1,1,0,0,1,1,0,1,1,0,1,0,1,0,238000
3,2,1011.0,Freehold,23.0,744.0,Service Residence,2.0,High,Non Bumi Lot,Selangor,9.0,10,0,0,0,1,0,0,1,1,1,3.0,1,0,1,0,1,1,1,1,1,1,1,0,1,0,300000
4,2,1100.0,Freehold,,,Condominium,2.0,Medium,Non Bumi Lot,Putrajaya,,14,0,0,0,0,0,0,0,1,1,2.0,1,1,1,1,1,1,1,1,1,1,1,1,1,1,299000
2,2,829.0,Freehold,,,Condominium,2.0,Medium,Non Bumi Lot,Putrajaya,,0,0,0,0,0,0,0,0,1,1,2.0,0,0,0,0,0,0,0,0,0,0,0,0,0,0,399000
3,2,1076.0,Freehold,15.0,,Condominium,1.0,Medium,Non Bumi Lot,Selangor,,7,1,0,1,1,1,0,0,1,1,2.0,0,0,1,0,0,1,0,1,1,0,1,0,1,1,418000
3,2,1006.0,Leasehold,13.0,,Apartment,,Medium,Non Bumi Lot,Johor,14.0,4,0,0,0,0,0,0,0,1,0,2.0,0,0,0,1,0,1,0,0,1,0,1,0,0,0,330000
3,2,1207.0,Leasehold,18.0,250.0,Service Residence,,Medium,Bumi Lot,Kuala Lumpur,10.0,8,1,0,1,1,0,0,0,0,0,2.0,0,1,0,0,1,1,1,1,1,0,1,0,1,0,530000
1,1,465.0,Leasehold,21.0,,Apartment,1.0,High,Non Bumi Lot,Selangor,19.0,8,0,0,0,0,0,0,0,1,0,3.0,0,0,1,0,1,1,0,1,1,1,1,0,1,0,168000
3,2,818.0,Freehold,20.0,300.0,Apartment,2.0,Low,Bumi Lot,Johor,,8,0,0,0,0,0,0,0,0,1,1.0,1,0,1,0,1,0,1,1,1,0,1,0,1,0,368000
3,2,700.0,Freehold,19.0,322.0,Apartment,1.0,Low,Non Bumi Lot,Penang,24.0,7,0,0,0,0,0,0,0,1,1,1.0,0,0,1,0,1,1,0,1,1,0,1,0,1,0,368000
3,2,1302.0,Leasehold,4.0,199.0,Apartment,1.0,Medium,Bumi Lot,Selangor,13.0,5,0,0,0,0,0,0,0,0,0,2.0,0,1,1,0,0,0,0,0,1,0,1,0,1,0,330000
3,2,700.0,Freehold,19.0,322.0,Apartment,1.0,Low,Non Bumi Lot,Penang,24.0,7,0,0,0,0,0,0,0,1,1,1.0,0,0,1,0,1,1,0,1,1,0,1,0,1,0,368000
3,2,850.0,Freehold,15.0,,Condominium,,,Bumi Lot,Selangor,10.0,6,1,0,0,1,0,0,0,0,1,,0,0,1,0,0,1,1,1,0,0,1,0,1,0,280000
2,1,581.0,Leasehold,36.0,816.0,Service Residence,1.0,High,Non Bumi Lot,Selangor,2.0,8,1,1,1,1,0,0,1,1,0,3.0,0,0,1,1,1,0,1,1,1,0,1,0,1,0,520000
3,1,657.0,Freehold,5.0,,Apartment,,High,Bumi Lot,Selangor,,0,0,0,0,0,0,0,0,0,1,3.0,0,0,0,0,0,0,0,0,0,0,0,0,0,0,225000
2,1,521.0,Freehold,13.0,1020.0,Apartment,,Medium,Non Bumi Lot,Penang,,0,0,0,0,0,0,0,0,1,1,2.0,0,0,0,0,0,0,0,0,0,0,0,0,0,0,130000
3,2,1000.0,Freehold,,,Condominium,2.0,Medium,Non Bumi Lot,Penang,,9,0,0,0,0,0,0,0,1,1,2.0,1,1,1,1,1,0,0,1,1,0,1,0,1,0,410000
1,1,500.0,Freehold,,,Service Residence,,Medium,Non Bumi Lot,,,7,0,0,0,0,0,0,0,1,1,2.0,1,0,1,0,0,0,0,0,1,1,1,1,1,0,430000
3,2,1490.0,Leasehold,,,Condominium,2.0,Low,Non Bumi Lot,Kuala Lumpur,,14,0,0,0,0,0,0,0,1,0,1.0,1,1,1,1,1,1,1,1,1,1,1,1,1,1,599900
3,2,800.0,Leasehold,22.0,,Apartment,1.0,,Non Bumi Lot,Penang,18.0,4,0,0,0,0,0,0,0,1,0,,0,0,0,0,1,0,0,1,1,0,1,0,0,0,250000
3,2,1010.0,Freehold,,1160.0,Service Residence,1.0,Medium,Non Bumi Lot,Johor,10.0,11,0,0,0,0,0,0,0,1,1,2.0,0,0,1,1,1,1,1,1,1,1,1,0,1,1,395000
3,2,721.0,Leasehold,15.0,,Apartment,1.0,,Bumi Lot,Kuala Lumpur,15.0,4,1,1,0,1,0,1,1,0,0,,0,0,0,1,0,1,0,1,1,0,0,0,0,0,229999
3,2,710.0,Leasehold,5.0,40.0,Apartment,1.0,,Non Bumi Lot,Selangor,,0,0,0,0,0,0,0,0,1,0,,0,0,0,0,0,0,0,0,0,0,0,0,0,0,280000
3,2,1012.0,Freehold,,437.0,Condominium,,,Non Bumi Lot,Kuala Lumpur,29.0,9,1,0,1,1,0,0,0,1,1,,1,0,0,0,0,1,0,1,1,1,1,1,1,1,360000
2,1,550.0,Freehold,,,Flat,1.0,Low,Non Bumi Lot,Selangor,,3,0,0,0,0,0,0,0,1,1,1.0,0,0,0,0,0,1,0,1,1,0,0,0,0,0,175000
3,2,770.0,Freehold,,,Flat,,Low,Non Bumi Lot,Johor,,0,0,0,0,0,0,0,0,1,1,1.0,0,0,0,0,0,0,0,0,0,0,0,0,0,0,190000
3,2,1056.0,Leasehold,,,Apartment,,Low,Non Bumi Lot,Pahang,,11,0,0,0,0,0,0,0,1,0,1.0,1,0,1,1,1,1,1,1,1,1,1,0,1,0,600000
3,2,900.0,Leasehold,12.0,,Apartment,,,Non Bumi Lot,Selangor,,5,0,0,0,1,0,0,0,1,0,,0,0,0,0,0,0,0,1,1,0,1,0,1,1,300000
3,3,1200.0,Freehold,,,Condominium,2.0,Medium,Non Bumi Lot,Kuala Lumpur,,9,0,0,0,0,0,0,0,1,1,2.0,1,0,1,0,1,1,1,1,1,0,1,0,1,0,530000
3,2,700.0,Freehold,7.0,36.0,Apartment,1.0,,Non Bumi Lot,Penang,,0,0,0,0,0,0,0,0,1,1,,0,0,0,0,0,0,0,0,0,0,0,0,0,0,430000
3,2,805.0,Leasehold,6.0,,Condominium,1.0,Low,Bumi Lot,Selangor,18.0,4,0,0,0,0,0,0,0,0,0,1.0,0,0,0,0,1,1,0,1,0,0,1,0,0,0,317000
3,2,852.0,Leasehold,5.0,,Apartment,,,Non Bumi Lot,Selangor,8.0,4,1,1,1,1,0,0,1,1,0,,1,0,0,0,0,0,0,1,1,0,1,0,0,0,180000
3,2,1600.0,Leasehold,,,Condominium,,Medium,Non Bumi Lot,Sarawak,,0,0,0,0,0,0,0,0,1,0,2.0,0,0,0,0,0,0,0,0,0,0,0,0,0,0,530000
3,2,850.0,Freehold,15.0,,Apartment,,Medium,Non Bumi Lot,Johor,,7,0,0,0,0,0,0,0,1,1,2.0,0,0,0,1,1,1,0,1,1,0,1,0,1,0,295000
1,1,450.0,Freehold,38.0,1424.0,Service Residence,1.0,Medium,Non Bumi Lot,Selangor,6.0,14,0,0,0,0,0,0,0,1,1,2.0,1,1,1,1,1,1,1,1,1,1,1,1,1,1,190000
3,2,1001.0,Leasehold,21.0,391.0,Service Residence,2.0,High,Non Bumi Lot,Selangor,9.0,9,1,0,0,1,0,0,0,1,0,3.0,1,0,1,0,1,1,1,1,1,0,1,0,1,0,448000
3,2,1144.0,Leasehold,29.0,1709.0,Condominium,1.0,Medium,Bumi Lot,Selangor,12.0,3,0,0,0,1,0,0,1,0,0,2.0,0,0,0,1,0,0,0,1,0,0,0,0,1,0,329999
3,2,850.0,Leasehold,10.0,20.0,Apartment,1.0,Low,Bumi Lot,Selangor,23.0,5,0,0,1,1,1,0,0,0,0,1.0,0,0,0,0,1,0,0,1,1,0,1,0,1,0,245000
1,1,391.0,Leasehold,,,Condominium,1.0,Low,Non Bumi Lot,Sabah,,6,0,0,0,0,0,0,0,1,0,1.0,0,0,1,1,0,1,0,0,1,0,1,0,1,0,180000
2,2,1050.0,Leasehold,40.0,1360.0,Service Residence,2.0,High,Non Bumi Lot,Melaka,6.0,11,0,0,0,0,0,0,0,1,0,3.0,1,0,1,0,1,1,1,1,1,1,1,1,1,0,525000
3,2,700.0,Leasehold,22.0,754.0,Condominium,1.0,High,Non Bumi Lot,Penang,15.0,8,0,0,0,0,0,0,0,1,0,3.0,1,0,0,0,1,0,1,1,1,0,1,0,1,1,388000
3,2,650.0,Leasehold,,,Flat,,High,Bumi Lot,Johor,,0,0,0,0,0,0,0,0,0,0,3.0,0,0,0,0,0,0,0,0,0,0,0,0,0,0,125000
3,3,1598.0,Freehold,42.0,670.0,Condominium,2.0,Medium,Non Bumi Lot,Penang,6.0,8,0,0,0,0,0,0,0,1,1,2.0,1,0,1,0,1,0,1,1,1,0,1,0,1,0,630000
3,2,1210.0,Leasehold,21.0,482.0,Condominium,,,Bumi Lot,Selangor,7.0,0,0,0,0,0,0,0,0,0,0,,0,0,0,0,0,0,0,0,0,0,0,0,0,0,400000
3,2,800.0,Leasehold,18.0,200.0,Apartment,1.0,High,Bumi Lot,Selangor,17.0,6,1,0,1,1,0,0,1,0,0,3.0,0,0,0,1,0,0,1,1,1,0,1,0,1,0,260000
3,2,1338.0,Leasehold,,,Condominium,2.0,High,Non Bumi Lot,Sabah,,5,0,0,0,0,0,0,0,1,0,3.0,0,0,1,0,1,0,0,1,0,0,1,0,1,0,950000
4,2,1328.0,Leasehold,25.0,800.0,Condominium,2.0,High,Non Bumi Lot,Kuala Lumpur,9.0,10,1,1,1,1,1,0,0,1,0,3.0,1,0,1,1,1,1,1,1,1,0,1,0,1,0,529000
3,2,786.0,Freehold,22.0,816.0,Condominium,1.0,High,Non Bumi Lot,Penang,16.0,8,0,0,0,0,0,0,0,1,1,3.0,1,0,1,1,0,0,0,1,1,0,1,1,1,0,345000
2,2,1077.0,Leasehold,8.0,89.0,Apartment,2.0,,Non Bumi Lot,Sarawak,,10,0,0,0,0,0,0,0,1,0,,0,0,1,0,1,1,0,1,1,1,1,1,1,1,580000
3,2,815.0,Freehold,5.0,,Apartment,,,Non Bumi Lot,Selangor,,0,0,0,0,0,0,0,0,1,1,,0,0,0,0,0,0,0,0,0,0,0,0,0,0,245000
3,2,1190.0,Leasehold,,,Condominium,2.0,,Non Bumi Lot,Sarawak,,0,0,0,0,0,0,0,0,1,0,,0,0,0,0,0,0,0,0,0,0,0,0,0,0,460000
2,2,769.0,Freehold,21.0,613.0,Condominium,2.0,Medium,Non Bumi Lot,Johor,2.0,8,0,0,0,0,0,0,0,1,1,2.0,0,0,1,1,1,1,0,1,1,0,1,0,1,0,380000
3,2,904.0,Freehold,36.0,310.0,Condominium,2.0,,Non Bumi Lot,Melaka,2.0,2,0,0,0,0,0,0,0,1,1,,0,0,0,0,0,0,0,1,0,0,1,0,0,0,438000
3,2,1036.0,Freehold,33.0,550.0,Condominium,2.0,High,Non Bumi Lot,Penang,2.0,11,0,0,0,0,0,0,0,1,1,3.0,1,1,1,1,1,0,1,1,1,1,1,0,1,0,780000
3,2,1216.0,Freehold,,,Service Residence,2.0,Medium,Non Bumi Lot,Putrajaya,,14,0,0,0,0,0,0,0,1,1,2.0,1,1,1,1,1,1,1,1,1,1,1,1,1,1,500000
3,2,550.0,Leasehold,,,Flat,,High,Non Bumi Lot,Kuala Lumpur,,0,0,0,0,0,0,0,0,1,0,3.0,0,0,0,0,0,0,0,0,0,0,0,0,0,0,175000
3,2,1023.0,Leasehold,5.0,208.0,Condominium,1.0,High,Non Bumi Lot,Kuala Lumpur,22.0,6,1,0,1,1,0,0,1,1,0,3.0,0,0,0,0,1,1,0,1,1,0,1,0,1,0,377000
3,2,1043.0,Freehold,,326.0,Condominium,1.0,Medium,Bumi Lot,Selangor,14.0,6,0,0,1,0,0,0,0,0,1,2.0,1,0,1,1,0,0,1,0,0,0,1,0,1,0,369000
1,1,450.0,Freehold,40.0,946.0,Condominium,,,Non Bumi Lot,Selangor,7.0,0,0,0,0,0,0,0,0,1,1,,0,0,0,0,0,0,0,0,0,0,0,0,0,0,200000
2,3,1162.0,Freehold,40.0,811.0,Condominium,,High,Non Bumi Lot,Kuala Lumpur,12.0,9,1,0,1,1,1,0,1,1,1,3.0,1,1,1,0,1,1,0,1,1,0,1,0,1,0,1200000
3,1,650.0,Freehold,,,Condominium,,High,Bumi Lot,Selangor,,0,1,0,0,0,0,0,0,0,1,3.0,0,0,0,0,0,0,0,0,0,0,0,0,0,0,145000
2,2,700.0,Leasehold,,,Apartment,,Low,Non Bumi Lot,Penang,,0,0,0,0,0,0,0,0,1,0,1.0,0,0,0,0,0,0,0,0,0,0,0,0,0,0,255000
1,1,605.0,Freehold,,,Service Residence,,Medium,Non Bumi Lot,Negeri Sembilan,,7,0,0,0,0,0,0,0,1,1,2.0,0,0,1,0,1,0,0,1,1,1,1,0,1,0,218800
3,2,1050.0,Freehold,4.0,,Service Residence,1.0,Medium,Non Bumi Lot,Johor,,0,0,0,0,0,0,0,0,1,1,2.0,0,0,0,0,0,0,0,0,0,0,0,0,0,0,335000
3,2,900.0,Freehold,38.0,473.0,Condominium,2.0,Low,Non Bumi Lot,Penang,5.0,10,0,0,0,0,0,0,0,1,1,1.0,1,0,1,0,1,1,0,1,1,1,1,1,1,0,750000
3,2,907.0,Freehold,,256.0,Condominium,1.0,,Non Bumi Lot,Selangor,14.0,8,1,0,1,1,0,0,0,1,1,,1,1,1,0,0,0,1,1,1,0,1,0,1,0,350000
2,2,1005.0,Freehold,,1050.0,Condominium,1.0,,Non Bumi Lot,Johor,5.0,12,0,0,0,0,0,0,0,1,1,,1,0,1,1,1,0,1,1,1,1,1,1,1,1,540000
3,2,750.0,Freehold,,,Apartment,,Low,Bumi Lot,Selangor,,13,0,0,0,0,0,0,0,0,1,1.0,1,1,1,1,1,1,1,1,1,1,1,1,0,1,250000
3,2,1155.0,Leasehold,,,Condominium,2.0,,Non Bumi Lot,Penang,,0,0,0,0,0,0,0,0,1,0,,0,0,0,0,0,0,0,0,0,0,0,0,0,0,700000
2,2,680.0,Leasehold,,,Apartment,1.0,Low,Bumi Lot,,,3,0,0,0,0,0,0,0,0,0,1.0,0,0,0,0,0,0,0,1,1,0,1,0,0,0,180000
3,2,1004.0,Freehold,,,Condominium,3.0,Medium,Non Bumi Lot,Kuala Lumpur,,14,0,0,0,0,0,0,0,1,1,2.0,1,1,1,1,1,1,1,1,1,1,1,1,1,1,400000
3,2,850.0,Leasehold,20.0,1440.0,Condominium,1.0,Low,Non Bumi Lot,Selangor,8.0,5,0,0,0,0,0,0,0,1,0,1.0,0,0,0,0,1,1,0,1,1,0,1,0,0,0,245000
3,2,1002.0,Freehold,14.0,780.0,Apartment,1.0,Low,Non Bumi Lot,Penang,3.0,0,0,0,0,0,0,0,0,1,1,1.0,0,0,0,0,0,0,0,0,0,0,0,0,0,0,360000
4,2,864.0,Leasehold,5.0,,Apartment,1.0,Low,Non Bumi Lot,Selangor,,4,1,1,1,0,0,0,0,1,0,1.0,1,0,0,0,0,0,0,1,1,0,1,0,0,0,285000
4,3,1300.0,Freehold,,,Condominium,2.0,Medium,Non Bumi Lot,Putrajaya,,14,0,0,0,0,0,0,0,1,1,2.0,1,1,1,1,1,1,1,1,1,1,1,1,1,1,300000
3,2,948.0,Freehold,26.0,462.0,Service Residence,1.0,Medium,Non Bumi Lot,Kuala Lumpur,6.0,10,0,0,0,0,0,0,0,1,1,2.0,0,1,1,1,1,1,1,1,1,0,1,1,0,0,415000
3,2,850.0,Leasehold,20.0,1440.0,Condominium,1.0,Medium,Bumi Lot,Selangor,8.0,3,0,0,0,0,0,0,0,0,0,2.0,0,0,0,0,1,0,0,1,0,0,1,0,0,0,259000
3,2,1100.0,Freehold,20.0,424.0,Condominium,2.0,Medium,Non Bumi Lot,Selangor,6.0,11,0,0,0,0,0,1,0,1,1,2.0,1,1,1,1,1,0,1,1,1,1,1,0,1,0,480000
3,2,1222.0,Freehold,16.0,,Condominium,1.0,,Non Bumi Lot,Kuala Lumpur,27.0,11,0,0,1,1,0,1,1,1,1,,0,0,1,1,1,1,0,1,1,1,1,1,1,1,368000
3,2,800.0,Freehold,22.0,1343.0,Condominium,1.0,,Non Bumi Lot,Penang,6.0,13,0,0,0,0,0,0,0,1,1,,0,1,1,1,1,1,1,1,1,1,1,1,1,1,600000
3,2,687.0,Leasehold,,,Apartment,1.0,High,Bumi Lot,Selangor,,2,0,0,0,1,0,0,0,0,0,3.0,0,0,0,0,0,0,0,0,1,0,1,0,0,0,135000
3,2,947.0,Freehold,,,Condominium,2.0,High,Bumi Lot,Putrajaya,,14,0,0,0,0,0,0,0,0,1,3.0,1,1,1,1,1,1,1,1,1,1,1,1,1,1,452000
3,2,1100.0,Freehold,14.0,96.0,Condominium,,,Non Bumi Lot,Penang,26.0,4,0,0,0,0,0,0,0,1,1,,0,0,0,0,1,0,0,1,0,0,1,0,1,0,590000
3,2,1000.0,Leasehold,38.0,900.0,Apartment,2.0,Medium,Non Bumi Lot,Kuala Lumpur,0.0,6,1,0,1,1,0,0,0,1,0,2.0,1,0,1,0,0,0,1,0,1,1,0,0,1,0,445000
3,2,700.0,Leasehold,,,Apartment,1.0,,Non Bumi Lot,Selangor,,4,0,0,0,0,0,0,0,1,0,,0,0,0,1,0,0,0,1,0,0,1,0,1,0,190000
3,2,743.0,Freehold,,,Apartment,1.0,Low,Non Bumi Lot,Selangor,,3,0,0,0,0,0,0,0,1,1,1.0,0,0,0,0,1,0,0,1,1,0,0,0,0,0,220000
3,3,1302.0,Freehold,,,Condominium,2.0,Medium,Non Bumi Lot,Penang,,9,0,0,0,0,0,0,0,1,1,2.0,0,0,1,0,1,1,0,1,1,1,1,1,1,0,825000
3,2,1130.0,Freehold,24.0,384.0,Condominium,1.0,High,Non Bumi Lot,Kuala Lumpur,,0,1,1,0,1,0,0,1,1,1,3.0,0,0,0,0,0,0,0,0,0,0,0,0,0,0,328000
3,2,738.0,Leasehold,,,Apartment,1.0,High,Non Bumi Lot,Selangor,,6,0,0,0,0,0,0,0,1,0,3.0,0,0,1,0,1,0,0,1,1,0,1,0,1,0,230000
3,2,751.0,Leasehold,5.0,,Apartment,,High,Bumi Lot,Selangor,20.0,4,0,0,0,1,0,0,0,0,0,3.0,0,0,0,0,0,1,0,1,1,0,1,0,0,0,180000
3,2,700.0,Freehold,5.0,750.0,Apartment,1.0,Medium,Bumi Lot,Selangor,,2,1,0,0,0,0,0,0,0,1,2.0,0,0,0,0,0,0,0,0,1,0,1,0,0,0,195000
1,1,450.0,Freehold,24.0,400.0,Condominium,,,Non Bumi Lot,Selangor,8.0,6,1,1,1,1,0,0,0,1,1,,1,0,1,0,0,0,0,0,1,1,1,0,1,0,210000
3,2,650.0,Freehold,,,Apartment,1.0,,Non Bumi Lot,Selangor,,0,0,0,0,1,0,0,1,1,1,,0,0,0,0,0,0,0,0,0,0,0,0,0,0,130000
2,2,700.0,Freehold,49.0,480.0,Service Residence,1.0,High,Non Bumi Lot,Penang,5.0,9,0,0,0,0,0,0,0,1,1,3.0,1,0,1,0,1,0,1,1,1,1,1,0,1,0,500000
3,2,1174.0,Leasehold,24.0,312.0,Apartment,1.0,Low,Bumi Lot,Selangor,18.0,13,0,0,0,0,0,0,0,0,0,1.0,1,0,1,1,1,1,1,1,1,1,1,1,1,1,595000
2,1,550.0,Freehold,17.0,224.0,Apartment,1.0,Low,Non Bumi Lot,Penang,28.0,3,0,0,0,0,0,0,0,1,1,1.0,0,0,0,0,1,0,0,1,0,0,1,0,0,0,210000
1,1,450.0,Leasehold,,196.0,Condominium,,,Non Bumi Lot,Selangor,11.0,0,1,1,1,1,1,0,0,1,0,,0,0,0,0,0,0,0,0,0,0,0,0,0,0,240000
3,2,870.0,Leasehold,18.0,,Apartment,1.0,Medium,Bumi Lot,Selangor,,8,0,0,0,0,0,0,0,0,0,2.0,0,0,1,0,1,1,0,1,1,0,1,1,1,0,255000
3,2,800.0,Leasehold,,,Apartment,2.0,Medium,Non Bumi Lot,,,0,0,0,0,0,0,0,0,1,0,2.0,0,0,0,0,0,0,0,0,0,0,0,0,0,0,438000
3,2,850.0,Leasehold,,,Apartment,2.0,,Non Bumi Lot,Selangor,,6,1,0,1,1,0,0,0,1,0,,0,0,0,1,1,0,1,1,1,0,1,0,0,0,270000
3,2,750.0,Freehold,,,Apartment,,Medium,Non Bumi Lot,Sarawak,,0,0,0,0,0,0,0,0,1,1,2.0,0,0,0,0,0,0,0,0,0,0,0,0,0,0,175000
2,2,950.0,Leasehold,,,Condominium,1.0,Medium,Non Bumi Lot,Sabah,,4,0,0,0,0,0,0,0,1,0,2.0,0,0,0,0,0,0,0,1,1,0,1,0,1,0,560000
3,2,881.0,Freehold,,,Service Residence,2.0,Medium,Bumi Lot,Kuala Lumpur,,9,1,0,0,1,0,0,1,0,1,2.0,1,0,1,0,1,1,1,1,1,0,1,0,1,0,610000
1,1,517.0,Freehold,7.0,297.0,Condominium,2.0,Medium,Non Bumi Lot,Penang,9.0,5,0,0,0,0,0,0,0,1,1,2.0,0,0,0,0,1,0,0,1,1,0,1,0,1,0,730000
3,2,1045.0,Freehold,13.0,445.0,Apartment,,,Non Bumi Lot,Selangor,16.0,6,0,0,0,0,0,1,0,1,1,,1,0,0,1,0,1,0,1,1,0,1,0,0,0,235000
2,2,1311.0,Freehold,30.0,151.0,Condominium,2.0,Medium,Non Bumi Lot,Kuala Lumpur,16.0,14,1,1,1,1,0,0,1,1,1,2.0,1,1,1,1,1,1,1,1,1,1,1,1,1,1,350000
3,2,1088.0,Freehold,,809.0,Service Residence,2.0,Medium,Non Bumi Lot,Melaka,3.0,4,0,0,0,0,0,0,0,1,1,2.0,0,0,1,0,0,0,0,0,1,1,0,0,1,0,568000
3,2,900.0,Freehold,,,Apartment,1.0,Medium,Non Bumi Lot,,,3,0,0,0,0,0,0,0,1,1,2.0,0,0,0,0,0,1,0,1,0,0,1,0,0,0,228000
3,2,1237.0,Freehold,8.0,67.0,Apartment,2.0,Medium,Non Bumi Lot,Selangor,,6,0,0,0,0,0,0,0,1,1,2.0,0,0,0,0,1,1,1,1,1,0,1,0,0,0,365000
3,2,1063.0,Freehold,,,Apartment,,Medium,Non Bumi Lot,Selangor,,5,0,0,0,0,0,0,0,1,1,2.0,0,0,1,0,0,0,1,1,1,0,1,0,0,0,220000
3,2,838.0,Freehold,22.0,816.0,Condominium,1.0,,Non Bumi Lot,Penang,16.0,9,0,0,0,0,0,0,0,1,1,,1,0,1,1,1,0,0,1,1,0,1,1,1,0,420000
3,2,850.0,Freehold,5.0,,Apartment,,,Non Bumi Lot,Selangor,,2,0,0,0,0,0,0,0,1,1,,0,0,0,0,0,0,0,1,0,0,1,0,0,0,248000
2,1,550.0,Freehold,,,Flat,,High,Non Bumi Lot,Selangor,,0,0,0,0,0,0,0,0,1,1,3.0,0,0,0,0,0,0,0,0,0,0,0,0,0,0,65000
3,2,1053.0,Freehold,5.0,469.0,Apartment,2.0,,Non Bumi Lot,Selangor,7.0,5,0,0,0,0,0,0,0,1,1,,0,0,0,1,0,0,1,1,1,0,1,0,0,0,225500
3,2,1184.0,Freehold,,,Apartment,,,Non Bumi Lot,Johor,,0,0,0,0,0,0,0,0,1,1,,0,0,0,0,0,0,0,0,0,0,0,0,0,0,338000
3,2,954.0,Freehold,,512.0,Service Residence,1.0,Medium,Non Bumi Lot,Johor,10.0,9,0,0,0,0,0,0,0,1,1,2.0,1,0,1,1,1,1,0,1,1,0,1,0,1,0,368000
1,1,548.0,Leasehold,,,Service Residence,1.0,,Non Bumi Lot,Sarawak,,0,0,0,0,0,0,0,0,1,0,,0,0,0,0,0,0,0,0,0,0,0,0,0,0,165000
3,2,750.0,Leasehold,,,Apartment,1.0,Medium,Non Bumi Lot,Selangor,,8,0,0,0,0,0,0,0,1,0,2.0,1,0,0,1,0,1,1,1,1,0,1,0,1,0,270000
3,2,1040.0,Freehold,,,Apartment,,Medium,Bumi Lot,Sabah,,0,0,0,0,0,0,0,0,0,1,2.0,0,0,0,0,0,0,0,0,0,0,0,0,0,0,270000
3,2,1173.0,Freehold,,,Condominium,2.0,High,Non Bumi Lot,,,14,0,0,0,0,0,0,0,1,1,3.0,1,1,1,1,1,1,1,1,1,1,1,1,1,1,620000
3,2,861.0,Freehold,,,Apartment,,Medium,Bumi Lot,Johor,,2,0,0,0,0,0,0,0,0,1,2.0,0,0,0,0,0,0,0,1,0,0,1,0,0,0,290000
3,2,1300.0,Freehold,10.0,,Condominium,1.0,Medium,Non Bumi Lot,Penang,,7,0,0,0,0,0,0,0,1,1,2.0,0,0,0,0,1,1,0,1,0,1,1,1,1,0,435000
3,2,700.0,Leasehold,5.0,,Apartment,1.0,High,Non Bumi Lot,Selangor,,4,1,0,1,1,0,0,1,1,0,3.0,0,0,0,0,1,0,0,1,1,0,1,0,0,0,128000
3,2,950.0,Leasehold,,,Apartment,,High,Non Bumi Lot,Johor,,0,0,0,0,0,0,0,0,1,0,3.0,0,0,0,0,0,0,0,0,0,0,0,0,0,0,288000
4,3,2214.0,Freehold,22.0,576.0,Service Residence,4.0,High,Non Bumi Lot,Selangor,5.0,11,1,1,1,1,0,0,0,1,1,3.0,1,1,1,1,0,1,1,1,1,1,1,0,1,0,950000
3,2,1214.0,Freehold,,374.0,Service Residence,1.0,Medium,Non Bumi Lot,Johor,,12,0,0,0,0,0,0,0,1,1,2.0,1,0,1,1,1,1,0,1,1,1,1,1,1,1,520000
3,1,650.0,Freehold,,,Condominium,,High,Bumi Lot,Selangor,,0,1,0,0,0,0,0,0,0,1,3.0,0,0,0,0,0,0,0,0,0,0,0,0,0,0,130000
3,2,700.0,Freehold,21.0,520.0,Apartment,1.0,Medium,Non Bumi Lot,Penang,24.0,2,0,0,0,0,0,0,0,1,1,2.0,0,0,0,0,1,0,0,1,0,0,0,0,0,0,350000
4,3,1646.0,Freehold,44.0,378.0,Condominium,2.0,Medium,Non Bumi Lot,Penang,5.0,9,0,0,0,0,0,0,0,1,1,2.0,1,0,1,0,1,0,1,1,1,1,1,0,1,0,835000
3,2,1222.0,Freehold,8.0,67.0,Apartment,2.0,Low,Non Bumi Lot,Selangor,,4,0,0,0,0,0,0,0,1,1,1.0,0,0,0,1,0,0,0,1,1,0,1,0,0,0,415000
1,1,547.0,Freehold,,1196.0,Condominium,1.0,High,Non Bumi Lot,Selangor,4.0,10,0,0,0,0,0,0,1,1,1,3.0,1,0,1,0,1,1,1,1,1,1,1,0,1,0,320000
3,2,982.0,Leasehold,,,Condominium,2.0,High,Non Bumi Lot,Sabah,6.0,7,0,0,0,0,0,0,0,1,0,3.0,0,0,1,0,1,1,0,1,1,0,1,0,1,0,550000
3,2,850.0,Freehold,20.0,,Apartment,1.0,High,Non Bumi Lot,Johor,6.0,8,0,0,0,0,0,0,0,1,1,3.0,1,1,0,0,1,1,0,1,1,0,1,0,1,0,199000
2,1,624.0,Leasehold,,,Apartment,,Medium,Non Bumi Lot,Sarawak,,0,0,0,0,0,0,0,0,1,0,2.0,0,0,0,0,0,0,0,0,0,0,0,0,0,0,138000
3,1,614.0,Freehold,5.0,,Apartment,,Low,Non Bumi Lot,Penang,,0,0,0,0,0,0,0,0,1,1,1.0,0,0,0,0,0,0,0,0,0,0,0,0,0,0,190000
3,2,890.0,Leasehold,16.0,196.0,Apartment,1.0,Medium,Non Bumi Lot,Johor,15.0,10,0,0,0,0,0,0,0,1,0,2.0,1,1,0,1,1,1,1,1,1,0,1,0,1,0,315000
2,2,798.0,Freehold,35.0,3224.0,Service Residence,1.0,High,Non Bumi Lot,Johor,5.0,13,0,0,0,0,0,0,0,1,1,3.0,1,1,1,1,1,1,1,1,1,1,1,1,1,0,772090
3,2,863.0,Leasehold,,,Apartment,,Medium,Bumi Lot,Selangor,,3,1,0,0,1,0,0,0,0,0,2.0,0,0,0,0,0,0,0,1,1,0,1,0,0,0,270000
6,5,6800.0,Freehold,5.0,20.0,Condominium,3.0,Low,Non Bumi Lot,Penang,,7,0,0,0,0,0,0,0,1,1,1.0,1,0,1,0,0,0,0,1,1,0,1,1,1,0,5000000
4,2,991.0,Freehold,,1255.0,Service Residence,2.0,Medium,Non Bumi Lot,Selangor,1.0,10,0,0,0,0,0,0,0,1,1,2.0,1,0,1,0,1,1,1,1,1,1,1,0,1,0,367000
2,1,494.0,Freehold,,,Apartment,,Low,Non Bumi Lot,Johor,,0,0,0,0,0,0,0,0,1,1,1.0,0,0,0,0,0,0,0,0,0,0,0,0,0,0,170000
3,2,877.0,Leasehold,13.0,,Condominium,1.0,Low,Bumi Lot,Kuala Lumpur,14.0,9,1,0,1,1,0,0,0,0,0,1.0,1,0,1,0,1,1,1,1,1,0,1,0,1,0,310000
3,2,1450.0,Freehold,3.0,186.0,Apartment,1.0,,Non Bumi Lot,Penang,34.0,3,0,0,0,0,0,0,0,1,1,,0,0,0,0,0,0,0,1,0,1,1,0,0,0,625000
4,1,1059.0,Freehold,,,Flat,,Medium,Non Bumi Lot,Melaka,,0,0,0,0,0,0,0,0,1,1,2.0,0,0,0,0,0,0,0,0,0,0,0,0,0,0,188000
3,2,850.0,Freehold,12.0,,Apartment,1.0,Medium,Non Bumi Lot,Melaka,,7,0,0,0,0,0,0,0,1,1,2.0,0,0,0,1,1,1,0,1,1,0,1,0,1,0,150000
3,1,680.0,Freehold,,,Apartment,,Medium,Bumi Lot,Selangor,,0,0,0,0,1,0,0,0,0,1,2.0,0,0,0,0,0,0,0,0,0,0,0,0,0,0,88000
4,3,1650.0,Freehold,16.0,470.0,Condominium,2.0,,Non Bumi Lot,Penang,9.0,8,0,0,0,0,0,0,0,1,1,,1,0,1,0,0,0,1,1,1,1,1,0,1,0,750000
3,1,700.0,Freehold,23.0,2115.0,Flat,1.0,Medium,Non Bumi Lot,Penang,20.0,1,0,0,0,0,0,0,0,1,1,2.0,0,0,0,0,0,0,0,1,0,0,0,0,0,0,130000
3,2,911.0,Freehold,24.0,576.0,Condominium,,,Non Bumi Lot,Kuala Lumpur,29.0,10,1,0,1,1,1,0,0,1,1,,1,0,1,0,0,1,0,1,1,1,1,1,1,1,290000
3,2,750.0,Freehold,,,Apartment,,Medium,Bumi Lot,Selangor,,0,0,0,0,0,0,0,0,0,1,2.0,0,0,0,0,0,0,0,0,0,0,0,0,0,0,150000
3,2,700.0,Freehold,18.0,112.0,Apartment,1.0,,Non Bumi Lot,Penang,,2,0,0,0,0,0,0,0,1,1,,0,0,0,0,0,0,0,1,0,0,1,0,0,0,380000
3,2,1155.0,Freehold,,998.0,Service Residence,,Medium,Non Bumi Lot,Selangor,2.0,8,0,0,0,0,0,0,0,1,1,2.0,1,0,1,1,1,0,0,1,1,0,1,0,1,0,780000
2,2,430.0,Leasehold,,1100.0,Service Residence,1.0,,Non Bumi Lot,Kuala Lumpur,2.0,0,1,1,1,1,1,0,1,1,0,,0,0,0,0,0,0,0,0,0,0,0,0,0,0,350000
3,2,1200.0,Freehold,,450.0,Condominium,2.0,Medium,Non Bumi Lot,Penang,1.0,10,0,0,0,0,0,0,0,1,1,2.0,1,0,1,1,1,0,1,1,1,1,1,0,1,0,1450000
3,2,689.0,Freehold,18.0,332.0,Apartment,,Low,Non Bumi Lot,Selangor,19.0,9,1,0,1,1,0,0,0,1,1,1.0,1,1,1,1,0,1,0,1,1,0,1,0,1,0,168000
3,2,1000.0,Freehold,,1000.0,Service Residence,2.0,High,Non Bumi Lot,Penang,,3,0,0,0,0,0,0,0,1,1,3.0,0,0,0,0,1,0,0,1,0,0,1,0,0,0,410000
3,2,818.0,Leasehold,11.0,708.0,Apartment,1.0,Medium,Non Bumi Lot,Johor,,7,0,0,0,0,0,0,0,1,0,2.0,1,1,1,0,0,0,0,0,1,0,1,0,1,1,220000
3,2,650.0,Freehold,,,Apartment,1.0,,Non Bumi Lot,Kuala Lumpur,,5,0,0,0,0,0,0,0,1,1,,0,0,0,0,1,0,0,1,1,0,1,0,1,0,165000
3,2,850.0,Leasehold,12.0,1012.0,Apartment,,Low,Non Bumi Lot,Sabah,,7,0,0,0,0,0,0,0,1,0,1.0,0,0,1,1,0,0,0,1,1,0,1,0,1,1,298000
2,2,810.0,Freehold,25.0,2003.0,Service Residence,,High,Non Bumi Lot,Johor,4.0,0,0,0,0,0,0,0,0,1,1,3.0,0,0,0,0,0,0,0,0,0,0,0,0,0,0,280000
3,2,1200.0,Freehold,6.0,116.0,Condominium,1.0,Low,Non Bumi Lot,Kuala Lumpur,,7,1,1,1,1,0,0,1,1,1,1.0,1,0,0,1,0,0,1,1,1,0,1,0,1,0,555000
3,2,1043.0,Freehold,,226.0,Condominium,1.0,High,Non Bumi Lot,Putrajaya,,6,0,0,0,0,0,0,0,1,1,3.0,0,0,1,0,1,0,0,1,1,0,1,0,1,0,430000
3,2,850.0,Leasehold,10.0,65.0,Service Residence,,Low,Non Bumi Lot,Johor,,3,0,0,0,0,0,0,0,1,0,1.0,0,0,0,0,0,0,1,0,0,0,1,0,1,0,335000
3,2,1000.0,Freehold,,,Apartment,,Low,Non Bumi Lot,Melaka,,5,0,0,0,0,0,0,0,1,1,1.0,0,0,0,1,1,0,0,1,1,0,1,0,0,0,255000
3,2,798.0,Freehold,22.0,500.0,Service Residence,,,Non Bumi Lot,Kuala Lumpur,,7,0,1,1,1,0,0,1,1,1,,0,0,1,1,0,1,0,1,1,0,1,0,1,0,260000
3,2,760.0,Leasehold,,,Apartment,1.0,High,Bumi Lot,Selangor,,3,1,0,0,0,0,0,0,0,0,3.0,0,0,0,0,0,0,0,1,1,0,1,0,0,0,150000
3,2,900.0,Freehold,33.0,149.0,Condominium,2.0,,Bumi Lot,Kuala Lumpur,,9,0,0,0,0,0,0,0,0,1,,1,0,1,0,1,1,1,1,1,0,1,0,1,0,498000
3,2,1274.0,Freehold,,215.0,Apartment,2.0,Medium,Non Bumi Lot,Selangor,4.0,5,0,0,0,0,0,0,0,1,1,2.0,0,0,0,1,1,0,0,1,1,0,1,0,0,0,385000
4,3,2809.0,Freehold,15.0,198.0,Condominium,2.0,High,Non Bumi Lot,Putrajaya,25.0,11,0,0,0,0,0,0,0,1,1,3.0,1,0,1,1,1,1,1,1,1,1,1,0,1,0,930000
2,2,836.0,Freehold,,510.0,Condominium,1.0,,Non Bumi Lot,Kuala Lumpur,3.0,7,0,0,0,0,0,0,0,1,1,,0,0,1,0,1,1,0,1,1,0,1,0,1,0,890000
3,2,700.0,Freehold,18.0,182.0,Apartment,1.0,Medium,Non Bumi Lot,Penang,17.0,7,0,0,0,0,0,0,0,1,1,2.0,0,0,0,0,1,0,0,1,1,0,1,1,1,1,415000
3,1,914.0,Freehold,,,Apartment,2.0,Medium,Non Bumi Lot,Johor,,8,0,0,0,0,0,0,0,1,1,2.0,0,0,0,1,1,1,0,1,1,0,1,1,1,0,298000
3,2,807.0,Leasehold,,,Apartment,,Low,Bumi Lot,Selangor,,0,0,0,0,0,0,0,0,0,0,1.0,0,0,0,0,0,0,0,0,0,0,0,0,0,0,230000
3,2,927.0,Leasehold,5.0,208.0,Condominium,,,Bumi Lot,Kuala Lumpur,22.0,3,1,0,1,1,0,0,1,0,0,,0,0,0,0,0,0,0,1,1,0,1,0,0,0,350000
3,1,650.0,Leasehold,,,Flat,,Low,Non Bumi Lot,Johor,,2,0,0,0,0,0,0,0,1,0,1.0,0,0,0,1,0,0,0,0,1,0,0,0,0,0,196000
3,2,700.0,Freehold,,,Flat,,High,Bumi Lot,Selangor,,0,0,0,0,0,0,0,0,0,1,3.0,0,0,0,0,0,0,0,0,0,0,0,0,0,0,100000
1,1,648.0,Leasehold,,,Condominium,,Medium,Non Bumi Lot,Melaka,,6,0,0,0,0,0,0,0,1,0,2.0,1,0,0,0,1,0,0,1,1,0,1,0,1,0,88000
3,2,960.0,Leasehold,,,Apartment,,,Bumi Lot,Selangor,,14,1,1,1,0,0,1,0,0,0,,1,1,1,1,1,1,1,1,1,1,1,1,1,1,330000
3,2,947.0,Freehold,14.0,248.0,Condominium,,Medium,Bumi Lot,Selangor,,5,0,0,1,0,0,0,0,0,1,2.0,0,0,1,0,0,0,0,1,1,0,1,0,1,0,298000
3,2,850.0,Freehold,5.0,,Apartment,,,Bumi Lot,Selangor,,2,0,0,1,1,0,0,0,0,1,,0,0,0,0,0,0,0,1,1,0,0,0,0,0,280000
4,2,1650.0,Freehold,24.0,234.0,Condominium,2.0,High,Non Bumi Lot,Penang,,5,0,0,0,0,0,0,0,1,1,3.0,0,0,0,0,1,0,0,1,1,0,1,0,1,0,530000
3,2,1410.0,Leasehold,27.0,569.0,Condominium,2.0,Medium,Non Bumi Lot,Selangor,10.0,9,0,0,0,0,0,0,0,1,0,2.0,0,0,1,1,1,1,0,1,1,0,1,1,1,0,275000
2,1,590.0,Leasehold,,139.0,Apartment,1.0,,Non Bumi Lot,Sarawak,6.0,0,0,0,0,0,0,0,0,1,0,,0,0,0,0,0,0,0,0,0,0,0,0,0,0,500000
3,2,1198.0,Freehold,,406.0,Condominium,2.0,Medium,Non Bumi Lot,Penang,2.0,6,0,0,0,0,0,0,0,1,1,2.0,1,0,1,1,0,0,0,0,1,0,1,0,1,0,500000
2,2,876.0,Leasehold,,,Condominium,,,Non Bumi Lot,Johor,,0,0,0,0,0,0,0,0,1,0,,0,0,0,0,0,0,0,0,0,0,0,0,0,0,350000
3,2,1206.0,Leasehold,,,Condominium,1.0,High,Non Bumi Lot,Sarawak,,11,0,0,0,0,0,0,0,1,0,3.0,1,1,1,1,1,1,1,1,1,0,1,0,1,0,450000
1,1,547.0,Freehold,,,Condominium,1.0,Medium,Non Bumi Lot,Selangor,,11,0,0,0,0,0,0,1,1,1,2.0,1,0,1,1,1,1,1,1,1,1,1,0,1,0,345000
3,2,600.0,Leasehold,4.0,352.0,Apartment,,Low,Bumi Lot,Sabah,,3,0,0,0,0,0,0,0,0,0,1.0,0,0,0,0,0,0,1,0,1,0,1,0,0,0,195000
3,2,882.0,Leasehold,,,Apartment,1.0,High,Non Bumi Lot,Melaka,,3,0,0,0,0,0,0,0,1,0,3.0,0,0,0,0,0,0,0,1,0,0,1,0,1,0,174000
3,1,650.0,Leasehold,5.0,,Apartment,,High,Bumi Lot,Selangor,,3,0,0,0,0,0,0,0,0,0,3.0,1,0,0,0,0,0,0,1,0,0,1,0,0,0,150000
3,2,853.0,Freehold,5.0,,Apartment,1.0,,Non Bumi Lot,Selangor,,1,0,0,0,0,1,0,0,1,1,,0,0,0,0,0,0,0,0,0,0,1,0,0,0,160000
3,2,936.0,Freehold,38.0,420.0,Condominium,2.0,,Non Bumi Lot,Penang,12.0,14,0,0,0,0,0,0,0,1,1,,1,1,1,1,1,1,1,1,1,1,1,1,1,1,520000
3,2,1141.0,Leasehold,19.0,486.0,Condominium,1.0,Low,Bumi Lot,Kuala Lumpur,28.0,12,0,1,0,0,0,0,1,0,0,1.0,1,1,1,1,1,1,0,1,1,1,1,0,1,1,300000
3,2,1473.0,Leasehold,25.0,800.0,Condominium,2.0,High,Bumi Lot,Kuala Lumpur,9.0,11,1,1,1,1,1,0,0,0,0,3.0,1,0,1,1,1,1,1,1,1,1,1,0,1,0,500000
3,2,850.0,Freehold,5.0,,Apartment,,Low,Bumi Lot,Negeri Sembilan,,6,0,0,0,0,0,0,0,0,1,1.0,0,0,0,0,1,1,1,1,1,0,1,0,0,0,165000
3,2,852.0,Freehold,17.0,403.0,Condominium,1.0,Medium,Non Bumi Lot,Kuala Lumpur,9.0,11,0,0,0,0,0,0,0,1,1,2.0,1,0,1,1,1,1,1,1,1,1,1,0,1,0,498000
1,2,1060.0,Freehold,17.0,160.0,Condominium,1.0,Low,Non Bumi Lot,Penang,,5,0,0,0,0,0,0,0,1,1,1.0,0,0,0,0,1,0,0,1,1,0,1,0,1,0,480000
3,2,730.0,Leasehold,17.0,3.0,Apartment,1.0,,Non Bumi Lot,Penang,31.0,3,0,0,0,0,0,0,0,1,0,,0,0,0,0,1,0,0,1,0,0,1,0,0,0,265000
4,2,1272.0,Leasehold,,,Condominium,1.0,High,Non Bumi Lot,Kuala Lumpur,,11,1,1,1,1,1,0,0,1,0,3.0,0,1,1,1,0,1,1,1,1,0,1,1,1,1,490000
3,2,800.0,Leasehold,13.0,,Condominium,,,Non Bumi Lot,Kuala Lumpur,,4,0,1,1,1,1,0,0,1,0,,0,0,0,0,0,0,0,1,1,0,1,0,1,0,280000
3,2,1100.0,Leasehold,20.0,300.0,Condominium,1.0,Medium,Non Bumi Lot,Kuala Lumpur,13.0,8,1,0,1,1,0,0,1,1,0,2.0,0,0,1,0,1,1,1,1,1,0,1,0,1,0,310000
3,2,650.0,Leasehold,,,Apartment,1.0,,Non Bumi Lot,Penang,,0,0,0,0,0,0,0,0,1,0,,0,0,0,0,0,0,0,0,0,0,0,0,0,0,276000
4,2,1271.0,Freehold,30.0,410.0,Condominium,2.0,High,Non Bumi Lot,Penang,6.0,5,0,0,0,0,0,0,0,1,1,3.0,0,0,0,0,1,0,0,1,1,0,1,0,1,0,698000
3,2,815.0,Leasehold,,,Condominium,,,Non Bumi Lot,Sarawak,,0,0,0,0,0,0,0,0,1,0,,0,0,0,0,0,0,0,0,0,0,0,0,0,0,446400
3,2,657.0,Freehold,5.0,,Flat,,Low,Non Bumi Lot,Selangor,,0,0,0,1,1,1,0,0,1,1,1.0,0,0,0,0,0,0,0,0,0,0,0,0,0,0,128000
4,3,1701.0,Freehold,7.0,297.0,Condominium,3.0,,Non Bumi Lot,Penang,9.0,14,0,0,0,0,0,0,0,1,1,,1,1,1,1,1,1,1,1,1,1,1,1,1,1,1870000
3,2,1077.0,Freehold,12.0,,Apartment,1.0,High,Non Bumi Lot,Selangor,,4,0,0,0,0,0,0,0,1,1,3.0,0,0,0,0,1,0,0,1,1,0,1,0,0,0,270000
3,2,738.0,Leasehold,,,Apartment,1.0,Low,Non Bumi Lot,Sabah,,5,0,0,0,0,0,0,0,1,0,1.0,0,0,0,1,0,0,0,1,1,0,1,0,1,0,295000
4,3,1642.0,Freehold,,222.0,Condominium,2.0,,Non Bumi Lot,Penang,8.0,10,0,0,0,0,0,0,0,1,1,,1,0,1,0,1,1,1,1,1,1,1,0,1,0,630000
3,2,753.0,Freehold,42.0,150.0,Service Residence,2.0,High,Non Bumi Lot,Penang,3.0,10,0,0,0,0,0,0,0,1,1,3.0,0,0,1,1,0,1,0,1,1,1,1,1,1,1,650000
3,2,1069.0,Leasehold,16.0,,Condominium,,High,Non Bumi Lot,Sabah,,8,0,0,0,0,0,0,0,1,0,3.0,0,1,1,0,1,0,1,1,1,0,1,0,1,0,550000
3,2,700.0,Freehold,18.0,182.0,Apartment,1.0,,Non Bumi Lot,Penang,17.0,6,0,0,0,0,0,0,0,1,1,,0,0,0,0,0,0,0,1,1,0,1,1,1,1,410000
4,2,1588.0,Leasehold,4.0,,Apartment,,Medium,Bumi Lot,Selangor,,0,0,0,0,1,0,0,0,0,0,2.0,0,0,0,0,0,0,0,0,0,0,0,0,0,0,228000
4,3,1508.0,Freehold,,,Condominium,2.0,,Non Bumi Lot,Kuala Lumpur,,0,0,0,0,0,0,0,0,1,1,,0,0,0,0,0,0,0,0,0,0,0,0,0,0,928000
3,3,1124.0,Freehold,22.0,616.0,Service Residence,2.0,Low,Non Bumi Lot,Selangor,7.0,11,1,1,1,0,1,0,1,1,1,1.0,1,0,1,1,1,1,1,1,1,1,1,0,1,0,535000
3,2,802.0,Leasehold,,,Apartment,1.0,,Non Bumi Lot,Sarawak,,0,0,0,0,0,0,0,0,1,0,,0,0,0,0,0,0,0,0,0,0,0,0,0,0,325000
4,3,1257.0,Leasehold,12.0,200.0,Apartment,2.0,,Non Bumi Lot,Sarawak,,12,0,0,0,0,0,0,0,1,0,,1,1,1,1,1,1,1,1,1,1,1,0,1,0,600000
2,2,818.0,Freehold,,,Condominium,,High,Non Bumi Lot,Johor,6.0,4,0,0,0,0,0,0,0,1,1,3.0,0,0,0,0,1,0,1,1,0,0,1,0,0,0,488000
3,2,800.0,Leasehold,,1900.0,Apartment,1.0,,Non Bumi Lot,Penang,7.0,14,0,0,0,0,0,0,0,1,0,,1,1,1,1,1,1,1,1,1,1,1,1,1,1,360000
3,2,883.0,Leasehold,14.0,704.0,Condominium,1.0,Low,Non Bumi Lot,Selangor,22.0,9,0,0,0,0,0,0,0,1,0,1.0,0,0,1,1,1,1,0,1,1,1,1,0,1,0,250000
3,2,1050.0,Freehold,14.0,,Apartment,,,Non Bumi Lot,Kuala Lumpur,30.0,0,0,0,0,0,0,0,0,1,1,,0,0,0,0,0,0,0,0,0,0,0,0,0,0,298000
3,2,1100.0,Freehold,,,Condominium,2.0,Medium,Non Bumi Lot,Selangor,,14,0,0,0,0,0,0,0,1,1,2.0,1,1,1,1,1,1,1,1,1,1,1,1,1,1,395000
4,3,1646.0,Freehold,44.0,378.0,Condominium,,Medium,Non Bumi Lot,Penang,5.0,10,0,0,0,0,0,0,0,1,1,2.0,1,0,1,1,1,0,1,1,1,1,1,0,1,0,880000
3,3,1106.0,Leasehold,43.0,493.0,Condominium,2.0,Medium,Non Bumi Lot,Kuala Lumpur,2.0,7,1,0,1,1,0,0,1,1,0,2.0,0,0,1,0,1,0,0,1,1,1,1,0,1,0,520000
3,2,743.0,Freehold,,306.0,Apartment,,High,Bumi Lot,Selangor,,4,1,1,0,1,0,0,0,0,1,3.0,0,0,0,0,1,1,0,1,0,0,1,0,0,0,210000
4,2,1270.0,Freehold,31.0,476.0,Condominium,2.0,High,Non Bumi Lot,Penang,6.0,8,0,0,0,0,0,0,0,1,1,3.0,1,0,1,1,0,0,1,0,1,1,1,0,1,0,580000
3,1,840.0,Leasehold,11.0,,Apartment,,Medium,Non Bumi Lot,Penang,27.0,1,0,0,0,0,0,0,0,1,0,2.0,0,0,0,0,0,0,0,1,0,0,0,0,0,0,240000
1,1,622.0,Leasehold,38.0,1163.0,Service Residence,1.0,High,Non Bumi Lot,Kuala Lumpur,5.0,5,1,0,1,1,1,0,0,1,0,3.0,0,0,1,1,0,0,0,1,0,0,1,0,1,0,570000
1,1,592.0,Freehold,18.0,,Condominium,1.0,Medium,Non Bumi Lot,Pahang,,6,0,0,0,0,0,0,0,1,1,2.0,0,0,0,1,1,0,1,1,1,0,1,0,0,0,430000
3,2,950.0,Leasehold,38.0,900.0,Apartment,2.0,Medium,Non Bumi Lot,Kuala Lumpur,0.0,12,1,0,1,1,0,0,0,1,0,2.0,1,1,1,1,1,1,1,1,1,1,1,0,1,0,450000
1,1,409.0,Leasehold,,,Service Residence,,High,Non Bumi Lot,Sabah,,2,0,0,0,0,0,0,0,1,0,3.0,0,0,0,0,1,0,0,0,0,0,1,0,0,0,580000
3,2,1056.0,Leasehold,18.0,715.0,Condominium,,,Non Bumi Lot,Kuala Lumpur,16.0,6,1,1,1,1,0,0,0,1,0,,0,0,1,0,0,1,0,1,0,0,1,0,1,1,349999
1,1,590.0,Freehold,38.0,1033.0,Service Residence,1.0,High,Non Bumi Lot,Kuala Lumpur,11.0,11,1,1,1,1,1,0,1,1,1,3.0,1,0,1,0,1,1,1,1,1,1,1,1,1,0,460000
2,2,650.0,Leasehold,44.0,2136.0,Service Residence,1.0,,Non Bumi Lot,Kuala Lumpur,2.0,7,0,1,0,1,0,0,1,1,0,,1,0,1,0,1,0,0,1,1,0,1,0,1,0,360000
3,2,1100.0,Freehold,31.0,360.0,Apartment,2.0,,Non Bumi Lot,Penang,22.0,0,0,0,0,0,0,0,0,1,1,,0,0,0,0,0,0,0,0,0,0,0,0,0,0,510000
3,2,1100.0,Freehold,30.0,,Service Residence,2.0,Medium,Non Bumi Lot,Penang,10.0,4,0,0,0,0,0,0,0,1,1,2.0,0,0,1,0,0,0,0,1,0,0,1,0,1,0,448500
3,2,798.0,Leasehold,,,Apartment,,Low,Bumi Lot,Perak,,5,0,0,0,0,0,0,0,0,0,1.0,0,0,0,0,0,1,0,1,1,0,1,0,1,0,218000
2,1,549.0,Leasehold,,,Apartment,,Low,Non Bumi Lot,Selangor,,0,1,0,1,1,1,0,0,1,0,1.0,0,0,0,0,0,0,0,0,0,0,0,0,0,0,140000
2,2,775.0,Freehold,17.0,312.0,Service Residence,2.0,,Non Bumi Lot,Penang,,6,0,0,0,0,0,0,0,1,1,,0,0,1,0,0,0,0,1,1,1,1,0,1,0,350000
2,2,1195.0,Freehold,,,Condominium,1.0,Medium,Non Bumi Lot,Johor,,6,0,0,0,0,0,0,0,1,1,2.0,0,0,1,0,1,0,0,1,1,0,1,0,1,0,490000
3,2,1288.0,Leasehold,,,Apartment,1.0,,Non Bumi Lot,Sarawak,,0,0,0,0,0,0,0,0,1,0,,0,0,0,0,0,0,0,0,0,0,0,0,0,0,310000
4,2,864.0,Leasehold,,,Flat,1.0,Low,Non Bumi Lot,Labuan,,0,0,0,0,0,0,0,0,1,0,1.0,0,0,0,0,0,0,0,0,0,0,0,0,0,0,170000
2,1,540.0,Freehold,,,Apartment,1.0,Low,Non Bumi Lot,Selangor,,5,0,0,0,0,0,0,0,1,1,1.0,0,0,0,0,1,1,0,1,1,0,1,0,0,0,196000
5,7,6016.0,Leasehold,18.0,,Condominium,4.0,High,Non Bumi Lot,Sabah,,11,0,0,0,0,0,0,0,1,0,3.0,1,1,1,1,0,0,1,1,1,0,1,1,1,1,6016000
3,1,680.0,Freehold,,,Apartment,,,Non Bumi Lot,Penang,,3,0,0,0,0,0,0,0,1,1,,0,0,0,0,1,0,0,1,1,0,0,0,0,0,230000
3,3,1450.0,Freehold,16.0,470.0,Condominium,2.0,Low,Non Bumi Lot,Penang,9.0,9,0,0,0,0,0,0,0,1,1,1.0,1,0,1,0,1,0,1,1,1,1,1,0,1,0,800000
3,2,1100.0,Freehold,14.0,96.0,Condominium,1.0,,Non Bumi Lot,Penang,26.0,4,0,0,0,0,0,0,0,1,1,,0,0,0,0,1,0,0,1,0,0,1,0,1,0,620000
3,2,1023.0,Freehold,63.0,956.0,Service Residence,,Medium,Non Bumi Lot,Kuala Lumpur,2.0,8,1,1,1,1,0,0,0,1,1,2.0,1,0,1,1,0,0,0,1,1,1,1,0,1,0,635000
3,2,795.0,Freehold,7.0,150.0,Flat,1.0,,Non Bumi Lot,Penang,,1,0,0,0,0,0,0,0,1,1,,0,0,0,0,0,0,0,1,0,0,0,0,0,0,360000
3,2,1200.0,Freehold,,,Apartment,,Low,Non Bumi Lot,Johor,,12,0,0,0,0,0,0,0,1,1,1.0,1,0,1,1,0,1,1,1,1,1,1,1,1,1,310000
3,2,1055.0,Freehold,,,Apartment,1.0,,Non Bumi Lot,Selangor,,14,0,0,0,0,0,0,0,1,1,,1,1,1,1,1,1,1,1,1,1,1,1,1,1,270000
3,2,1519.0,Freehold,,,Condominium,1.0,,Non Bumi Lot,,,9,0,0,0,0,0,0,0,1,1,,1,0,1,0,0,0,0,1,1,1,1,1,1,1,620000
1,1,531.0,Leasehold,,,Service Residence,1.0,Medium,Non Bumi Lot,Selangor,,12,0,0,1,0,1,0,0,1,0,2.0,1,1,1,1,1,1,1,1,1,1,1,0,1,0,285000
2,2,797.0,Leasehold,,,Condominium,1.0,High,Non Bumi Lot,Johor,,6,0,0,0,0,0,0,0,1,0,3.0,0,0,1,0,1,0,0,1,1,0,1,0,1,0,380790
3,2,1270.0,Freehold,18.0,,Condominium,1.0,,Non Bumi Lot,Kuala Lumpur,,12,0,0,0,0,0,0,0,1,1,,1,1,1,0,1,1,0,1,1,1,1,1,1,1,330000
3,2,778.0,Leasehold,7.0,1274.0,Apartment,,Low,Bumi Lot,Selangor,18.0,3,0,0,0,0,0,0,0,0,0,1.0,0,0,0,0,1,0,0,0,1,0,1,0,0,0,275000
3,2,1333.0,Freehold,35.0,245.0,Condominium,2.0,High,Non Bumi Lot,Kuala Lumpur,4.0,10,1,1,1,1,1,1,0,1,1,3.0,1,0,1,1,1,0,0,1,1,1,1,0,1,1,1250000
3,2,613.0,Leasehold,,,Apartment,,Low,Bumi Lot,Johor,,0,0,0,0,0,0,0,0,0,0,1.0,0,0,0,0,0,0,0,0,0,0,0,0,0,0,140000
3,2,650.0,Freehold,16.0,,Apartment,,,Non Bumi Lot,Kuala Lumpur,,4,0,0,1,0,0,0,0,1,1,,0,0,0,1,0,0,0,1,0,1,0,0,1,0,130000
2,1,570.0,Freehold,,,Flat,1.0,Low,Non Bumi Lot,Johor,,5,0,0,0,0,0,0,0,1,1,1.0,1,0,0,1,0,1,0,1,1,0,0,0,0,0,175000
3,2,900.0,Freehold,,,Condominium,,Medium,Bumi Lot,Selangor,,10,0,0,0,0,0,0,0,0,1,2.0,1,0,1,0,1,1,1,1,1,1,1,0,1,0,498000
3,2,1399.0,Leasehold,,,Apartment,,Medium,Non Bumi Lot,Sarawak,,0,0,0,0,0,0,0,0,1,0,2.0,0,0,0,0,0,0,0,0,0,0,0,0,0,0,480000
1,1,720.0,Freehold,12.0,,Condominium,,,Non Bumi Lot,Kuala Lumpur,,7,1,1,1,1,1,0,1,1,1,,0,0,1,0,0,1,0,1,0,1,1,0,1,1,398000
3,2,1023.0,Freehold,,1205.0,Condominium,2.0,High,Bumi Lot,Selangor,4.0,14,0,0,0,0,0,0,0,0,1,3.0,1,1,1,1,1,1,1,1,1,1,1,1,1,1,300000
2,1,581.0,Leasehold,,,Flat,,Low,Bumi Lot,Johor,,2,0,0,0,0,0,0,0,0,0,1.0,0,0,0,0,0,1,0,0,1,0,0,0,0,0,150000
2,1,667.0,Leasehold,,,Apartment,,High,Non Bumi Lot,Sabah,,0,0,0,0,0,0,0,0,1,0,3.0,0,0,0,0,0,0,0,0,0,0,0,0,0,0,238000
3,2,887.0,Freehold,30.0,808.0,Condominium,1.0,,Non Bumi Lot,Penang,10.0,10,0,0,0,0,0,0,0,1,1,,0,0,1,0,1,1,0,1,1,1,1,1,1,1,450000
3,2,850.0,Freehold,,435.0,Apartment,1.0,,Non Bumi Lot,Selangor,13.0,5,1,0,1,0,1,0,0,1,1,,0,0,0,0,1,0,1,1,0,0,1,0,1,0,295000
3,2,1050.0,Freehold,,,Condominium,2.0,Medium,Non Bumi Lot,Selangor,,14,0,0,0,0,0,0,0,1,1,2.0,1,1,1,1,1,1,1,1,1,1,1,1,1,1,394000
3,2,900.0,Freehold,25.0,1168.0,Apartment,2.0,Medium,Bumi Lot,Selangor,0.0,7,0,0,0,1,0,0,0,0,1,2.0,0,1,1,0,0,0,0,1,1,0,1,0,1,1,345000
3,2,1530.0,Freehold,12.0,90.0,Condominium,,Low,Non Bumi Lot,Kuala Lumpur,,8,0,0,1,1,0,0,1,1,1,1.0,1,0,0,0,1,0,1,1,1,1,1,0,1,0,628888
3,2,992.0,Leasehold,,359.0,Apartment,1.0,High,Bumi Lot,Selangor,2.0,6,1,1,1,0,1,1,0,0,0,3.0,0,0,0,0,1,0,1,1,1,0,1,0,1,0,220000
2,2,953.0,Freehold,36.0,1148.0,Apartment,1.0,,Non Bumi Lot,Johor,4.0,6,0,0,0,0,0,0,0,1,1,,1,0,1,1,0,0,0,0,1,0,1,0,1,0,505000
3,2,1442.0,Freehold,,,Condominium,,Medium,Non Bumi Lot,Penang,,6,0,0,0,0,0,0,0,1,1,2.0,0,0,1,0,0,1,0,1,1,0,1,0,1,0,340000
2,1,660.0,Leasehold,,,Apartment,1.0,,Non Bumi Lot,Sarawak,,0,0,0,0,0,0,0,0,1,0,,0,0,0,0,0,0,0,0,0,0,0,0,0,0,168000
3,2,1259.0,Leasehold,22.0,1074.0,Condominium,1.0,,Bumi Lot,Selangor,13.0,8,0,1,0,0,1,0,0,0,0,,0,0,1,1,1,0,0,1,1,1,1,0,1,0,360000
3,2,920.0,Leasehold,15.0,690.0,Condominium,1.0,Medium,Bumi Lot,Kuala Lumpur,24.0,7,1,0,1,1,0,0,1,0,0,2.0,1,0,1,0,0,1,0,1,1,0,1,0,1,0,340000
3,2,700.0,Freehold,18.0,182.0,Apartment,1.0,Medium,Non Bumi Lot,Penang,17.0,7,0,0,0,0,0,0,0,1,1,2.0,0,0,0,0,1,0,0,1,1,0,1,1,1,1,420000
1,1,497.0,Freehold,12.0,240.0,Apartment,1.0,,Non Bumi Lot,Kuala Lumpur,,9,0,1,0,1,1,0,0,1,1,,1,0,0,1,1,1,1,1,1,0,1,0,1,0,285000
3,2,935.0,Freehold,20.0,,Apartment,1.0,High,Bumi Lot,Johor,6.0,8,0,0,0,0,0,0,0,0,1,3.0,1,1,0,0,1,1,0,1,1,0,1,0,1,0,208000
3,2,982.0,Freehold,16.0,,Condominium,,,Non Bumi Lot,Kuala Lumpur,,5,0,0,1,1,0,0,1,1,1,,0,0,0,0,0,0,0,1,1,0,1,0,1,1,388000
3,2,1044.0,Leasehold,11.0,628.0,Condominium,2.0,Medium,Non Bumi Lot,Kuala Lumpur,,14,1,0,1,1,0,0,0,1,0,2.0,1,1,1,1,1,1,1,1,1,1,1,1,1,1,570000
1,1,705.0,Freehold,41.0,1040.0,Service Residence,1.0,,Non Bumi Lot,Kuala Lumpur,8.0,11,1,0,1,1,1,0,0,1,1,,1,0,1,1,1,1,1,1,1,1,1,0,1,0,375000
3,2,800.0,Freehold,8.0,95.0,Condominium,1.0,Medium,Non Bumi Lot,Penang,,0,0,0,0,0,0,0,0,1,1,2.0,0,0,0,0,0,0,0,0,0,0,0,0,0,0,378000
3,2,1550.0,Leasehold,,,Condominium,1.0,Medium,Non Bumi Lot,Sarawak,,8,0,0,0,0,0,0,0,1,0,2.0,1,0,1,1,1,0,0,1,1,0,1,0,1,0,600000
3,2,904.0,Leasehold,,,Apartment,1.0,,Non Bumi Lot,Penang,,3,0,0,0,0,0,0,0,1,0,,0,0,0,0,1,0,0,1,0,0,1,0,0,0,290000
3,2,1113.0,Leasehold,38.0,,Condominium,2.0,,Non Bumi Lot,Penang,13.0,7,0,0,0,0,0,0,0,1,0,,1,0,1,0,1,0,0,1,0,0,1,1,1,0,610000
3,2,899.0,Freehold,,,Apartment,1.0,Medium,Bumi Lot,Perak,,4,0,0,0,0,0,0,0,0,1,2.0,0,0,0,1,0,0,0,1,1,0,1,0,0,0,186000
3,2,850.0,Freehold,,,Apartment,1.0,Low,Bumi Lot,Selangor,,3,0,0,0,1,0,0,0,0,1,1.0,0,0,0,0,1,0,0,1,0,0,1,0,0,0,210000
3,1,600.0,Leasehold,,,Flat,1.0,Medium,Non Bumi Lot,Selangor,,3,0,0,0,0,0,0,0,1,0,2.0,0,0,0,0,0,1,0,1,1,0,0,0,0,0,155000
4,3,1000.0,Leasehold,50.0,3600.0,Condominium,2.0,,Non Bumi Lot,Kuala Lumpur,0.0,6,1,1,1,1,0,1,1,1,0,,0,0,1,0,1,0,0,1,1,0,1,0,1,0,530000
3,2,657.0,Freehold,,,Apartment,,Low,Non Bumi Lot,Selangor,,0,0,0,0,0,0,0,0,1,1,1.0,0,0,0,0,0,0,0,0,0,0,0,0,0,0,155000
2,2,753.0,Freehold,,,Flat,,High,Non Bumi Lot,Johor,,0,0,0,0,0,0,0,0,1,1,3.0,0,0,0,0,0,0,0,0,0,0,0,0,0,0,158000
3,2,650.0,Leasehold,11.0,792.0,Apartment,,Medium,Bumi Lot,Kuala Lumpur,21.0,4,1,0,1,1,0,0,1,0,0,2.0,0,0,0,0,0,1,0,1,0,0,1,0,1,0,177000
3,2,911.0,Freehold,24.0,576.0,Condominium,,,Non Bumi Lot,Kuala Lumpur,29.0,10,1,0,1,1,1,0,0,1,1,,1,0,1,0,0,1,0,1,1,1,1,1,1,1,295000
3,2,963.0,Freehold,4.0,1.0,Apartment,,,Non Bumi Lot,Johor,10.0,0,0,0,0,0,0,0,0,1,1,,0,0,0,0,0,0,0,0,0,0,0,0,0,0,240000
2,2,1002.0,Freehold,,363.0,Service Residence,2.0,Medium,Non Bumi Lot,Kuala Lumpur,5.0,5,1,1,1,1,0,1,1,1,1,2.0,1,0,1,0,0,0,1,0,1,0,1,0,0,0,823628
3,2,1018.0,Leasehold,,,Condominium,2.0,Medium,Non Bumi Lot,Kuala Lumpur,,11,1,0,1,1,1,0,0,1,0,2.0,1,1,1,1,1,0,1,1,1,1,1,0,1,0,458000
3,2,1100.0,Freehold,,,Condominium,2.0,Medium,Non Bumi Lot,Selangor,,14,0,0,0,0,0,0,0,1,1,2.0,1,1,1,1,1,1,1,1,1,1,1,1,1,1,390000
3,2,925.0,Freehold,5.0,,Apartment,1.0,Low,Non Bumi Lot,Selangor,,2,1,0,1,1,0,0,0,1,1,1.0,0,0,0,0,0,0,0,1,0,0,1,0,0,0,368000
2,1,570.0,Freehold,,,Flat,,Low,Non Bumi Lot,Johor,,0,0,0,0,0,0,0,0,1,1,1.0,0,0,0,0,0,0,0,0,0,0,0,0,0,0,175000
3,2,1288.0,Leasehold,,,Apartment,1.0,,Non Bumi Lot,Sarawak,,0,0,0,0,0,0,0,0,1,0,,0,0,0,0,0,0,0,0,0,0,0,0,0,0,350000
2,2,657.0,Leasehold,,,Condominium,,,Non Bumi Lot,Johor,,0,0,0,0,0,0,0,0,1,0,,0,0,0,0,0,0,0,0,0,0,0,0,0,0,302000
3,2,1075.0,Freehold,16.0,416.0,Condominium,,Medium,Non Bumi Lot,Kuala Lumpur,16.0,9,0,0,0,0,0,0,0,1,1,2.0,0,1,1,0,1,1,1,1,1,0,1,0,1,0,430000
3,3,1830.0,Leasehold,,,Condominium,2.0,High,Non Bumi Lot,Sabah,,8,0,0,0,0,0,0,0,1,0,3.0,1,0,1,1,1,0,0,1,1,0,1,0,1,0,1200000
2,1,608.0,Leasehold,,,Apartment,,Low,Bumi Lot,Sabah,,2,0,0,0,0,0,0,0,0,0,1.0,0,0,0,0,0,0,0,0,1,0,1,0,0,0,265000
3,2,700.0,Leasehold,,,Apartment,2.0,Low,Non Bumi Lot,,,0,0,0,0,0,0,0,0,1,0,1.0,0,0,0,0,0,0,0,0,0,0,0,0,0,0,115000
3,2,820.0,Leasehold,17.0,,Condominium,,,Bumi Lot,Selangor,,9,0,0,0,1,0,0,0,0,0,,0,0,0,1,1,1,0,1,1,1,1,1,1,0,249999
3,2,1742.0,Freehold,30.0,600.0,Condominium,2.0,Medium,Non Bumi Lot,Selangor,9.0,9,0,0,0,0,0,0,0,1,1,2.0,1,0,1,1,1,1,0,1,1,0,1,0,1,0,483000
2,2,578.0,Freehold,,,Service Residence,,High,Non Bumi Lot,Kuala Lumpur,,9,1,1,1,1,1,0,1,1,1,3.0,1,1,1,1,1,0,0,0,1,1,1,0,1,0,880000
4,2,940.0,Freehold,38.0,2647.0,Service Residence,2.0,Medium,Non Bumi Lot,Kuala Lumpur,4.0,10,0,0,0,0,0,0,0,1,1,2.0,1,0,1,0,1,1,1,1,1,0,1,0,1,1,480000
4,3,2184.0,Freehold,6.0,98.0,Condominium,4.0,,Non Bumi Lot,Penang,6.0,14,0,0,0,0,0,0,0,1,1,,1,1,1,1,1,1,1,1,1,1,1,1,1,1,2100000
3,2,917.0,Leasehold,16.0,1.0,Service Residence,,,Non Bumi Lot,Kuala Lumpur,9.0,9,1,1,1,1,0,1,1,1,0,,1,0,1,0,0,1,0,1,1,1,1,1,1,0,440000
3,2,1021.0,Freehold,,551.0,Apartment,2.0,,Non Bumi Lot,Selangor,,0,0,1,0,0,1,0,0,1,1,,0,0,0,0,0,0,0,0,0,0,0,0,0,0,315000
3,3,1222.0,Freehold,,,Condominium,2.0,High,Non Bumi Lot,,,5,0,0,0,0,0,0,0,1,1,3.0,0,0,1,0,1,0,0,1,0,0,1,0,1,0,610000
3,2,650.0,Freehold,3.0,,Apartment,,Low,Non Bumi Lot,Selangor,8.0,0,0,0,1,1,0,0,0,1,1,1.0,0,0,0,0,0,0,0,0,0,0,0,0,0,0,150000
4,2,657.0,Freehold,,,Apartment,,Medium,Non Bumi Lot,Penang,,4,0,0,0,0,0,0,0,1,1,2.0,0,0,0,0,1,0,0,1,1,0,1,0,0,0,290000
2,2,841.0,Freehold,4.0,99.0,Apartment,1.0,,Non Bumi Lot,Sarawak,,2,0,0,0,0,0,0,0,1,1,,1,0,0,0,0,0,0,0,0,0,1,0,0,0,340000
3,2,746.0,Leasehold,,,Apartment,1.0,Low,Bumi Lot,Selangor,,5,0,0,0,0,0,0,0,0,0,1.0,0,0,0,1,1,1,0,1,0,0,1,0,0,0,220000
4,2,1650.0,Freehold,,,Condominium,1.0,Medium,Non Bumi Lot,,,5,0,0,0,0,0,0,0,1,1,2.0,0,0,0,0,1,0,0,1,1,0,1,0,1,0,550000
3,2,1219.0,Freehold,24.0,1235.0,Condominium,2.0,High,Non Bumi Lot,Penang,2.0,9,0,0,0,0,0,0,0,1,1,3.0,1,0,1,1,1,0,0,1,1,1,1,0,1,0,815000
3,2,750.0,Freehold,5.0,,Apartment,,Low,Non Bumi Lot,Selangor,,1,0,0,1,0,0,0,0,1,1,1.0,0,0,0,0,0,0,0,1,0,0,0,0,0,0,355000
3,2,700.0,Leasehold,,,Apartment,,Medium,Non Bumi Lot,,,0,0,0,0,0,0,0,0,1,0,2.0,0,0,0,0,0,0,0,0,0,0,0,0,0,0,188000
3,2,1169.0,Freehold,24.0,576.0,Condominium,1.0,High,Non Bumi Lot,Kuala Lumpur,29.0,8,1,0,1,1,1,0,0,1,1,3.0,1,0,1,0,1,1,0,1,1,0,1,0,1,0,349000
3,2,1151.0,Freehold,30.0,600.0,Condominium,2.0,Medium,Non Bumi Lot,Selangor,9.0,10,0,0,0,0,0,0,0,1,1,2.0,1,0,1,1,1,1,0,1,1,1,1,0,1,0,425000
3,2,998.0,Leasehold,10.0,,Condominium,1.0,Low,Bumi Lot,Selangor,33.0,5,0,0,0,0,0,0,0,0,0,1.0,0,0,0,0,0,1,0,1,1,0,1,0,1,0,350000
3,2,732.0,Leasehold,,,Apartment,1.0,Medium,Non Bumi Lot,Selangor,,0,0,0,0,0,0,0,0,1,0,2.0,0,0,0,0,0,0,0,0,0,0,0,0,0,0,220000
3,2,650.0,Freehold,,,Apartment,,Low,Non Bumi Lot,Selangor,,0,0,0,0,1,0,0,0,1,1,1.0,0,0,0,0,0,0,0,0,0,0,0,0,0,0,50000
3,2,1000.0,Leasehold,,,Condominium,,Low,Non Bumi Lot,Kuala Lumpur,,6,0,0,0,0,0,0,0,1,0,1.0,1,0,0,0,0,0,1,1,0,1,0,1,0,1,380000
3,2,1275.0,Freehold,30.0,410.0,Condominium,2.0,,Non Bumi Lot,Penang,6.0,0,0,0,0,0,0,0,0,1,1,,0,0,0,0,0,0,0,0,0,0,0,0,0,0,600000
3,2,850.0,Freehold,,,Apartment,,,Non Bumi Lot,Selangor,,2,1,0,1,1,0,0,0,1,1,,0,0,0,0,1,0,1,0,0,0,0,0,0,0,275000
3,3,1302.0,Freehold,,396.0,Condominium,2.0,High,Non Bumi Lot,Penang,16.0,5,0,0,0,0,0,0,0,1,1,3.0,0,0,0,0,1,0,0,1,1,0,1,0,1,0,950000
4,2,1149.0,Freehold,,464.0,Condominium,2.0,High,Non Bumi Lot,Selangor,,10,1,0,1,1,1,0,1,1,1,3.0,1,1,1,1,1,0,1,1,1,0,1,0,1,0,404800
3,2,1133.0,Leasehold,5.0,414.0,Apartment,1.0,,Non Bumi Lot,Selangor,17.0,7,0,0,0,0,0,0,0,1,0,,1,0,1,0,1,0,0,1,1,0,1,0,1,0,320000
4,2,1059.0,Freehold,38.0,2647.0,Service Residence,2.0,High,Non Bumi Lot,Kuala Lumpur,4.0,9,0,0,0,0,0,0,0,1,1,3.0,1,0,1,0,1,1,0,1,1,0,1,0,1,1,530000
3,2,795.0,Leasehold,5.0,,Apartment,,High,Non Bumi Lot,Selangor,,4,1,0,0,1,0,0,0,1,0,3.0,1,0,0,0,0,0,0,1,1,0,1,0,0,0,170000
3,3,1409.0,Freehold,26.0,220.0,Condominium,2.0,,Non Bumi Lot,Penang,4.0,7,0,0,0,0,0,0,0,1,1,,0,0,1,0,0,1,0,1,1,0,1,1,1,0,1150000
2,2,950.0,Freehold,,450.0,Condominium,2.0,,Non Bumi Lot,Penang,1.0,0,0,0,0,0,0,0,0,1,1,,0,0,0,0,0,0,0,0,0,0,0,0,0,0,920000
3,2,1104.0,Leasehold,43.0,493.0,Condominium,2.0,High,Non Bumi Lot,Kuala Lumpur,2.0,8,1,0,1,1,0,0,1,1,0,3.0,1,0,1,0,1,0,0,1,1,1,1,0,1,0,510000
3,2,700.0,Leasehold,25.0,,Apartment,1.0,,Non Bumi Lot,Penang,,4,0,0,0,0,0,0,0,1,0,,0,0,0,0,1,0,0,1,1,0,1,0,0,0,270000
3,2,1200.0,Freehold,,,Condominium,,High,Non Bumi Lot,,,5,0,0,0,0,0,0,0,1,1,3.0,0,0,1,0,0,0,0,1,1,0,1,0,1,0,570000
3,2,1200.0,Freehold,,,Condominium,,,Non Bumi Lot,,,0,0,0,0,0,0,0,0,1,1,,0,0,0,0,0,0,0,0,0,0,0,0,0,0,350000
3,2,860.0,Freehold,27.0,,Condominium,2.0,,Non Bumi Lot,Penang,18.0,7,0,0,0,0,0,0,0,1,1,,1,0,1,0,1,0,0,1,1,0,1,0,1,0,460000
3,2,1050.0,Freehold,9.0,36.0,Condominium,1.0,Low,Non Bumi Lot,Penang,24.0,3,0,0,0,0,0,0,0,1,1,1.0,0,0,0,0,0,1,0,1,0,0,1,0,0,0,550000
3,2,1049.0,Leasehold,12.0,260.0,Condominium,1.0,High,Bumi Lot,Selangor,17.0,6,0,0,0,0,0,0,0,0,0,3.0,0,0,0,1,1,1,0,1,0,0,1,0,1,0,360000
2,2,657.0,Freehold,,,Flat,,,Non Bumi Lot,Penang,,3,0,0,0,0,0,0,0,1,1,,0,0,0,1,0,0,0,1,1,0,0,0,0,0,110000
3,2,925.0,Freehold,,1188.0,Condominium,1.0,Medium,Non Bumi Lot,Selangor,21.0,9,1,1,1,1,0,0,0,1,1,2.0,1,1,1,0,0,1,0,1,1,0,1,0,1,1,255000
3,2,700.0,Freehold,17.0,224.0,Apartment,1.0,,Non Bumi Lot,Penang,28.0,8,0,0,0,0,0,0,0,1,1,,0,1,0,0,1,1,1,1,1,0,1,0,1,0,350000
3,2,720.0,Leasehold,9.0,900.0,Apartment,,High,Bumi Lot,Kuala Lumpur,,9,0,0,1,1,0,0,0,0,0,3.0,1,0,0,1,1,1,0,1,1,1,1,0,1,0,180000
3,1,750.0,Freehold,,,Apartment,,,Non Bumi Lot,Melaka,,0,0,0,0,0,0,0,0,1,1,,0,0,0,0,0,0,0,0,0,0,0,0,0,0,90000
3,2,753.0,Leasehold,,,Flat,,Medium,Bumi Lot,Selangor,,1,0,0,0,0,0,0,0,0,0,2.0,0,0,0,0,0,0,0,0,1,0,0,0,0,0,195000
4,3,1800.0,Freehold,23.0,91.0,Condominium,2.0,Medium,Non Bumi Lot,Penang,30.0,11,0,0,0,0,0,0,0,1,1,2.0,1,1,1,1,1,1,1,1,1,0,1,0,1,0,1300000
2,1,527.0,Leasehold,,,Flat,,Low,Bumi Lot,Kuala Lumpur,,2,1,0,0,1,1,0,1,0,0,1.0,0,0,0,0,1,0,0,0,1,0,0,0,0,0,195000
2,2,914.0,Freehold,,,Service Residence,2.0,,Non Bumi Lot,Selangor,2.0,6,1,0,1,1,0,0,1,1,1,,0,0,1,0,1,0,0,1,1,0,1,0,1,0,680000
3,2,1000.0,Freehold,,1000.0,Service Residence,2.0,Medium,Non Bumi Lot,Penang,,3,0,0,0,0,0,0,0,1,1,2.0,0,0,0,0,1,0,0,1,0,0,1,0,0,0,430000
3,2,973.0,Leasehold,,352.0,Condominium,1.0,Low,Non Bumi Lot,Johor,8.0,7,0,0,0,0,0,0,0,1,0,1.0,1,0,1,0,1,0,0,1,1,0,1,0,1,0,300000
3,2,848.0,Leasehold,,,Condominium,2.0,Medium,Non Bumi Lot,Sabah,6.0,10,0,0,0,0,0,0,0,1,0,2.0,1,0,1,0,1,1,1,1,1,1,1,0,1,0,480000
3,2,1382.0,Leasehold,,396.0,Condominium,2.0,Low,Non Bumi Lot,Kuala Lumpur,7.0,11,1,1,0,1,1,0,1,1,0,1.0,1,1,1,1,0,0,0,1,1,1,1,1,1,1,770000
2,1,560.0,Leasehold,,,Flat,3.0,High,Bumi Lot,Kuala Lumpur,,3,1,0,1,1,0,0,1,0,0,3.0,0,0,0,0,1,0,0,1,1,0,0,0,0,0,148000
3,2,842.0,Leasehold,19.0,408.0,Service Residence,,High,Bumi Lot,Selangor,5.0,7,1,0,0,1,0,0,0,0,0,3.0,0,0,1,0,0,1,1,1,1,0,1,0,1,0,249000
3,2,1023.0,Freehold,,1200.0,Condominium,2.0,High,Non Bumi Lot,Selangor,4.0,8,0,0,0,0,0,0,0,1,1,3.0,1,0,1,0,1,0,1,1,1,0,1,0,1,0,350000
4,3,1338.0,Freehold,,803.0,Condominium,2.0,Medium,Non Bumi Lot,Penang,3.0,11,0,0,0,0,0,0,0,1,1,2.0,1,1,1,1,1,0,1,1,1,1,1,0,1,0,840000
3,2,850.0,Leasehold,,891.0,Apartment,1.0,High,Bumi Lot,Selangor,,14,0,0,0,0,0,0,0,0,0,3.0,1,1,1,1,1,1,1,1,1,1,1,1,1,1,180000
3,2,750.0,Freehold,,,Apartment,1.0,Low,Non Bumi Lot,Selangor,,6,0,0,0,0,0,0,0,1,1,1.0,0,0,0,1,0,1,1,1,1,0,1,0,0,0,170000
3,2,750.0,Leasehold,5.0,40.0,Apartment,,Medium,Non Bumi Lot,Selangor,,5,0,0,0,0,0,0,0,1,0,2.0,0,0,0,0,0,0,1,1,1,0,1,0,1,0,280000
3,2,700.0,Freehold,30.0,,Apartment,1.0,High,Non Bumi Lot,Penang,,6,0,0,0,0,0,0,0,1,1,3.0,0,0,1,0,1,1,0,1,1,0,1,0,0,0,350000
3,2,1041.0,Freehold,,,Condominium,2.0,Medium,Non Bumi Lot,,,5,0,0,0,0,0,0,0,1,1,2.0,0,0,0,0,1,0,0,1,1,0,1,0,1,0,550000
3,2,645.0,Freehold,,,Apartment,,Low,Non Bumi Lot,Selangor,,0,0,0,0,1,0,0,0,1,1,1.0,0,0,0,0,0,0,0,0,0,0,0,0,0,0,97000
3,2,1090.0,Freehold,14.0,270.0,Service Residence,,,Non Bumi Lot,Selangor,8.0,0,0,0,0,0,0,0,1,1,1,,0,0,0,0,0,0,0,0,0,0,0,0,0,0,350000
3,2,1100.0,Leasehold,,,Condominium,2.0,High,Non Bumi Lot,,,14,0,0,0,0,0,0,0,1,0,3.0,1,1,1,1,1,1,1,1,1,1,1,1,1,1,480000
3,2,800.0,Freehold,4.0,75.0,Apartment,2.0,Medium,Non Bumi Lot,Selangor,9.0,8,0,0,0,0,0,0,0,1,1,2.0,0,0,1,1,1,1,0,1,1,0,1,0,1,0,220000
4,2,1270.0,Freehold,27.0,,Condominium,2.0,,Non Bumi Lot,Penang,18.0,7,0,0,0,0,0,0,0,1,1,,1,0,1,0,1,0,0,1,1,0,1,0,1,0,598000
3,2,936.0,Freehold,38.0,420.0,Condominium,2.0,Medium,Non Bumi Lot,Penang,12.0,14,0,0,0,0,0,0,0,1,1,2.0,1,1,1,1,1,1,1,1,1,1,1,1,1,1,530000
3,2,800.0,Leasehold,6.0,672.0,Apartment,2.0,,Non Bumi Lot,Penang,29.0,5,0,0,0,0,0,0,0,1,0,,1,0,0,0,1,0,0,1,0,0,1,0,1,0,295000
3,2,1180.0,Leasehold,5.0,320.0,Apartment,1.0,Low,Bumi Lot,Johor,2.0,8,0,0,0,0,0,0,0,0,0,1.0,1,0,1,1,0,0,0,1,1,1,1,0,1,0,378250
4,2,1680.0,Leasehold,,,Apartment,,High,Non Bumi Lot,Sarawak,,1,0,0,0,0,0,0,0,1,0,3.0,0,0,0,0,0,0,0,0,0,0,1,0,0,0,430000
3,2,800.0,Freehold,11.0,1240.0,Condominium,1.0,Low,Non Bumi Lot,Kuala Lumpur,23.0,4,0,1,1,1,0,0,1,1,1,1.0,0,0,0,0,0,1,0,1,1,0,1,0,0,0,340000
3,2,700.0,Freehold,11.0,100.0,Apartment,1.0,,Non Bumi Lot,Penang,28.0,3,0,0,0,0,0,0,0,1,1,,0,0,0,0,1,0,0,1,0,0,1,0,0,0,270000
3,2,850.0,Freehold,4.0,60.0,Apartment,,,Non Bumi Lot,Penang,29.0,2,0,0,0,0,0,0,0,1,1,,0,0,0,0,0,0,0,1,0,0,1,0,0,0,420000
3,3,646.0,Freehold,4.0,,Flat,,Low,Non Bumi Lot,Selangor,,0,0,0,0,1,0,0,0,1,1,1.0,0,0,0,0,0,0,0,0,0,0,0,0,0,0,88000
3,2,1023.0,Leasehold,5.0,200.0,Apartment,,Low,Non Bumi Lot,Selangor,19.0,8,1,1,1,1,0,0,1,1,0,1.0,1,0,0,1,1,1,0,1,1,0,1,0,1,0,380000
3,2,748.0,Leasehold,,,Condominium,1.0,Low,Bumi Lot,Kuala Lumpur,,6,1,1,0,1,0,1,1,0,0,1.0,0,0,1,1,0,1,0,1,0,0,1,0,1,0,300000
4,3,3200.0,Leasehold,17.0,702.0,Condominium,3.0,High,Non Bumi Lot,Selangor,17.0,6,0,0,1,1,0,0,1,1,0,3.0,0,0,0,0,1,1,0,1,1,0,1,0,1,0,750000
2,2,947.0,Freehold,34.0,462.0,Condominium,1.0,,Non Bumi Lot,Penang,3.0,6,0,0,0,0,0,0,0,1,1,,1,0,1,1,0,0,1,0,0,0,1,0,1,0,490000
3,2,956.0,Freehold,19.0,392.0,Condominium,1.0,High,Bumi Lot,Selangor,,13,0,0,0,0,0,0,0,0,1,3.0,1,1,1,1,1,1,1,1,1,1,1,0,1,1,310000
3,2,1081.0,Freehold,23.0,284.0,Condominium,,,Non Bumi Lot,Kuala Lumpur,12.0,11,1,0,1,1,0,0,0,1,1,,0,1,1,1,0,1,1,1,1,1,1,0,1,1,435000
4,3,1300.0,Freehold,,,Condominium,2.0,High,Bumi Lot,Negeri Sembilan,,14,0,0,0,0,0,0,0,0,1,3.0,1,1,1,1,1,1,1,1,1,1,1,1,1,1,290000
3,2,700.0,Freehold,30.0,500.0,Apartment,1.0,,Non Bumi Lot,Penang,11.0,9,0,0,0,0,0,0,0,1,1,,1,0,1,1,1,0,1,1,1,0,1,0,1,0,330000
3,2,811.0,Freehold,4.0,368.0,Condominium,1.0,Medium,Non Bumi Lot,Selangor,27.0,5,1,0,0,0,1,0,0,1,1,2.0,1,0,0,0,0,1,0,1,1,0,1,0,0,0,285000
3,2,800.0,Freehold,,,Condominium,1.0,Medium,Non Bumi Lot,Selangor,,4,0,1,1,1,0,0,1,1,1,2.0,0,0,1,0,1,0,0,0,0,0,1,0,1,0,300000
3,2,950.0,Freehold,25.0,452.0,Condominium,2.0,,Bumi Lot,Putrajaya,6.0,5,0,0,0,0,0,0,0,0,1,,0,0,1,0,1,0,0,1,1,0,0,0,1,0,420000
4,2,1302.0,Freehold,17.0,91.0,Condominium,3.0,,Non Bumi Lot,Penang,7.0,9,0,0,0,0,0,0,0,1,1,,0,0,1,1,0,1,0,1,1,1,1,1,1,0,820000
2,1,480.0,Freehold,,,Flat,,Low,Non Bumi Lot,Selangor,,2,0,0,0,0,0,1,0,1,1,1.0,0,0,0,0,0,0,0,1,1,0,0,0,0,0,120000
3,2,891.0,Freehold,,280.0,Service Residence,2.0,,Non Bumi Lot,Selangor,5.0,5,0,0,1,0,0,0,0,1,1,,0,0,1,0,0,0,1,1,1,0,0,0,1,0,488000
2,2,650.0,Freehold,35.0,1843.0,Service Residence,,High,Non Bumi Lot,Johor,4.0,13,0,0,0,0,0,0,0,1,1,3.0,1,1,1,1,0,1,1,1,1,1,1,1,1,1,308000
3,2,667.0,Freehold,,,Flat,,High,Bumi Lot,Selangor,,3,0,0,0,0,0,0,0,0,1,3.0,0,0,0,0,0,0,0,1,1,0,1,0,0,0,139999
3,2,1010.0,Freehold,,,Service Residence,1.0,Medium,Bumi Lot,Kuala Lumpur,9.0,11,1,1,1,1,1,1,1,0,1,2.0,1,0,1,0,1,1,1,1,1,0,1,1,1,1,488888
4,2,1396.0,Freehold,8.0,414.0,Condominium,2.0,Medium,Non Bumi Lot,Selangor,,14,0,0,0,0,0,0,0,1,1,2.0,1,1,1,1,1,1,1,1,1,1,1,1,1,1,500000
3,2,1050.0,Freehold,10.0,102.0,Condominium,1.0,,Non Bumi Lot,Selangor,16.0,11,0,0,0,0,0,0,0,1,1,,1,0,1,0,1,1,0,1,1,1,1,1,1,1,240000
3,1,667.0,Leasehold,,,Apartment,1.0,,Non Bumi Lot,Sarawak,,0,0,0,0,0,0,0,0,1,0,,0,0,0,0,0,0,0,0,0,0,0,0,0,0,168000
3,2,820.0,Freehold,5.0,,Apartment,1.0,,Non Bumi Lot,Penang,,2,0,0,0,0,0,0,0,1,1,,0,0,0,0,0,0,0,1,0,0,1,0,0,0,330000
3,2,1098.0,Freehold,,846.0,Condominium,2.0,,Non Bumi Lot,Penang,,1,0,0,0,0,0,0,0,1,1,,0,0,0,0,1,0,0,0,0,0,0,0,0,0,850000
4,3,1300.0,Freehold,44.0,684.0,Service Residence,,Medium,Non Bumi Lot,Kuala Lumpur,0.0,14,0,0,0,0,0,0,0,1,1,2.0,1,1,1,1,1,1,1,1,1,1,1,1,1,1,545000
3,2,700.0,Freehold,11.0,100.0,Apartment,1.0,,Non Bumi Lot,Penang,28.0,3,0,0,0,0,0,0,0,1,1,,0,0,0,0,1,0,0,1,0,0,1,0,0,0,270000
3,2,1100.0,Freehold,19.0,706.0,Condominium,1.0,Low,Non Bumi Lot,Penang,13.0,11,0,0,0,0,0,0,0,1,1,1.0,1,0,1,0,1,1,1,1,1,1,1,0,1,1,425000
2,2,660.0,Leasehold,,,Service Residence,1.0,Medium,Bumi Lot,Kuala Lumpur,,11,0,0,0,0,0,0,0,0,0,2.0,1,1,1,1,1,1,1,1,1,0,1,0,1,0,390000
3,2,810.0,Leasehold,,,Flat,1.0,Low,Bumi Lot,Selangor,,3,0,0,0,0,0,0,0,0,0,1.0,0,0,0,0,0,1,0,1,1,0,0,0,0,0,180000
3,1,700.0,Freehold,22.0,1008.0,Apartment,1.0,Medium,Non Bumi Lot,Penang,26.0,2,0,0,0,0,0,0,0,1,1,2.0,0,0,0,0,1,0,0,1,0,0,0,0,0,0,265000
3,2,980.0,Freehold,,,Condominium,1.0,Medium,Non Bumi Lot,Selangor,,14,0,0,0,0,0,0,0,1,1,2.0,1,1,1,1,1,1,1,1,1,1,1,1,1,1,299000
2,1,650.0,Leasehold,,,Apartment,1.0,High,Non Bumi Lot,Sarawak,,4,0,0,0,0,0,0,0,1,0,3.0,0,0,0,1,0,1,0,1,1,0,0,0,0,0,140000
3,2,786.0,Leasehold,,,Apartment,1.0,Low,Bumi Lot,Selangor,,5,0,0,0,0,0,0,0,0,0,1.0,0,0,0,1,1,1,0,1,1,0,0,0,0,0,229000
3,2,775.0,Leasehold,,,Flat,,Medium,Bumi Lot,Selangor,,1,0,0,0,0,0,0,0,0,0,2.0,0,0,0,0,0,0,0,0,0,0,1,0,0,0,125000
3,2,1100.0,Freehold,30.0,816.0,Condominium,4.0,High,Non Bumi Lot,Penang,7.0,9,0,0,0,0,0,0,0,1,1,3.0,1,0,1,1,1,0,1,1,1,0,1,0,1,0,630000
3,2,800.0,Freehold,,,Apartment,1.0,Medium,Non Bumi Lot,Selangor,,4,0,0,0,1,0,0,0,1,1,2.0,0,0,0,1,0,0,0,1,0,0,1,0,1,0,190000
3,2,1080.0,Freehold,4.0,1.0,Apartment,,Medium,Non Bumi Lot,Selangor,,0,0,0,0,0,0,0,0,1,1,2.0,0,0,0,0,0,0,0,0,0,0,0,0,0,0,240000
1,1,468.0,Freehold,,,Condominium,1.0,,Non Bumi Lot,,,0,0,0,0,0,0,0,0,1,1,,0,0,0,0,0,0,0,0,0,0,0,0,0,0,550000
3,2,753.0,Leasehold,,,Apartment,,High,Bumi Lot,Selangor,,3,0,0,1,1,0,0,0,0,0,3.0,0,0,0,0,0,1,0,1,1,0,0,0,0,0,250000
4,2,1180.0,Freehold,,,Apartment,,Medium,Non Bumi Lot,Johor,,8,0,0,0,0,0,0,0,1,1,2.0,1,0,1,0,0,1,1,1,1,0,1,0,1,0,298000
3,2,900.0,Freehold,,,Condominium,2.0,High,Bumi Lot,Putrajaya,,14,0,0,0,0,0,0,0,0,1,3.0,1,1,1,1,1,1,1,1,1,1,1,1,1,1,450000
3,2,1050.0,Freehold,,,Condominium,,Low,Non Bumi Lot,Melaka,,9,0,0,0,0,0,0,0,1,1,1.0,1,0,1,1,1,0,1,1,1,0,1,0,1,0,310000
3,2,915.0,Freehold,,,Apartment,2.0,Medium,Non Bumi Lot,Johor,,0,0,0,0,0,0,0,0,1,1,2.0,0,0,0,0,0,0,0,0,0,0,0,0,0,0,456000
3,2,1324.0,Freehold,,698.0,Apartment,,Low,Non Bumi Lot,Johor,,6,0,0,0,0,0,0,0,1,1,1.0,1,0,1,1,0,0,0,0,1,0,1,0,0,1,284000
1,1,723.0,Leasehold,21.0,308.0,Condominium,1.0,Medium,Non Bumi Lot,Selangor,9.0,9,1,0,1,0,0,0,0,1,0,2.0,1,0,1,0,1,1,1,1,1,0,1,0,1,0,320000
3,2,1040.0,Freehold,15.0,900.0,Apartment,,,Non Bumi Lot,Kuala Lumpur,25.0,7,0,1,1,1,0,0,1,1,1,,0,0,1,0,0,1,0,1,1,0,1,1,1,0,410000
3,3,1313.0,Freehold,,396.0,Condominium,3.0,Medium,Non Bumi Lot,Penang,16.0,5,0,0,0,0,0,0,0,1,1,2.0,0,0,0,0,1,0,0,1,1,0,1,0,1,0,910000
3,2,800.0,Freehold,23.0,433.0,Apartment,1.0,Medium,Non Bumi Lot,Penang,24.0,10,0,0,0,0,0,0,0,1,1,2.0,1,0,1,1,1,1,0,1,1,0,1,0,1,1,350000
3,2,705.0,Leasehold,4.0,328.0,Apartment,1.0,Medium,Non Bumi Lot,Sabah,,5,0,0,0,0,0,0,0,1,0,2.0,0,0,0,1,0,1,0,1,1,0,1,0,0,0,265000
3,2,1097.0,Freehold,,300.0,Condominium,,Medium,Non Bumi Lot,Johor,,7,0,0,0,0,0,0,0,1,1,2.0,1,0,1,1,0,0,0,1,1,0,1,0,1,0,380000
2,1,732.0,Freehold,,418.0,Service Residence,1.0,Medium,Non Bumi Lot,Johor,7.0,14,0,0,0,0,0,0,0,1,1,2.0,1,1,1,1,1,1,1,1,1,1,1,1,1,1,365000
4,3,1357.0,Leasehold,16.0,94.0,Condominium,2.0,,Bumi Lot,Selangor,8.0,7,0,0,0,0,0,0,0,0,0,,0,0,1,0,0,1,0,1,1,0,1,1,1,0,590000
3,2,925.0,Leasehold,22.0,396.0,Condominium,2.0,Medium,Non Bumi Lot,Penang,6.0,10,0,0,0,0,0,0,0,1,0,2.0,1,1,1,1,1,0,0,1,1,1,1,0,0,1,565000
3,2,904.0,Freehold,,406.0,Service Residence,2.0,High,Non Bumi Lot,Selangor,,8,0,0,0,0,0,0,0,1,1,3.0,1,0,1,0,1,0,1,1,1,0,1,0,1,0,352000
1,2,442.0,Freehold,,,Service Residence,1.0,Low,Non Bumi Lot,Kuala Lumpur,,14,1,0,1,1,0,0,0,1,1,1.0,1,1,1,1,1,1,1,1,1,1,1,1,1,1,450000
3,2,838.0,Freehold,22.0,816.0,Condominium,,,Non Bumi Lot,Penang,16.0,9,0,0,0,0,0,0,0,1,1,,1,0,1,1,1,0,0,1,1,0,1,1,1,0,380000
2,2,783.0,Freehold,,,Service Residence,1.0,High,Non Bumi Lot,Pahang,,6,0,0,0,0,0,0,0,1,1,3.0,0,0,1,0,1,1,0,1,0,0,1,0,1,0,650000
3,2,1082.0,Leasehold,17.0,444.0,Service Residence,2.0,Medium,Bumi Lot,Selangor,,7,1,1,1,0,1,0,0,0,0,2.0,0,0,0,0,1,1,1,1,1,0,1,0,1,0,439000
3,2,860.0,Freehold,,,Apartment,,Low,Non Bumi Lot,Selangor,,7,0,1,0,0,0,0,0,1,1,1.0,0,0,1,0,1,0,1,1,1,0,1,0,1,0,260000
4,3,2335.0,Freehold,38.0,420.0,Condominium,4.0,,Non Bumi Lot,Penang,12.0,14,0,0,0,0,0,0,0,1,1,,1,1,1,1,1,1,1,1,1,1,1,1,1,1,1150000
3,2,997.0,Freehold,,188.0,Condominium,,,Bumi Lot,Kuala Lumpur,,8,1,0,1,1,0,1,0,0,1,,1,0,1,0,0,1,1,1,1,1,1,0,0,0,358000
3,2,954.0,Freehold,,512.0,Service Residence,,Medium,Non Bumi Lot,Johor,10.0,4,0,0,0,0,0,0,0,1,1,2.0,1,0,1,1,0,0,0,0,0,0,0,0,1,0,360000
3,2,1035.0,Freehold,25.0,1255.0,Apartment,1.0,Medium,Non Bumi Lot,Johor,5.0,0,0,0,0,0,0,0,0,1,1,2.0,0,0,0,0,0,0,0,0,0,0,0,0,0,0,485000
3,2,850.0,Leasehold,,478.0,Condominium,2.0,,Non Bumi Lot,Penang,1.0,2,0,0,0,0,0,0,0,1,0,,0,0,0,0,0,0,0,1,1,0,0,0,0,0,695000
3,2,700.0,Freehold,8.0,68.0,Apartment,1.0,,Non Bumi Lot,Penang,26.0,3,0,0,0,0,0,0,0,1,1,,0,0,0,0,1,0,0,1,0,0,1,0,0,0,360000
3,2,1141.0,Leasehold,,,Apartment,2.0,Low,Non Bumi Lot,Perak,,2,0,0,0,0,0,0,0,1,0,1.0,0,0,0,0,0,0,0,1,0,0,1,0,0,0,90000
3,2,850.0,Leasehold,,,Apartment,1.0,Low,Non Bumi Lot,Sabah,,4,0,0,0,0,0,0,0,1,0,1.0,0,0,0,0,0,0,1,0,1,0,1,0,1,0,300000
3,2,850.0,Leasehold,16.0,488.0,Condominium,2.0,Low,Non Bumi Lot,Penang,25.0,7,0,0,0,0,0,0,0,1,0,1.0,1,0,1,1,0,0,0,1,1,0,1,0,1,0,440000
3,2,1105.0,Freehold,5.0,,Apartment,1.0,Medium,Non Bumi Lot,Selangor,,4,1,0,1,1,0,0,1,1,1,2.0,0,0,0,0,0,0,0,1,1,0,1,0,1,0,300000
3,2,1399.0,Leasehold,,,Condominium,1.0,Medium,Non Bumi Lot,Sarawak,,4,0,0,0,0,0,0,0,1,0,2.0,0,0,0,1,0,0,0,1,1,0,1,0,0,0,480000
2,2,806.0,Leasehold,,,Apartment,,,Non Bumi Lot,Sarawak,,0,0,0,0,0,0,0,0,1,0,,0,0,0,0,0,0,0,0,0,0,0,0,0,0,339000
3,2,850.0,Leasehold,13.0,,Apartment,,Low,Non Bumi Lot,Johor,14.0,4,0,0,0,0,0,0,0,1,0,1.0,0,0,0,1,0,1,0,0,1,0,1,0,0,0,255000
3,1,660.0,Leasehold,,,Flat,,Low,Non Bumi Lot,Melaka,,0,0,0,0,0,0,0,0,1,0,1.0,0,0,0,0,0,0,0,0,0,0,0,0,0,0,148000
3,2,895.0,Freehold,5.0,240.0,Apartment,1.0,Low,Non Bumi Lot,Selangor,,3,0,0,0,0,0,0,0,1,1,1.0,0,0,0,0,0,0,1,0,1,0,1,0,0,0,290000
2,1,500.0,Freehold,,,Apartment,,Low,Non Bumi Lot,Penang,,4,0,0,0,0,0,0,0,1,1,1.0,0,0,0,0,1,1,0,0,1,0,1,0,0,0,165000
2,1,530.0,Freehold,,,Flat,,High,Non Bumi Lot,Penang,,2,0,0,0,0,0,0,0,1,1,3.0,0,0,0,0,1,1,0,0,0,0,0,0,0,0,200000
3,2,1033.0,Freehold,18.0,96.0,Condominium,2.0,Medium,Non Bumi Lot,Penang,9.0,7,0,0,0,0,0,0,0,1,1,2.0,1,0,1,1,0,0,1,1,1,0,1,0,0,0,680000
3,2,1111.0,Leasehold,38.0,,Condominium,2.0,Medium,Non Bumi Lot,Penang,13.0,6,0,0,0,0,0,0,0,1,0,2.0,1,0,1,0,0,0,0,1,0,0,1,1,1,0,590000
3,2,775.0,Leasehold,4.0,,Apartment,1.0,Low,Non Bumi Lot,Sarawak,,3,0,0,0,0,0,0,0,1,0,1.0,0,0,0,0,0,0,0,1,1,0,1,0,0,0,340000
3,2,900.0,Freehold,42.0,2685.0,Condominium,2.0,Low,Non Bumi Lot,Penang,4.0,5,0,0,0,0,0,0,0,1,1,1.0,0,0,0,0,1,0,0,1,1,0,1,0,1,0,480000
3,2,750.0,Freehold,28.0,422.0,Condominium,1.0,Medium,Non Bumi Lot,Penang,26.0,11,0,0,0,0,0,0,0,1,1,2.0,1,0,1,0,1,1,1,1,1,1,1,0,1,1,340000
2,2,550.0,Freehold,,,Flat,,Medium,Non Bumi Lot,Penang,,0,0,0,0,0,0,0,0,1,1,2.0,0,0,0,0,0,0,0,0,0,0,0,0,0,0,165000
2,2,775.0,Freehold,17.0,312.0,Service Residence,,,Non Bumi Lot,Penang,,6,0,0,0,0,0,0,0,1,1,,0,0,1,0,0,0,0,1,1,1,1,0,1,0,350000
4,2,1271.0,Freehold,30.0,410.0,Condominium,2.0,Medium,Non Bumi Lot,Penang,6.0,0,0,0,0,0,0,0,0,1,1,2.0,0,0,0,0,0,0,0,0,0,0,0,0,0,0,660000
3,2,1142.0,Freehold,,,Condominium,1.0,,Non Bumi Lot,,,7,0,0,0,0,0,0,0,1,1,,1,0,1,0,0,1,0,1,1,0,0,0,1,1,350000
3,2,1018.0,Leasehold,,,Condominium,2.0,,Non Bumi Lot,Kuala Lumpur,,6,1,0,1,1,1,0,0,1,0,,0,0,1,0,1,0,0,1,1,0,1,0,1,0,470000
3,2,1012.0,Leasehold,32.0,398.0,Service Residence,,,Non Bumi Lot,Selangor,2.0,9,0,0,1,1,0,0,0,1,0,,0,0,1,1,1,0,1,1,1,1,1,0,1,0,410000
3,2,720.0,Leasehold,17.0,3.0,Apartment,1.0,,Non Bumi Lot,Penang,31.0,3,0,0,0,0,0,0,0,1,0,,0,0,0,0,1,0,0,1,0,0,1,0,0,0,250000
3,2,1233.0,Freehold,30.0,410.0,Condominium,2.0,,Non Bumi Lot,Penang,6.0,0,0,0,0,0,0,0,0,1,1,,0,0,0,0,0,0,0,0,0,0,0,0,0,0,598000
3,2,887.0,Freehold,30.0,808.0,Condominium,1.0,High,Non Bumi Lot,Penang,10.0,10,0,0,0,0,0,0,0,1,1,3.0,0,0,1,0,1,1,0,1,1,1,1,1,1,1,500000
2,1,409.0,Leasehold,,,Service Residence,,High,Non Bumi Lot,Sabah,,5,0,0,0,0,0,0,0,1,0,3.0,0,0,0,0,1,0,0,1,1,0,1,0,1,0,600000
3,2,650.0,Leasehold,,,Flat,,,Non Bumi Lot,Penang,,4,0,0,0,0,0,0,0,1,0,,0,0,0,0,1,1,0,1,0,0,1,0,0,0,175000
3,2,626.0,Leasehold,13.0,1020.0,Apartment,,High,Non Bumi Lot,Penang,,3,0,0,0,0,0,0,0,1,0,3.0,0,0,0,0,1,0,0,1,0,0,1,0,0,0,170000
3,2,870.0,Leasehold,5.0,,Apartment,,High,Bumi Lot,Selangor,,4,0,0,0,0,0,0,0,0,0,3.0,1,0,0,0,0,0,0,1,1,0,1,0,0,0,235000
2,2,430.0,Freehold,,,Apartment,,High,Non Bumi Lot,Selangor,,5,1,1,0,1,0,0,1,1,1,3.0,0,0,0,0,1,1,0,0,1,0,1,0,1,0,225000
2,2,826.0,Freehold,,363.0,Service Residence,1.0,Medium,Non Bumi Lot,Kuala Lumpur,5.0,5,1,1,1,1,0,1,1,1,1,2.0,1,0,1,0,0,0,1,0,1,0,1,0,0,0,674969
3,2,700.0,Leasehold,22.0,754.0,Condominium,1.0,Medium,Non Bumi Lot,Penang,15.0,5,0,0,0,0,0,0,0,1,0,2.0,0,0,0,0,1,0,0,1,0,0,1,0,1,1,458000
3,2,984.0,Freehold,26.0,420.0,Apartment,2.0,,Non Bumi Lot,Selangor,3.0,0,0,0,0,0,0,0,0,1,1,,0,0,0,0,0,0,0,0,0,0,0,0,0,0,355000
3,2,852.0,Leasehold,12.0,,Apartment,1.0,High,Non Bumi Lot,Selangor,23.0,10,1,0,1,1,0,0,0,1,0,3.0,1,1,1,1,0,1,1,1,1,0,1,0,1,0,299000
4,2,1313.0,Freehold,,700.0,Condominium,,,Non Bumi Lot,Kuala Lumpur,10.0,7,0,0,0,0,0,0,0,1,1,,0,0,1,0,0,1,0,1,1,0,1,1,1,0,460000
3,2,1200.0,Leasehold,,,Condominium,2.0,Low,Non Bumi Lot,Kuala Lumpur,,14,0,0,0,0,0,0,0,1,0,1.0,1,1,1,1,1,1,1,1,1,1,1,1,1,1,430000
3,2,700.0,Freehold,5.0,,Apartment,1.0,Medium,Non Bumi Lot,Selangor,,4,0,0,0,0,0,0,0,1,1,2.0,0,0,0,0,0,0,1,1,1,0,1,0,0,0,158000
3,2,999.0,Leasehold,8.0,,Condominium,1.0,Low,Bumi Lot,Selangor,,4,0,0,0,0,0,0,0,0,0,1.0,0,0,0,0,0,0,0,1,1,0,1,0,1,0,375000
2,1,494.0,Freehold,,,Flat,,High,Non Bumi Lot,Johor,,0,0,0,0,0,0,0,0,1,1,3.0,0,0,0,0,0,0,0,0,0,0,0,0,0,0,125000
2,2,735.0,Leasehold,,,Apartment,1.0,Medium,Non Bumi Lot,Sarawak,,0,0,0,0,0,0,0,0,1,0,2.0,0,0,0,0,0,0,0,0,0,0,0,0,0,0,400000
3,2,790.0,Freehold,,,Apartment,,Medium,Non Bumi Lot,Selangor,9.0,0,1,0,0,1,0,0,0,1,1,2.0,0,0,0,0,0,0,0,0,0,0,0,0,0,0,163000
2,1,520.0,Leasehold,,,Flat,,Medium,Bumi Lot,Johor,,2,0,0,0,0,0,0,0,0,0,2.0,0,0,0,0,0,1,0,0,1,0,0,0,0,0,175000
3,2,1212.0,Freehold,,538.0,Apartment,2.0,,Non Bumi Lot,Selangor,,14,0,0,0,0,0,0,0,1,1,,1,1,1,1,1,1,1,1,1,1,1,1,1,1,320000
3,2,1000.0,Leasehold,38.0,900.0,Apartment,,Medium,Non Bumi Lot,Kuala Lumpur,0.0,11,1,0,1,1,0,0,0,1,0,2.0,1,0,1,1,1,1,1,1,1,1,1,0,1,0,450000
3,2,1105.0,Freehold,5.0,,Apartment,1.0,Low,Non Bumi Lot,Selangor,,4,1,0,1,1,0,0,1,1,1,1.0,0,0,0,0,0,0,0,1,1,0,1,0,1,0,408000
1,1,650.0,Freehold,19.0,457.0,Condominium,1.0,Medium,Non Bumi Lot,Selangor,7.0,14,1,1,1,1,0,0,1,1,1,2.0,1,1,1,1,1,1,1,1,1,1,1,1,1,1,450000
3,2,1080.0,Leasehold,17.0,444.0,Condominium,2.0,,Bumi Lot,Selangor,,3,1,1,1,0,1,0,0,0,0,,0,0,0,0,0,0,1,0,0,0,1,0,1,0,420000
1,1,777.0,Leasehold,21.0,336.0,Condominium,2.0,Medium,Non Bumi Lot,Selangor,7.0,12,0,0,0,0,0,0,0,1,0,2.0,1,0,1,0,1,1,1,1,1,1,1,1,1,1,272000
4,3,1800.0,Freehold,14.0,,Condominium,2.0,Low,Non Bumi Lot,Penang,,4,0,0,0,0,0,0,0,1,1,1.0,0,0,0,0,1,0,0,1,0,0,1,0,1,0,800000
3,2,775.0,Leasehold,34.0,1502.0,Apartment,,,Non Bumi Lot,Kuala Lumpur,6.0,6,1,0,0,1,0,0,0,1,0,,0,0,1,0,0,1,0,1,1,0,1,0,1,0,324400
3,2,1411.0,Leasehold,21.0,286.0,Condominium,2.0,Medium,Bumi Lot,Selangor,12.0,9,1,0,1,1,0,0,0,0,0,2.0,1,0,1,1,0,0,1,1,1,0,1,1,1,0,479000
1,1,715.0,Freehold,12.0,392.0,Apartment,,Low,Non Bumi Lot,Johor,4.0,12,0,0,0,0,0,0,0,1,1,1.0,1,1,1,1,1,1,1,1,1,1,1,0,1,0,308000
3,2,800.0,Leasehold,22.0,,Apartment,1.0,,Non Bumi Lot,Penang,18.0,5,0,0,0,0,0,0,0,1,0,,0,0,0,1,1,0,0,1,1,0,1,0,0,0,270000
3,2,1103.0,Leasehold,12.0,,Apartment,1.0,Medium,Non Bumi Lot,Selangor,,6,0,0,0,0,0,0,0,1,0,2.0,0,0,1,0,1,0,0,1,1,0,1,0,1,0,259000
3,2,967.0,Freehold,,,Apartment,1.0,Medium,Non Bumi Lot,Selangor,,7,0,0,0,0,0,0,0,1,1,2.0,1,0,0,0,1,1,0,1,1,0,1,0,1,0,263000
3,2,915.0,Freehold,4.0,,Condominium,1.0,,Non Bumi Lot,Selangor,32.0,4,1,1,1,1,0,0,1,1,1,,0,0,1,0,0,0,0,1,1,0,1,0,0,0,400000
3,2,856.0,Freehold,,808.0,Condominium,1.0,Medium,Non Bumi Lot,Penang,,5,0,0,0,0,0,0,0,1,1,2.0,0,0,1,0,1,0,0,1,0,0,1,0,1,0,460000
2,2,969.0,Freehold,44.0,276.0,Condominium,2.0,High,Non Bumi Lot,Selangor,5.0,0,0,0,0,0,0,0,0,1,1,3.0,0,0,0,0,0,0,0,0,0,0,0,0,0,0,980000
3,2,1109.0,Freehold,,,Condominium,,Medium,Non Bumi Lot,Johor,,0,0,0,0,0,0,0,0,1,1,2.0,0,0,0,0,0,0,0,0,0,0,0,0,0,0,388000
2,1,542.0,Freehold,,,Apartment,,Medium,Non Bumi Lot,Selangor,,0,0,0,0,0,0,0,0,1,1,2.0,0,0,0,0,0,0,0,0,0,0,0,0,0,0,120000
3,2,872.0,Freehold,,,Apartment,2.0,Medium,Non Bumi Lot,Selangor,,12,0,0,0,0,0,0,0,1,1,2.0,1,1,1,1,1,1,1,1,1,1,1,0,1,0,341500
3,2,800.0,Leasehold,,3600.0,Service Residence,1.0,,Non Bumi Lot,Kuala Lumpur,,9,1,1,1,1,1,0,0,1,0,,0,0,1,1,1,1,1,1,1,0,1,0,1,0,300000
3,2,1221.0,Freehold,,1000.0,Condominium,1.0,,Non Bumi Lot,Selangor,11.0,0,1,0,1,1,0,1,0,1,1,,0,0,0,0,0,0,0,0,0,0,0,0,0,0,420000
3,2,866.0,Leasehold,,,Apartment,1.0,High,Non Bumi Lot,Sabah,,4,0,0,0,0,0,0,0,1,0,3.0,0,0,0,0,0,0,1,1,1,0,0,0,1,0,280000
3,2,818.0,Freehold,15.0,,Apartment,1.0,High,Non Bumi Lot,Selangor,,8,0,0,1,1,1,0,0,1,1,3.0,0,0,1,1,1,1,0,1,1,0,1,0,1,0,180000
3,1,700.0,Leasehold,,,Apartment,,Medium,Bumi Lot,Selangor,,0,1,0,1,1,0,0,0,0,0,2.0,0,0,0,0,0,0,0,0,0,0,0,0,0,0,185000
3,2,648.0,Freehold,5.0,,Apartment,1.0,Low,Non Bumi Lot,Selangor,,5,0,0,0,0,0,0,0,1,1,1.0,0,0,0,1,0,0,0,1,1,0,1,0,1,0,145000
3,2,850.0,Leasehold,,,Flat,,Medium,Non Bumi Lot,Sarawak,,1,0,0,0,0,0,0,0,1,0,2.0,0,0,0,0,0,0,0,1,0,0,0,0,0,0,148000
3,2,1050.0,Leasehold,,,Apartment,2.0,Medium,Non Bumi Lot,Sarawak,,5,0,0,0,0,0,0,0,1,0,2.0,0,0,1,0,0,0,0,1,1,0,1,0,1,0,620000
4,2,1642.0,Freehold,,222.0,Condominium,2.0,Medium,Non Bumi Lot,Penang,8.0,0,0,0,0,0,0,0,0,1,1,2.0,0,0,0,0,0,0,0,0,0,0,0,0,0,0,628000
2,2,614.0,Freehold,,382.0,Apartment,,,Non Bumi Lot,Johor,5.0,0,0,0,0,0,0,0,0,1,1,,0,0,0,0,0,0,0,0,0,0,0,0,0,0,290000
2,2,1019.0,Leasehold,,644.0,Condominium,,Medium,Non Bumi Lot,Johor,8.0,8,0,0,0,0,0,0,0,1,0,2.0,1,0,1,1,0,0,0,0,1,1,1,0,1,1,400000
3,2,1200.0,Freehold,20.0,771.0,Condominium,2.0,,Non Bumi Lot,Penang,7.0,6,0,0,0,0,0,0,0,1,1,,0,0,1,1,0,0,0,1,1,0,1,0,1,0,550000
6,5,3350.0,Freehold,24.0,234.0,Condominium,4.0,High,Non Bumi Lot,Penang,,1,0,0,0,0,0,0,0,1,1,3.0,0,0,0,0,0,0,0,1,0,0,0,0,0,0,800000
3,2,1072.0,Freehold,,1000.0,Condominium,1.0,Low,Non Bumi Lot,Selangor,11.0,13,1,0,1,1,0,1,0,1,1,1.0,1,0,1,1,1,1,1,1,1,1,1,1,1,1,390000
3,2,850.0,Leasehold,12.0,1012.0,Apartment,,,Non Bumi Lot,Sabah,,10,0,0,0,0,0,0,0,1,0,,0,0,1,1,1,1,1,1,1,0,1,0,1,1,300000
3,2,973.0,Leasehold,,352.0,Condominium,,Medium,Non Bumi Lot,Johor,8.0,5,0,0,0,0,0,0,0,1,0,2.0,1,0,1,0,0,0,0,0,1,0,1,0,1,0,318000
3,2,1250.0,Freehold,13.0,320.0,Condominium,,,Non Bumi Lot,Kuala Lumpur,23.0,12,1,1,1,1,0,0,0,1,1,,1,1,1,1,0,1,0,1,1,1,1,1,1,1,453000
2,2,750.0,Leasehold,,,Apartment,1.0,Medium,Non Bumi Lot,Sabah,,12,0,0,0,0,0,0,0,1,0,2.0,0,1,1,1,0,1,1,1,1,1,1,1,1,1,285000
4,3,1570.0,Leasehold,40.0,580.0,Condominium,3.0,,Non Bumi Lot,Kuala Lumpur,4.0,9,0,0,0,0,0,0,0,1,0,,1,0,1,1,1,0,1,1,1,0,1,0,1,0,680000
3,2,1265.0,Freehold,32.0,228.0,Condominium,,Medium,Non Bumi Lot,Kuala Lumpur,3.0,9,1,0,1,1,0,0,0,1,1,2.0,1,0,1,0,1,1,1,1,1,0,1,0,1,0,528000
4,3,1645.0,Leasehold,10.0,733.0,Condominium,2.0,Low,Bumi Lot,Selangor,17.0,13,0,0,0,0,0,0,0,0,0,1.0,1,1,1,1,1,1,1,1,1,1,1,0,1,1,525000
3,2,1700.0,Leasehold,29.0,447.0,Service Residence,3.0,Medium,Non Bumi Lot,Selangor,5.0,8,1,0,1,1,0,0,0,1,0,2.0,1,0,1,0,1,0,1,1,1,0,1,0,1,0,625000
3,2,1116.0,Leasehold,38.0,,Condominium,1.0,,Non Bumi Lot,Penang,13.0,7,0,0,0,0,0,0,0,1,0,,1,0,1,0,1,0,0,1,0,0,1,1,1,0,550000
3,2,742.0,Freehold,5.0,,Apartment,1.0,Low,Non Bumi Lot,Selangor,,8,1,1,1,1,0,0,1,1,1,1.0,1,0,0,1,1,0,1,1,1,0,1,0,1,0,330000
3,2,626.0,Leasehold,13.0,1020.0,Apartment,,High,Non Bumi Lot,Penang,,3,0,0,0,0,0,0,0,1,0,3.0,0,0,0,0,1,0,0,1,0,0,1,0,0,0,170000
3,2,882.0,Freehold,22.0,576.0,Service Residence,2.0,Low,Non Bumi Lot,Selangor,5.0,11,1,1,1,1,0,0,0,1,1,1.0,1,1,1,1,0,1,1,1,1,1,1,0,1,0,450000
3,2,806.0,Leasehold,,,Apartment,1.0,,Non Bumi Lot,Sarawak,,0,0,0,0,0,0,0,0,1,0,,0,0,0,0,0,0,0,0,0,0,0,0,0,0,270000
4,2,893.0,Freehold,20.0,,Apartment,,,Bumi Lot,Johor,6.0,7,0,0,0,0,0,0,0,0,1,,1,1,0,0,0,1,0,1,1,0,1,0,1,0,215000
3,2,650.0,Freehold,,,Flat,1.0,Medium,Non Bumi Lot,Johor,,4,0,0,0,0,0,0,0,1,1,2.0,0,0,0,1,0,0,0,1,1,0,1,0,0,0,135000
3,2,700.0,Freehold,11.0,100.0,Apartment,1.0,Medium,Non Bumi Lot,Penang,28.0,2,0,0,0,0,0,0,0,1,1,2.0,0,0,0,0,0,0,0,1,0,0,1,0,0,0,260000
3,2,700.0,Leasehold,,,Flat,1.0,,Bumi Lot,Kuala Lumpur,,0,0,0,0,0,0,0,0,0,0,,0,0,0,0,0,0,0,0,0,0,0,0,0,0,190000
4,2,1389.0,Leasehold,22.0,800.0,Condominium,1.0,Medium,Bumi Lot,Kuala Lumpur,15.0,11,0,0,0,0,0,0,0,0,0,2.0,1,0,1,1,1,1,1,1,1,1,1,0,1,0,550000
3,3,1039.0,Freehold,,,Service Residence,1.0,High,Non Bumi Lot,Johor,,14,0,0,0,0,0,0,0,1,1,3.0,1,1,1,1,1,1,1,1,1,1,1,1,1,1,428000
2,2,776.0,Freehold,42.0,670.0,Condominium,2.0,,Non Bumi Lot,Penang,6.0,5,0,0,0,0,0,0,0,1,1,,0,0,1,0,1,0,0,1,0,0,1,0,1,0,438000
3,2,1195.0,Freehold,15.0,348.0,Condominium,,High,Non Bumi Lot,Kuala Lumpur,,14,1,1,1,1,0,0,1,1,1,3.0,1,1,1,1,1,1,1,1,1,1,1,1,1,1,515000
3,2,700.0,Freehold,27.0,454.0,Apartment,1.0,High,Non Bumi Lot,Penang,,3,0,0,0,0,0,0,0,1,1,3.0,0,0,0,0,1,0,0,1,0,0,1,0,0,0,275000
3,2,1254.0,Freehold,21.0,256.0,Condominium,2.0,High,Non Bumi Lot,Penang,6.0,8,0,0,0,0,0,0,0,1,1,3.0,1,0,1,0,1,0,1,1,1,0,1,0,1,0,570000
3,2,1131.0,Leasehold,,266.0,Apartment,1.0,High,Non Bumi Lot,Johor,,8,0,0,0,0,0,0,0,1,0,3.0,1,0,1,1,0,1,0,1,1,0,1,0,1,0,300000
3,2,904.0,Freehold,,,Condominium,1.0,High,Non Bumi Lot,Kuala Lumpur,,6,1,1,1,1,1,1,1,1,1,3.0,0,0,0,0,1,1,0,1,1,0,1,0,1,0,270000
3,2,791.0,Freehold,,,Apartment,1.0,,Non Bumi Lot,Selangor,,0,0,0,0,0,0,1,0,1,1,,0,0,0,0,0,0,0,0,0,0,0,0,0,0,220000
3,2,700.0,Freehold,18.0,136.0,Condominium,1.0,Medium,Non Bumi Lot,Penang,29.0,5,0,0,0,0,0,0,0,1,1,2.0,0,0,0,0,1,1,0,1,0,0,1,0,1,0,330000
3,2,754.0,Leasehold,,,Apartment,,Low,Bumi Lot,Selangor,,0,0,0,0,0,0,0,0,0,0,1.0,0,0,0,0,0,0,0,0,0,0,0,0,0,0,270000
1,1,560.0,Leasehold,46.0,1012.0,Service Residence,2.0,High,Non Bumi Lot,Selangor,3.0,14,1,0,1,1,1,0,0,1,0,3.0,1,1,1,1,1,1,1,1,1,1,1,1,1,1,630000
2,2,883.0,Leasehold,33.0,746.0,Condominium,2.0,Medium,Bumi Lot,Selangor,2.0,10,1,0,0,1,0,0,0,0,0,2.0,1,0,1,1,1,0,1,1,1,1,1,0,1,0,475000
3,2,1021.0,Freehold,14.0,,Condominium,,Medium,Non Bumi Lot,Kuala Lumpur,,2,1,1,1,1,0,0,0,1,1,2.0,0,0,1,0,0,0,0,0,0,0,0,0,0,1,339000
3,2,700.0,Leasehold,25.0,,Apartment,1.0,,Non Bumi Lot,Penang,,3,0,0,0,0,0,0,0,1,0,,0,0,0,0,1,0,0,1,0,0,1,0,0,0,248000
4,4,3878.0,Freehold,,210.0,Condominium,4.0,Low,Non Bumi Lot,Penang,7.0,11,0,0,0,0,0,0,0,1,1,1.0,1,1,1,1,1,0,1,1,1,1,1,0,1,0,3600000
3,2,650.0,Freehold,3.0,,Apartment,,Medium,Non Bumi Lot,Selangor,8.0,0,0,0,1,1,0,0,0,1,1,2.0,0,0,0,0,0,0,0,0,0,0,0,0,0,0,188000
3,2,990.0,Leasehold,35.0,284.0,Condominium,2.0,High,Non Bumi Lot,Kuala Lumpur,2.0,6,1,0,0,1,0,0,1,1,0,3.0,0,0,1,0,1,0,0,1,1,0,1,0,1,0,580000
3,2,650.0,Freehold,,,Apartment,1.0,Low,Non Bumi Lot,Penang,,6,0,0,0,0,0,0,0,1,1,1.0,0,0,0,1,1,1,0,1,1,0,1,0,0,0,313000
3,2,1091.0,Freehold,18.0,569.0,Condominium,1.0,,Non Bumi Lot,Kuala Lumpur,13.0,8,0,0,1,0,0,0,1,1,1,,0,0,1,0,1,1,0,1,1,1,1,0,1,0,350000
3,2,907.0,Leasehold,,156.0,Service Residence,1.0,Medium,Non Bumi Lot,Selangor,8.0,4,0,0,1,0,0,0,0,1,0,2.0,0,0,0,0,1,0,0,1,1,0,1,0,0,0,265000
3,2,850.0,Leasehold,,1900.0,Apartment,1.0,High,Non Bumi Lot,Penang,7.0,5,0,0,0,0,0,0,0,1,0,3.0,0,0,0,0,1,0,0,1,1,0,1,0,1,0,355000
3,2,750.0,Leasehold,,,Apartment,,Low,Bumi Lot,Selangor,,3,0,0,0,1,0,0,0,0,0,1.0,0,0,0,0,0,1,0,0,1,0,1,0,0,0,210000
3,1,608.0,Leasehold,5.0,,Apartment,,,Non Bumi Lot,Selangor,,0,0,0,1,0,1,0,1,1,0,,0,0,0,0,0,0,0,0,0,0,0,0,0,0,155000
3,1,650.0,Leasehold,,,Apartment,,,Non Bumi Lot,Kuala Lumpur,,0,0,0,0,0,0,0,0,1,0,,0,0,0,0,0,0,0,0,0,0,0,0,0,0,145000
3,2,1300.0,Freehold,,350.0,Condominium,3.0,Medium,Non Bumi Lot,Selangor,11.0,10,0,0,0,0,0,0,0,1,1,2.0,1,0,1,0,1,0,1,1,1,1,1,0,1,1,470000
3,3,1406.0,Leasehold,27.0,271.0,Service Residence,2.0,,Non Bumi Lot,Selangor,6.0,9,0,1,0,1,0,1,1,1,0,,1,0,1,1,0,0,1,1,1,1,1,0,1,0,2300000
3,2,1161.0,Freehold,38.0,406.0,Condominium,2.0,,Non Bumi Lot,Penang,2.0,6,0,0,0,0,0,0,0,1,1,,1,0,1,1,0,0,0,1,1,0,1,0,0,0,645000
4,2,1700.0,Freehold,17.0,,Condominium,2.0,High,Non Bumi Lot,Kuala Lumpur,30.0,5,0,0,0,0,0,0,0,1,1,3.0,0,0,0,0,1,0,0,1,1,0,1,0,1,0,1239000
3,2,1205.0,Freehold,,,Condominium,2.0,Medium,Non Bumi Lot,Putrajaya,7.0,8,0,0,0,0,0,0,0,1,1,2.0,0,0,1,0,1,1,1,1,1,0,1,0,1,0,560000
4,5,2800.0,Freehold,36.0,180.0,Condominium,2.0,,Non Bumi Lot,Kuala Lumpur,18.0,11,1,1,0,1,1,0,1,1,1,,1,1,1,1,0,1,0,1,1,1,1,1,1,0,1650000
2,2,700.0,Leasehold,,,Apartment,,High,Bumi Lot,Johor,,2,0,0,0,0,0,0,0,0,0,3.0,0,0,0,0,0,1,0,0,1,0,0,0,0,0,140000
3,2,838.0,Freehold,22.0,816.0,Condominium,1.0,,Non Bumi Lot,Penang,16.0,9,0,0,0,0,0,0,0,1,1,,1,0,1,1,1,0,0,1,1,0,1,1,1,0,400000
4,3,1450.0,Freehold,,252.0,Condominium,2.0,High,Non Bumi Lot,Penang,7.0,8,0,0,0,0,0,0,0,1,1,3.0,1,0,0,1,1,0,0,1,1,1,1,0,1,0,850000
3,2,800.0,Freehold,24.0,342.0,Condominium,1.0,,Non Bumi Lot,Penang,25.0,6,0,0,0,0,0,0,0,1,1,,0,0,0,0,1,1,0,1,1,0,1,0,1,0,390000
3,2,1000.0,Leasehold,,109.0,Condominium,1.0,Medium,Non Bumi Lot,Sabah,,9,0,0,0,0,0,0,0,1,0,2.0,1,1,1,0,1,0,0,1,1,1,1,0,1,0,408000
3,3,1050.0,Leasehold,,,Condominium,2.0,Low,Non Bumi Lot,Kuala Lumpur,,14,0,0,0,0,0,0,0,1,0,1.0,1,1,1,1,1,1,1,1,1,1,1,1,1,1,420000
3,2,750.0,Freehold,19.0,322.0,Apartment,1.0,High,Non Bumi Lot,Penang,24.0,5,0,0,0,0,0,0,0,1,1,3.0,0,0,0,0,1,0,0,1,1,0,1,0,1,0,319000
3,2,750.0,Freehold,,,Apartment,,Medium,Non Bumi Lot,Selangor,,0,0,0,0,0,0,0,0,1,1,2.0,0,0,0,0,0,0,0,0,0,0,0,0,0,0,260000
2,1,500.0,Freehold,,,Flat,,Medium,Non Bumi Lot,Johor,,2,0,0,0,0,0,0,0,1,1,2.0,0,0,0,0,0,1,0,0,1,0,0,0,0,0,145000
4,2,1400.0,Freehold,12.0,90.0,Condominium,2.0,Low,Non Bumi Lot,Kuala Lumpur,,14,0,0,1,1,0,0,1,1,1,1.0,1,1,1,1,1,1,1,1,1,1,1,1,1,1,604000
3,2,1017.0,Freehold,,,Service Residence,2.0,,Non Bumi Lot,Selangor,,12,0,0,0,0,0,0,0,1,1,,1,1,1,1,1,1,1,1,1,1,1,0,1,0,280000
4,3,1421.0,Freehold,,376.0,Condominium,2.0,High,Non Bumi Lot,Selangor,16.0,14,0,1,1,1,0,0,1,1,1,3.0,1,1,1,1,1,1,1,1,1,1,1,1,1,1,860000
3,2,903.0,Freehold,5.0,469.0,Apartment,1.0,Low,Non Bumi Lot,Selangor,7.0,6,0,0,0,0,0,0,0,1,1,1.0,0,0,0,1,1,1,0,1,1,0,1,0,0,0,350000
2,2,852.0,Freehold,52.0,1633.0,Service Residence,2.0,Low,Non Bumi Lot,Kuala Lumpur,4.0,8,1,1,1,1,0,0,1,1,1,1.0,1,0,1,0,1,0,0,1,1,1,1,0,1,0,660000
3,2,850.0,Leasehold,20.0,1440.0,Condominium,1.0,Medium,Non Bumi Lot,Selangor,8.0,2,0,0,0,0,0,0,0,1,0,2.0,0,0,0,0,0,0,0,1,0,0,1,0,0,0,245000
3,2,850.0,Leasehold,9.0,344.0,Apartment,,Low,Bumi Lot,Selangor,11.0,6,0,0,1,0,0,0,0,0,0,1.0,1,0,0,1,0,1,0,1,1,0,1,0,0,0,240000
3,1,680.0,Freehold,,,Apartment,,High,Non Bumi Lot,Penang,,1,0,0,0,0,0,0,0,1,1,3.0,0,0,0,0,1,0,0,0,0,0,0,0,0,0,230000
4,6,1853.0,Freehold,36.0,245.0,Condominium,2.0,High,Non Bumi Lot,Kuala Lumpur,10.0,11,0,0,0,0,0,0,0,1,1,3.0,1,0,1,0,1,0,1,1,1,1,1,1,1,1,2300000
3,2,890.0,Leasehold,16.0,196.0,Apartment,1.0,Medium,Non Bumi Lot,Johor,15.0,9,0,0,0,0,0,0,0,1,0,2.0,0,1,0,1,1,1,1,1,1,0,1,0,1,0,315000
3,2,818.0,Leasehold,,,Apartment,1.0,,Non Bumi Lot,Sarawak,,0,0,0,0,0,0,0,0,1,0,,0,0,0,0,0,0,0,0,0,0,0,0,0,0,275000
3,2,632.0,Leasehold,4.0,,Apartment,,High,Non Bumi Lot,Sarawak,,2,0,0,0,0,0,0,0,1,0,3.0,0,0,0,0,0,0,0,1,0,0,1,0,0,0,250000
3,2,900.0,Leasehold,22.0,754.0,Condominium,5.0,Medium,Non Bumi Lot,Penang,15.0,5,0,0,0,0,0,0,0,1,0,2.0,0,0,0,0,1,0,0,1,1,0,1,0,1,0,415000
3,3,1598.0,Freehold,42.0,670.0,Condominium,2.0,,Non Bumi Lot,Penang,6.0,9,0,0,0,0,0,0,0,1,1,,1,0,1,1,1,0,1,1,1,0,1,0,1,0,610000
3,2,700.0,Freehold,,,Flat,,Low,Non Bumi Lot,Penang,,2,0,0,0,0,0,0,0,1,1,1.0,0,0,0,0,0,0,0,1,1,0,0,0,0,0,250000
3,2,750.0,Leasehold,5.0,,Flat,,Medium,Bumi Lot,Selangor,,7,1,1,1,1,1,0,0,0,0,2.0,1,0,0,1,0,1,1,1,1,0,0,0,0,1,213000
3,2,1399.0,Leasehold,,,Condominium,1.0,,Non Bumi Lot,Sarawak,,7,0,0,0,0,0,0,0,1,0,,0,0,0,0,0,1,0,1,1,1,1,1,1,0,480000
4,3,1399.0,Freehold,17.0,676.0,Condominium,2.0,Medium,Non Bumi Lot,Putrajaya,3.0,5,0,0,0,0,0,0,0,1,1,2.0,0,0,1,1,0,0,0,1,0,0,1,0,1,0,433094
3,2,728.0,Leasehold,,,Flat,,,Non Bumi Lot,Selangor,,0,1,0,0,1,0,0,0,1,0,,0,0,0,0,0,0,0,0,0,0,0,0,0,0,90000
1,1,768.0,Leasehold,,,Apartment,1.0,Low,Non Bumi Lot,Pahang,,10,0,0,0,0,0,0,0,1,0,1.0,1,0,1,0,1,0,0,1,1,1,1,1,1,1,270000
3,2,1212.0,Freehold,,538.0,Apartment,2.0,Medium,Non Bumi Lot,Selangor,,7,0,0,0,0,0,0,0,1,1,2.0,0,0,0,1,1,1,1,1,1,0,1,0,0,0,350000
3,1,603.0,Leasehold,,,Apartment,1.0,High,Non Bumi Lot,Kuala Lumpur,,3,1,1,1,1,0,0,1,1,0,3.0,0,0,0,0,1,1,0,1,0,0,0,0,0,0,239000
3,2,750.0,Freehold,32.0,988.0,Condominium,1.0,High,Non Bumi Lot,Penang,26.0,10,0,0,0,0,0,0,0,1,1,3.0,0,1,1,1,1,0,1,1,1,0,1,0,1,1,350000
